/*
SQLyog Community v13.1.7 (64 bit)
MySQL - 5.6.46-log : Database - leaderra_lrtapp2
*********************************************************************
*/

/*!40101 SET NAMES utf8 */;

/*!40101 SET SQL_MODE=''*/;

/*!40014 SET @OLD_UNIQUE_CHECKS=@@UNIQUE_CHECKS, UNIQUE_CHECKS=0 */;
/*!40014 SET @OLD_FOREIGN_KEY_CHECKS=@@FOREIGN_KEY_CHECKS, FOREIGN_KEY_CHECKS=0 */;
/*!40101 SET @OLD_SQL_MODE=@@SQL_MODE, SQL_MODE='NO_AUTO_VALUE_ON_ZERO' */;
/*!40111 SET @OLD_SQL_NOTES=@@SQL_NOTES, SQL_NOTES=0 */;
CREATE DATABASE /*!32312 IF NOT EXISTS*/`leaderra_lrtapp2` /*!40100 DEFAULT CHARACTER SET utf8 */;

USE `leaderra_lrtapp2`;

/*Table structure for table `e_engineering` */

DROP TABLE IF EXISTS `e_engineering`;

CREATE TABLE `e_engineering` (
  `engineeringId` int(11) NOT NULL AUTO_INCREMENT,
  `projectDetailId` int(11) DEFAULT NULL,
  `duteDate` datetime DEFAULT NULL,
  `projectProgramer` varchar(50) DEFAULT NULL,
  `completingDate` datetime DEFAULT NULL,
  `verifiedBy` varchar(50) DEFAULT NULL,
  `verifiedDateTime` datetime DEFAULT NULL,
  `projectStatus` varchar(20) DEFAULT NULL,
  `doneBy` varchar(50) DEFAULT NULL,
  `isdone` int(11) DEFAULT '0',
  `doneDateTime` datetime DEFAULT NULL,
  `userId` int(11) DEFAULT NULL,
  `transDate` datetime DEFAULT CURRENT_TIMESTAMP,
  `isDeleted` int(11) DEFAULT '0',
  `deleteDateTime` datetime DEFAULT NULL,
  `deleteUserId` int(11) DEFAULT '0',
  `updateCount` int(11) DEFAULT '0',
  `lastUpdateUserId` int(11) DEFAULT '0',
  `lastUpdateDateTime` datetime DEFAULT NULL,
  `isActive` tinyint(1) DEFAULT '0',
  `activateDateTime` datetime DEFAULT NULL,
  `activateUserId` int(11) DEFAULT '0',
  PRIMARY KEY (`engineeringId`)
) ENGINE=InnoDB AUTO_INCREMENT=107 DEFAULT CHARSET=utf8mb4;

/*Data for the table `e_engineering` */

insert  into `e_engineering`(`engineeringId`,`projectDetailId`,`duteDate`,`projectProgramer`,`completingDate`,`verifiedBy`,`verifiedDateTime`,`projectStatus`,`doneBy`,`isdone`,`doneDateTime`,`userId`,`transDate`,`isDeleted`,`deleteDateTime`,`deleteUserId`,`updateCount`,`lastUpdateUserId`,`lastUpdateDateTime`,`isActive`,`activateDateTime`,`activateUserId`) values 
(104,18,'2021-03-11 00:00:00','Internam Programer',NULL,NULL,NULL,NULL,NULL,0,NULL,3,'2021-03-04 05:02:32',0,NULL,0,0,0,NULL,0,NULL,0),
(105,19,'2021-03-25 00:00:00','EPL-1',NULL,NULL,NULL,NULL,NULL,0,NULL,3,'2021-03-04 05:02:44',0,NULL,0,0,0,NULL,0,NULL,0),
(106,20,'2021-03-11 00:00:00','EPL-2',NULL,NULL,NULL,NULL,NULL,0,NULL,3,'2021-03-04 05:20:04',0,NULL,0,0,0,NULL,0,NULL,0);

/*Table structure for table `e_engineering_log` */

DROP TABLE IF EXISTS `e_engineering_log`;

CREATE TABLE `e_engineering_log` (
  `logId` int(11) NOT NULL AUTO_INCREMENT,
  `engineeringId` int(11) DEFAULT NULL,
  `projectDetailId` int(11) DEFAULT NULL,
  `duteDate` datetime DEFAULT NULL,
  `projectProgramer` varchar(50) DEFAULT NULL,
  `completingDate` datetime DEFAULT NULL,
  `verifiedBy` varchar(50) DEFAULT NULL,
  `verifiedDateTime` datetime DEFAULT NULL,
  `projectStatus` varchar(20) DEFAULT NULL,
  `doneBy` varchar(50) DEFAULT NULL,
  `isdone` int(11) DEFAULT '0',
  `doneDateTime` datetime DEFAULT NULL,
  `userId` int(11) DEFAULT NULL,
  `isDeleted` int(11) DEFAULT '0',
  `userAction` varchar(20) DEFAULT NULL,
  `transDate` datetime DEFAULT CURRENT_TIMESTAMP,
  `isActive` tinyint(1) DEFAULT '0',
  `lastUpdateUserId` int(11) DEFAULT '0',
  `lastUpdateDateTime` datetime DEFAULT NULL,
  PRIMARY KEY (`logId`)
) ENGINE=InnoDB AUTO_INCREMENT=95 DEFAULT CHARSET=utf8mb4;

/*Data for the table `e_engineering_log` */

insert  into `e_engineering_log`(`logId`,`engineeringId`,`projectDetailId`,`duteDate`,`projectProgramer`,`completingDate`,`verifiedBy`,`verifiedDateTime`,`projectStatus`,`doneBy`,`isdone`,`doneDateTime`,`userId`,`isDeleted`,`userAction`,`transDate`,`isActive`,`lastUpdateUserId`,`lastUpdateDateTime`) values 
(92,104,18,'2021-03-11 00:00:00','Internam Programer',NULL,NULL,NULL,NULL,NULL,0,NULL,3,0,'insert','2021-03-04 05:02:32',0,0,NULL),
(93,105,19,'2021-03-25 00:00:00','EPL-1',NULL,NULL,NULL,NULL,NULL,0,NULL,3,0,'insert','2021-03-04 05:02:44',0,0,NULL),
(94,106,20,'2021-03-11 00:00:00','EPL-2',NULL,NULL,NULL,NULL,NULL,0,NULL,3,0,'insert','2021-03-04 05:20:04',0,0,NULL);

/*Table structure for table `e_project` */

DROP TABLE IF EXISTS `e_project`;

CREATE TABLE `e_project` (
  `projectId` int(11) NOT NULL AUTO_INCREMENT,
  `projectName` varchar(100) DEFAULT NULL,
  `projectNumber` varchar(50) DEFAULT NULL,
  `projectType` varchar(10) DEFAULT NULL,
  `userId` int(11) DEFAULT NULL,
  `transDate` datetime DEFAULT CURRENT_TIMESTAMP,
  `isApproved` int(11) DEFAULT '0',
  `approvedUserId` int(11) DEFAULT '0',
  `approvedDateTime` datetime DEFAULT NULL,
  `isDeleted` int(11) DEFAULT '0',
  `deleteDateTime` datetime DEFAULT NULL,
  `deleteUserId` int(11) DEFAULT '0',
  `updateCount` int(11) DEFAULT '0',
  `lastUpdateUserId` int(11) DEFAULT '0',
  `lastUpdateDateTime` datetime DEFAULT NULL,
  `isActive` tinyint(1) DEFAULT '0',
  `activateDateTime` datetime DEFAULT NULL,
  `activateUserId` int(11) DEFAULT '0',
  `project_by` varchar(45) DEFAULT NULL,
  PRIMARY KEY (`projectId`)
) ENGINE=InnoDB AUTO_INCREMENT=17 DEFAULT CHARSET=utf8mb4;

/*Data for the table `e_project` */

insert  into `e_project`(`projectId`,`projectName`,`projectNumber`,`projectType`,`userId`,`transDate`,`isApproved`,`approvedUserId`,`approvedDateTime`,`isDeleted`,`deleteDateTime`,`deleteUserId`,`updateCount`,`lastUpdateUserId`,`lastUpdateDateTime`,`isActive`,`activateDateTime`,`activateUserId`,`project_by`) values 
(16,'Project1','WPJ-1234','SMD',3,'2021-03-04 03:34:15',0,0,NULL,0,NULL,0,0,0,NULL,0,NULL,0,'Sales');

/*Table structure for table `e_project_log` */

DROP TABLE IF EXISTS `e_project_log`;

CREATE TABLE `e_project_log` (
  `logId` int(11) NOT NULL AUTO_INCREMENT,
  `projectId` int(11) DEFAULT NULL,
  `projectName` varchar(100) DEFAULT NULL,
  `projectNumber` varchar(50) DEFAULT NULL,
  `projectType` varchar(10) DEFAULT NULL,
  `isApproved` int(11) DEFAULT '0',
  `userId` int(11) DEFAULT NULL,
  `isDeleted` int(11) DEFAULT '0',
  `userAction` varchar(20) DEFAULT NULL,
  `transDate` datetime DEFAULT CURRENT_TIMESTAMP,
  `isActive` tinyint(1) DEFAULT '0',
  `lastUpdateUserId` int(11) DEFAULT '0',
  `lastUpdateDateTime` datetime DEFAULT NULL,
  `project_by` varchar(45) DEFAULT NULL,
  PRIMARY KEY (`logId`)
) ENGINE=InnoDB AUTO_INCREMENT=34 DEFAULT CHARSET=utf8mb4;

/*Data for the table `e_project_log` */

insert  into `e_project_log`(`logId`,`projectId`,`projectName`,`projectNumber`,`projectType`,`isApproved`,`userId`,`isDeleted`,`userAction`,`transDate`,`isActive`,`lastUpdateUserId`,`lastUpdateDateTime`,`project_by`) values 
(33,16,'Project1','WPJ-1234','SMD',0,3,0,'insert','2021-03-04 03:34:15',0,0,NULL,'Sales');

/*Table structure for table `e_projectdetail` */

DROP TABLE IF EXISTS `e_projectdetail`;

CREATE TABLE `e_projectdetail` (
  `projectDetailId` int(11) NOT NULL AUTO_INCREMENT,
  `projectId` int(11) DEFAULT NULL,
  `PartNo` varchar(50) DEFAULT NULL,
  `cadfileName` varchar(50) DEFAULT NULL,
  `userId` int(11) DEFAULT NULL,
  `transDate` datetime DEFAULT CURRENT_TIMESTAMP,
  `isRemove` int(11) DEFAULT '0',
  `removedUserId` int(11) DEFAULT '0',
  `removedDateTime` datetime DEFAULT NULL,
  `isDeleted` int(11) DEFAULT '0',
  `deleteDateTime` datetime DEFAULT NULL,
  `deleteUserId` int(11) DEFAULT '0',
  `updateCount` int(11) DEFAULT '0',
  `lastUpdateUserId` int(11) DEFAULT '0',
  `lastUpdateDateTime` datetime DEFAULT NULL,
  `isActive` tinyint(1) DEFAULT '0',
  `activateDateTime` datetime DEFAULT NULL,
  `activateUserId` int(11) DEFAULT '0',
  `catfileUrl` varchar(200) DEFAULT NULL,
  `projectStatus` varchar(45) DEFAULT 'New',
  `materialType` varchar(45) DEFAULT NULL,
  `materialThickness` varchar(45) DEFAULT NULL,
  `materialFinishing` varchar(45) DEFAULT NULL,
  `cadFileType` varchar(25) DEFAULT NULL,
  `fileFormat` varchar(10) DEFAULT NULL,
  PRIMARY KEY (`projectDetailId`)
) ENGINE=InnoDB AUTO_INCREMENT=24 DEFAULT CHARSET=utf8mb4;

/*Data for the table `e_projectdetail` */

insert  into `e_projectdetail`(`projectDetailId`,`projectId`,`PartNo`,`cadfileName`,`userId`,`transDate`,`isRemove`,`removedUserId`,`removedDateTime`,`isDeleted`,`deleteDateTime`,`deleteUserId`,`updateCount`,`lastUpdateUserId`,`lastUpdateDateTime`,`isActive`,`activateDateTime`,`activateUserId`,`catfileUrl`,`projectStatus`,`materialType`,`materialThickness`,`materialFinishing`,`cadFileType`,`fileFormat`) values 
(18,16,'4TRBS0-N003-00-21(1)','4TRBS0-N003-00-21(1).STEP',0,'2021-03-04 03:34:21',0,0,NULL,0,NULL,0,0,0,NULL,0,NULL,0,'/uploaded_image/project_design/4TRBS0-N003-00-21(1).Zip','Uploaded','1','4','7','CAD','3D'),
(19,16,'4TRBS0-N002-00-21','4TRBS0-N002-00-21.DXF',0,'2021-03-04 03:34:22',0,0,NULL,0,NULL,0,0,0,NULL,0,NULL,0,'/uploaded_image/project_design/4TRBS0-N002-00-21.Zip','Uploaded','2','5','8','CAD','2D'),
(20,16,'4TRBS0-N002-00-21(1)','4TRBS0-N002-00-21(1).STEP',0,'2021-03-04 03:34:23',0,0,NULL,0,NULL,0,0,0,NULL,0,NULL,0,'/uploaded_image/project_design/4TRBS0-N002-00-21(1).Zip','Uploaded','3','6','9','CAD','3D'),
(21,16,'4TUSTF-N002-00-03','4TUSTF-N002-00-03.STEP',0,'2021-03-04 05:06:55',0,0,NULL,0,NULL,0,0,0,NULL,0,NULL,0,'/uploaded_image/project_design/4TUSTF-N002-00-03.Zip','New','11','14','17','CAD','3D'),
(22,16,'4TUSTF-N002-00-03_03','4TUSTF-N002-00-03_03.PDF',0,'2021-03-04 05:06:56',0,0,NULL,0,NULL,0,0,0,NULL,0,NULL,0,'/uploaded_image/project_design/4TUSTF-N002-00-03_03.Zip','New','12','15','18','CAD','PDF'),
(23,16,'4TUSTF-N610-00-00','4TUSTF-N610-00-00.DXF',0,'2021-03-04 05:06:56',0,0,NULL,0,NULL,0,0,0,NULL,0,NULL,0,'/uploaded_image/project_design/4TUSTF-N610-00-00.Zip','New','13','16','19','CAD','2D');

/*Table structure for table `e_projectdetail_log` */

DROP TABLE IF EXISTS `e_projectdetail_log`;

CREATE TABLE `e_projectdetail_log` (
  `logId` int(11) NOT NULL AUTO_INCREMENT,
  `projectDetailId` int(11) DEFAULT NULL,
  `projectId` int(11) DEFAULT NULL,
  `PartNo` varchar(100) DEFAULT NULL,
  `cadfileName` varchar(100) DEFAULT NULL,
  `isRemove` int(11) DEFAULT '0',
  `userId` int(11) DEFAULT NULL,
  `isDeleted` int(11) DEFAULT '0',
  `userAction` varchar(20) DEFAULT NULL,
  `transDate` datetime DEFAULT CURRENT_TIMESTAMP,
  `isActive` tinyint(1) DEFAULT '0',
  `lastUpdateUserId` int(11) DEFAULT '0',
  `lastUpdateDateTime` datetime DEFAULT NULL,
  `catfileUrl` varchar(200) DEFAULT NULL,
  `projectStatus` varchar(45) DEFAULT NULL,
  `materialType` varchar(45) DEFAULT NULL,
  `materialThickness` varchar(45) DEFAULT NULL,
  `materialFinishing` varchar(45) DEFAULT NULL,
  `cadFileType` varchar(25) DEFAULT NULL,
  `fileFormat` varchar(10) DEFAULT NULL,
  PRIMARY KEY (`logId`)
) ENGINE=InnoDB AUTO_INCREMENT=74 DEFAULT CHARSET=utf8mb4;

/*Data for the table `e_projectdetail_log` */

insert  into `e_projectdetail_log`(`logId`,`projectDetailId`,`projectId`,`PartNo`,`cadfileName`,`isRemove`,`userId`,`isDeleted`,`userAction`,`transDate`,`isActive`,`lastUpdateUserId`,`lastUpdateDateTime`,`catfileUrl`,`projectStatus`,`materialType`,`materialThickness`,`materialFinishing`,`cadFileType`,`fileFormat`) values 
(53,18,16,'4TRBS0-N003-00-21(1)','4TRBS0-N002-00-21(1).STEP',0,0,0,'insert','2021-03-04 03:34:21',0,0,NULL,'/uploaded_image/project_design/4TRBS0-N002-00-21(1).Zip',NULL,'1','4','7','CAD','3D'),
(54,19,16,'4TRBS0-N002-00-21','4TRBS0-N002-00-21.DXF',0,0,0,'insert','2021-03-04 03:34:22',0,0,NULL,'/uploaded_image/project_design/4TRBS0-N002-00-21.Zip',NULL,'2','5','8','CAD','2D'),
(55,20,16,'4TRBS0-N002-00-21(1)','4TRBS0-N003-00-21(1).STEP',0,0,0,'insert','2021-03-04 03:34:23',0,0,NULL,'/uploaded_image/project_design/4TRBS0-N003-00-21(1).Zip',NULL,'3','6','9','CAD','3D'),
(56,18,16,'4TRBS0-N003-00-21(1)','4TRBS0-N002-00-21(1).STEP',0,0,0,'update','2021-03-04 03:34:21',0,0,NULL,'/uploaded_image/project_design/4TRBS0-N002-00-21(1).Zip',NULL,NULL,NULL,NULL,NULL,NULL),
(57,19,16,'4TRBS0-N002-00-21','4TRBS0-N002-00-21.DXF',0,0,0,'update','2021-03-04 03:34:22',0,0,NULL,'/uploaded_image/project_design/4TRBS0-N002-00-21.Zip',NULL,NULL,NULL,NULL,NULL,NULL),
(58,20,16,'4TRBS0-N002-00-21(1)','4TRBS0-N003-00-21(1).STEP',0,0,0,'update','2021-03-04 03:34:23',0,0,NULL,'/uploaded_image/project_design/4TRBS0-N003-00-21(1).Zip',NULL,NULL,NULL,NULL,NULL,NULL),
(59,21,16,'4TUSTF-N002-00-03','4TUSTF-N002-00-03.STEP',0,0,0,'insert','2021-03-04 05:06:55',0,0,NULL,'/uploaded_image/project_design/4TUSTF-N002-00-03.Zip',NULL,'11','14','17','CAD','3D'),
(60,22,16,'4TUSTF-N002-00-03_03','4TUSTF-N002-00-03_03.PDF',0,0,0,'insert','2021-03-04 05:06:56',0,0,NULL,'/uploaded_image/project_design/4TUSTF-N002-00-03_03.Zip',NULL,'12','15','18','CAD','PDF'),
(61,23,16,'4TUSTF-N610-00-00','4TUSTF-N610-00-00.DXF',0,0,0,'insert','2021-03-04 05:06:56',0,0,NULL,'/uploaded_image/project_design/4TUSTF-N610-00-00.Zip',NULL,'13','16','19','CAD','2D'),
(62,18,16,'4TRBS0-N003-00-21(1)','4TRBS0-N003-00-21(1).STEP',0,0,0,'update','2021-03-04 03:34:21',0,0,NULL,'/uploaded_image/project_design/4TRBS0-N003-00-21(1).Zip',NULL,NULL,NULL,NULL,NULL,NULL),
(63,19,16,'4TRBS0-N002-00-21','4TRBS0-N002-00-21.DXF',0,0,0,'update','2021-03-04 03:34:22',0,0,NULL,'/uploaded_image/project_design/4TRBS0-N002-00-21.Zip',NULL,NULL,NULL,NULL,NULL,NULL),
(64,20,16,'4TRBS0-N002-00-21(1)','4TRBS0-N002-00-21(1).STEP',0,0,0,'update','2021-03-04 03:34:23',0,0,NULL,'/uploaded_image/project_design/4TRBS0-N002-00-21(1).Zip',NULL,NULL,NULL,NULL,NULL,NULL),
(65,21,16,'4TUSTF-N002-00-03','4TUSTF-N002-00-03.STEP',0,0,0,'update','2021-03-04 05:06:55',0,0,NULL,'/uploaded_image/project_design/4TUSTF-N002-00-03.Zip',NULL,NULL,NULL,NULL,NULL,NULL),
(66,22,16,'4TUSTF-N002-00-03_03','4TUSTF-N002-00-03_03.PDF',0,0,0,'update','2021-03-04 05:06:56',0,0,NULL,'/uploaded_image/project_design/4TUSTF-N002-00-03_03.Zip',NULL,NULL,NULL,NULL,NULL,NULL),
(67,23,16,'4TUSTF-N610-00-00','4TUSTF-N610-00-00.DXF',0,0,0,'update','2021-03-04 05:06:56',0,0,NULL,'/uploaded_image/project_design/4TUSTF-N610-00-00.Zip',NULL,NULL,NULL,NULL,NULL,NULL),
(68,18,16,'4TRBS0-N003-00-21(1)','4TRBS0-N003-00-21(1).STEP',0,0,0,'update','2021-03-04 03:34:21',0,0,NULL,'/uploaded_image/project_design/4TRBS0-N003-00-21(1).Zip',NULL,NULL,NULL,NULL,NULL,NULL),
(69,19,16,'4TRBS0-N002-00-21','4TRBS0-N002-00-21.DXF',0,0,0,'update','2021-03-04 03:34:22',0,0,NULL,'/uploaded_image/project_design/4TRBS0-N002-00-21.Zip',NULL,NULL,NULL,NULL,NULL,NULL),
(70,20,16,'4TRBS0-N002-00-21(1)','4TRBS0-N002-00-21(1).STEP',0,0,0,'update','2021-03-04 03:34:23',0,0,NULL,'/uploaded_image/project_design/4TRBS0-N002-00-21(1).Zip',NULL,NULL,NULL,NULL,NULL,NULL),
(71,21,16,'4TUSTF-N002-00-03','4TUSTF-N002-00-03.STEP',0,0,0,'update','2021-03-04 05:06:55',0,0,NULL,'/uploaded_image/project_design/4TUSTF-N002-00-03.Zip',NULL,NULL,NULL,NULL,NULL,NULL),
(72,22,16,'4TUSTF-N002-00-03_03','4TUSTF-N002-00-03_03.PDF',0,0,0,'update','2021-03-04 05:06:56',0,0,NULL,'/uploaded_image/project_design/4TUSTF-N002-00-03_03.Zip',NULL,NULL,NULL,NULL,NULL,NULL),
(73,23,16,'4TUSTF-N610-00-00','4TUSTF-N610-00-00.DXF',0,0,0,'update','2021-03-04 05:06:56',0,0,NULL,'/uploaded_image/project_design/4TUSTF-N610-00-00.Zip',NULL,NULL,NULL,NULL,NULL,NULL);

/*Table structure for table `e_projectrevision` */

DROP TABLE IF EXISTS `e_projectrevision`;

CREATE TABLE `e_projectrevision` (
  `revisionId` int(11) NOT NULL AUTO_INCREMENT,
  `projectDetailId` int(11) DEFAULT NULL,
  `partNo` varchar(50) DEFAULT NULL,
  `cadfileName` varchar(50) DEFAULT NULL,
  `cadfileUrl` varchar(100) DEFAULT NULL,
  `revisionNo` int(11) DEFAULT NULL,
  `userId` int(11) DEFAULT NULL,
  `transDate` datetime DEFAULT CURRENT_TIMESTAMP,
  `isRemove` int(11) DEFAULT '0',
  `removedUserId` int(11) DEFAULT '0',
  `removedDateTime` datetime DEFAULT NULL,
  `isDeleted` int(11) DEFAULT '0',
  `deleteDateTime` datetime DEFAULT NULL,
  `deleteUserId` int(11) DEFAULT '0',
  `updateCount` int(11) DEFAULT '0',
  `lastUpdateUserId` int(11) DEFAULT '0',
  `lastUpdateDateTime` datetime DEFAULT NULL,
  `isActive` tinyint(1) DEFAULT '0',
  `activateDateTime` datetime DEFAULT NULL,
  `activateUserId` int(11) DEFAULT '0',
  PRIMARY KEY (`revisionId`)
) ENGINE=InnoDB AUTO_INCREMENT=37 DEFAULT CHARSET=utf8mb4;

/*Data for the table `e_projectrevision` */

insert  into `e_projectrevision`(`revisionId`,`projectDetailId`,`partNo`,`cadfileName`,`cadfileUrl`,`revisionNo`,`userId`,`transDate`,`isRemove`,`removedUserId`,`removedDateTime`,`isDeleted`,`deleteDateTime`,`deleteUserId`,`updateCount`,`lastUpdateUserId`,`lastUpdateDateTime`,`isActive`,`activateDateTime`,`activateUserId`) values 
(31,18,'4TRBS0-N003-00-21(1)','4TRBS0-N003-00-21(1).STEP','/uploaded_image/project_design/4TRBS0-N003-00-21(1).Zip',1,0,'2021-03-04 03:34:21',0,0,NULL,0,NULL,0,0,0,NULL,0,NULL,0),
(32,19,'4TRBS0-N002-00-21','4TRBS0-N002-00-21.DXF','/uploaded_image/project_design/4TRBS0-N002-00-21.Zip',1,0,'2021-03-04 03:34:22',0,0,NULL,0,NULL,0,0,0,NULL,0,NULL,0),
(33,20,'4TRBS0-N002-00-21(1)','4TRBS0-N002-00-21(1).STEP','/uploaded_image/project_design/4TRBS0-N002-00-21(1).Zip',1,0,'2021-03-04 03:34:23',0,0,NULL,0,NULL,0,0,0,NULL,0,NULL,0),
(34,21,'4TUSTF-N002-00-03','4TUSTF-N002-00-03.STEP','/uploaded_image/project_design/4TUSTF-N002-00-03.Zip',1,0,'2021-03-04 05:06:55',0,0,NULL,0,NULL,0,0,0,NULL,0,NULL,0),
(35,22,'4TUSTF-N002-00-03_03','4TUSTF-N002-00-03_03.PDF','/uploaded_image/project_design/4TUSTF-N002-00-03_03.Zip',1,0,'2021-03-04 05:06:56',0,0,NULL,0,NULL,0,0,0,NULL,0,NULL,0),
(36,23,'4TUSTF-N610-00-00','4TUSTF-N610-00-00.DXF','/uploaded_image/project_design/4TUSTF-N610-00-00.Zip',1,0,'2021-03-04 05:06:56',0,0,NULL,0,NULL,0,0,0,NULL,0,NULL,0);

/*Table structure for table `e_projectrevision_log` */

DROP TABLE IF EXISTS `e_projectrevision_log`;

CREATE TABLE `e_projectrevision_log` (
  `logId` int(11) NOT NULL AUTO_INCREMENT,
  `revisionId` int(11) DEFAULT NULL,
  `projectDetailId` int(11) DEFAULT NULL,
  `partNo` varchar(50) DEFAULT NULL,
  `cadfileName` varchar(50) DEFAULT NULL,
  `cadfileUrl` varchar(100) DEFAULT NULL,
  `revisionNo` int(11) DEFAULT NULL,
  `isApproved` int(11) DEFAULT '0',
  `userId` int(11) DEFAULT NULL,
  `isDeleted` int(11) DEFAULT '0',
  `userAction` varchar(20) DEFAULT NULL,
  `transDate` datetime DEFAULT CURRENT_TIMESTAMP,
  `isActive` tinyint(1) DEFAULT '0',
  `lastUpdateUserId` int(11) DEFAULT '0',
  `lastUpdateDateTime` datetime DEFAULT NULL,
  PRIMARY KEY (`logId`)
) ENGINE=InnoDB DEFAULT CHARSET=utf8mb4;

/*Data for the table `e_projectrevision_log` */

/*Table structure for table `m_area` */

DROP TABLE IF EXISTS `m_area`;

CREATE TABLE `m_area` (
  `areaId` int(11) NOT NULL AUTO_INCREMENT,
  `countryId` int(11) DEFAULT NULL,
  `stateId` int(11) DEFAULT NULL,
  `cityId` int(11) DEFAULT NULL,
  `areaName` varchar(100) DEFAULT NULL,
  `userId` int(11) DEFAULT NULL,
  `transDate` datetime DEFAULT CURRENT_TIMESTAMP,
  `isApproved` int(11) DEFAULT '0',
  `approvedUserId` int(11) DEFAULT '0',
  `approvedDateTime` datetime DEFAULT NULL,
  `isDeleted` int(11) DEFAULT '0',
  `deleteDateTime` datetime DEFAULT NULL,
  `deleteUserId` int(11) DEFAULT '0',
  `updateCount` int(11) DEFAULT '0',
  `lastUpdateUserId` int(11) DEFAULT '0',
  `isActive` tinyint(1) DEFAULT '0',
  `activateDateTime` datetime DEFAULT NULL,
  `activateUserId` int(11) DEFAULT '0',
  PRIMARY KEY (`areaId`)
) ENGINE=InnoDB AUTO_INCREMENT=68 DEFAULT CHARSET=utf8mb4;

/*Data for the table `m_area` */

insert  into `m_area`(`areaId`,`countryId`,`stateId`,`cityId`,`areaName`,`userId`,`transDate`,`isApproved`,`approvedUserId`,`approvedDateTime`,`isDeleted`,`deleteDateTime`,`deleteUserId`,`updateCount`,`lastUpdateUserId`,`isActive`,`activateDateTime`,`activateUserId`) values 
(3,101,17,2,'Indra nagar',3,'2021-02-13 02:13:36',1,3,'2021-04-02 09:04:33',1,'2021-04-16 03:10:30',3,12,3,0,NULL,0),
(4,101,17,2,'Cc',3,'2021-04-02 10:11:48',0,0,NULL,1,'2021-04-02 10:11:58',3,0,0,0,NULL,0),
(5,101,17,2,'Nmnm',3,'2021-04-02 10:46:22',1,3,'2021-04-02 10:46:31',1,'2021-04-02 10:47:00',3,1,3,0,NULL,0),
(6,101,17,2,'Charbag',3,'2021-04-03 00:50:09',1,3,'2021-04-03 00:50:16',1,'2021-04-12 02:08:09',3,1,3,0,NULL,0),
(7,101,23,11,'Ewq',3,'2021-04-12 02:07:46',1,3,'2021-04-12 02:07:52',1,'2021-04-16 03:12:50',3,1,3,0,NULL,0),
(8,277,32,13,'Sun',3,'2021-04-12 02:35:58',0,0,NULL,1,'2021-04-23 10:58:28',3,0,0,0,NULL,0),
(13,279,37,15,'',0,'2021-04-12 09:30:39',0,0,NULL,1,'2021-04-15 06:25:15',3,0,0,0,NULL,0),
(14,101,25,5,'Ram',0,'2021-04-12 09:32:31',0,0,NULL,1,'2021-04-23 10:58:12',3,1,3,0,NULL,0),
(15,290,47,22,'Ankit',0,'2021-04-15 06:24:47',0,0,NULL,1,'2021-04-15 06:25:23',3,0,0,0,NULL,0),
(16,290,47,22,'Ankit',0,'2021-04-15 06:25:37',0,0,NULL,1,'2021-04-15 06:30:32',3,0,0,0,NULL,0),
(17,290,47,22,'Ankit',0,'2021-04-15 06:45:32',0,0,NULL,1,'2021-04-15 06:45:49',3,0,0,0,NULL,0),
(18,290,47,22,'Ramm',0,'2021-04-15 07:58:02',0,0,NULL,1,'2021-04-15 08:08:30',3,1,3,0,NULL,0),
(19,101,17,2,'Gomti nagar',3,'2021-04-16 03:05:13',0,0,NULL,1,'2021-04-17 02:32:10',3,0,0,0,NULL,0),
(20,180,52,27,'street 375 moque',3,'2021-04-16 03:07:38',0,0,NULL,1,'2021-04-23 10:58:21',3,0,0,0,NULL,0),
(21,101,17,2,'Patrakar',0,'2021-04-16 03:10:16',0,0,NULL,1,'2021-04-17 02:32:21',3,0,0,0,NULL,0),
(22,320,55,30,'Master',0,'2021-04-17 02:31:11',0,0,NULL,1,'2021-04-23 11:41:50',3,0,0,0,NULL,0),
(23,304,49,25,'Wwwwjkjkkk',3,'2021-04-23 11:41:24',0,0,NULL,1,'2021-04-23 11:50:11',3,3,3,0,NULL,0),
(24,101,57,32,'patrakar',3,'2021-04-23 11:55:29',0,0,NULL,1,'2021-04-23 11:58:46',3,8,3,0,NULL,0),
(25,101,57,11,'Panki villaage1',3,'2021-04-23 12:00:52',1,3,'2021-05-10 05:51:14',0,NULL,0,4,3,0,NULL,0),
(26,101,72,11,'Indra nagar',0,'2021-04-29 06:45:06',1,3,'2021-05-10 05:17:38',1,'2021-05-12 05:03:08',3,1,3,0,NULL,0),
(27,346,20,42,'SU',0,'2021-05-01 07:15:26',1,3,'2021-05-10 05:48:30',0,NULL,0,1,3,0,NULL,0),
(28,664,363,74,'AreaName1',0,'2021-05-12 05:03:38',1,3,'2021-05-15 00:42:41',0,NULL,0,0,0,0,NULL,0),
(29,665,364,75,'AreaName2',0,'2021-05-12 05:03:38',1,3,'2021-05-13 09:31:21',0,NULL,0,0,0,0,NULL,0),
(30,666,365,76,'AreaName3',0,'2021-05-12 05:03:38',1,3,'2021-05-14 01:56:42',0,NULL,0,0,0,0,NULL,0),
(31,667,366,77,'AreaName4',0,'2021-05-12 05:03:39',1,3,'2021-05-15 00:27:20',0,NULL,0,0,0,0,NULL,0),
(32,668,367,78,'AreaName5',0,'2021-05-12 05:03:39',1,3,'2021-05-15 00:46:53',0,NULL,0,0,0,0,NULL,0),
(33,669,368,79,'AreaName6',0,'2021-05-12 05:03:39',0,0,NULL,0,NULL,0,0,0,0,NULL,0),
(34,670,369,80,'AreaName7',0,'2021-05-12 05:03:39',0,0,NULL,0,NULL,0,0,0,0,NULL,0),
(35,671,370,81,'AreaName8',0,'2021-05-12 05:03:39',0,0,NULL,0,NULL,0,0,0,0,NULL,0),
(36,672,371,82,'AreaName9',0,'2021-05-12 05:03:39',0,0,NULL,0,NULL,0,0,0,0,NULL,0),
(37,673,372,83,'AreaName11111',0,'2021-05-12 05:03:39',0,3,'2021-05-17 01:01:14',0,NULL,0,1,3,0,NULL,0),
(38,674,373,84,'AreaName11',0,'2021-05-12 05:03:39',1,3,'2021-05-13 07:08:53',0,NULL,0,0,0,0,NULL,0),
(39,675,374,85,'AreaName12',0,'2021-05-12 05:03:39',1,3,'2021-05-13 08:14:09',0,NULL,0,0,0,0,NULL,0),
(40,676,375,86,'AreaName13',0,'2021-05-12 05:03:39',1,3,'2021-05-13 08:35:27',0,NULL,0,0,0,0,NULL,0),
(41,677,376,87,'AreaName14',0,'2021-05-12 05:03:39',1,3,'2021-05-13 08:48:07',0,NULL,0,0,0,0,NULL,0),
(42,678,377,88,'AreaName15',0,'2021-05-12 05:03:39',0,3,'2021-05-17 01:06:11',0,NULL,0,0,0,0,NULL,0),
(43,679,378,89,'AreaName16',0,'2021-05-12 05:03:39',1,3,'2021-05-13 09:08:46',0,NULL,0,0,0,0,NULL,0),
(44,680,379,90,'AreaName17',0,'2021-05-12 05:03:39',1,3,'2021-05-13 09:15:28',0,NULL,0,0,0,0,NULL,0),
(45,681,380,91,'AreaName18',0,'2021-05-12 05:03:39',1,3,'2021-05-13 09:23:16',0,NULL,0,0,0,0,NULL,0),
(46,682,381,92,'AreaName19',0,'2021-05-12 05:03:39',0,3,'2021-05-17 01:01:55',0,NULL,0,0,0,0,NULL,0),
(47,683,382,93,'AreaName20',0,'2021-05-12 05:03:39',1,3,'2021-05-13 09:39:20',0,NULL,0,0,0,0,NULL,0),
(48,684,383,94,'AreaName21',0,'2021-05-12 05:03:39',1,3,'2021-05-13 09:46:06',0,NULL,0,0,0,0,NULL,0),
(49,685,384,95,'AreaName22',0,'2021-05-12 05:03:39',1,3,'2021-05-13 10:03:38',0,NULL,0,0,0,0,NULL,0),
(50,686,385,96,'AreaName23',0,'2021-05-12 05:03:39',1,3,'2021-05-13 10:07:55',0,NULL,0,0,0,0,NULL,0),
(51,687,386,97,'AreaName24',0,'2021-05-12 05:03:39',1,3,'2021-05-14 00:53:05',0,NULL,0,0,0,0,NULL,0),
(52,688,387,98,'AreaName25',0,'2021-05-12 05:03:39',1,3,'2021-05-14 01:03:36',0,NULL,0,0,0,0,NULL,0),
(53,689,388,99,'AreaName26',0,'2021-05-12 05:03:39',1,3,'2021-05-14 01:23:51',0,NULL,0,0,0,0,NULL,0),
(54,690,389,100,'AreaName27',0,'2021-05-12 05:03:39',1,3,'2021-05-14 01:35:00',0,NULL,0,0,0,0,NULL,0),
(55,691,390,101,'AreaName28',0,'2021-05-12 05:03:39',1,3,'2021-05-14 01:39:36',0,NULL,0,0,0,0,NULL,0),
(56,692,391,102,'AreaName29',0,'2021-05-12 05:03:39',1,3,'2021-05-14 01:50:42',0,NULL,0,0,0,0,NULL,0),
(57,693,392,103,'AreaName30',0,'2021-05-12 05:03:39',1,3,'2021-05-14 02:00:32',0,NULL,0,0,0,0,NULL,0),
(58,694,393,104,'AreaName31',0,'2021-05-12 05:03:39',1,3,'2021-05-14 02:08:26',0,NULL,0,0,0,0,NULL,0),
(59,695,394,105,'AreaName32',0,'2021-05-12 05:03:39',1,3,'2021-05-14 02:16:50',0,NULL,0,0,0,0,NULL,0),
(60,696,395,106,'AreaName33',0,'2021-05-12 05:03:39',1,3,'2021-05-14 04:30:41',0,NULL,0,0,0,0,NULL,0),
(61,697,396,107,'AreaName34',0,'2021-05-12 05:03:39',1,3,'2021-05-14 04:31:15',0,NULL,0,0,0,0,NULL,0),
(62,698,397,108,'AreaName35',0,'2021-05-12 05:03:39',1,3,'2021-05-14 04:32:28',0,NULL,0,0,0,0,NULL,0),
(63,699,398,109,'AreaName36',0,'2021-05-12 05:03:39',1,3,'2021-05-14 04:33:31',0,NULL,0,0,0,0,NULL,0),
(64,700,399,110,'AreaName37',0,'2021-05-12 05:03:39',1,3,'2021-05-14 04:34:05',0,NULL,0,0,0,0,NULL,0),
(65,701,400,111,'AreaName38',0,'2021-05-12 05:03:39',1,3,'2021-05-14 05:51:49',0,NULL,0,0,0,0,NULL,0),
(66,702,401,112,'AreaName39',0,'2021-05-12 05:03:39',1,3,'2021-05-14 06:32:11',0,NULL,0,0,0,0,NULL,0),
(67,664,402,113,'AreaName40',0,'2021-05-12 05:03:39',1,3,'2021-05-15 00:45:07',0,NULL,0,0,0,0,NULL,0);

/*Table structure for table `m_area_log` */

DROP TABLE IF EXISTS `m_area_log`;

CREATE TABLE `m_area_log` (
  `logId` int(11) NOT NULL AUTO_INCREMENT,
  `areaId` int(11) DEFAULT NULL,
  `countryId` int(11) DEFAULT NULL,
  `stateId` int(11) DEFAULT NULL,
  `cityId` int(11) DEFAULT NULL,
  `areaName` varchar(100) DEFAULT NULL,
  `isApproved` int(11) DEFAULT '0',
  `userId` int(11) DEFAULT NULL,
  `isDeleted` int(11) DEFAULT '0',
  `userAction` varchar(20) DEFAULT NULL,
  `transDate` datetime DEFAULT CURRENT_TIMESTAMP,
  `isActive` tinyint(1) DEFAULT '0',
  PRIMARY KEY (`logId`)
) ENGINE=InnoDB AUTO_INCREMENT=187 DEFAULT CHARSET=utf8mb4;

/*Data for the table `m_area_log` */

insert  into `m_area_log`(`logId`,`areaId`,`countryId`,`stateId`,`cityId`,`areaName`,`isApproved`,`userId`,`isDeleted`,`userAction`,`transDate`,`isActive`) values 
(1,1,2,1,1,'Hoskote',0,10,0,'insert','2020-10-26 18:31:48',0),
(2,1,2,1,1,'Hoskote',0,10,0,'update','2020-10-26 18:31:48',0),
(3,2,3,2,2,'Charbag',0,3,0,'insert','2020-10-27 09:21:52',0),
(4,2,3,2,2,'Charbag',0,3,0,'update','2020-10-27 09:21:52',0),
(5,1,2,1,1,'Hoskote',0,10,0,'approve','2020-10-26 18:31:48',0),
(6,2,3,2,2,'Charbag1',0,3,0,'approve','2020-10-27 09:21:52',0),
(7,1,2,1,1,'Hoskote',0,10,0,'update','2020-10-26 18:31:48',0),
(8,3,101,17,2,'Indra nagar',0,3,0,'insert','2021-02-13 02:13:36',0),
(9,3,101,17,2,'Indra nagar',0,3,0,'update','2021-02-13 02:13:36',0),
(10,3,101,17,2,'Indra nagar',0,3,0,'approve','2021-02-13 02:13:36',0),
(11,3,101,17,2,'Indra nagar',1,3,0,'approve','2021-02-13 02:13:36',0),
(12,3,101,17,2,'Indra nagar',0,3,0,'update','2021-02-13 02:13:36',0),
(13,3,101,17,2,'Indra nagar',0,3,0,'approve','2021-02-13 02:13:36',0),
(14,4,101,17,2,'Cc',0,3,0,'insert','2021-04-02 10:11:48',0),
(15,4,101,17,2,'Cc',0,3,0,'delete','2021-04-02 10:11:48',0),
(16,5,101,17,2,'Nmnm',0,3,0,'insert','2021-04-02 10:46:22',0),
(17,5,101,17,2,'Nmnm',0,3,0,'approve','2021-04-02 10:46:22',0),
(18,5,101,17,2,'Nmnm',0,3,0,'update','2021-04-02 10:46:22',0),
(19,5,101,17,2,'Nmnm',0,3,0,'delete','2021-04-02 10:46:22',0),
(20,3,101,17,2,'Indra nagar',0,3,0,'update','2021-02-13 02:13:36',0),
(21,3,101,17,2,'Indra nagar',0,3,0,'update','2021-02-13 02:13:36',0),
(22,3,101,17,2,'Indra nagar',0,3,0,'update','2021-02-13 02:13:36',0),
(23,3,101,17,2,'Indra nagar',0,3,0,'update','2021-02-13 02:13:36',0),
(24,3,101,17,2,'Indra nagar',0,3,0,'update','2021-02-13 02:13:36',0),
(25,3,101,17,2,'Indra nagar',0,3,0,'update','2021-02-13 02:13:36',0),
(26,3,101,17,2,'Indra nagar',0,3,0,'update','2021-02-13 02:13:36',0),
(27,3,101,17,2,'Indra nagar',0,3,0,'update','2021-02-13 02:13:36',0),
(28,3,101,17,2,'Indra nagar',0,3,0,'update','2021-02-13 02:13:36',0),
(29,3,101,17,2,'Indra nagar',0,3,0,'update','2021-02-13 02:13:36',0),
(30,6,101,17,2,'Charbag',0,3,0,'insert','2021-04-03 00:50:09',0),
(31,6,101,17,2,'Charbag',0,3,0,'approve','2021-04-03 00:50:09',0),
(32,6,101,17,2,'Charbag',0,3,0,'update','2021-04-03 00:50:09',0),
(33,7,101,23,11,'Pp',0,3,0,'insert','2021-04-12 02:07:46',0),
(34,7,101,23,11,'Pp',0,3,0,'approve','2021-04-12 02:07:46',0),
(35,6,101,17,2,'Charbag',0,3,0,'delete','2021-04-03 00:50:09',0),
(36,8,277,32,13,'Sun',0,3,0,'insert','2021-04-12 02:35:58',0),
(37,NULL,101,36,5,NULL,0,0,0,'insert','2021-04-12 09:21:15',0),
(38,NULL,101,36,5,NULL,0,0,0,'insert','2021-04-12 09:21:19',0),
(39,11,101,36,5,'INDRA NAGARndra nagar',0,0,0,'insert','2021-04-12 09:27:46',0),
(40,12,101,36,5,'PANKIanki',0,0,0,'insert','2021-04-12 09:27:50',0),
(41,13,279,37,15,'',0,0,0,'insert','2021-04-12 09:30:39',0),
(42,14,101,25,5,'Panki',0,0,0,'insert','2021-04-12 09:32:31',0),
(43,15,290,47,22,'Ankit',0,0,0,'insert','2021-04-15 06:24:47',0),
(44,13,279,37,15,'',0,0,0,'delete','2021-04-12 09:30:39',0),
(45,15,290,47,22,'Ankit',0,0,0,'delete','2021-04-15 06:24:47',0),
(46,16,290,47,22,'Ankit',0,0,0,'insert','2021-04-15 06:25:37',0),
(47,16,290,47,22,'Ankit',0,0,0,'delete','2021-04-15 06:25:37',0),
(48,17,290,47,22,'Ankit',0,0,0,'insert','2021-04-15 06:45:32',0),
(49,17,290,47,22,'Ankit',0,0,0,'delete','2021-04-15 06:45:32',0),
(50,18,290,47,22,'Ankit',0,0,0,'insert','2021-04-15 07:58:02',0),
(51,18,290,47,22,'Ankit',0,0,0,'update','2021-04-15 07:58:02',0),
(52,18,290,47,22,'Ramm',0,0,0,'delete','2021-04-15 07:58:02',0),
(53,7,101,23,11,'Pp',0,3,0,'update','2021-04-12 02:07:46',0),
(54,19,101,17,2,'Gomti nagar',0,3,0,'insert','2021-04-16 03:05:13',0),
(55,20,180,52,27,'street 375 moque',0,3,0,'insert','2021-04-16 03:07:38',0),
(56,21,101,17,2,'Patrakar',0,0,0,'insert','2021-04-16 03:10:16',0),
(57,3,101,17,2,'Indra nagar',0,3,0,'delete','2021-02-13 02:13:36',0),
(58,7,101,23,11,'Ewq',0,3,0,'delete','2021-04-12 02:07:46',0),
(59,22,320,55,30,'Master',0,0,0,'insert','2021-04-17 02:31:11',0),
(60,19,101,17,2,'Gomti nagar',0,3,0,'delete','2021-04-16 03:05:13',0),
(61,21,101,17,2,'Patrakar',0,0,0,'delete','2021-04-16 03:10:16',0),
(62,14,101,25,5,'Panki',0,0,0,'update','2021-04-12 09:32:31',0),
(63,14,101,25,5,'Ram',0,0,0,'delete','2021-04-12 09:32:31',0),
(64,20,180,52,27,'street 375 moque',0,3,0,'delete','2021-04-16 03:07:38',0),
(65,8,277,32,13,'Sun',0,3,0,'delete','2021-04-12 02:35:58',0),
(66,23,304,49,25,'Wwww',0,3,0,'insert','2021-04-23 11:41:24',0),
(67,22,320,55,30,'Master',0,0,0,'delete','2021-04-17 02:31:11',0),
(68,23,304,49,25,'Wwww',0,3,0,'update','2021-04-23 11:41:24',0),
(69,23,304,49,25,'Wwwwjkjkkk',0,3,0,'update','2021-04-23 11:41:24',0),
(70,23,304,49,25,'Wwwwjkjkkk',0,3,0,'update','2021-04-23 11:41:24',0),
(71,23,304,49,25,'Wwwwjkjkkk',0,3,0,'delete','2021-04-23 11:41:24',0),
(72,24,101,57,32,'Haniman choraha',0,3,0,'insert','2021-04-23 11:55:29',0),
(73,24,101,57,32,'Haniman choraha',0,3,0,'update','2021-04-23 11:55:29',0),
(74,24,101,57,32,'patrakar',0,3,0,'update','2021-04-23 11:55:29',0),
(75,24,101,57,32,'patrakar',0,3,0,'update','2021-04-23 11:55:29',0),
(76,24,101,57,32,'patrakar',0,3,0,'update','2021-04-23 11:55:29',0),
(77,24,101,57,32,'patrakar',0,3,0,'update','2021-04-23 11:55:29',0),
(78,24,101,57,32,'patrakar',0,3,0,'update','2021-04-23 11:55:29',0),
(79,24,101,57,32,'patrakar',0,3,0,'update','2021-04-23 11:55:29',0),
(80,24,101,57,32,'patrakar',0,3,0,'delete','2021-04-23 11:55:29',0),
(81,24,101,57,32,'patrakar',0,3,1,'update','2021-04-23 11:55:29',0),
(82,25,101,57,33,'Panki villaage',0,3,0,'insert','2021-04-23 12:00:52',0),
(83,25,101,57,33,'Panki villaage',0,3,0,'update','2021-04-23 12:00:52',0),
(84,25,101,57,33,'Panki villaage',0,3,0,'update','2021-04-23 12:00:52',0),
(85,25,101,57,33,'Panki villaage',0,3,0,'update','2021-04-23 12:00:52',0),
(86,25,101,57,11,'Panki villaage1',0,3,0,'update','2021-04-23 12:00:52',0),
(87,26,339,70,39,'Wulgcity',0,0,0,'insert','2021-04-29 06:45:06',0),
(88,26,339,70,39,'Wulgcity',0,0,0,'update','2021-04-29 06:45:06',0),
(89,25,101,57,11,'Panki villaage1',0,3,0,'approve','2021-04-23 12:00:52',0),
(90,27,346,20,42,'SU',0,0,0,'insert','2021-05-01 07:15:26',0),
(91,27,346,20,42,'SU',0,0,0,'approve','2021-05-01 07:15:26',0),
(92,27,346,20,42,'SU',0,0,0,'update','2021-05-01 07:15:26',0),
(93,26,101,72,11,'Indra nagar',0,0,0,'approve','2021-04-29 06:45:06',0),
(94,27,346,20,42,'SU',1,0,0,'approve','2021-05-01 07:15:26',0),
(95,27,346,20,42,'SU',0,0,0,'approve','2021-05-01 07:15:26',0),
(96,27,346,20,42,'SU',1,0,0,'approve','2021-05-01 07:15:26',0),
(97,27,346,20,42,'SU',0,0,0,'approve','2021-05-01 07:15:26',0),
(98,27,346,20,42,'SU',1,0,0,'approve','2021-05-01 07:15:26',0),
(99,27,346,20,42,'SU',0,0,0,'approve','2021-05-01 07:15:26',0),
(100,25,101,57,11,'Panki villaage1',1,3,0,'approve','2021-04-23 12:00:52',0),
(101,25,101,57,11,'Panki villaage1',0,3,0,'approve','2021-04-23 12:00:52',0),
(102,26,101,72,11,'Indra nagar',0,0,0,'delete','2021-04-29 06:45:06',0),
(103,28,664,363,74,'AreaName1',0,0,0,'insert','2021-05-12 05:03:38',0),
(104,29,665,364,75,'AreaName2',0,0,0,'insert','2021-05-12 05:03:38',0),
(105,30,666,365,76,'AreaName3',0,0,0,'insert','2021-05-12 05:03:38',0),
(106,31,667,366,77,'AreaName4',0,0,0,'insert','2021-05-12 05:03:39',0),
(107,32,668,367,78,'AreaName5',0,0,0,'insert','2021-05-12 05:03:39',0),
(108,33,669,368,79,'AreaName6',0,0,0,'insert','2021-05-12 05:03:39',0),
(109,34,670,369,80,'AreaName7',0,0,0,'insert','2021-05-12 05:03:39',0),
(110,35,671,370,81,'AreaName8',0,0,0,'insert','2021-05-12 05:03:39',0),
(111,36,672,371,82,'AreaName9',0,0,0,'insert','2021-05-12 05:03:39',0),
(112,37,673,372,83,'AreaName10',0,0,0,'insert','2021-05-12 05:03:39',0),
(113,38,674,373,84,'AreaName11',0,0,0,'insert','2021-05-12 05:03:39',0),
(114,39,675,374,85,'AreaName12',0,0,0,'insert','2021-05-12 05:03:39',0),
(115,40,676,375,86,'AreaName13',0,0,0,'insert','2021-05-12 05:03:39',0),
(116,41,677,376,87,'AreaName14',0,0,0,'insert','2021-05-12 05:03:39',0),
(117,42,678,377,88,'AreaName15',0,0,0,'insert','2021-05-12 05:03:39',0),
(118,43,679,378,89,'AreaName16',0,0,0,'insert','2021-05-12 05:03:39',0),
(119,44,680,379,90,'AreaName17',0,0,0,'insert','2021-05-12 05:03:39',0),
(120,45,681,380,91,'AreaName18',0,0,0,'insert','2021-05-12 05:03:39',0),
(121,46,682,381,92,'AreaName19',0,0,0,'insert','2021-05-12 05:03:39',0),
(122,47,683,382,93,'AreaName20',0,0,0,'insert','2021-05-12 05:03:39',0),
(123,48,684,383,94,'AreaName21',0,0,0,'insert','2021-05-12 05:03:39',0),
(124,49,685,384,95,'AreaName22',0,0,0,'insert','2021-05-12 05:03:39',0),
(125,50,686,385,96,'AreaName23',0,0,0,'insert','2021-05-12 05:03:39',0),
(126,51,687,386,97,'AreaName24',0,0,0,'insert','2021-05-12 05:03:39',0),
(127,52,688,387,98,'AreaName25',0,0,0,'insert','2021-05-12 05:03:39',0),
(128,53,689,388,99,'AreaName26',0,0,0,'insert','2021-05-12 05:03:39',0),
(129,54,690,389,100,'AreaName27',0,0,0,'insert','2021-05-12 05:03:39',0),
(130,55,691,390,101,'AreaName28',0,0,0,'insert','2021-05-12 05:03:39',0),
(131,56,692,391,102,'AreaName29',0,0,0,'insert','2021-05-12 05:03:39',0),
(132,57,693,392,103,'AreaName30',0,0,0,'insert','2021-05-12 05:03:39',0),
(133,58,694,393,104,'AreaName31',0,0,0,'insert','2021-05-12 05:03:39',0),
(134,59,695,394,105,'AreaName32',0,0,0,'insert','2021-05-12 05:03:39',0),
(135,60,696,395,106,'AreaName33',0,0,0,'insert','2021-05-12 05:03:39',0),
(136,61,697,396,107,'AreaName34',0,0,0,'insert','2021-05-12 05:03:39',0),
(137,62,698,397,108,'AreaName35',0,0,0,'insert','2021-05-12 05:03:39',0),
(138,63,699,398,109,'AreaName36',0,0,0,'insert','2021-05-12 05:03:39',0),
(139,64,700,399,110,'AreaName37',0,0,0,'insert','2021-05-12 05:03:39',0),
(140,65,701,400,111,'AreaName38',0,0,0,'insert','2021-05-12 05:03:39',0),
(141,66,702,401,112,'AreaName39',0,0,0,'insert','2021-05-12 05:03:39',0),
(142,67,664,402,113,'AreaName40',0,0,0,'insert','2021-05-12 05:03:39',0),
(143,37,673,372,83,'AreaName10',0,0,0,'update','2021-05-12 05:03:39',0),
(144,37,673,372,83,'AreaName11111',0,0,0,'approve','2021-05-12 05:03:39',0),
(145,38,674,373,84,'AreaName11',0,0,0,'approve','2021-05-12 05:03:39',0),
(146,38,674,373,84,'AreaName11',1,0,0,'approve','2021-05-12 05:03:39',0),
(147,37,673,372,83,'AreaName11111',1,0,0,'approve','2021-05-12 05:03:39',0),
(148,37,673,372,83,'AreaName11111',0,0,0,'approve','2021-05-12 05:03:39',0),
(149,38,674,373,84,'AreaName11',0,0,0,'approve','2021-05-12 05:03:39',0),
(150,39,675,374,85,'AreaName12',0,0,0,'approve','2021-05-12 05:03:39',0),
(151,40,676,375,86,'AreaName13',0,0,0,'approve','2021-05-12 05:03:39',0),
(152,41,677,376,87,'AreaName14',0,0,0,'approve','2021-05-12 05:03:39',0),
(153,42,678,377,88,'AreaName15',0,0,0,'approve','2021-05-12 05:03:39',0),
(154,43,679,378,89,'AreaName16',0,0,0,'approve','2021-05-12 05:03:39',0),
(155,44,680,379,90,'AreaName17',0,0,0,'approve','2021-05-12 05:03:39',0),
(156,45,681,380,91,'AreaName18',0,0,0,'approve','2021-05-12 05:03:39',0),
(157,46,682,381,92,'AreaName19',0,0,0,'approve','2021-05-12 05:03:39',0),
(158,29,665,364,75,'AreaName2',0,0,0,'approve','2021-05-12 05:03:38',0),
(159,47,683,382,93,'AreaName20',0,0,0,'approve','2021-05-12 05:03:39',0),
(160,48,684,383,94,'AreaName21',0,0,0,'approve','2021-05-12 05:03:39',0),
(161,49,685,384,95,'AreaName22',0,0,0,'approve','2021-05-12 05:03:39',0),
(162,50,686,385,96,'AreaName23',0,0,0,'approve','2021-05-12 05:03:39',0),
(163,51,687,386,97,'AreaName24',0,0,0,'approve','2021-05-12 05:03:39',0),
(164,52,688,387,98,'AreaName25',0,0,0,'approve','2021-05-12 05:03:39',0),
(165,53,689,388,99,'AreaName26',0,0,0,'approve','2021-05-12 05:03:39',0),
(166,54,690,389,100,'AreaName27',0,0,0,'approve','2021-05-12 05:03:39',0),
(167,55,691,390,101,'AreaName28',0,0,0,'approve','2021-05-12 05:03:39',0),
(168,56,692,391,102,'AreaName29',0,0,0,'approve','2021-05-12 05:03:39',0),
(169,30,666,365,76,'AreaName3',0,0,0,'approve','2021-05-12 05:03:38',0),
(170,57,693,392,103,'AreaName30',0,0,0,'approve','2021-05-12 05:03:39',0),
(171,58,694,393,104,'AreaName31',0,0,0,'approve','2021-05-12 05:03:39',0),
(172,59,695,394,105,'AreaName32',0,0,0,'approve','2021-05-12 05:03:39',0),
(173,60,696,395,106,'AreaName33',0,0,0,'approve','2021-05-12 05:03:39',0),
(174,61,697,396,107,'AreaName34',0,0,0,'approve','2021-05-12 05:03:39',0),
(175,62,698,397,108,'AreaName35',0,0,0,'approve','2021-05-12 05:03:39',0),
(176,63,699,398,109,'AreaName36',0,0,0,'approve','2021-05-12 05:03:39',0),
(177,64,700,399,110,'AreaName37',0,0,0,'approve','2021-05-12 05:03:39',0),
(178,65,701,400,111,'AreaName38',0,0,0,'approve','2021-05-12 05:03:39',0),
(179,66,702,401,112,'AreaName39',0,0,0,'approve','2021-05-12 05:03:39',0),
(180,31,667,366,77,'AreaName4',0,0,0,'approve','2021-05-12 05:03:39',0),
(181,28,664,363,74,'AreaName1',0,0,0,'approve','2021-05-12 05:03:38',0),
(182,67,664,402,113,'AreaName40',0,0,0,'approve','2021-05-12 05:03:39',0),
(183,32,668,367,78,'AreaName5',0,0,0,'approve','2021-05-12 05:03:39',0),
(184,37,673,372,83,'AreaName11111',1,0,0,'approve','2021-05-12 05:03:39',0),
(185,46,682,381,92,'AreaName19',1,0,0,'approve','2021-05-12 05:03:39',0),
(186,42,678,377,88,'AreaName15',1,0,0,'approve','2021-05-12 05:03:39',0);

/*Table structure for table `m_bank` */

DROP TABLE IF EXISTS `m_bank`;

CREATE TABLE `m_bank` (
  `bankId` int(11) NOT NULL AUTO_INCREMENT,
  `bankCode` varchar(10) DEFAULT NULL,
  `bankName` varchar(50) DEFAULT NULL,
  `BankAmount` decimal(18,2) DEFAULT NULL,
  `userId` int(11) DEFAULT NULL,
  `transDate` datetime DEFAULT CURRENT_TIMESTAMP,
  `isApproved` int(11) DEFAULT '0',
  `approvedUserId` int(11) DEFAULT '0',
  `approvedDateTime` datetime DEFAULT NULL,
  `isDeleted` int(11) DEFAULT '0',
  `deleteDateTime` datetime DEFAULT NULL,
  `deleteUserId` int(11) DEFAULT '0',
  `updateCount` int(11) DEFAULT '0',
  `lastUpdateUserId` int(11) DEFAULT '0',
  `isActive` tinyint(1) DEFAULT '0',
  `activateDateTime` datetime DEFAULT NULL,
  `activateUserId` int(11) DEFAULT '0',
  PRIMARY KEY (`bankId`)
) ENGINE=InnoDB AUTO_INCREMENT=53 DEFAULT CHARSET=utf8mb4;

/*Data for the table `m_bank` */

insert  into `m_bank`(`bankId`,`bankCode`,`bankName`,`BankAmount`,`userId`,`transDate`,`isApproved`,`approvedUserId`,`approvedDateTime`,`isDeleted`,`deleteDateTime`,`deleteUserId`,`updateCount`,`lastUpdateUserId`,`isActive`,`activateDateTime`,`activateUserId`) values 
(1,'SBI','SBI',1000.00,10,'2020-10-26 18:51:00',1,3,'2021-05-11 01:03:23',0,NULL,0,0,0,0,NULL,0),
(2,'UBI','Uniab bank of india',50000.00,3,'2020-10-27 09:31:42',1,3,'2020-10-27 09:31:54',0,NULL,0,1,3,0,NULL,0),
(3,'FF','Dfdf',333.00,3,'2020-12-10 11:24:22',1,3,'2020-12-10 11:24:34',1,'2020-12-10 11:24:43',3,1,3,0,NULL,0),
(4,'B','Bank1',34.00,0,'2021-02-11 03:52:21',1,3,'2021-02-12 07:23:26',1,'2021-04-12 23:10:46',3,0,0,0,NULL,0),
(5,'B1','Bank2',100.00,0,'2021-02-11 04:48:51',0,0,NULL,1,'2021-02-12 07:08:13',3,1,3,0,NULL,0),
(6,'BC','Bank3',111.00,0,'2021-02-11 04:59:23',1,3,'2021-04-02 09:12:50',1,'2021-04-12 23:10:52',3,1,3,0,NULL,0),
(7,'B3','Bank2',100.00,3,'2021-02-12 07:27:19',0,0,NULL,1,'2021-02-12 07:27:43',3,1,3,0,NULL,0),
(8,'CVBCBC','Vbvbn',4456.00,3,'2021-04-02 10:20:36',0,0,NULL,1,'2021-04-02 10:20:44',3,0,0,0,NULL,0),
(9,'GFGDG','Xgfvcg',4546.00,3,'2021-04-03 02:30:18',1,3,'2021-04-03 02:30:28',1,'2021-04-03 02:30:35',3,0,0,0,NULL,0),
(10,'BOB','Bank of barodra',0.00,3,'2021-04-06 00:51:20',1,3,'2021-04-12 23:10:10',1,'2021-04-12 23:10:39',3,0,0,0,NULL,0),
(11,'BBO','Bank 4',0.00,3,'2021-04-07 03:05:22',0,0,NULL,1,'2021-04-12 06:32:06',3,0,0,0,NULL,0),
(12,'UBI1','Union bank of india',0.00,0,'2021-04-12 02:55:41',1,3,'2021-04-12 23:10:16',0,NULL,0,0,0,0,NULL,0),
(13,'BANK','Tata',0.00,3,'2021-04-12 06:28:06',1,3,'2021-04-12 23:10:06',0,NULL,0,1,3,0,NULL,0),
(14,'PNB','Punjab national bank',0.00,3,'2021-04-12 23:09:03',1,3,'2021-04-12 23:09:59',0,NULL,0,0,0,0,NULL,0),
(15,'sdsf','Sdfdsf',NULL,0,'2021-04-16 00:13:48',1,3,'2021-04-16 00:14:25',1,'2021-04-26 04:55:54',3,5,3,0,NULL,0),
(16,'HDFC','Iot ffff',NULL,0,'2021-04-16 00:13:48',0,3,'2021-04-28 04:52:02',1,'2021-05-03 06:27:04',3,1,3,0,NULL,0),
(17,'K515','Lalit',0.00,0,'2021-04-16 00:16:18',1,3,'2021-04-16 00:17:16',0,NULL,0,0,0,0,NULL,0),
(18,'RANA','Tomar',0.00,0,'2021-04-16 00:18:43',1,3,'2021-04-28 00:21:31',0,NULL,0,0,0,0,NULL,0),
(19,'SACHIN','Rana',0.00,0,'2021-04-16 00:25:48',0,0,NULL,1,'2021-04-16 00:26:15',3,0,0,0,NULL,0),
(20,'RAN','Waas',0.00,0,'2021-04-16 07:30:02',0,0,NULL,1,'2021-04-16 07:30:36',3,0,0,0,NULL,0),
(21,'RAMA','Rama ank',0.00,3,'2021-05-03 06:26:20',1,3,'2021-05-03 06:26:41',0,NULL,0,0,0,0,NULL,0),
(22,'HDFC','Hdfc bank',0.00,0,'2021-05-03 06:28:59',1,3,'2021-05-03 06:31:23',0,NULL,0,0,0,0,NULL,0),
(23,'B1','Bn1',0.00,0,'2021-05-13 03:18:57',0,3,'2021-05-17 01:16:14',0,NULL,0,0,0,0,NULL,0),
(24,'B2','Bn2',0.00,0,'2021-05-13 03:18:57',0,0,NULL,0,NULL,0,0,0,0,NULL,0),
(25,'B3','Bn3',0.00,0,'2021-05-13 03:18:57',0,0,NULL,0,NULL,0,0,0,0,NULL,0),
(26,'B4','Bn4',0.00,0,'2021-05-13 03:18:57',0,0,NULL,0,NULL,0,0,0,0,NULL,0),
(27,'B5','Bn5',0.00,0,'2021-05-13 03:18:57',0,0,NULL,0,NULL,0,0,0,0,NULL,0),
(28,'B6','Bn6',0.00,0,'2021-05-13 03:18:57',0,0,NULL,0,NULL,0,0,0,0,NULL,0),
(29,'B7','Bn7',0.00,0,'2021-05-13 03:18:57',0,0,NULL,0,NULL,0,0,0,0,NULL,0),
(30,'B8','Bn8',0.00,0,'2021-05-13 03:18:57',0,0,NULL,0,NULL,0,0,0,0,NULL,0),
(31,'B9','Bn9',0.00,0,'2021-05-13 03:18:57',0,0,NULL,0,NULL,0,0,0,0,NULL,0),
(32,'B10','Bn10',0.00,0,'2021-05-13 03:18:57',1,3,'2021-05-17 01:16:46',0,NULL,0,0,0,0,NULL,0),
(33,'B11','Bn11',0.00,0,'2021-05-13 03:18:57',0,0,NULL,0,NULL,0,0,0,0,NULL,0),
(34,'B12','Bn12',0.00,0,'2021-05-13 03:18:57',0,0,NULL,0,NULL,0,0,0,0,NULL,0),
(35,'B13','Bn13',0.00,0,'2021-05-13 03:18:57',0,0,NULL,0,NULL,0,0,0,0,NULL,0),
(36,'B14','Bn14',0.00,0,'2021-05-13 03:18:57',0,0,NULL,0,NULL,0,0,0,0,NULL,0),
(37,'B15','Bn15',0.00,0,'2021-05-13 03:18:57',0,0,NULL,0,NULL,0,0,0,0,NULL,0),
(38,'B16','Bn16',0.00,0,'2021-05-13 03:18:57',0,0,NULL,0,NULL,0,0,0,0,NULL,0),
(39,'B17','Bn17',0.00,0,'2021-05-13 03:18:57',0,0,NULL,0,NULL,0,0,0,0,NULL,0),
(40,'B18','Bn18',0.00,0,'2021-05-13 03:18:57',0,0,NULL,0,NULL,0,0,0,0,NULL,0),
(41,'B19','Bn19',0.00,0,'2021-05-13 03:18:57',0,0,NULL,0,NULL,0,0,0,0,NULL,0),
(42,'B20','Bn20',0.00,0,'2021-05-13 03:18:57',0,0,NULL,0,NULL,0,0,0,0,NULL,0),
(43,'B21','Bn21',0.00,0,'2021-05-13 03:18:57',0,0,NULL,0,NULL,0,0,0,0,NULL,0),
(44,'B22','Bn22',0.00,0,'2021-05-13 03:18:57',0,0,NULL,0,NULL,0,0,0,0,NULL,0),
(45,'B23','Bn23',0.00,0,'2021-05-13 03:18:57',0,0,NULL,0,NULL,0,0,0,0,NULL,0),
(46,'B24','Bn24',0.00,0,'2021-05-13 03:18:57',0,0,NULL,0,NULL,0,0,0,0,NULL,0),
(47,'B25','Bn25',0.00,0,'2021-05-13 03:18:57',0,0,NULL,0,NULL,0,0,0,0,NULL,0),
(48,'B26','Bn26',0.00,0,'2021-05-13 03:18:57',0,0,NULL,0,NULL,0,0,0,0,NULL,0),
(49,'B27','Bn27',0.00,0,'2021-05-13 03:18:57',0,0,NULL,0,NULL,0,0,0,0,NULL,0),
(50,'B28','Bn28',0.00,0,'2021-05-13 03:18:57',0,0,NULL,0,NULL,0,0,0,0,NULL,0),
(51,'B29','Bn29',0.00,0,'2021-05-13 03:18:57',0,0,NULL,0,NULL,0,0,0,0,NULL,0),
(52,'B30','Bn30',0.00,0,'2021-05-13 03:18:57',0,0,NULL,0,NULL,0,0,0,0,NULL,0);

/*Table structure for table `m_bank_log` */

DROP TABLE IF EXISTS `m_bank_log`;

CREATE TABLE `m_bank_log` (
  `logId` int(11) NOT NULL AUTO_INCREMENT,
  `bankId` int(11) DEFAULT NULL,
  `bankCode` varchar(10) DEFAULT NULL,
  `bankName` varchar(50) DEFAULT NULL,
  `BankAmount` decimal(18,2) DEFAULT NULL,
  `isApproved` int(11) DEFAULT '0',
  `userId` int(11) DEFAULT NULL,
  `isDeleted` int(11) DEFAULT '0',
  `userAction` varchar(20) DEFAULT NULL,
  `transDate` datetime DEFAULT CURRENT_TIMESTAMP,
  `isActive` tinyint(1) DEFAULT '0',
  `m_bank_logcol` varchar(45) DEFAULT NULL,
  PRIMARY KEY (`logId`)
) ENGINE=InnoDB AUTO_INCREMENT=106 DEFAULT CHARSET=utf8mb4;

/*Data for the table `m_bank_log` */

insert  into `m_bank_log`(`logId`,`bankId`,`bankCode`,`bankName`,`BankAmount`,`isApproved`,`userId`,`isDeleted`,`userAction`,`transDate`,`isActive`,`m_bank_logcol`) values 
(1,1,'SBI','SBI',1000.00,0,10,0,'insert','2020-10-26 18:51:00',0,NULL),
(2,2,'UBI','Uniab bank of india',5000.00,0,3,0,'insert','2020-10-27 09:31:42',0,NULL),
(3,2,'UBI','Uniab bank of india',5000.00,0,3,0,'update','2020-10-27 09:31:42',0,NULL),
(4,2,'UBI','Uniab bank of india',50000.00,0,3,0,'approve','2020-10-27 09:31:42',0,NULL),
(5,1,'SBI','SBI',1000.00,0,10,0,'approve','2020-10-26 18:51:00',0,NULL),
(6,3,'FF','Dfdf',333.00,0,3,0,'insert','2020-12-10 11:24:22',0,NULL),
(7,3,'FF','Dfdf',333.00,0,3,0,'approve','2020-12-10 11:24:22',0,NULL),
(8,3,'FF','Dfdf',333.00,0,3,0,'update','2020-12-10 11:24:22',0,NULL),
(9,3,'FF','Dfdf',333.00,0,3,0,'delete','2020-12-10 11:24:22',0,NULL),
(10,4,'B','Bank1',34.00,0,0,0,'insert','2021-02-11 03:52:21',0,NULL),
(11,5,'BANK','Bank2',100.00,0,0,0,'insert','2021-02-11 04:48:51',0,NULL),
(12,6,'BC','Bank3',111.00,0,0,0,'insert','2021-02-11 04:59:23',0,NULL),
(13,6,'BC','Bank3',111.00,0,0,0,'approve','2021-02-11 04:59:23',0,NULL),
(14,5,'BANK','Bank2',100.00,0,0,0,'update','2021-02-11 04:48:51',0,NULL),
(15,5,'B1','Bank2',100.00,0,0,0,'delete','2021-02-11 04:48:51',0,NULL),
(16,4,'B','Bank1',34.00,0,0,0,'approve','2021-02-11 03:52:21',0,NULL),
(17,4,'B','Bank1',34.00,1,0,0,'approve','2021-02-11 03:52:21',0,NULL),
(18,4,'B','Bank1',34.00,0,0,0,'approve','2021-02-11 03:52:21',0,NULL),
(19,6,'BC','Bank3',111.00,1,0,0,'approve','2021-02-11 04:59:23',0,NULL),
(20,7,'B3','Bank2',100.00,0,3,0,'insert','2021-02-12 07:27:19',0,NULL),
(21,7,'B3','Bank2',100.00,0,3,0,'update','2021-02-12 07:27:19',0,NULL),
(22,7,'B3','Bank2',100.00,0,3,0,'delete','2021-02-12 07:27:19',0,NULL),
(23,6,'BC','Bank3',111.00,0,0,0,'approve','2021-02-11 04:59:23',0,NULL),
(24,6,'BC','Bank3',111.00,0,0,0,'update','2021-02-11 04:59:23',0,NULL),
(25,8,'CVBCBC','Vbvbn',4456.00,0,3,0,'insert','2021-04-02 10:20:36',0,NULL),
(26,8,'CVBCBC','Vbvbn',4456.00,0,3,0,'delete','2021-04-02 10:20:36',0,NULL),
(27,9,'GFGDG','Xgfvcg',4546.00,0,3,0,'insert','2021-04-03 02:30:18',0,NULL),
(28,9,'GFGDG','Xgfvcg',4546.00,0,3,0,'approve','2021-04-03 02:30:18',0,NULL),
(29,9,'GFGDG','Xgfvcg',4546.00,0,3,0,'delete','2021-04-03 02:30:18',0,NULL),
(30,10,'BOB','Bank of barodra',0.00,0,3,0,'insert','2021-04-06 00:51:20',0,NULL),
(31,11,'BBO','Bank 4',0.00,0,3,0,'insert','2021-04-07 03:05:22',0,NULL),
(32,12,'UBI1','Union bank of india',0.00,0,0,0,'insert','2021-04-12 02:55:41',0,NULL),
(33,13,'BANK','Bob',0.00,0,3,0,'insert','2021-04-12 06:28:06',0,NULL),
(34,11,'BBO','Bank 4',0.00,0,3,0,'delete','2021-04-07 03:05:22',0,NULL),
(35,14,'PNB','Punjab national bank',0.00,0,3,0,'insert','2021-04-12 23:09:03',0,NULL),
(36,14,'PNB','Punjab national bank',0.00,0,3,0,'approve','2021-04-12 23:09:03',0,NULL),
(37,13,'BANK','Bob',0.00,0,3,0,'approve','2021-04-12 06:28:06',0,NULL),
(38,10,'BOB','Bank of barodra',0.00,0,3,0,'approve','2021-04-06 00:51:20',0,NULL),
(39,12,'UBI1','Union bank of india',0.00,0,0,0,'approve','2021-04-12 02:55:41',0,NULL),
(40,10,'BOB','Bank of barodra',0.00,0,3,0,'delete','2021-04-06 00:51:20',0,NULL),
(41,4,'B','Bank1',34.00,0,0,0,'delete','2021-02-11 03:52:21',0,NULL),
(42,6,'BC','Bank3',111.00,0,0,0,'delete','2021-02-11 04:59:23',0,NULL),
(43,13,'BANK','Bob',0.00,0,3,0,'update','2021-04-12 06:28:06',0,NULL),
(44,15,'GHD','BHG',0.00,0,0,0,'insert','2021-04-16 00:13:48',0,NULL),
(45,16,'HDFC','Iot',0.00,0,0,0,'insert','2021-04-16 00:13:48',0,NULL),
(46,15,'GHD','BHG',0.00,0,0,0,'approve','2021-04-16 00:13:48',0,NULL),
(47,16,'HDFC','Iot',0.00,0,0,0,'approve','2021-04-16 00:13:48',0,NULL),
(48,17,'K515','Lalit',0.00,0,0,0,'insert','2021-04-16 00:16:18',0,NULL),
(49,17,'K515','Lalit',0.00,0,0,0,'approve','2021-04-16 00:16:18',0,NULL),
(50,18,'RANA','Tomar',0.00,0,0,0,'insert','2021-04-16 00:18:43',0,NULL),
(51,19,'SACHIN','Rana',0.00,0,0,0,'insert','2021-04-16 00:25:48',0,NULL),
(52,19,'SACHIN','Rana',0.00,0,0,0,'delete','2021-04-16 00:25:48',0,NULL),
(53,20,'RAN','Waas',0.00,0,0,0,'insert','2021-04-16 07:30:02',0,NULL),
(54,20,'RAN','Waas',0.00,0,0,0,'delete','2021-04-16 07:30:02',0,NULL),
(55,15,'GHD','BHG',0.00,0,0,0,'update','2021-04-16 00:13:48',0,NULL),
(56,15,'GHD','comercial bank doha',0.00,0,0,0,'update','2021-04-16 00:13:48',0,NULL),
(57,15,'doha_c','comercial bank doha',0.00,0,0,0,'update','2021-04-16 00:13:48',0,NULL),
(58,15,'dubai','Dubai bank',NULL,0,0,0,'update','2021-04-16 00:13:48',0,NULL),
(59,15,'dubai','Dubai bank',NULL,0,0,0,'update','2021-04-16 00:13:48',0,NULL),
(60,15,'sdsf','Sdfdsf',NULL,0,0,0,'delete','2021-04-16 00:13:48',0,NULL),
(61,18,'RANA','Tomar',0.00,0,0,0,'approve','2021-04-16 00:18:43',0,NULL),
(62,16,'HDFC','Iot',0.00,1,0,0,'approve','2021-04-16 00:13:48',0,NULL),
(63,16,'HDFC','Iot',0.00,0,0,0,'approve','2021-04-16 00:13:48',0,NULL),
(64,16,'HDFC','Iot',0.00,1,0,0,'approve','2021-04-16 00:13:48',0,NULL),
(65,21,'RAMA','Rama ank',0.00,0,3,0,'insert','2021-05-03 06:26:20',0,NULL),
(66,21,'RAMA','Rama ank',0.00,0,3,0,'approve','2021-05-03 06:26:20',0,NULL),
(67,16,'HDFC','Iot',0.00,0,0,0,'update','2021-04-16 00:13:48',0,NULL),
(68,16,'HDFC','Iot ffff',NULL,0,0,0,'delete','2021-04-16 00:13:48',0,NULL),
(69,22,'HDFC','Hdfc bank',0.00,0,0,0,'insert','2021-05-03 06:28:59',0,NULL),
(70,22,'HDFC','Hdfc bank',0.00,0,0,0,'approve','2021-05-03 06:28:59',0,NULL),
(71,1,'SBI','SBI',1000.00,1,10,0,'approve','2020-10-26 18:51:00',0,NULL),
(72,1,'SBI','SBI',1000.00,0,10,0,'approve','2020-10-26 18:51:00',0,NULL),
(73,23,'B1','Bn1',0.00,0,0,0,'insert','2021-05-13 03:18:57',0,NULL),
(74,24,'B2','Bn2',0.00,0,0,0,'insert','2021-05-13 03:18:57',0,NULL),
(75,25,'B3','Bn3',0.00,0,0,0,'insert','2021-05-13 03:18:57',0,NULL),
(76,26,'B4','Bn4',0.00,0,0,0,'insert','2021-05-13 03:18:57',0,NULL),
(77,27,'B5','Bn5',0.00,0,0,0,'insert','2021-05-13 03:18:57',0,NULL),
(78,28,'B6','Bn6',0.00,0,0,0,'insert','2021-05-13 03:18:57',0,NULL),
(79,29,'B7','Bn7',0.00,0,0,0,'insert','2021-05-13 03:18:57',0,NULL),
(80,30,'B8','Bn8',0.00,0,0,0,'insert','2021-05-13 03:18:57',0,NULL),
(81,31,'B9','Bn9',0.00,0,0,0,'insert','2021-05-13 03:18:57',0,NULL),
(82,32,'B10','Bn10',0.00,0,0,0,'insert','2021-05-13 03:18:57',0,NULL),
(83,33,'B11','Bn11',0.00,0,0,0,'insert','2021-05-13 03:18:57',0,NULL),
(84,34,'B12','Bn12',0.00,0,0,0,'insert','2021-05-13 03:18:57',0,NULL),
(85,35,'B13','Bn13',0.00,0,0,0,'insert','2021-05-13 03:18:57',0,NULL),
(86,36,'B14','Bn14',0.00,0,0,0,'insert','2021-05-13 03:18:57',0,NULL),
(87,37,'B15','Bn15',0.00,0,0,0,'insert','2021-05-13 03:18:57',0,NULL),
(88,38,'B16','Bn16',0.00,0,0,0,'insert','2021-05-13 03:18:57',0,NULL),
(89,39,'B17','Bn17',0.00,0,0,0,'insert','2021-05-13 03:18:57',0,NULL),
(90,40,'B18','Bn18',0.00,0,0,0,'insert','2021-05-13 03:18:57',0,NULL),
(91,41,'B19','Bn19',0.00,0,0,0,'insert','2021-05-13 03:18:57',0,NULL),
(92,42,'B20','Bn20',0.00,0,0,0,'insert','2021-05-13 03:18:57',0,NULL),
(93,43,'B21','Bn21',0.00,0,0,0,'insert','2021-05-13 03:18:57',0,NULL),
(94,44,'B22','Bn22',0.00,0,0,0,'insert','2021-05-13 03:18:57',0,NULL),
(95,45,'B23','Bn23',0.00,0,0,0,'insert','2021-05-13 03:18:57',0,NULL),
(96,46,'B24','Bn24',0.00,0,0,0,'insert','2021-05-13 03:18:57',0,NULL),
(97,47,'B25','Bn25',0.00,0,0,0,'insert','2021-05-13 03:18:57',0,NULL),
(98,48,'B26','Bn26',0.00,0,0,0,'insert','2021-05-13 03:18:57',0,NULL),
(99,49,'B27','Bn27',0.00,0,0,0,'insert','2021-05-13 03:18:57',0,NULL),
(100,50,'B28','Bn28',0.00,0,0,0,'insert','2021-05-13 03:18:57',0,NULL),
(101,51,'B29','Bn29',0.00,0,0,0,'insert','2021-05-13 03:18:57',0,NULL),
(102,52,'B30','Bn30',0.00,0,0,0,'insert','2021-05-13 03:18:57',0,NULL),
(103,23,'B1','Bn1',0.00,0,0,0,'approve','2021-05-13 03:18:57',0,NULL),
(104,23,'B1','Bn1',0.00,1,0,0,'approve','2021-05-13 03:18:57',0,NULL),
(105,32,'B10','Bn10',0.00,0,0,0,'approve','2021-05-13 03:18:57',0,NULL);

/*Table structure for table `m_cellno` */

DROP TABLE IF EXISTS `m_cellno`;

CREATE TABLE `m_cellno` (
  `cellId` int(11) NOT NULL AUTO_INCREMENT,
  `cellNo` varchar(50) DEFAULT NULL,
  `userId` int(11) DEFAULT NULL,
  `transDate` datetime DEFAULT CURRENT_TIMESTAMP,
  `isApproved` int(11) DEFAULT '0',
  `approvedUserId` int(11) DEFAULT '0',
  `approvedDateTime` datetime DEFAULT NULL,
  `isDeleted` int(11) DEFAULT '0',
  `deleteDateTime` datetime DEFAULT NULL,
  `deleteUserId` int(11) DEFAULT '0',
  `updateCount` int(11) DEFAULT '0',
  `lastUpdateUserId` int(11) DEFAULT '0',
  `isActive` tinyint(1) DEFAULT '0',
  `activateDateTime` datetime DEFAULT NULL,
  `activateUserId` int(11) DEFAULT '0',
  PRIMARY KEY (`cellId`)
) ENGINE=InnoDB AUTO_INCREMENT=11 DEFAULT CHARSET=utf8mb4;

/*Data for the table `m_cellno` */

insert  into `m_cellno`(`cellId`,`cellNo`,`userId`,`transDate`,`isApproved`,`approvedUserId`,`approvedDateTime`,`isDeleted`,`deleteDateTime`,`deleteUserId`,`updateCount`,`lastUpdateUserId`,`isActive`,`activateDateTime`,`activateUserId`) values 
(1,'undefined',0,'2021-04-28 00:10:37',0,0,NULL,1,'2021-04-28 00:11:10',3,0,0,0,NULL,0),
(2,'',0,'2021-04-28 00:10:38',0,0,NULL,1,'2021-04-28 00:10:58',3,0,0,0,NULL,0),
(3,'1',0,'2021-04-28 00:10:40',0,3,'2021-05-17 02:39:19',0,NULL,0,0,0,0,NULL,0),
(4,'2',0,'2021-04-28 00:10:43',0,3,'2021-05-17 02:39:23',0,NULL,0,0,0,0,NULL,0),
(5,'5',0,'2021-04-28 00:10:46',0,0,NULL,0,NULL,0,1,3,0,NULL,0),
(6,'4',3,'2021-04-28 00:11:19',0,0,NULL,0,NULL,0,0,0,0,NULL,0),
(7,'3',3,'2021-04-28 00:43:40',1,3,'2021-05-17 00:24:18',0,NULL,0,0,0,0,NULL,0),
(8,'undefined',0,'2021-05-16 23:50:00',0,0,NULL,1,'2021-05-17 00:06:26',3,0,0,0,NULL,0),
(9,'',0,'2021-05-16 23:50:00',0,0,NULL,1,'2021-05-17 00:05:45',3,0,0,0,NULL,0),
(10,'9711111111',3,'2021-05-17 00:04:59',1,3,'2021-05-17 00:05:12',0,NULL,0,1,3,0,NULL,0);

/*Table structure for table `m_cellno_log` */

DROP TABLE IF EXISTS `m_cellno_log`;

CREATE TABLE `m_cellno_log` (
  `logId` int(11) NOT NULL AUTO_INCREMENT,
  `cellId` int(11) DEFAULT NULL,
  `cellNo` varchar(50) DEFAULT NULL,
  `isApproved` int(11) DEFAULT '0',
  `userId` int(11) DEFAULT NULL,
  `isDeleted` int(11) DEFAULT '0',
  `userAction` varchar(20) DEFAULT NULL,
  `transDate` datetime DEFAULT CURRENT_TIMESTAMP,
  `isActive` tinyint(1) DEFAULT '0',
  PRIMARY KEY (`logId`)
) ENGINE=InnoDB AUTO_INCREMENT=25 DEFAULT CHARSET=utf8mb4;

/*Data for the table `m_cellno_log` */

insert  into `m_cellno_log`(`logId`,`cellId`,`cellNo`,`isApproved`,`userId`,`isDeleted`,`userAction`,`transDate`,`isActive`) values 
(1,1,'undefined',0,0,0,'insert','2021-04-28 00:10:37',0),
(2,2,'',0,0,0,'insert','2021-04-28 00:10:38',0),
(3,3,'1',0,0,0,'insert','2021-04-28 00:10:41',0),
(4,4,'2',0,0,0,'insert','2021-04-28 00:10:43',0),
(5,5,'3',0,0,0,'insert','2021-04-28 00:10:46',0),
(6,2,'',0,0,0,'delete','2021-04-28 00:10:38',0),
(7,1,'undefined',0,0,0,'delete','2021-04-28 00:10:37',0),
(8,6,'4',0,3,0,'insert','2021-04-28 00:11:19',0),
(9,5,'3',0,0,0,'update','2021-04-28 00:10:46',0),
(10,7,'3',0,3,0,'insert','2021-04-28 00:43:40',0),
(11,3,'1',0,0,0,'approve','2021-04-28 00:10:40',0),
(12,8,'undefined',0,0,0,'insert','2021-05-16 23:50:00',0),
(13,9,'',0,0,0,'insert','2021-05-16 23:50:00',0),
(14,10,'9756565656',0,3,0,'insert','2021-05-17 00:04:59',0),
(15,10,'9756565656',0,3,0,'approve','2021-05-17 00:04:59',0),
(16,10,'9756565656',0,3,0,'update','2021-05-17 00:04:59',0),
(17,9,'',0,0,0,'delete','2021-05-16 23:50:00',0),
(18,8,'undefined',0,0,0,'delete','2021-05-16 23:50:00',0),
(19,4,'2',0,0,0,'approve','2021-04-28 00:10:43',0),
(20,4,'2',1,0,0,'approve','2021-04-28 00:10:43',0),
(21,4,'2',0,0,0,'approve','2021-04-28 00:10:43',0),
(22,7,'3',0,3,0,'approve','2021-04-28 00:43:40',0),
(23,3,'1',1,0,0,'approve','2021-04-28 00:10:40',0),
(24,4,'2',1,0,0,'approve','2021-04-28 00:10:43',0);

/*Table structure for table `m_city` */

DROP TABLE IF EXISTS `m_city`;

CREATE TABLE `m_city` (
  `cityId` int(11) NOT NULL AUTO_INCREMENT,
  `countryId` int(11) DEFAULT NULL,
  `stateId` int(11) DEFAULT NULL,
  `cityName` varchar(100) DEFAULT NULL,
  `userId` int(11) DEFAULT NULL,
  `transDate` datetime DEFAULT CURRENT_TIMESTAMP,
  `isApproved` int(11) DEFAULT '0',
  `approvedUserId` int(11) DEFAULT '0',
  `approvedDateTime` datetime DEFAULT NULL,
  `isDeleted` int(11) DEFAULT '0',
  `deleteDateTime` datetime DEFAULT NULL,
  `deleteUserId` int(11) DEFAULT '0',
  `updateCount` int(11) DEFAULT '0',
  `lastUpdateUserId` int(11) DEFAULT '0',
  `isActive` tinyint(1) DEFAULT '0',
  `activateDateTime` datetime DEFAULT NULL,
  `activateUserId` int(11) DEFAULT '0',
  PRIMARY KEY (`cityId`)
) ENGINE=InnoDB AUTO_INCREMENT=115 DEFAULT CHARSET=utf8mb4;

/*Data for the table `m_city` */

insert  into `m_city`(`cityId`,`countryId`,`stateId`,`cityName`,`userId`,`transDate`,`isApproved`,`approvedUserId`,`approvedDateTime`,`isDeleted`,`deleteDateTime`,`deleteUserId`,`updateCount`,`lastUpdateUserId`,`isActive`,`activateDateTime`,`activateUserId`) values 
(1,151,1,'Johor Bahru',3,'2021-02-13 01:30:49',1,3,'2021-02-13 01:31:20',0,NULL,0,2,3,0,NULL,0),
(2,101,17,'pppgpgppgpgp',3,'2021-02-13 01:31:52',1,3,'2021-04-02 08:56:46',1,'2021-04-22 13:55:00',3,3,3,0,NULL,0),
(3,101,17,'Xxxx',3,'2021-04-02 10:10:57',0,0,NULL,1,'2021-04-02 10:11:11',3,0,0,0,NULL,0),
(4,101,17,'Sdsf',3,'2021-04-03 02:40:01',1,3,'2021-04-03 02:40:07',1,'2021-04-03 02:40:13',3,0,0,0,NULL,0),
(5,101,17,'Kanpur',3,'2021-04-05 05:13:30',1,3,'2021-04-06 07:16:58',1,'2021-04-23 01:50:48',3,1,3,0,NULL,0),
(6,245,24,'Ccccc',3,'2021-04-05 05:53:20',1,3,'2021-04-06 07:16:49',1,'2021-04-12 01:37:33',3,0,0,0,NULL,0),
(7,151,9,'BAYAN LEPAS',3,'2021-04-05 19:45:11',1,3,'2021-04-05 19:45:21',1,'2021-05-09 07:47:29',3,2,3,0,NULL,0),
(8,243,25,'AGRA',3,'2021-04-07 01:43:55',0,0,NULL,1,'2021-05-24 00:18:05',3,4,3,0,NULL,0),
(9,0,0,'Xcxv',3,'2021-04-08 08:09:26',0,0,NULL,0,NULL,0,0,0,0,NULL,0),
(10,274,29,'Kapbhhjh',3,'2021-04-12 01:36:02',1,3,'2021-04-12 01:36:51',1,'2021-04-20 08:31:57',3,1,3,0,NULL,0),
(11,101,72,'Lucknow12',3,'2021-04-12 02:07:08',1,3,'2021-05-01 07:06:08',1,'2021-05-01 07:06:19',3,7,3,0,NULL,0),
(12,274,30,'Ttt',3,'2021-04-12 02:28:41',0,0,NULL,1,'2021-04-22 06:55:14',3,0,0,0,NULL,0),
(13,101,57,'12347',3,'2021-04-12 02:35:29',0,0,NULL,0,NULL,0,2,3,0,NULL,0),
(14,101,58,'KP',0,'2021-04-12 06:55:58',0,0,NULL,0,NULL,0,1,3,0,NULL,0),
(15,0,0,'',0,'2021-04-12 09:30:37',0,0,NULL,0,NULL,0,0,0,0,NULL,0),
(16,288,45,'PAPA',0,'2021-04-15 05:03:20',0,0,NULL,1,'2021-04-15 05:04:20',3,0,0,0,NULL,0),
(17,288,45,'PAPA',0,'2021-04-15 05:04:30',0,0,NULL,1,'2021-04-15 05:05:38',3,0,0,0,NULL,0),
(18,289,46,'GITA',0,'2021-04-15 05:07:16',0,0,NULL,1,'2021-04-15 05:09:01',3,0,0,0,NULL,0),
(19,289,46,'GITA',0,'2021-04-15 05:09:34',0,0,NULL,1,'2021-04-15 05:15:30',3,0,0,0,NULL,0),
(20,289,46,'GITA',0,'2021-04-15 05:15:47',0,0,NULL,1,'2021-04-15 06:20:14',3,0,0,0,NULL,0),
(21,288,45,'PAPA',0,'2021-04-15 06:20:34',0,0,NULL,1,'2021-04-15 07:55:50',3,0,0,0,NULL,0),
(22,0,0,'MANISH',0,'2021-04-15 06:24:47',0,0,NULL,0,NULL,0,0,0,0,NULL,0),
(23,289,46,'GITA',0,'2021-04-15 07:56:16',0,0,NULL,1,'2021-04-15 07:56:35',3,0,0,0,NULL,0),
(24,288,45,'ooooo',0,'2021-04-15 07:56:59',0,0,NULL,0,NULL,0,5,3,0,NULL,0),
(25,304,49,NULL,3,'2021-04-16 02:26:14',0,0,NULL,0,NULL,0,8,0,0,NULL,0),
(26,308,51,'WUULL',0,'2021-04-16 02:54:14',0,0,NULL,1,'2021-04-16 02:54:41',3,0,0,0,NULL,0),
(27,180,52,'Al thumam majid',3,'2021-04-16 03:06:58',1,3,'2021-05-24 00:17:41',1,'2021-05-24 00:17:52',3,1,3,0,NULL,0),
(28,289,46,'GITA',0,'2021-04-16 05:08:57',0,0,NULL,1,'2021-04-16 05:09:19',3,0,0,0,NULL,0),
(29,309,53,'IN',0,'2021-04-16 05:11:58',0,0,NULL,0,NULL,0,0,0,0,NULL,0),
(30,320,55,NULL,0,'2021-04-17 02:31:10',0,0,NULL,0,NULL,0,5,0,0,NULL,0),
(31,289,50,'Sumit supper',3,'2021-04-23 01:23:59',0,0,NULL,0,NULL,0,2,3,0,NULL,0),
(32,101,57,NULL,3,'2021-04-23 11:54:46',0,0,NULL,0,NULL,0,8,0,0,NULL,0),
(33,101,57,'Panki6',3,'2021-04-23 11:59:43',0,0,NULL,0,NULL,0,3,3,0,NULL,0),
(34,101,57,'Kanpur67',3,'2021-04-24 05:48:54',0,0,NULL,0,NULL,0,1,3,0,NULL,0),
(35,304,49,'Kanpur12',3,'2021-04-24 05:50:27',0,0,NULL,1,'2021-05-09 07:48:08',3,0,0,0,NULL,0),
(36,101,57,'Kp23',3,'2021-04-24 05:54:10',0,0,NULL,0,NULL,0,0,0,0,NULL,0),
(37,336,69,'C',0,'2021-04-29 06:23:51',0,0,NULL,1,'2021-04-29 06:24:48',3,0,0,0,NULL,0),
(38,336,69,'C',0,'2021-04-29 06:31:31',0,0,NULL,0,NULL,0,0,0,0,NULL,0),
(39,0,0,'AMERICAN CITY',0,'2021-04-29 06:45:06',0,0,NULL,0,NULL,0,0,0,0,NULL,0),
(40,344,73,'SAHARANPUR11',0,'2021-05-01 07:08:22',0,0,NULL,0,NULL,0,0,0,0,NULL,0),
(41,345,74,'SAHHA',3,'2021-05-01 07:12:19',0,0,NULL,0,NULL,0,0,0,0,NULL,0),
(42,0,0,'SA',0,'2021-05-01 07:15:26',0,0,NULL,0,NULL,0,0,0,0,NULL,0),
(43,347,75,'Sunderpur',3,'2021-05-01 08:13:50',0,0,NULL,0,NULL,0,0,0,0,NULL,0),
(44,634,333,'CITY1',0,'2021-05-12 04:59:34',0,0,NULL,1,'2021-05-12 05:00:17',3,0,0,0,NULL,0),
(45,635,334,'CITY2',0,'2021-05-12 04:59:34',1,3,'2021-05-15 06:24:12',0,NULL,0,0,0,0,NULL,0),
(46,636,335,'CITY3',0,'2021-05-12 04:59:34',0,0,NULL,0,NULL,0,0,0,0,NULL,0),
(47,637,336,'CITY4',0,'2021-05-12 04:59:34',0,0,NULL,0,NULL,0,0,0,0,NULL,0),
(48,638,337,'CITY5',0,'2021-05-12 04:59:34',0,0,NULL,0,NULL,0,0,0,0,NULL,0),
(49,639,338,'CITY6',0,'2021-05-12 04:59:34',0,0,NULL,0,NULL,0,0,0,0,NULL,0),
(50,640,339,'CITY7',0,'2021-05-12 04:59:34',0,0,NULL,0,NULL,0,0,0,0,NULL,0),
(51,641,340,'CITY8',0,'2021-05-12 04:59:34',0,0,NULL,0,NULL,0,0,0,0,NULL,0),
(52,642,341,'CITY9',0,'2021-05-12 04:59:34',0,0,NULL,0,NULL,0,0,0,0,NULL,0),
(53,643,342,'CITY10',0,'2021-05-12 04:59:34',1,3,'2021-05-24 00:14:07',1,'2021-05-24 00:14:18',3,0,0,0,NULL,0),
(54,644,343,'CITY1111',0,'2021-05-12 04:59:34',0,3,'2021-05-24 00:16:39',0,NULL,0,1,3,0,NULL,0),
(55,645,344,'CITY12',0,'2021-05-12 04:59:34',0,3,'2021-05-24 00:17:34',0,NULL,0,0,0,0,NULL,0),
(56,646,345,'CITY13',0,'2021-05-12 04:59:34',0,3,'2021-05-24 00:16:44',0,NULL,0,0,0,0,NULL,0),
(57,647,346,'CITY14',0,'2021-05-12 04:59:34',1,3,'2021-05-15 05:47:14',0,NULL,0,0,0,0,NULL,0),
(58,648,347,'CITY15',0,'2021-05-12 04:59:34',1,3,'2021-05-24 00:16:57',0,NULL,0,0,0,0,NULL,0),
(59,649,348,'CITY16',0,'2021-05-12 04:59:34',1,3,'2021-05-15 06:12:47',0,NULL,0,0,0,0,NULL,0),
(60,650,349,'CITY17',0,'2021-05-12 04:59:34',1,3,'2021-05-15 06:15:45',0,NULL,0,0,0,0,NULL,0),
(61,651,350,'CITY18',0,'2021-05-12 04:59:34',1,3,'2021-05-15 06:17:53',0,NULL,0,0,0,0,NULL,0),
(62,652,351,'CITY19',0,'2021-05-12 04:59:34',0,3,'2021-05-17 00:59:50',0,NULL,0,0,0,0,NULL,0),
(63,653,352,'CITY20',0,'2021-05-12 04:59:34',0,0,NULL,0,NULL,0,0,0,0,NULL,0),
(64,654,353,'CITY21',0,'2021-05-12 04:59:34',0,0,NULL,0,NULL,0,0,0,0,NULL,0),
(65,655,354,'CITY22',0,'2021-05-12 04:59:34',0,0,NULL,0,NULL,0,0,0,0,NULL,0),
(66,656,355,'CITY23',0,'2021-05-12 04:59:34',0,0,NULL,0,NULL,0,0,0,0,NULL,0),
(67,657,356,'CITY24',0,'2021-05-12 04:59:34',0,0,NULL,0,NULL,0,0,0,0,NULL,0),
(68,658,357,'CITY25',0,'2021-05-12 04:59:34',0,0,NULL,0,NULL,0,0,0,0,NULL,0),
(69,659,358,'CITY26',0,'2021-05-12 04:59:34',0,0,NULL,0,NULL,0,0,0,0,NULL,0),
(70,660,359,'CITY27',0,'2021-05-12 04:59:34',0,0,NULL,0,NULL,0,0,0,0,NULL,0),
(71,661,360,'CITY28',0,'2021-05-12 04:59:35',0,0,NULL,0,NULL,0,0,0,0,NULL,0),
(72,662,361,'CITY29',0,'2021-05-12 04:59:35',0,0,NULL,0,NULL,0,0,0,0,NULL,0),
(73,663,362,'CITY30',0,'2021-05-12 04:59:35',0,0,NULL,0,NULL,0,0,0,0,NULL,0),
(74,0,0,'CITYNAME1',0,'2021-05-12 05:03:38',0,0,NULL,0,NULL,0,0,0,0,NULL,0),
(75,0,0,'CITYNAME2',0,'2021-05-12 05:03:38',0,0,NULL,0,NULL,0,0,0,0,NULL,0),
(76,0,0,'CITYNAME3',0,'2021-05-12 05:03:38',0,0,NULL,0,NULL,0,0,0,0,NULL,0),
(77,0,0,'CITYNAME4',0,'2021-05-12 05:03:39',0,0,NULL,0,NULL,0,0,0,0,NULL,0),
(78,0,0,'CITYNAME5',0,'2021-05-12 05:03:39',0,0,NULL,0,NULL,0,0,0,0,NULL,0),
(79,0,0,'CITYNAME6',0,'2021-05-12 05:03:39',0,0,NULL,0,NULL,0,0,0,0,NULL,0),
(80,0,0,'CITYNAME7',0,'2021-05-12 05:03:39',0,0,NULL,0,NULL,0,0,0,0,NULL,0),
(81,0,0,'CITYNAME8',0,'2021-05-12 05:03:39',0,0,NULL,0,NULL,0,0,0,0,NULL,0),
(82,0,0,'CITYNAME9',0,'2021-05-12 05:03:39',0,0,NULL,0,NULL,0,0,0,0,NULL,0),
(83,0,0,'CITYNAME10',0,'2021-05-12 05:03:39',0,0,NULL,0,NULL,0,0,0,0,NULL,0),
(84,0,0,'CITYNAME11',0,'2021-05-12 05:03:39',0,0,NULL,0,NULL,0,0,0,0,NULL,0),
(85,0,0,'CITYNAME12',0,'2021-05-12 05:03:39',0,0,NULL,0,NULL,0,0,0,0,NULL,0),
(86,0,0,'CITYNAME13',0,'2021-05-12 05:03:39',0,0,NULL,0,NULL,0,0,0,0,NULL,0),
(87,0,0,'CITYNAME14',0,'2021-05-12 05:03:39',0,0,NULL,0,NULL,0,0,0,0,NULL,0),
(88,0,0,'CITYNAME15',0,'2021-05-12 05:03:39',0,0,NULL,0,NULL,0,0,0,0,NULL,0),
(89,0,0,'CITYNAME16',0,'2021-05-12 05:03:39',0,0,NULL,0,NULL,0,0,0,0,NULL,0),
(90,0,0,'CITYNAME17',0,'2021-05-12 05:03:39',0,0,NULL,0,NULL,0,0,0,0,NULL,0),
(91,0,0,'CITYNAME18',0,'2021-05-12 05:03:39',0,0,NULL,0,NULL,0,0,0,0,NULL,0),
(92,0,0,'CITYNAME19',0,'2021-05-12 05:03:39',0,0,NULL,0,NULL,0,0,0,0,NULL,0),
(93,0,0,'CITYNAME20',0,'2021-05-12 05:03:39',0,0,NULL,0,NULL,0,0,0,0,NULL,0),
(94,0,0,'CITYNAME21',0,'2021-05-12 05:03:39',0,0,NULL,0,NULL,0,0,0,0,NULL,0),
(95,0,0,'CITYNAME22',0,'2021-05-12 05:03:39',0,0,NULL,0,NULL,0,0,0,0,NULL,0),
(96,0,0,'CITYNAME23',0,'2021-05-12 05:03:39',0,0,NULL,0,NULL,0,0,0,0,NULL,0),
(97,0,0,'CITYNAME24',0,'2021-05-12 05:03:39',0,0,NULL,0,NULL,0,0,0,0,NULL,0),
(98,0,0,'CITYNAME25',0,'2021-05-12 05:03:39',0,0,NULL,0,NULL,0,0,0,0,NULL,0),
(99,0,0,'CITYNAME26',0,'2021-05-12 05:03:39',0,0,NULL,0,NULL,0,0,0,0,NULL,0),
(100,0,0,'CITYNAME27',0,'2021-05-12 05:03:39',0,0,NULL,0,NULL,0,0,0,0,NULL,0),
(101,0,0,'CITYNAME28',0,'2021-05-12 05:03:39',0,0,NULL,0,NULL,0,0,0,0,NULL,0),
(102,0,0,'CITYNAME29',0,'2021-05-12 05:03:39',0,0,NULL,0,NULL,0,0,0,0,NULL,0),
(103,0,0,'CITYNAME30',0,'2021-05-12 05:03:39',0,0,NULL,0,NULL,0,0,0,0,NULL,0),
(104,0,0,'CITYNAME31',0,'2021-05-12 05:03:39',0,0,NULL,0,NULL,0,0,0,0,NULL,0),
(105,0,0,'CITYNAME32',0,'2021-05-12 05:03:39',0,0,NULL,0,NULL,0,0,0,0,NULL,0),
(106,0,0,'CITYNAME33',0,'2021-05-12 05:03:39',0,0,NULL,0,NULL,0,0,0,0,NULL,0),
(107,0,0,'CITYNAME34',0,'2021-05-12 05:03:39',0,0,NULL,0,NULL,0,0,0,0,NULL,0),
(108,0,0,'CITYNAME35',0,'2021-05-12 05:03:39',0,0,NULL,0,NULL,0,0,0,0,NULL,0),
(109,0,0,'CITYNAME36',0,'2021-05-12 05:03:39',0,0,NULL,0,NULL,0,0,0,0,NULL,0),
(110,0,0,'CITYNAME37',0,'2021-05-12 05:03:39',0,0,NULL,0,NULL,0,0,0,0,NULL,0),
(111,0,0,'CITYNAME38',0,'2021-05-12 05:03:39',0,0,NULL,0,NULL,0,0,0,0,NULL,0),
(112,0,0,'CITYNAME39',0,'2021-05-12 05:03:39',0,0,NULL,0,NULL,0,0,0,0,NULL,0),
(113,0,0,'CITYNAME40',0,'2021-05-12 05:03:39',0,0,NULL,0,NULL,0,0,0,0,NULL,0),
(114,708,404,'Kl232',3,'2021-05-24 00:13:04',1,3,'2021-05-24 00:13:56',0,NULL,0,0,0,0,NULL,0);

/*Table structure for table `m_city_log` */

DROP TABLE IF EXISTS `m_city_log`;

CREATE TABLE `m_city_log` (
  `logId` int(11) NOT NULL AUTO_INCREMENT,
  `cityId` int(11) DEFAULT NULL,
  `countryId` int(11) DEFAULT NULL,
  `stateId` int(11) DEFAULT NULL,
  `cityName` varchar(100) DEFAULT NULL,
  `isApproved` int(11) DEFAULT '0',
  `userId` int(11) DEFAULT NULL,
  `isDeleted` int(11) DEFAULT '0',
  `userAction` varchar(20) DEFAULT NULL,
  `transDate` datetime DEFAULT CURRENT_TIMESTAMP,
  `isActive` tinyint(1) DEFAULT '0',
  PRIMARY KEY (`logId`)
) ENGINE=InnoDB AUTO_INCREMENT=232 DEFAULT CHARSET=utf8mb4;

/*Data for the table `m_city_log` */

insert  into `m_city_log`(`logId`,`cityId`,`countryId`,`stateId`,`cityName`,`isApproved`,`userId`,`isDeleted`,`userAction`,`transDate`,`isActive`) values 
(1,1,151,1,'Johor',0,3,0,'insert','2021-02-13 01:30:49',0),
(2,1,151,1,'Johor',0,3,0,'update','2021-02-13 01:30:49',0),
(3,1,151,1,'Johor Bahru',0,3,0,'approve','2021-02-13 01:30:49',0),
(4,2,101,17,'Lucknow',0,3,0,'insert','2021-02-13 01:31:52',0),
(5,2,101,17,'Lucknow',0,3,0,'delete','2021-02-13 01:31:52',0),
(6,2,101,17,'Lucknow',0,3,0,'approve','2021-02-13 01:31:52',0),
(7,2,101,17,'Lucknow',0,3,0,'update','2021-02-13 01:31:52',0),
(8,3,101,17,'Xxxx',0,3,0,'insert','2021-04-02 10:10:57',0),
(9,3,101,17,'Xxxx',0,3,0,'delete','2021-04-02 10:10:57',0),
(10,4,101,17,'Sdsf',0,3,0,'insert','2021-04-03 02:40:01',0),
(11,4,101,17,'Sdsf',0,3,0,'approve','2021-04-03 02:40:01',0),
(12,4,101,17,'Sdsf',0,3,0,'delete','2021-04-03 02:40:01',0),
(13,5,101,17,'Kanpur',0,3,0,'insert','2021-04-05 05:13:30',0),
(14,6,245,24,'Ccccc',0,3,0,'insert','2021-04-05 05:53:20',0),
(15,7,151,9,'BAYAN LEPAS',0,3,0,'insert','2021-04-05 19:45:11',0),
(16,7,151,9,'BAYAN LEPAS',0,3,0,'approve','2021-04-05 19:45:11',0),
(17,6,245,24,'Ccccc',0,3,0,'approve','2021-04-05 05:53:20',0),
(18,5,101,17,'Kanpur',0,3,0,'approve','2021-04-05 05:13:30',0),
(19,8,243,25,'AGRA',0,3,0,'insert','2021-04-07 01:43:55',0),
(20,9,0,0,'Xcxv',0,3,0,'insert','2021-04-08 08:09:26',0),
(21,10,274,29,'Kap',0,3,0,'insert','2021-04-12 01:36:02',0),
(22,10,274,29,'Kap',0,3,0,'approve','2021-04-12 01:36:02',0),
(23,6,245,24,'Ccccc',0,3,0,'delete','2021-04-05 05:53:20',0),
(24,11,101,23,'Mohali',0,3,0,'insert','2021-04-12 02:07:08',0),
(25,12,274,30,'Ttt',0,3,0,'insert','2021-04-12 02:28:41',0),
(26,13,277,32,'1234',0,3,0,'insert','2021-04-12 02:35:29',0),
(27,14,101,25,'KP',0,0,0,'insert','2021-04-12 06:55:58',0),
(28,15,0,0,'',0,0,0,'insert','2021-04-12 09:30:37',0),
(29,16,288,45,'PAPA',0,0,0,'insert','2021-04-15 05:03:20',0),
(30,16,288,45,'PAPA',0,0,0,'delete','2021-04-15 05:03:20',0),
(31,17,288,45,'PAPA',0,0,0,'insert','2021-04-15 05:04:30',0),
(32,17,288,45,'PAPA',0,0,0,'delete','2021-04-15 05:04:30',0),
(33,18,289,46,'GITA',0,0,0,'insert','2021-04-15 05:07:16',0),
(34,18,289,46,'GITA',0,0,0,'delete','2021-04-15 05:07:16',0),
(35,19,289,46,'GITA',0,0,0,'insert','2021-04-15 05:09:34',0),
(36,19,289,46,'GITA',0,0,0,'delete','2021-04-15 05:09:34',0),
(37,20,289,46,'GITA',0,0,0,'insert','2021-04-15 05:15:47',0),
(38,20,289,46,'GITA',0,0,0,'delete','2021-04-15 05:15:47',0),
(39,21,288,45,'PAPA',0,0,0,'insert','2021-04-15 06:20:34',0),
(40,22,0,0,'MANISH',0,0,0,'insert','2021-04-15 06:24:47',0),
(41,21,288,45,'PAPA',0,0,0,'delete','2021-04-15 06:20:34',0),
(42,23,289,46,'GITA',0,0,0,'insert','2021-04-15 07:56:16',0),
(43,23,289,46,'GITA',0,0,0,'delete','2021-04-15 07:56:16',0),
(44,24,288,45,'PAPA',0,0,0,'insert','2021-04-15 07:56:59',0),
(45,25,304,49,'NEW WULGARIYA',0,3,0,'insert','2021-04-16 02:26:14',0),
(46,26,308,51,'WUULL',0,0,0,'insert','2021-04-16 02:54:14',0),
(47,26,308,51,'WUULL',0,0,0,'delete','2021-04-16 02:54:14',0),
(48,27,180,52,'Al thumam majid',0,3,0,'insert','2021-04-16 03:06:58',0),
(49,28,289,46,'GITA',0,0,0,'insert','2021-04-16 05:08:57',0),
(50,28,289,46,'GITA',0,0,0,'delete','2021-04-16 05:08:57',0),
(51,29,309,53,'IN',0,0,0,'insert','2021-04-16 05:11:58',0),
(52,30,0,0,'BEAUTI',0,0,0,'insert','2021-04-17 02:31:10',0),
(53,10,274,29,'Kap',0,3,0,'update','2021-04-12 01:36:02',0),
(54,10,274,29,'Kapbhhjh',0,3,0,'delete','2021-04-12 01:36:02',0),
(55,12,274,30,'Ttt',0,3,0,'delete','2021-04-12 02:28:41',0),
(56,24,288,45,'PAPA',0,0,0,'update','2021-04-15 07:56:59',0),
(57,24,288,45,'PAPA',0,0,0,'update','2021-04-15 07:56:59',0),
(58,24,288,45,'ooooo',0,0,0,'update','2021-04-15 07:56:59',0),
(59,8,243,25,'AGRA',0,3,0,'update','2021-04-07 01:43:55',0),
(60,8,243,25,'AGRA',0,3,0,'update','2021-04-07 01:43:55',0),
(61,8,243,25,'AGRA',0,3,0,'update','2021-04-07 01:43:55',0),
(62,8,243,25,'AGRA',0,3,0,'update','2021-04-07 01:43:55',0),
(63,2,101,17,'Lucknow',0,3,0,'update','2021-02-13 01:31:52',0),
(64,2,101,17,'pppgpgppgpgp',0,3,0,'update','2021-02-13 01:31:52',0),
(65,2,101,17,'pppgpgppgpgp',0,3,0,'delete','2021-02-13 01:31:52',0),
(66,11,101,23,'Mohali',0,3,0,'update','2021-04-12 02:07:08',0),
(67,7,151,9,'BAYAN LEPAS',0,3,0,'update','2021-04-05 19:45:11',0),
(68,1,151,1,'Johor Bahru',0,3,0,'update','2021-02-13 01:30:49',0),
(69,7,151,9,'BAYAN LEPAS',0,3,0,'update','2021-04-05 19:45:11',0),
(70,24,288,45,'ooooo',0,0,0,'update','2021-04-15 07:56:59',0),
(71,24,288,45,'ooooo',0,0,0,'update','2021-04-15 07:56:59',0),
(72,27,180,52,'Al thumam majid',0,3,0,'update','2021-04-16 03:06:58',0),
(73,13,277,32,'1234',0,3,0,'update','2021-04-12 02:35:29',0),
(74,31,289,50,'Sumit supper',0,3,0,'insert','2021-04-23 01:23:59',0),
(75,31,289,50,'Sumit supper',0,3,0,'update','2021-04-23 01:23:59',0),
(76,31,289,50,'Sumit supper',0,3,0,'update','2021-04-23 01:23:59',0),
(77,5,101,17,'Kanpur',0,3,0,'update','2021-04-05 05:13:30',0),
(78,5,101,17,'Kanpur',0,3,0,'delete','2021-04-05 05:13:30',0),
(79,30,0,0,'BEAUTI',0,0,0,'update','2021-04-17 02:31:10',0),
(80,30,320,55,NULL,0,0,0,'update','2021-04-17 02:31:10',0),
(81,30,320,55,NULL,0,0,0,'update','2021-04-17 02:31:10',0),
(82,30,320,55,NULL,0,0,0,'update','2021-04-17 02:31:10',0),
(83,30,320,55,NULL,0,0,0,'update','2021-04-17 02:31:10',0),
(84,25,304,49,'NEW WULGARIYA',0,3,0,'update','2021-04-16 02:26:14',0),
(85,25,304,49,NULL,0,3,0,'update','2021-04-16 02:26:14',0),
(86,25,304,49,NULL,0,3,0,'update','2021-04-16 02:26:14',0),
(87,25,304,49,NULL,0,3,0,'update','2021-04-16 02:26:14',0),
(88,25,304,49,NULL,0,3,0,'update','2021-04-16 02:26:14',0),
(89,25,304,49,NULL,0,3,0,'update','2021-04-16 02:26:14',0),
(90,25,304,49,NULL,0,3,0,'update','2021-04-16 02:26:14',0),
(91,25,304,49,NULL,0,3,0,'update','2021-04-16 02:26:14',0),
(92,32,101,57,'Gomti nagar',0,3,0,'insert','2021-04-23 11:54:46',0),
(93,32,101,57,'Gomti nagar',0,3,0,'update','2021-04-23 11:54:46',0),
(94,32,101,57,NULL,0,3,0,'update','2021-04-23 11:54:46',0),
(95,32,101,57,NULL,0,3,0,'update','2021-04-23 11:54:46',0),
(96,32,101,57,NULL,0,3,0,'update','2021-04-23 11:54:46',0),
(97,32,101,57,NULL,0,3,0,'update','2021-04-23 11:54:46',0),
(98,32,101,57,NULL,0,3,0,'update','2021-04-23 11:54:46',0),
(99,32,101,57,NULL,0,3,0,'update','2021-04-23 11:54:46',0),
(100,32,101,57,NULL,0,3,0,'update','2021-04-23 11:54:46',0),
(101,33,101,57,'Panki',0,3,0,'insert','2021-04-23 11:59:43',0),
(102,33,101,57,'Panki',0,3,0,'update','2021-04-23 11:59:43',0),
(103,33,101,57,NULL,0,3,0,'update','2021-04-23 11:59:43',0),
(104,34,101,57,'Kanpur',0,3,0,'insert','2021-04-24 05:48:54',0),
(105,35,304,49,'Kanpur12',0,3,0,'insert','2021-04-24 05:50:27',0),
(106,13,277,32,'1234',0,3,0,'update','2021-04-12 02:35:29',0),
(107,36,101,57,'Kp23',0,3,0,'insert','2021-04-24 05:54:10',0),
(108,33,101,57,'panki',0,3,0,'update','2021-04-23 11:59:43',0),
(109,34,101,57,'Kanpur',0,3,0,'update','2021-04-24 05:48:54',0),
(110,14,101,25,'KP',0,0,0,'update','2021-04-12 06:55:58',0),
(111,11,101,23,'Mohali',0,3,0,'update','2021-04-12 02:07:08',0),
(112,37,336,69,'C',0,0,0,'insert','2021-04-29 06:23:51',0),
(113,37,336,69,'C',0,0,0,'delete','2021-04-29 06:23:51',0),
(114,38,336,69,'C',0,0,0,'insert','2021-04-29 06:31:31',0),
(115,39,0,0,'AMERICAN CITY',0,0,0,'insert','2021-04-29 06:45:06',0),
(116,11,101,23,'Mohali',0,3,0,'update','2021-04-12 02:07:08',0),
(117,11,101,59,'Lucknow',0,3,0,'update','2021-04-12 02:07:08',0),
(118,11,101,59,'Lucknow',0,3,0,'update','2021-04-12 02:07:08',0),
(119,11,101,59,'Lucknow',0,3,0,'update','2021-04-12 02:07:08',0),
(120,11,101,72,'Lucknow',0,3,0,'update','2021-04-12 02:07:08',0),
(121,11,101,72,'Lucknow12',0,3,0,'approve','2021-04-12 02:07:08',0),
(122,11,101,72,'Lucknow12',0,3,0,'delete','2021-04-12 02:07:08',0),
(123,40,344,73,'SAHARANPUR11',0,0,0,'insert','2021-05-01 07:08:22',0),
(124,41,345,74,'SAHHA',0,3,0,'insert','2021-05-01 07:12:19',0),
(125,42,0,0,'SA',0,0,0,'insert','2021-05-01 07:15:26',0),
(126,43,347,75,'Sunderpur',0,3,0,'insert','2021-05-01 08:13:50',0),
(127,7,151,9,'BAYAN LEPAS',0,3,0,'delete','2021-04-05 19:45:11',0),
(128,35,304,49,'Kanpur12',0,3,0,'delete','2021-04-24 05:50:27',0),
(129,44,634,333,'CITY1',0,0,0,'insert','2021-05-12 04:59:34',0),
(130,45,635,334,'CITY2',0,0,0,'insert','2021-05-12 04:59:34',0),
(131,46,636,335,'CITY3',0,0,0,'insert','2021-05-12 04:59:34',0),
(132,47,637,336,'CITY4',0,0,0,'insert','2021-05-12 04:59:34',0),
(133,48,638,337,'CITY5',0,0,0,'insert','2021-05-12 04:59:34',0),
(134,49,639,338,'CITY6',0,0,0,'insert','2021-05-12 04:59:34',0),
(135,50,640,339,'CITY7',0,0,0,'insert','2021-05-12 04:59:34',0),
(136,51,641,340,'CITY8',0,0,0,'insert','2021-05-12 04:59:34',0),
(137,52,642,341,'CITY9',0,0,0,'insert','2021-05-12 04:59:34',0),
(138,53,643,342,'CITY10',0,0,0,'insert','2021-05-12 04:59:34',0),
(139,54,644,343,'CITY11',0,0,0,'insert','2021-05-12 04:59:34',0),
(140,55,645,344,'CITY12',0,0,0,'insert','2021-05-12 04:59:34',0),
(141,56,646,345,'CITY13',0,0,0,'insert','2021-05-12 04:59:34',0),
(142,57,647,346,'CITY14',0,0,0,'insert','2021-05-12 04:59:34',0),
(143,58,648,347,'CITY15',0,0,0,'insert','2021-05-12 04:59:34',0),
(144,59,649,348,'CITY16',0,0,0,'insert','2021-05-12 04:59:34',0),
(145,60,650,349,'CITY17',0,0,0,'insert','2021-05-12 04:59:34',0),
(146,61,651,350,'CITY18',0,0,0,'insert','2021-05-12 04:59:34',0),
(147,62,652,351,'CITY19',0,0,0,'insert','2021-05-12 04:59:34',0),
(148,63,653,352,'CITY20',0,0,0,'insert','2021-05-12 04:59:34',0),
(149,64,654,353,'CITY21',0,0,0,'insert','2021-05-12 04:59:34',0),
(150,65,655,354,'CITY22',0,0,0,'insert','2021-05-12 04:59:34',0),
(151,66,656,355,'CITY23',0,0,0,'insert','2021-05-12 04:59:34',0),
(152,67,657,356,'CITY24',0,0,0,'insert','2021-05-12 04:59:34',0),
(153,68,658,357,'CITY25',0,0,0,'insert','2021-05-12 04:59:34',0),
(154,69,659,358,'CITY26',0,0,0,'insert','2021-05-12 04:59:34',0),
(155,70,660,359,'CITY27',0,0,0,'insert','2021-05-12 04:59:34',0),
(156,71,661,360,'CITY28',0,0,0,'insert','2021-05-12 04:59:35',0),
(157,72,662,361,'CITY29',0,0,0,'insert','2021-05-12 04:59:35',0),
(158,73,663,362,'CITY30',0,0,0,'insert','2021-05-12 04:59:35',0),
(159,44,634,333,'CITY1',0,0,0,'delete','2021-05-12 04:59:34',0),
(160,74,0,0,'CITYNAME1',0,0,0,'insert','2021-05-12 05:03:38',0),
(161,75,0,0,'CITYNAME2',0,0,0,'insert','2021-05-12 05:03:38',0),
(162,76,0,0,'CITYNAME3',0,0,0,'insert','2021-05-12 05:03:38',0),
(163,77,0,0,'CITYNAME4',0,0,0,'insert','2021-05-12 05:03:39',0),
(164,78,0,0,'CITYNAME5',0,0,0,'insert','2021-05-12 05:03:39',0),
(165,79,0,0,'CITYNAME6',0,0,0,'insert','2021-05-12 05:03:39',0),
(166,80,0,0,'CITYNAME7',0,0,0,'insert','2021-05-12 05:03:39',0),
(167,81,0,0,'CITYNAME8',0,0,0,'insert','2021-05-12 05:03:39',0),
(168,82,0,0,'CITYNAME9',0,0,0,'insert','2021-05-12 05:03:39',0),
(169,83,0,0,'CITYNAME10',0,0,0,'insert','2021-05-12 05:03:39',0),
(170,84,0,0,'CITYNAME11',0,0,0,'insert','2021-05-12 05:03:39',0),
(171,85,0,0,'CITYNAME12',0,0,0,'insert','2021-05-12 05:03:39',0),
(172,86,0,0,'CITYNAME13',0,0,0,'insert','2021-05-12 05:03:39',0),
(173,87,0,0,'CITYNAME14',0,0,0,'insert','2021-05-12 05:03:39',0),
(174,88,0,0,'CITYNAME15',0,0,0,'insert','2021-05-12 05:03:39',0),
(175,89,0,0,'CITYNAME16',0,0,0,'insert','2021-05-12 05:03:39',0),
(176,90,0,0,'CITYNAME17',0,0,0,'insert','2021-05-12 05:03:39',0),
(177,91,0,0,'CITYNAME18',0,0,0,'insert','2021-05-12 05:03:39',0),
(178,92,0,0,'CITYNAME19',0,0,0,'insert','2021-05-12 05:03:39',0),
(179,93,0,0,'CITYNAME20',0,0,0,'insert','2021-05-12 05:03:39',0),
(180,94,0,0,'CITYNAME21',0,0,0,'insert','2021-05-12 05:03:39',0),
(181,95,0,0,'CITYNAME22',0,0,0,'insert','2021-05-12 05:03:39',0),
(182,96,0,0,'CITYNAME23',0,0,0,'insert','2021-05-12 05:03:39',0),
(183,97,0,0,'CITYNAME24',0,0,0,'insert','2021-05-12 05:03:39',0),
(184,98,0,0,'CITYNAME25',0,0,0,'insert','2021-05-12 05:03:39',0),
(185,99,0,0,'CITYNAME26',0,0,0,'insert','2021-05-12 05:03:39',0),
(186,100,0,0,'CITYNAME27',0,0,0,'insert','2021-05-12 05:03:39',0),
(187,101,0,0,'CITYNAME28',0,0,0,'insert','2021-05-12 05:03:39',0),
(188,102,0,0,'CITYNAME29',0,0,0,'insert','2021-05-12 05:03:39',0),
(189,103,0,0,'CITYNAME30',0,0,0,'insert','2021-05-12 05:03:39',0),
(190,104,0,0,'CITYNAME31',0,0,0,'insert','2021-05-12 05:03:39',0),
(191,105,0,0,'CITYNAME32',0,0,0,'insert','2021-05-12 05:03:39',0),
(192,106,0,0,'CITYNAME33',0,0,0,'insert','2021-05-12 05:03:39',0),
(193,107,0,0,'CITYNAME34',0,0,0,'insert','2021-05-12 05:03:39',0),
(194,108,0,0,'CITYNAME35',0,0,0,'insert','2021-05-12 05:03:39',0),
(195,109,0,0,'CITYNAME36',0,0,0,'insert','2021-05-12 05:03:39',0),
(196,110,0,0,'CITYNAME37',0,0,0,'insert','2021-05-12 05:03:39',0),
(197,111,0,0,'CITYNAME38',0,0,0,'insert','2021-05-12 05:03:39',0),
(198,112,0,0,'CITYNAME39',0,0,0,'insert','2021-05-12 05:03:39',0),
(199,113,0,0,'CITYNAME40',0,0,0,'insert','2021-05-12 05:03:39',0),
(200,53,643,342,'CITY10',0,0,0,'approve','2021-05-12 04:59:34',0),
(201,54,644,343,'CITY11',0,0,0,'approve','2021-05-12 04:59:34',0),
(202,55,645,344,'CITY12',0,0,0,'approve','2021-05-12 04:59:34',0),
(203,56,646,345,'CITY13',0,0,0,'approve','2021-05-12 04:59:34',0),
(204,57,647,346,'CITY14',0,0,0,'approve','2021-05-12 04:59:34',0),
(205,58,648,347,'CITY15',0,0,0,'approve','2021-05-12 04:59:34',0),
(206,59,649,348,'CITY16',0,0,0,'approve','2021-05-12 04:59:34',0),
(207,60,650,349,'CITY17',0,0,0,'approve','2021-05-12 04:59:34',0),
(208,61,651,350,'CITY18',0,0,0,'approve','2021-05-12 04:59:34',0),
(209,62,652,351,'CITY19',0,0,0,'approve','2021-05-12 04:59:34',0),
(210,45,635,334,'CITY2',0,0,0,'approve','2021-05-12 04:59:34',0),
(211,53,643,342,'CITY10',1,0,0,'approve','2021-05-12 04:59:34',0),
(212,62,652,351,'CITY19',1,0,0,'approve','2021-05-12 04:59:34',0),
(213,58,648,347,'CITY15',1,0,0,'approve','2021-05-12 04:59:34',0),
(214,114,708,404,'Kl232',0,3,0,'insert','2021-05-24 00:13:04',0),
(215,114,708,404,'Kl232',0,3,0,'approve','2021-05-24 00:13:04',0),
(216,114,708,404,'Kl232',1,3,0,'approve','2021-05-24 00:13:04',0),
(217,114,708,404,'Kl232',0,3,0,'approve','2021-05-24 00:13:04',0),
(218,114,708,404,'Kl232',1,3,0,'approve','2021-05-24 00:13:04',0),
(219,114,708,404,'Kl232',0,3,0,'approve','2021-05-24 00:13:04',0),
(220,53,643,342,'CITY10',0,0,0,'approve','2021-05-12 04:59:34',0),
(221,53,643,342,'CITY10',0,0,0,'delete','2021-05-12 04:59:34',0),
(222,54,644,343,'CITY11',0,0,0,'update','2021-05-12 04:59:34',0),
(223,55,645,344,'CITY12',1,0,0,'approve','2021-05-12 04:59:34',0),
(224,55,645,344,'CITY12',0,0,0,'approve','2021-05-12 04:59:34',0),
(225,54,644,343,'CITY1111',1,0,0,'approve','2021-05-12 04:59:34',0),
(226,56,646,345,'CITY13',1,0,0,'approve','2021-05-12 04:59:34',0),
(227,58,648,347,'CITY15',0,0,0,'approve','2021-05-12 04:59:34',0),
(228,55,645,344,'CITY12',1,0,0,'approve','2021-05-12 04:59:34',0),
(229,27,180,52,'Al thumam majid',0,3,0,'approve','2021-04-16 03:06:58',0),
(230,27,180,52,'Al thumam majid',0,3,0,'delete','2021-04-16 03:06:58',0),
(231,8,243,25,'AGRA',0,3,0,'delete','2021-04-07 01:43:55',0);

/*Table structure for table `m_companygroup` */

DROP TABLE IF EXISTS `m_companygroup`;

CREATE TABLE `m_companygroup` (
  `companyGroupId` int(11) NOT NULL AUTO_INCREMENT,
  `companyGroupCode` varchar(20) DEFAULT NULL,
  `companyGroupName` varchar(50) DEFAULT NULL,
  `currencyId` int(11) DEFAULT NULL,
  `language_Id` int(11) DEFAULT NULL,
  `companyLogo_Url` varchar(200) DEFAULT NULL,
  `userId` int(11) DEFAULT NULL,
  `transDate` datetime DEFAULT CURRENT_TIMESTAMP,
  `isApproved` int(11) DEFAULT '0',
  `approvedUserId` int(11) DEFAULT '0',
  `approvedDateTime` datetime DEFAULT NULL,
  `isDeleted` int(11) DEFAULT '0',
  `deleteDateTime` datetime DEFAULT NULL,
  `deleteUserId` int(11) DEFAULT '0',
  `updateCount` int(11) DEFAULT '0',
  `lastUpdateUserId` int(11) DEFAULT '0',
  `isActive` tinyint(1) DEFAULT '0',
  `activateDateTime` datetime DEFAULT NULL,
  `activateUserId` int(11) DEFAULT '0',
  PRIMARY KEY (`companyGroupId`)
) ENGINE=InnoDB AUTO_INCREMENT=86 DEFAULT CHARSET=utf8mb4;

/*Data for the table `m_companygroup` */

insert  into `m_companygroup`(`companyGroupId`,`companyGroupCode`,`companyGroupName`,`currencyId`,`language_Id`,`companyLogo_Url`,`userId`,`transDate`,`isApproved`,`approvedUserId`,`approvedDateTime`,`isDeleted`,`deleteDateTime`,`deleteUserId`,`updateCount`,`lastUpdateUserId`,`isActive`,`activateDateTime`,`activateUserId`) values 
(1,NULL,'mksk1',0,0,NULL,10,'2020-10-26 18:40:51',1,3,'2020-10-27 09:23:18',1,'2021-02-17 09:11:51',3,5,0,0,NULL,0),
(2,'CO','COMPANY GROUP',3,3,'/uploaded_image/company_group/202102174125_PermitCOCOMPANYGROUP.jpg',3,'2020-10-27 09:22:57',1,3,'2021-04-03 05:25:55',1,'2021-04-03 05:26:40',3,4,3,0,NULL,0),
(3,'FF','Sss',4,3,'/uploaded_image/company_group/202012101918_PermitFFSss.jpg',3,'2020-12-10 11:18:56',1,3,'2020-12-10 11:18:59',1,'2020-12-10 11:19:26',3,1,3,0,NULL,0),
(4,'GFG','Fgf',4,3,'/uploaded_image/company_group/202012101810_Permit.jpg',3,'2020-12-10 16:18:22',0,0,NULL,1,'2020-12-10 16:18:29',3,0,0,0,NULL,0),
(5,'FGHGFH','Gfhgh',6,3,'/uploaded_image/company_group/202104024228_Permitfghgfhgfhgh.jpeg',3,'2021-04-02 10:12:34',0,0,NULL,1,'2021-04-02 10:12:41',3,0,0,0,NULL,0),
(6,'KAKA','Kaka pvt ltd',53,34,'/uploaded_image/company/202105013606_companykakakakapvtltd.png',3,'2021-04-03 05:26:27',0,3,'2021-05-01 07:37:52',0,NULL,0,14,3,0,NULL,0),
(7,'LOM','Company 11',2,0,'/uploaded_image/company_group/202104073019_PermitLOMCompany11.jpg',3,'2021-04-07 02:06:12',1,3,'2021-04-07 04:48:24',0,NULL,0,2,3,0,NULL,0),
(8,'COC','Company2',13,4,'/uploaded_image/company_group/202104072756_PermitCOCcompany2.jpg',3,'2021-04-07 03:58:03',0,0,NULL,1,'2021-04-07 04:48:31',3,0,0,0,NULL,0),
(9,'77','Roi',13,12,'/uploaded_image/company_group/202104225205_Permit77Roi.png',3,'2021-04-08 01:26:44',0,0,NULL,0,NULL,0,1,3,0,NULL,0),
(10,'CGC','Company group34',13,0,'',3,'2021-04-08 01:57:49',0,0,NULL,0,NULL,0,1,3,0,NULL,0),
(11,'KAP','Pap',19,11,'/uploaded_image/company_group/202104124711_Permitkappap.jpg',3,'2021-04-12 02:47:24',1,3,'2021-04-12 02:47:45',1,'2021-04-12 02:48:20',3,0,0,0,NULL,0),
(12,'HH','Kk',19,0,'',3,'2021-04-12 04:35:27',0,0,NULL,0,NULL,0,0,0,0,NULL,0),
(13,NULL,'mkskgroupp',0,0,NULL,3,'2021-04-12 05:35:53',0,0,NULL,0,NULL,0,4,0,0,NULL,0),
(15,'C1','Cn',23,1,'',0,'2021-04-14 10:27:11',0,0,NULL,1,'2021-04-15 08:05:14',3,0,0,0,NULL,0),
(16,'BABA','Bzbz',12,0,'',3,'2021-04-15 08:04:54',1,3,'2021-04-15 08:05:03',0,NULL,0,1,3,0,NULL,0),
(17,'TELECOM','Tele',28,0,'',3,'2021-04-15 08:13:40',1,3,'2021-04-15 08:14:05',0,NULL,0,1,3,0,NULL,0),
(18,'RAM','Rama',29,0,'',0,'2021-04-15 23:12:23',0,0,NULL,0,NULL,0,0,0,0,NULL,0),
(19,'UAE1','Kap',30,0,'',0,'2021-04-15 23:32:04',0,0,NULL,0,NULL,0,0,0,0,NULL,0),
(20,NULL,'C1',NULL,NULL,NULL,0,'2021-04-16 01:06:36',0,0,NULL,0,NULL,0,0,0,0,NULL,0),
(21,'CO','Companyname89',8,6,'/uploaded_image/company_group/202104225629_PermitCOCompanyname89.png',3,'2021-04-22 05:23:04',0,0,NULL,0,NULL,0,4,3,0,NULL,0),
(22,'KAKA','Papa',6,2,'',3,'2021-04-23 00:57:43',0,0,NULL,1,'2021-04-23 00:58:01',3,0,0,0,NULL,0),
(23,'JSXN','Mscn mn',37,2,'',3,'2021-04-23 00:59:40',0,0,NULL,0,NULL,0,0,0,0,NULL,0),
(24,'PAPA','Papa pvt ltd',14,6,'',3,'2021-04-23 03:33:42',0,0,NULL,0,NULL,0,0,0,0,NULL,0),
(25,'RANA','Rana pvt ltd',6,2,'',3,'2021-04-24 00:26:58',0,0,NULL,0,NULL,0,0,0,0,NULL,0),
(26,'KK','Kkl',6,23,'',3,'2021-04-24 00:30:31',0,0,NULL,0,NULL,0,0,0,0,NULL,0),
(27,'200','Ajaja',49,28,'',0,'2021-04-29 06:29:57',0,0,NULL,1,'2021-05-01 07:38:14',3,1,3,0,NULL,0),
(28,'TA','Tata1',54,35,'',0,'2021-05-01 07:40:27',0,0,NULL,0,NULL,0,0,0,0,NULL,0),
(29,'DOVE','Dove',13,4,NULL,3,'2021-05-03 00:32:19',0,0,NULL,0,NULL,0,0,0,0,NULL,0),
(30,'COMPANYGROUPCODE1','CompanyGroupName1',142,88,'',0,'2021-05-12 05:10:09',0,3,'2021-05-17 01:09:08',0,NULL,0,0,0,0,NULL,0),
(31,'COMPANYGROUPCODE2','CompanyGroupName2',143,89,'',0,'2021-05-12 05:10:10',0,0,NULL,0,NULL,0,0,0,0,NULL,0),
(32,'COMPANYGROUPCODE3','CompanyGroupName3',144,90,'',0,'2021-05-12 05:10:10',0,0,NULL,0,NULL,0,0,0,0,NULL,0),
(33,'COMPANYGROUPCODE4','CompanyGroupName4',145,91,'',0,'2021-05-12 05:10:10',0,0,NULL,0,NULL,0,0,0,0,NULL,0),
(34,'COMPANYGROUPCODE5','CompanyGroupName5',146,92,'',0,'2021-05-12 05:10:10',0,0,NULL,0,NULL,0,0,0,0,NULL,0),
(35,'COMPANYGROUPCODE6','CompanyGroupName6',147,93,'',0,'2021-05-12 05:10:10',0,0,NULL,0,NULL,0,0,0,0,NULL,0),
(36,'COMPANYGROUPCODE7','CompanyGroupName7',148,94,'',0,'2021-05-12 05:10:10',0,0,NULL,0,NULL,0,0,0,0,NULL,0),
(37,'COMPANYGROUPCODE8','CompanyGroupName8',149,95,'',0,'2021-05-12 05:10:10',0,0,NULL,0,NULL,0,0,0,0,NULL,0),
(38,'COMPANYGROUPCODE9','CompanyGroupName9',150,96,'',0,'2021-05-12 05:10:10',0,0,NULL,0,NULL,0,0,0,0,NULL,0),
(39,'COMPANYGROUPCODE10','CompanyGroupName10',151,97,'',0,'2021-05-12 05:10:10',1,3,'2021-05-14 07:13:06',0,NULL,0,0,0,0,NULL,0),
(40,'COMPANYGROUPCODE11','CompanyGroupName11',152,98,'',0,'2021-05-12 05:10:10',1,3,'2021-05-17 01:08:18',0,NULL,0,0,0,0,NULL,0),
(41,'COMPANYGROUPCODE12','CompanyGroupName12',153,99,'',0,'2021-05-12 05:10:10',0,0,NULL,0,NULL,0,0,0,0,NULL,0),
(42,'COMPANYGROUPCODE13','CompanyGroupName13',154,100,'',0,'2021-05-12 05:10:10',0,0,NULL,0,NULL,0,0,0,0,NULL,0),
(43,'COMPANYGROUPCODE14','CompanyGroupName14',155,101,'',0,'2021-05-12 05:10:10',0,0,NULL,0,NULL,0,0,0,0,NULL,0),
(44,'COMPANYGROUPCODE15','CompanyGroupName15',156,102,'',0,'2021-05-12 05:10:10',0,0,NULL,0,NULL,0,0,0,0,NULL,0),
(45,'COMPANYGROUPCODE16','CompanyGroupName16',157,103,'',0,'2021-05-12 05:10:10',0,0,NULL,0,NULL,0,0,0,0,NULL,0),
(46,'COMPANYGROUPCODE17','CompanyGroupName17',158,104,'',0,'2021-05-12 05:10:10',0,0,NULL,0,NULL,0,0,0,0,NULL,0),
(47,'COMPANYGROUPCODE18','CompanyGroupName18',159,105,'',0,'2021-05-12 05:10:10',0,0,NULL,0,NULL,0,0,0,0,NULL,0),
(48,'COMPANYGROUPCODE19','CompanyGroupName19',160,106,'',0,'2021-05-12 05:10:10',0,0,NULL,0,NULL,0,0,0,0,NULL,0),
(49,'COMPANYGROUPCODE20','CompanyGroupName20',161,107,'',0,'2021-05-12 05:10:10',0,0,NULL,0,NULL,0,0,0,0,NULL,0),
(50,'COMPANYGROUPCODE21','CompanyGroupName21',162,108,'',0,'2021-05-12 05:10:10',0,0,NULL,0,NULL,0,0,0,0,NULL,0),
(51,'COMPANYGROUPCODE22','CompanyGroupName22',163,109,'',0,'2021-05-12 05:10:10',0,0,NULL,0,NULL,0,0,0,0,NULL,0),
(52,'COMPANYGROUPCODE23','CompanyGroupName23',164,110,'',0,'2021-05-12 05:10:10',0,0,NULL,0,NULL,0,0,0,0,NULL,0),
(53,'COMPANYGROUPCODE24','CompanyGroupName24',165,111,'',0,'2021-05-12 05:10:10',0,0,NULL,0,NULL,0,0,0,0,NULL,0),
(54,'COMPANYGROUPCODE25','CompanyGroupName25',166,112,'',0,'2021-05-12 05:10:10',0,0,NULL,0,NULL,0,0,0,0,NULL,0),
(55,'COMPANYGROUPCODE26','CompanyGroupName26',167,113,'',0,'2021-05-12 05:10:11',0,0,NULL,0,NULL,0,0,0,0,NULL,0),
(56,NULL,'CompanyName1',NULL,NULL,NULL,0,'2021-05-13 03:10:48',0,0,NULL,0,NULL,0,0,0,0,NULL,0),
(57,NULL,'CompanyName2',NULL,NULL,NULL,0,'2021-05-13 03:10:48',0,0,NULL,0,NULL,0,0,0,0,NULL,0),
(58,NULL,'CompanyName3',NULL,NULL,NULL,0,'2021-05-13 03:10:48',0,0,NULL,0,NULL,0,0,0,0,NULL,0),
(59,NULL,'CompanyName4',NULL,NULL,NULL,0,'2021-05-13 03:10:49',0,0,NULL,0,NULL,0,0,0,0,NULL,0),
(60,NULL,'CompanyName5',NULL,NULL,NULL,0,'2021-05-13 03:10:49',0,0,NULL,0,NULL,0,0,0,0,NULL,0),
(61,NULL,'CompanyName6',NULL,NULL,NULL,0,'2021-05-13 03:10:49',0,0,NULL,0,NULL,0,0,0,0,NULL,0),
(62,NULL,'CompanyName7',NULL,NULL,NULL,0,'2021-05-13 03:10:49',0,0,NULL,0,NULL,0,0,0,0,NULL,0),
(63,NULL,'CompanyName8',NULL,NULL,NULL,0,'2021-05-13 03:10:49',0,0,NULL,0,NULL,0,0,0,0,NULL,0),
(64,NULL,'CompanyName9',NULL,NULL,NULL,0,'2021-05-13 03:10:49',0,0,NULL,0,NULL,0,0,0,0,NULL,0),
(65,NULL,'CompanyName10',NULL,NULL,NULL,0,'2021-05-13 03:10:49',0,0,NULL,0,NULL,0,0,0,0,NULL,0),
(66,NULL,'CompanyName11',NULL,NULL,NULL,0,'2021-05-13 03:10:49',0,0,NULL,0,NULL,0,0,0,0,NULL,0),
(67,NULL,'CompanyName12',NULL,NULL,NULL,0,'2021-05-13 03:10:49',0,0,NULL,0,NULL,0,0,0,0,NULL,0),
(68,NULL,'CompanyName13',NULL,NULL,NULL,0,'2021-05-13 03:10:49',0,0,NULL,0,NULL,0,0,0,0,NULL,0),
(69,NULL,'CompanyName14',NULL,NULL,NULL,0,'2021-05-13 03:10:49',0,0,NULL,0,NULL,0,0,0,0,NULL,0),
(70,NULL,'CompanyName15',NULL,NULL,NULL,0,'2021-05-13 03:10:49',0,0,NULL,0,NULL,0,0,0,0,NULL,0),
(71,NULL,'CompanyName16',NULL,NULL,NULL,0,'2021-05-13 03:10:49',0,0,NULL,0,NULL,0,0,0,0,NULL,0),
(72,NULL,'CompanyName17',NULL,NULL,NULL,0,'2021-05-13 03:10:49',0,0,NULL,0,NULL,0,0,0,0,NULL,0),
(73,NULL,'CompanyName18',NULL,NULL,NULL,0,'2021-05-13 03:10:49',0,0,NULL,0,NULL,0,0,0,0,NULL,0),
(74,NULL,'CompanyName19',NULL,NULL,NULL,0,'2021-05-13 03:10:49',0,0,NULL,0,NULL,0,0,0,0,NULL,0),
(75,NULL,'CompanyName20',NULL,NULL,NULL,0,'2021-05-13 03:10:49',0,0,NULL,0,NULL,0,0,0,0,NULL,0),
(76,NULL,'CompanyName21',NULL,NULL,NULL,0,'2021-05-13 03:10:49',0,0,NULL,0,NULL,0,0,0,0,NULL,0),
(77,NULL,'CompanyName22',NULL,NULL,NULL,0,'2021-05-13 03:10:49',0,0,NULL,0,NULL,0,0,0,0,NULL,0),
(78,NULL,'CompanyName23',NULL,NULL,NULL,0,'2021-05-13 03:10:49',0,0,NULL,0,NULL,0,0,0,0,NULL,0),
(79,NULL,'CompanyName24',NULL,NULL,NULL,0,'2021-05-13 03:10:49',0,0,NULL,0,NULL,0,0,0,0,NULL,0),
(80,NULL,'CompanyName25',NULL,NULL,NULL,0,'2021-05-13 03:10:49',0,0,NULL,0,NULL,0,0,0,0,NULL,0),
(81,NULL,'CompanyName26',NULL,NULL,NULL,0,'2021-05-13 03:10:49',0,0,NULL,0,NULL,0,0,0,0,NULL,0),
(82,NULL,'CompanyName27',NULL,NULL,NULL,0,'2021-05-13 03:10:49',0,0,NULL,0,NULL,0,0,0,0,NULL,0),
(83,NULL,'CompanyName28',NULL,NULL,NULL,0,'2021-05-13 03:10:49',0,0,NULL,0,NULL,0,0,0,0,NULL,0),
(84,NULL,'CompanyName29',NULL,NULL,NULL,0,'2021-05-13 03:10:49',0,0,NULL,0,NULL,0,0,0,0,NULL,0),
(85,NULL,'CompanyName30',NULL,NULL,NULL,0,'2021-05-13 03:10:49',0,0,NULL,0,NULL,0,0,0,0,NULL,0);

/*Table structure for table `m_companygroup_log` */

DROP TABLE IF EXISTS `m_companygroup_log`;

CREATE TABLE `m_companygroup_log` (
  `logId` int(11) NOT NULL AUTO_INCREMENT,
  `companyGroupId` int(11) DEFAULT NULL,
  `companyGroupCode` varchar(20) DEFAULT NULL,
  `companyGroupName` varchar(50) DEFAULT NULL,
  `currencyId` int(11) DEFAULT NULL,
  `language_Id` int(11) DEFAULT NULL,
  `companyLogo_Url` varchar(200) DEFAULT NULL,
  `isApproved` int(11) DEFAULT '0',
  `userId` int(11) DEFAULT NULL,
  `isDeleted` int(11) DEFAULT '0',
  `userAction` varchar(20) DEFAULT NULL,
  `transDate` datetime DEFAULT CURRENT_TIMESTAMP,
  `isActive` tinyint(1) DEFAULT '0',
  PRIMARY KEY (`logId`)
) ENGINE=InnoDB AUTO_INCREMENT=152 DEFAULT CHARSET=utf8mb4;

/*Data for the table `m_companygroup_log` */

insert  into `m_companygroup_log`(`logId`,`companyGroupId`,`companyGroupCode`,`companyGroupName`,`currencyId`,`language_Id`,`companyLogo_Url`,`isApproved`,`userId`,`isDeleted`,`userAction`,`transDate`,`isActive`) values 
(1,1,'1000','Kalatmak Spatial Systems',2,0,'/uploaded_image/company_group/202010264048_Permit1000KalatmakSpatialSystems.jpg',0,10,0,'insert','2020-10-26 18:40:51',0),
(2,2,'CO','COMPANY GROUP',3,0,'/uploaded_image/company_group/202010272254_PermitcoCOMPANYGROUP.jpg',0,3,0,'insert','2020-10-27 09:22:57',0),
(3,2,'CO','COMPANY GROUP',3,0,'/uploaded_image/company_group/202010272254_PermitcoCOMPANYGROUP.jpg',0,3,0,'update','2020-10-27 09:22:57',0),
(4,2,'CO','COMPANY GROUP',3,0,'/uploaded_image/company_group/202010272309_PermitCOCOMPANYGROUP.jpg',0,3,0,'approve','2020-10-27 09:22:57',0),
(5,1,'1000','Kalatmak Spatial Systems',2,0,'/uploaded_image/company_group/202010264048_Permit1000KalatmakSpatialSystems.jpg',0,10,0,'approve','2020-10-26 18:40:51',0),
(6,3,'FF','Sss',4,0,'/uploaded_image/company_group/202012101853_Permitffsss.jpg',0,3,0,'insert','2020-12-10 11:18:56',0),
(7,3,'FF','Sss',4,0,'/uploaded_image/company_group/202012101853_Permitffsss.jpg',0,3,0,'approve','2020-12-10 11:18:56',0),
(8,3,'FF','Sss',4,0,'/uploaded_image/company_group/202012101853_Permitffsss.jpg',0,3,0,'update','2020-12-10 11:18:56',0),
(9,3,'FF','Sss',4,0,'/uploaded_image/company_group/202012101918_PermitFFSss.jpg',0,3,0,'delete','2020-12-10 11:18:56',0),
(10,4,'GFG','Fgf',4,0,'/uploaded_image/company_group/202012101810_Permit.jpg',0,3,0,'insert','2020-12-10 16:18:22',0),
(11,4,'GFG','Fgf',4,0,'/uploaded_image/company_group/202012101810_Permit.jpg',0,3,0,'delete','2020-12-10 16:18:22',0),
(12,2,'CO','COMPANY GROUP',3,0,'/uploaded_image/company_group/202010272309_PermitCOCOMPANYGROUP.jpg',0,3,0,'update','2020-10-27 09:22:57',0),
(13,1,'1000','Kalatmak Spatial Systems',2,0,'/uploaded_image/company_group/202010264048_Permit1000KalatmakSpatialSystems.jpg',0,10,0,'delete','2020-10-26 18:40:51',0),
(14,2,'CO','COMPANY GROUP',3,0,'/uploaded_image/company_group/202102174125_PermitCOCOMPANYGROUP.jpg',1,3,0,'approve','2020-10-27 09:22:57',0),
(15,2,'CO','COMPANY GROUP',3,0,'/uploaded_image/company_group/202102174125_PermitCOCOMPANYGROUP.jpg',0,3,0,'approve','2020-10-27 09:22:57',0),
(16,2,'CO','COMPANY GROUP',3,0,'/uploaded_image/company_group/202102174125_PermitCOCOMPANYGROUP.jpg',1,3,0,'approve','2020-10-27 09:22:57',0),
(17,2,'CO','COMPANY GROUP',3,0,'/uploaded_image/company_group/202102174125_PermitCOCOMPANYGROUP.jpg',0,3,0,'update','2020-10-27 09:22:57',0),
(18,5,'FGHGFH','Gfhgh',6,0,'/uploaded_image/company_group/202104024228_Permitfghgfhgfhgh.jpeg',0,3,0,'insert','2021-04-02 10:12:34',0),
(19,5,'FGHGFH','Gfhgh',6,0,'/uploaded_image/company_group/202104024228_Permitfghgfhgfhgh.jpeg',0,3,0,'delete','2021-04-02 10:12:34',0),
(20,2,'CO','COMPANY GROUP',3,0,'/uploaded_image/company_group/202102174125_PermitCOCOMPANYGROUP.jpg',0,3,0,'approve','2020-10-27 09:22:57',0),
(21,2,'CO','COMPANY GROUP',3,0,'/uploaded_image/company_group/202102174125_PermitCOCOMPANYGROUP.jpg',0,3,0,'update','2020-10-27 09:22:57',0),
(22,6,'GFGGG','Ccc',8,0,'/uploaded_image/company_group/202104035621_Permitgfgggccc.jpeg',0,3,0,'insert','2021-04-03 05:26:27',0),
(23,2,'CO','COMPANY GROUP',3,0,'/uploaded_image/company_group/202102174125_PermitCOCOMPANYGROUP.jpg',0,3,0,'delete','2020-10-27 09:22:57',0),
(24,6,'GFGGG','Ccc',8,0,'/uploaded_image/company_group/202104035621_Permitgfgggccc.jpeg',0,3,0,'update','2021-04-03 05:26:27',0),
(25,6,'COP','Company group1',8,0,'/uploaded_image/company_group/202104035621_Permitgfgggccc.jpeg',0,3,0,'update','2021-04-03 05:26:27',0),
(26,6,'COP','Company group1',8,0,'/uploaded_image/company_group/202104030818_PermitCOPCompanygroup1.jpg',0,3,0,'approve','2021-04-03 05:26:27',0),
(27,7,'LOM','Company 11',2,0,'',0,3,0,'insert','2021-04-07 02:06:12',0),
(28,8,'COC','Company2',13,4,'/uploaded_image/company_group/202104072756_PermitCOCcompany2.jpg',0,3,0,'insert','2021-04-07 03:58:03',0),
(29,7,'LOM','Company 11',2,3,'',0,3,0,'update','2021-04-07 02:06:12',0),
(30,7,'LOM','Company 11',2,3,'/uploaded_image/company_group/202104073019_PermitLOMCompany11.jpg',0,3,0,'approve','2021-04-07 02:06:12',0),
(31,8,'COC','Company2',13,4,'/uploaded_image/company_group/202104072756_PermitCOCcompany2.jpg',0,3,0,'delete','2021-04-07 03:58:03',0),
(32,9,'77','Roi',13,3,'',0,3,0,'insert','2021-04-08 01:26:44',0),
(33,10,'CGC','Company group34',13,2,NULL,0,3,0,'insert','2021-04-08 01:57:49',0),
(34,11,'KAP','Pap',19,11,'/uploaded_image/company_group/202104124711_Permitkappap.jpg',0,3,0,'insert','2021-04-12 02:47:24',0),
(35,11,'KAP','Pap',19,11,'/uploaded_image/company_group/202104124711_Permitkappap.jpg',0,3,0,'approve','2021-04-12 02:47:24',0),
(36,11,'KAP','Pap',19,11,'/uploaded_image/company_group/202104124711_Permitkappap.jpg',0,3,0,'delete','2021-04-12 02:47:24',0),
(37,12,'HH','Kk',19,0,'',0,3,0,'insert','2021-04-12 04:35:27',0),
(38,13,'SYM12','Shym',19,11,NULL,0,3,0,'insert','2021-04-12 05:35:53',0),
(39,14,'C1','Cn',23,0,NULL,0,0,0,'insert','2021-04-14 10:15:27',0),
(40,15,'C1','Cn',23,1,'',0,0,0,'insert','2021-04-14 10:27:11',0),
(41,16,'BABA','Bzbz',12,15,'',0,3,0,'insert','2021-04-15 08:04:54',0),
(42,16,'BABA','Bzbz',12,15,'',0,3,0,'approve','2021-04-15 08:04:54',0),
(43,15,'C1','Cn',23,1,'',0,0,0,'delete','2021-04-14 10:27:11',0),
(44,16,'BABA','Bzbz',12,0,'',0,3,0,'update','2021-04-15 08:04:54',0),
(45,10,'CGC','Company group34',13,0,NULL,0,3,0,'update','2021-04-08 01:57:49',0),
(46,7,'LOM','Company 11',2,0,'/uploaded_image/company_group/202104073019_PermitLOMCompany11.jpg',0,3,0,'update','2021-04-07 02:06:12',0),
(47,17,'TELECOM','Tele',28,17,'',0,3,0,'insert','2021-04-15 08:13:40',0),
(48,17,'TELECOM','Tele',28,17,'',0,3,0,'approve','2021-04-15 08:13:40',0),
(49,17,'TELECOM','Tele',28,0,'',0,3,0,'update','2021-04-15 08:13:40',0),
(50,6,'COP','Company group1',8,7,'/uploaded_image/company_group/202104030818_PermitCOPCompanygroup1.jpg',0,3,0,'update','2021-04-03 05:26:27',0),
(51,6,'COP','Company group1',8,7,'/uploaded_image/company_group/202104030818_PermitCOPCompanygroup1.jpg',0,3,0,'update','2021-04-03 05:26:27',0),
(52,6,'LALIT','Company group1',8,7,'/uploaded_image/company_group/202104030818_PermitCOPCompanygroup1.jpg',0,3,0,'update','2021-04-03 05:26:27',0),
(53,18,'RAM','Rama',29,0,'',0,0,0,'insert','2021-04-15 23:12:23',0),
(54,19,'UAE1','Kap',30,0,'',0,0,0,'insert','2021-04-15 23:32:04',0),
(55,20,NULL,'C1',NULL,NULL,NULL,0,0,0,'insert','2021-04-16 01:06:36',0),
(56,21,'CO','Companyname89',8,6,'/uploaded_image/company_group/202104225255_Permitcocompanyname89.png',0,3,0,'insert','2021-04-22 05:23:04',0),
(57,21,'CO','Companyname89',8,6,'/uploaded_image/company_group/202104225255_Permitcocompanyname89.png',0,3,0,'update','2021-04-22 05:23:04',0),
(58,21,'CO','Companyname89',8,6,'/uploaded_image/company_group/202104225629_PermitCOCompanyname89.png',0,3,0,'update','2021-04-22 05:23:04',0),
(59,6,'LALIT','Company group1',8,23,'/uploaded_image/company_group/202104030818_PermitCOPCompanygroup1.jpg',0,3,0,'update','2021-04-03 05:26:27',0),
(60,6,'LALIT','Company group1',8,23,'/uploaded_image/company_group/202104030818_PermitCOPCompanygroup1.jpg',0,3,0,'update','2021-04-03 05:26:27',0),
(61,9,'77','Roi',13,12,'',0,3,0,'update','2021-04-08 01:26:44',0),
(62,6,'LALIT','Company group1',8,23,'/uploaded_image/company_group/202104030818_PermitCOPCompanygroup1.jpg',0,3,0,'update','2021-04-03 05:26:27',0),
(63,22,'KAKA','Papa',6,2,'',0,3,0,'insert','2021-04-23 00:57:43',0),
(64,22,'KAKA','Papa',6,2,'',0,3,0,'delete','2021-04-23 00:57:43',0),
(65,21,'CO','Companyname89',8,6,'/uploaded_image/company_group/202104225629_PermitCOCompanyname89.png',0,3,0,'update','2021-04-22 05:23:04',0),
(66,23,'JSXN','Mscn mn',37,2,'',0,3,0,'insert','2021-04-23 00:59:40',0),
(67,24,'PAPA','Papa pvt ltd',14,6,'',0,3,0,'insert','2021-04-23 03:33:42',0),
(68,1,'1000','Kalatmak Spatial Systems',2,0,'/uploaded_image/company_group/202010264048_Permit1000KalatmakSpatialSystems.jpg',0,10,1,'update','2020-10-26 18:40:51',0),
(69,1,NULL,'Kalatmak Spatial Systems',0,0,NULL,0,10,1,'update','2020-10-26 18:40:51',0),
(70,1,NULL,'mksk',0,0,NULL,0,10,1,'update','2020-10-26 18:40:51',0),
(71,1,NULL,'mksk',0,0,NULL,0,10,1,'update','2020-10-26 18:40:51',0),
(72,1,NULL,'mksk1',0,0,NULL,0,10,1,'update','2020-10-26 18:40:51',0),
(73,13,'SYM12','Shym',19,0,NULL,0,3,0,'update','2021-04-12 05:35:53',0),
(74,13,NULL,'mksk',0,0,NULL,0,3,0,'update','2021-04-12 05:35:53',0),
(75,13,NULL,'mksk',0,0,NULL,0,3,0,'update','2021-04-12 05:35:53',0),
(76,13,NULL,'mksk',0,0,NULL,0,3,0,'update','2021-04-12 05:35:53',0),
(77,25,'RANA','Rana pvt ltd',6,2,'',0,3,0,'insert','2021-04-24 00:26:58',0),
(78,26,'KK','Kkl',6,23,'',0,3,0,'insert','2021-04-24 00:30:31',0),
(79,6,'LALIT','Company group1',8,23,'/uploaded_image/company_group/202104222354_PermitLALITCompanygroup1.png',0,3,0,'update','2021-04-03 05:26:27',0),
(80,27,'200','Ajaja',49,28,'',0,0,0,'insert','2021-04-29 06:29:57',0),
(81,6,'Duplex technology','Abc group',44,23,NULL,0,3,0,'update','2021-04-03 05:26:27',0),
(82,27,'200','Ajaja',49,28,'',0,0,0,'update','2021-04-29 06:29:57',0),
(83,6,'Duplex technology','Abc group',44,23,'',0,3,0,'update','2021-04-03 05:26:27',0),
(84,6,'Duplex technology','Abc group',44,23,'',0,3,0,'update','2021-04-03 05:26:27',0),
(85,6,'Duplex technology','Abc group',44,23,'',0,3,0,'update','2021-04-03 05:26:27',0),
(86,6,'Duplex technology','Abc group',44,34,'/uploaded_image/company/202104302010_companyDuplextechnologyAbcgroup.png',0,3,0,'update','2021-04-03 05:26:27',0),
(87,6,'KAKA','Kaka pvt ltd',53,34,'/uploaded_image/company/202105013606_companykakakakapvtltd.png',1,3,0,'approve','2021-04-03 05:26:27',0),
(88,27,'200','Ajaja',49,28,'',0,0,0,'delete','2021-04-29 06:29:57',0),
(89,28,'TA','Tata1',54,35,'',0,0,0,'insert','2021-05-01 07:40:27',0),
(90,29,'DOVE','Dove',13,4,NULL,0,3,0,'insert','2021-05-03 00:32:19',0),
(91,21,'CO','Companyname89',8,6,'/uploaded_image/company_group/202104225629_PermitCOCompanyname89.png',0,3,0,'update','2021-04-22 05:23:04',0),
(92,30,'COMPANYGROUPCODE1','CompanyGroupName1',142,88,'',0,0,0,'insert','2021-05-12 05:10:09',0),
(93,31,'COMPANYGROUPCODE2','CompanyGroupName2',143,89,'',0,0,0,'insert','2021-05-12 05:10:10',0),
(94,32,'COMPANYGROUPCODE3','CompanyGroupName3',144,90,'',0,0,0,'insert','2021-05-12 05:10:10',0),
(95,33,'COMPANYGROUPCODE4','CompanyGroupName4',145,91,'',0,0,0,'insert','2021-05-12 05:10:10',0),
(96,34,'COMPANYGROUPCODE5','CompanyGroupName5',146,92,'',0,0,0,'insert','2021-05-12 05:10:10',0),
(97,35,'COMPANYGROUPCODE6','CompanyGroupName6',147,93,'',0,0,0,'insert','2021-05-12 05:10:10',0),
(98,36,'COMPANYGROUPCODE7','CompanyGroupName7',148,94,'',0,0,0,'insert','2021-05-12 05:10:10',0),
(99,37,'COMPANYGROUPCODE8','CompanyGroupName8',149,95,'',0,0,0,'insert','2021-05-12 05:10:10',0),
(100,38,'COMPANYGROUPCODE9','CompanyGroupName9',150,96,'',0,0,0,'insert','2021-05-12 05:10:10',0),
(101,39,'COMPANYGROUPCODE10','CompanyGroupName10',151,97,'',0,0,0,'insert','2021-05-12 05:10:10',0),
(102,40,'COMPANYGROUPCODE11','CompanyGroupName11',152,98,'',0,0,0,'insert','2021-05-12 05:10:10',0),
(103,41,'COMPANYGROUPCODE12','CompanyGroupName12',153,99,'',0,0,0,'insert','2021-05-12 05:10:10',0),
(104,42,'COMPANYGROUPCODE13','CompanyGroupName13',154,100,'',0,0,0,'insert','2021-05-12 05:10:10',0),
(105,43,'COMPANYGROUPCODE14','CompanyGroupName14',155,101,'',0,0,0,'insert','2021-05-12 05:10:10',0),
(106,44,'COMPANYGROUPCODE15','CompanyGroupName15',156,102,'',0,0,0,'insert','2021-05-12 05:10:10',0),
(107,45,'COMPANYGROUPCODE16','CompanyGroupName16',157,103,'',0,0,0,'insert','2021-05-12 05:10:10',0),
(108,46,'COMPANYGROUPCODE17','CompanyGroupName17',158,104,'',0,0,0,'insert','2021-05-12 05:10:10',0),
(109,47,'COMPANYGROUPCODE18','CompanyGroupName18',159,105,'',0,0,0,'insert','2021-05-12 05:10:10',0),
(110,48,'COMPANYGROUPCODE19','CompanyGroupName19',160,106,'',0,0,0,'insert','2021-05-12 05:10:10',0),
(111,49,'COMPANYGROUPCODE20','CompanyGroupName20',161,107,'',0,0,0,'insert','2021-05-12 05:10:10',0),
(112,50,'COMPANYGROUPCODE21','CompanyGroupName21',162,108,'',0,0,0,'insert','2021-05-12 05:10:10',0),
(113,51,'COMPANYGROUPCODE22','CompanyGroupName22',163,109,'',0,0,0,'insert','2021-05-12 05:10:10',0),
(114,52,'COMPANYGROUPCODE23','CompanyGroupName23',164,110,'',0,0,0,'insert','2021-05-12 05:10:10',0),
(115,53,'COMPANYGROUPCODE24','CompanyGroupName24',165,111,'',0,0,0,'insert','2021-05-12 05:10:10',0),
(116,54,'COMPANYGROUPCODE25','CompanyGroupName25',166,112,'',0,0,0,'insert','2021-05-12 05:10:10',0),
(117,55,'COMPANYGROUPCODE26','CompanyGroupName26',167,113,'',0,0,0,'insert','2021-05-12 05:10:11',0),
(118,56,NULL,'CompanyName1',NULL,NULL,NULL,0,0,0,'insert','2021-05-13 03:10:48',0),
(119,57,NULL,'CompanyName2',NULL,NULL,NULL,0,0,0,'insert','2021-05-13 03:10:48',0),
(120,58,NULL,'CompanyName3',NULL,NULL,NULL,0,0,0,'insert','2021-05-13 03:10:49',0),
(121,59,NULL,'CompanyName4',NULL,NULL,NULL,0,0,0,'insert','2021-05-13 03:10:49',0),
(122,60,NULL,'CompanyName5',NULL,NULL,NULL,0,0,0,'insert','2021-05-13 03:10:49',0),
(123,61,NULL,'CompanyName6',NULL,NULL,NULL,0,0,0,'insert','2021-05-13 03:10:49',0),
(124,62,NULL,'CompanyName7',NULL,NULL,NULL,0,0,0,'insert','2021-05-13 03:10:49',0),
(125,63,NULL,'CompanyName8',NULL,NULL,NULL,0,0,0,'insert','2021-05-13 03:10:49',0),
(126,64,NULL,'CompanyName9',NULL,NULL,NULL,0,0,0,'insert','2021-05-13 03:10:49',0),
(127,65,NULL,'CompanyName10',NULL,NULL,NULL,0,0,0,'insert','2021-05-13 03:10:49',0),
(128,66,NULL,'CompanyName11',NULL,NULL,NULL,0,0,0,'insert','2021-05-13 03:10:49',0),
(129,67,NULL,'CompanyName12',NULL,NULL,NULL,0,0,0,'insert','2021-05-13 03:10:49',0),
(130,68,NULL,'CompanyName13',NULL,NULL,NULL,0,0,0,'insert','2021-05-13 03:10:49',0),
(131,69,NULL,'CompanyName14',NULL,NULL,NULL,0,0,0,'insert','2021-05-13 03:10:49',0),
(132,70,NULL,'CompanyName15',NULL,NULL,NULL,0,0,0,'insert','2021-05-13 03:10:49',0),
(133,71,NULL,'CompanyName16',NULL,NULL,NULL,0,0,0,'insert','2021-05-13 03:10:49',0),
(134,72,NULL,'CompanyName17',NULL,NULL,NULL,0,0,0,'insert','2021-05-13 03:10:49',0),
(135,73,NULL,'CompanyName18',NULL,NULL,NULL,0,0,0,'insert','2021-05-13 03:10:49',0),
(136,74,NULL,'CompanyName19',NULL,NULL,NULL,0,0,0,'insert','2021-05-13 03:10:49',0),
(137,75,NULL,'CompanyName20',NULL,NULL,NULL,0,0,0,'insert','2021-05-13 03:10:49',0),
(138,76,NULL,'CompanyName21',NULL,NULL,NULL,0,0,0,'insert','2021-05-13 03:10:49',0),
(139,77,NULL,'CompanyName22',NULL,NULL,NULL,0,0,0,'insert','2021-05-13 03:10:49',0),
(140,78,NULL,'CompanyName23',NULL,NULL,NULL,0,0,0,'insert','2021-05-13 03:10:49',0),
(141,79,NULL,'CompanyName24',NULL,NULL,NULL,0,0,0,'insert','2021-05-13 03:10:49',0),
(142,80,NULL,'CompanyName25',NULL,NULL,NULL,0,0,0,'insert','2021-05-13 03:10:49',0),
(143,81,NULL,'CompanyName26',NULL,NULL,NULL,0,0,0,'insert','2021-05-13 03:10:49',0),
(144,82,NULL,'CompanyName27',NULL,NULL,NULL,0,0,0,'insert','2021-05-13 03:10:49',0),
(145,83,NULL,'CompanyName28',NULL,NULL,NULL,0,0,0,'insert','2021-05-13 03:10:49',0),
(146,84,NULL,'CompanyName29',NULL,NULL,NULL,0,0,0,'insert','2021-05-13 03:10:49',0),
(147,85,NULL,'CompanyName30',NULL,NULL,NULL,0,0,0,'insert','2021-05-13 03:10:49',0),
(148,30,'COMPANYGROUPCODE1','CompanyGroupName1',142,88,'',0,0,0,'approve','2021-05-12 05:10:09',0),
(149,39,'COMPANYGROUPCODE10','CompanyGroupName10',151,97,'',0,0,0,'approve','2021-05-12 05:10:10',0),
(150,40,'COMPANYGROUPCODE11','CompanyGroupName11',152,98,'',0,0,0,'approve','2021-05-12 05:10:10',0),
(151,30,'COMPANYGROUPCODE1','CompanyGroupName1',142,88,'',1,0,0,'approve','2021-05-12 05:10:09',0);

/*Table structure for table `m_country` */

DROP TABLE IF EXISTS `m_country`;

CREATE TABLE `m_country` (
  `countryId` int(11) NOT NULL AUTO_INCREMENT,
  `countryCode` varchar(10) DEFAULT NULL,
  `countryName` varchar(100) DEFAULT NULL,
  `userId` int(11) DEFAULT NULL,
  `transDate` datetime DEFAULT CURRENT_TIMESTAMP,
  `isApproved` int(11) DEFAULT '0',
  `approvedUserId` int(11) DEFAULT '0',
  `approvedDateTime` datetime DEFAULT NULL,
  `isDeleted` int(11) DEFAULT '0',
  `deleteDateTime` datetime DEFAULT NULL,
  `deleteUserId` int(11) DEFAULT '0',
  `updateCount` int(11) DEFAULT '0',
  `lastUpdateUserId` int(11) DEFAULT '0',
  `isActive` tinyint(1) DEFAULT '0',
  `activateDateTime` datetime DEFAULT NULL,
  `activateUserId` int(11) DEFAULT '0',
  PRIMARY KEY (`countryId`)
) ENGINE=InnoDB AUTO_INCREMENT=709 DEFAULT CHARSET=utf8mb4;

/*Data for the table `m_country` */

insert  into `m_country`(`countryId`,`countryCode`,`countryName`,`userId`,`transDate`,`isApproved`,`approvedUserId`,`approvedDateTime`,`isDeleted`,`deleteDateTime`,`deleteUserId`,`updateCount`,`lastUpdateUserId`,`isActive`,`activateDateTime`,`activateUserId`) values 
(1,'AND 1','ANDORRA',NULL,'2020-11-10 15:47:11',0,3,'2021-05-11 00:44:49',1,'2021-05-12 01:25:59',3,2,3,0,NULL,0),
(2,'ARE','UNITED ARAB EMIRATES',NULL,'2020-11-10 15:47:11',1,3,'2020-11-11 08:25:20',0,NULL,0,0,0,0,NULL,0),
(3,'AFG','AFGHANISTAN',NULL,'2020-11-10 15:47:11',1,3,'2021-04-02 11:22:06',1,'2021-04-06 07:03:57',3,6,3,0,NULL,0),
(4,'ATG','ANTIGUA AND BARBUDA',NULL,'2020-11-10 15:47:11',1,3,'2020-11-11 08:25:29',0,NULL,0,1,3,0,NULL,0),
(5,'AIA','ANGUILLA',NULL,'2020-11-10 15:47:11',1,3,'2020-11-11 08:25:37',1,'2021-05-12 01:26:13',3,0,0,0,NULL,0),
(6,'ALB','ALBANIA',NULL,'2020-11-10 15:47:11',1,3,'2021-04-02 11:22:16',1,'2021-04-12 00:47:49',3,2,3,0,NULL,0),
(7,'ARM','ARMENIA',NULL,'2020-11-10 15:47:11',1,3,'2020-11-11 08:25:48',0,NULL,0,0,0,0,NULL,0),
(8,'ANT','NETHERLANDS ANTILLES',NULL,'2020-11-10 15:47:11',1,3,'2020-11-11 08:25:54',1,'2021-05-09 08:14:25',3,0,0,0,NULL,0),
(9,'AGO','ANGOLA',NULL,'2020-11-10 15:47:11',1,3,'2020-11-11 08:25:58',1,'2021-05-12 01:26:07',3,0,0,0,NULL,0),
(10,'kkkkkkk','jijijij',NULL,'2020-11-10 15:47:11',1,3,'2020-11-11 08:26:06',1,'2021-05-09 08:08:00',3,2,3,0,NULL,0),
(11,'ARG','ARGENTINA',NULL,'2020-11-10 15:47:11',1,0,NULL,0,NULL,0,0,0,0,NULL,0),
(12,'AAADDD','krazy',NULL,'2020-11-10 15:47:11',1,0,NULL,1,'2021-05-09 08:09:59',3,3,3,0,NULL,0),
(13,'AUT','AUSTRIA',NULL,'2020-11-10 15:47:11',1,0,NULL,0,NULL,0,0,0,0,NULL,0),
(14,'AUS','AUSTRALIA',NULL,'2020-11-10 15:47:11',1,0,NULL,0,NULL,0,0,0,0,NULL,0),
(15,'22222','pundit',NULL,'2020-11-10 15:47:11',1,0,NULL,1,'2021-05-09 08:19:58',3,2,0,0,NULL,0),
(16,'AZE','AZERBAIJAN',NULL,'2020-11-10 15:47:11',1,0,NULL,0,NULL,0,0,0,0,NULL,0),
(17,'BIH','BOSNIA AND HERZEGOVINA',NULL,'2020-11-10 15:47:11',0,3,'2021-05-20 09:10:01',0,NULL,0,0,0,0,NULL,0),
(18,'BRB','BARBADOS',NULL,'2020-11-10 15:47:11',1,0,NULL,0,NULL,0,0,0,0,NULL,0),
(19,'BGD','BANGLADESH',NULL,'2020-11-10 15:47:11',1,0,NULL,0,NULL,0,0,0,0,NULL,0),
(20,'BEL','BELGIUM',NULL,'2020-11-10 15:47:11',1,0,NULL,0,NULL,0,0,0,0,NULL,0),
(21,'BFA','BURKINA FASO',NULL,'2020-11-10 15:47:11',1,0,NULL,0,NULL,0,0,0,0,NULL,0),
(22,'BGR','BULGARIA',NULL,'2020-11-10 15:47:11',1,0,NULL,0,NULL,0,0,0,0,NULL,0),
(23,'BHR','BAHRAIN',NULL,'2020-11-10 15:47:11',1,0,NULL,0,NULL,0,0,0,0,NULL,0),
(24,'BDI','BURUNDI',NULL,'2020-11-10 15:47:11',1,0,NULL,0,NULL,0,0,0,0,NULL,0),
(25,'BEN','BENIN',NULL,'2020-11-10 15:47:11',1,0,NULL,0,NULL,0,0,0,0,NULL,0),
(26,'BMU','BERMUDA',NULL,'2020-11-10 15:47:11',1,0,NULL,0,NULL,0,0,0,0,NULL,0),
(27,'BRN','BRUNEI DARUSSALAM',NULL,'2020-11-10 15:47:11',1,0,NULL,0,NULL,0,0,0,0,NULL,0),
(28,'BOL','BOLIVIA',NULL,'2020-11-10 15:47:11',1,0,NULL,0,NULL,0,0,0,0,NULL,0),
(29,'BRA','BRAZIL',NULL,'2020-11-10 15:47:11',1,0,NULL,0,NULL,0,0,0,0,NULL,0),
(30,'BHS','BAHAMAS',NULL,'2020-11-10 15:47:11',1,0,NULL,0,NULL,0,1,3,0,NULL,0),
(31,'BTN','BHUTAN',NULL,'2020-11-10 15:47:11',1,0,NULL,0,NULL,0,0,0,0,NULL,0),
(32,'(NULL)','BOUVET ISLAND',NULL,'2020-11-10 15:47:11',1,0,NULL,1,'2021-04-24 06:24:44',3,0,0,0,NULL,0),
(33,'BWA','BOTSWANA',NULL,'2020-11-10 15:47:11',1,0,NULL,0,NULL,0,0,0,0,NULL,0),
(34,'BLR','BELARUS',NULL,'2020-11-10 15:47:11',1,0,NULL,0,NULL,0,0,0,0,NULL,0),
(35,'BLZ','BELIZE',NULL,'2020-11-10 15:47:11',1,0,NULL,0,NULL,0,0,0,0,NULL,0),
(36,'CAN','CANADA',NULL,'2020-11-10 15:47:11',1,0,NULL,0,NULL,0,0,0,0,NULL,0),
(37,'(NULL)','COCOS (KEELING) ISLANDS',NULL,'2020-11-10 15:47:11',1,0,NULL,1,'2021-05-09 07:40:47',3,0,0,0,NULL,0),
(38,'COD','CONGO, THE DEMOCRATIC REPUBLIC OF THE',NULL,'2020-11-10 15:47:11',1,0,NULL,0,NULL,0,0,0,0,NULL,0),
(39,'CAF','CENTRAL AFRICAN REPUBLIC',NULL,'2020-11-10 15:47:11',1,0,NULL,0,NULL,0,0,0,0,NULL,0),
(40,'COG','CONGO',NULL,'2020-11-10 15:47:11',1,3,'2021-05-15 07:54:13',0,NULL,0,0,0,0,NULL,0),
(41,'CHE','SWITZERLAND',NULL,'2020-11-10 15:47:11',1,0,NULL,0,NULL,0,0,0,0,NULL,0),
(42,'CIV','COTE D\'IVOIRE',NULL,'2020-11-10 15:47:11',1,0,NULL,0,NULL,0,0,0,0,NULL,0),
(43,'COK','COOK ISLANDS',NULL,'2020-11-10 15:47:11',1,0,NULL,0,NULL,0,0,0,0,NULL,0),
(44,'CHL','CHILE',NULL,'2020-11-10 15:47:11',1,0,NULL,0,NULL,0,0,0,0,NULL,0),
(45,'CMR','CAMEROON',NULL,'2020-11-10 15:47:11',1,0,NULL,0,NULL,0,0,0,0,NULL,0),
(46,'CHN','CHINA',NULL,'2020-11-10 15:47:11',1,0,NULL,0,NULL,0,0,0,0,NULL,0),
(47,'COL','COLOMBIA',NULL,'2020-11-10 15:47:11',1,0,NULL,0,NULL,0,0,0,0,NULL,0),
(48,'CRI','COSTA RICA',NULL,'2020-11-10 15:47:11',1,0,NULL,0,NULL,0,0,0,0,NULL,0),
(49,'(NULL)','SERBIA AND MONTENEGRO',NULL,'2020-11-10 15:47:11',1,0,NULL,1,'2021-05-09 08:23:42',3,0,0,0,NULL,0),
(50,'CUB','CUBA',NULL,'2020-11-10 15:47:11',1,0,NULL,0,NULL,0,0,0,0,NULL,0),
(51,'CPV','CAPE VERDE',NULL,'2020-11-10 15:47:11',1,0,NULL,0,NULL,0,0,0,0,NULL,0),
(52,'CI','CHRISTMAS ISLAND',NULL,'2020-11-10 15:47:11',1,0,NULL,0,NULL,0,1,3,0,NULL,0),
(53,'CYP','CYPRUS',NULL,'2020-11-10 15:47:11',1,0,NULL,0,NULL,0,0,0,0,NULL,0),
(54,'CZE','CZECH REPUBLIC',NULL,'2020-11-10 15:47:11',1,0,NULL,0,NULL,0,0,0,0,NULL,0),
(55,'DEU','GERMANY',NULL,'2020-11-10 15:47:11',1,0,NULL,0,NULL,0,0,0,0,NULL,0),
(56,'DJI','DJIBOUTI',NULL,'2020-11-10 15:47:11',1,0,NULL,0,NULL,0,0,0,0,NULL,0),
(57,'DNK','DENMARK',NULL,'2020-11-10 15:47:11',1,0,NULL,0,NULL,0,0,0,0,NULL,0),
(58,'DMA','DOMINICA',NULL,'2020-11-10 15:47:11',1,0,NULL,0,NULL,0,0,0,0,NULL,0),
(59,'DOM','DOMINICAN REPUBLIC',NULL,'2020-11-10 15:47:11',1,0,NULL,0,NULL,0,0,0,0,NULL,0),
(60,'uyuuyyuyu','kjkjjkjkkjk',NULL,'2020-11-10 15:47:11',1,0,NULL,1,'2021-05-09 08:09:27',3,5,3,0,NULL,0),
(61,'ECU','ECUADOR',NULL,'2020-11-10 15:47:11',1,0,NULL,0,NULL,0,0,0,0,NULL,0),
(62,'EST','ESTONIA',NULL,'2020-11-10 15:47:11',1,0,NULL,0,NULL,0,0,0,0,NULL,0),
(63,'EGY','EGYPT',NULL,'2020-11-10 15:47:11',1,0,NULL,0,NULL,0,0,0,0,NULL,0),
(64,'ESH','WESTERN SAHARA',NULL,'2020-11-10 15:47:11',1,0,NULL,0,NULL,0,0,0,0,NULL,0),
(65,'ERI','ERITREA',NULL,'2020-11-10 15:47:11',1,0,NULL,0,NULL,0,0,0,0,NULL,0),
(66,'ESP','SPAIN',NULL,'2020-11-10 15:47:11',1,0,NULL,0,NULL,0,0,0,0,NULL,0),
(67,'ETH','ETHIOPIA',NULL,'2020-11-10 15:47:11',1,0,NULL,0,NULL,0,0,0,0,NULL,0),
(68,'FIN','FINLAND',NULL,'2020-11-10 15:47:11',1,0,NULL,0,NULL,0,0,0,0,NULL,0),
(69,'FJI','FIJI',NULL,'2020-11-10 15:47:11',1,0,NULL,0,NULL,0,0,0,0,NULL,0),
(70,'FLK','FALKLAND ISLANDS (MALVINAS)',NULL,'2020-11-10 15:47:11',1,0,NULL,1,'2021-05-09 08:01:06',3,0,0,0,NULL,0),
(71,'FSM','MICRONESIA, FEDERATED STATES OF',NULL,'2020-11-10 15:47:11',1,0,NULL,0,NULL,0,0,0,0,NULL,0),
(72,'FRO','FAROE ISLANDS',NULL,'2020-11-10 15:47:11',1,0,NULL,1,'2021-05-09 08:01:28',3,0,0,0,NULL,0),
(73,'FRA','FRANCE',NULL,'2020-11-10 15:47:11',1,0,NULL,0,NULL,0,0,0,0,NULL,0),
(74,'GAB','GABON',NULL,'2020-11-10 15:47:11',1,0,NULL,0,NULL,0,0,0,0,NULL,0),
(75,'GBR','UNITED KINGDOM',NULL,'2020-11-10 15:47:11',1,0,NULL,0,NULL,0,0,0,0,NULL,0),
(76,'GRD','GRENADA',NULL,'2020-11-10 15:47:11',1,0,NULL,0,NULL,0,0,0,0,NULL,0),
(77,'GEO','GEORGIA',NULL,'2020-11-10 15:47:11',1,0,NULL,0,NULL,0,0,0,0,NULL,0),
(78,'GUF','FRENCH GUIANA',NULL,'2020-11-10 15:47:11',1,0,NULL,0,NULL,0,0,0,0,NULL,0),
(79,'GHA','GHANA',NULL,'2020-11-10 15:47:11',1,0,NULL,0,NULL,0,0,0,0,NULL,0),
(80,'GIB','GIBRALTAR',NULL,'2020-11-10 15:47:11',1,0,NULL,0,NULL,0,0,0,0,NULL,0),
(81,'GRL','GREENLAND',NULL,'2020-11-10 15:47:11',1,0,NULL,0,NULL,0,0,0,0,NULL,0),
(82,'GMB','GAMBIA',NULL,'2020-11-10 15:47:11',1,0,NULL,0,NULL,0,0,0,0,NULL,0),
(83,'GIN','GUINEA',NULL,'2020-11-10 15:47:11',1,0,NULL,0,NULL,0,0,0,0,NULL,0),
(84,'GLP','GUADELOUPE',NULL,'2020-11-10 15:47:11',1,0,NULL,0,NULL,0,0,0,0,NULL,0),
(85,'GNQ','EQUATORIAL GUINEA',NULL,'2020-11-10 15:47:11',1,0,NULL,0,NULL,0,0,0,0,NULL,0),
(86,'GRC','GREECE',NULL,'2020-11-10 15:47:11',1,0,NULL,0,NULL,0,0,0,0,NULL,0),
(87,'(NULL)','SOUTH GEORGIA AND THE SOUTH SANDWICH ISLANDS',NULL,'2020-11-10 15:47:11',1,0,NULL,1,'2021-05-09 08:25:00',3,0,0,0,NULL,0),
(88,'GTM','GUATEMALA',NULL,'2020-11-10 15:47:11',1,0,NULL,0,NULL,0,0,0,0,NULL,0),
(89,'GUM','GUAM',NULL,'2020-11-10 15:47:11',1,0,NULL,0,NULL,0,0,0,0,NULL,0),
(90,'GNB','GUINEA-BISSAU',NULL,'2020-11-10 15:47:11',1,0,NULL,0,NULL,0,0,0,0,NULL,0),
(91,'GUY','GUYANA',NULL,'2020-11-10 15:47:11',1,0,NULL,0,NULL,0,0,0,0,NULL,0),
(92,'HKG','HONG KONG',NULL,'2020-11-10 15:47:11',1,0,NULL,0,NULL,0,0,0,0,NULL,0),
(93,'(NULL)','HEARD ISLAND AND MCDONALD ISLANDS',NULL,'2020-11-10 15:47:11',1,0,NULL,1,'2021-05-09 08:02:48',3,0,0,0,NULL,0),
(94,'HND','HONDURAS',NULL,'2020-11-10 15:47:11',1,0,NULL,0,NULL,0,0,0,0,NULL,0),
(95,'HRV','CROATIA',NULL,'2020-11-10 15:47:11',1,0,NULL,0,NULL,0,0,0,0,NULL,0),
(96,'HTI','HAITI',NULL,'2020-11-10 15:47:11',1,0,NULL,0,NULL,0,0,0,0,NULL,0),
(97,'HUN','HUNGARY',NULL,'2020-11-10 15:47:11',1,0,NULL,0,NULL,0,0,0,0,NULL,0),
(98,'IDN','INDONESIA',NULL,'2020-11-10 15:47:11',1,0,NULL,0,NULL,0,0,0,0,NULL,0),
(99,'IRL','IRELAND',NULL,'2020-11-10 15:47:11',1,0,NULL,0,NULL,0,0,0,0,NULL,0),
(100,'ISR','ISRAEL',NULL,'2020-11-10 15:47:11',1,0,NULL,0,NULL,0,0,0,0,NULL,0),
(101,NULL,'INDIA',NULL,'2020-11-10 15:47:11',1,0,NULL,0,NULL,0,14,0,0,NULL,0),
(102,'(NULL)','BRITISH INDIAN OCEAN TERRITORY',NULL,'2020-11-10 15:47:11',1,0,NULL,1,'2021-04-24 06:24:56',3,0,0,0,NULL,0),
(103,'IRQ','IRAQ',NULL,'2020-11-10 15:47:11',1,0,NULL,0,NULL,0,0,0,0,NULL,0),
(104,'IRN','IRAN, ISLAMIC REPUBLIC OF',NULL,'2020-11-10 15:47:11',1,0,NULL,0,NULL,0,0,0,0,NULL,0),
(105,'ISL','ICELAND',NULL,'2020-11-10 15:47:11',1,0,NULL,0,NULL,0,0,0,0,NULL,0),
(106,'ITA','ITALY',NULL,'2020-11-10 15:47:11',1,0,NULL,0,NULL,0,0,0,0,NULL,0),
(107,'JAM','JAMAICA',NULL,'2020-11-10 15:47:11',1,0,NULL,0,NULL,0,0,0,0,NULL,0),
(108,'JOR','JORDAN',NULL,'2020-11-10 15:47:11',1,0,NULL,0,NULL,0,0,0,0,NULL,0),
(109,'JPN','JAPAN',NULL,'2020-11-10 15:47:11',1,0,NULL,0,NULL,0,0,0,0,NULL,0),
(110,'KEN','KENYA',NULL,'2020-11-10 15:47:11',1,0,NULL,0,NULL,0,0,0,0,NULL,0),
(111,'KGZ','KYRGYZSTAN',NULL,'2020-11-10 15:47:11',1,0,NULL,0,NULL,0,0,0,0,NULL,0),
(112,'KHM','CAMBODIA',NULL,'2020-11-10 15:47:11',1,0,NULL,0,NULL,0,0,0,0,NULL,0),
(113,'KIR','KIRIBATI',NULL,'2020-11-10 15:47:11',1,0,NULL,0,NULL,0,0,0,0,NULL,0),
(114,'COM','COMOROS',NULL,'2020-11-10 15:47:11',1,0,NULL,0,NULL,0,0,0,0,NULL,0),
(115,'KNA','SAINT KITTS AND NEVIS',NULL,'2020-11-10 15:47:11',1,0,NULL,0,NULL,0,0,0,0,NULL,0),
(116,'PRK','KOREA, DEMOCRATIC PEOPLE\'S REPUBLIC OF',NULL,'2020-11-10 15:47:11',1,0,NULL,0,NULL,0,0,0,0,NULL,0),
(117,'KOR','KOREA, REPUBLIC OF',NULL,'2020-11-10 15:47:11',1,0,NULL,0,NULL,0,0,0,0,NULL,0),
(118,'KWT','KUWAIT',NULL,'2020-11-10 15:47:11',1,0,NULL,0,NULL,0,0,0,0,NULL,0),
(119,'CYM','CAYMAN ISLANDS',NULL,'2020-11-10 15:47:11',1,0,NULL,0,NULL,0,0,0,0,NULL,0),
(120,'KAZ','KAZAKHSTAN',NULL,'2020-11-10 15:47:11',1,0,NULL,0,NULL,0,0,0,0,NULL,0),
(121,'LAO','LAO PEOPLE\'S DEMOCRATIC REPUBLIC',NULL,'2020-11-10 15:47:11',1,0,NULL,0,NULL,0,0,0,0,NULL,0),
(122,'LBN','LEBANON',NULL,'2020-11-10 15:47:11',1,0,NULL,0,NULL,0,0,0,0,NULL,0),
(123,'LCA','SAINT LUCIA',NULL,'2020-11-10 15:47:11',1,0,NULL,0,NULL,0,0,0,0,NULL,0),
(124,'LIE','LIECHTENSTEIN',NULL,'2020-11-10 15:47:11',1,0,NULL,0,NULL,0,0,0,0,NULL,0),
(125,'LKA','SRI LANKA',NULL,'2020-11-10 15:47:11',1,0,NULL,0,NULL,0,0,0,0,NULL,0),
(126,'LBR','LIBERIA',NULL,'2020-11-10 15:47:11',1,0,NULL,0,NULL,0,0,0,0,NULL,0),
(127,'LSO','LESOTHO',NULL,'2020-11-10 15:47:11',1,0,NULL,0,NULL,0,0,0,0,NULL,0),
(128,'LTU','LITHUANIA',NULL,'2020-11-10 15:47:11',1,0,NULL,0,NULL,0,0,0,0,NULL,0),
(129,'LUX','LUXEMBOURG',NULL,'2020-11-10 15:47:11',1,0,NULL,0,NULL,0,0,0,0,NULL,0),
(130,'LVA','LATVIA',NULL,'2020-11-10 15:47:11',1,0,NULL,0,NULL,0,0,0,0,NULL,0),
(131,'LBY','LIBYAN ARAB JAMAHIRIYA',NULL,'2020-11-10 15:47:11',1,0,NULL,0,NULL,0,0,0,0,NULL,0),
(132,'MAR','MOROCCO',NULL,'2020-11-10 15:47:11',1,0,NULL,0,NULL,0,0,0,0,NULL,0),
(133,'MCO','MONACO',NULL,'2020-11-10 15:47:11',1,0,NULL,0,NULL,0,0,0,0,NULL,0),
(134,'MDA','MOLDOVA, REPUBLIC OF',NULL,'2020-11-10 15:47:11',1,0,NULL,0,NULL,0,0,0,0,NULL,0),
(135,'MDG','MADAGASCAR',NULL,'2020-11-10 15:47:11',1,0,NULL,0,NULL,0,0,0,0,NULL,0),
(136,'MHL','MARSHALL ISLANDS',NULL,'2020-11-10 15:47:11',1,0,NULL,0,NULL,0,0,0,0,NULL,0),
(137,'MKD','MACEDONIA, THE FORMER YUGOSLAV REPUBLIC OF',NULL,'2020-11-10 15:47:11',1,0,NULL,1,'2021-05-09 08:11:40',3,0,0,0,NULL,0),
(138,'MLI','MALI',NULL,'2020-11-10 15:47:11',1,0,NULL,0,NULL,0,0,0,0,NULL,0),
(139,'MMR','MYANMAR',NULL,'2020-11-10 15:47:11',1,0,NULL,0,NULL,0,0,0,0,NULL,0),
(140,'MNG','MONGOLIA',NULL,'2020-11-10 15:47:11',1,0,NULL,0,NULL,0,0,0,0,NULL,0),
(141,'MAC','MACAO',NULL,'2020-11-10 15:47:11',1,0,NULL,0,NULL,0,0,0,0,NULL,0),
(142,'MNP','NORTHERN MARIANA ISLANDS',NULL,'2020-11-10 15:47:11',1,0,NULL,1,'2021-05-09 08:15:52',3,0,0,0,NULL,0),
(143,'MTQ','MARTINIQUE',NULL,'2020-11-10 15:47:11',1,0,NULL,1,'2021-05-09 08:12:20',3,0,0,0,NULL,0),
(144,'MRT','MAURITANIA',NULL,'2020-11-10 15:47:11',1,0,NULL,0,NULL,0,0,0,0,NULL,0),
(145,'MSR','MONTSERRAT',NULL,'2020-11-10 15:47:11',1,0,NULL,0,NULL,0,0,0,0,NULL,0),
(146,'MLT','MALTA',NULL,'2020-11-10 15:47:11',1,0,NULL,0,NULL,0,0,0,0,NULL,0),
(147,'MUS','MAURITIUS',NULL,'2020-11-10 15:47:11',1,0,NULL,0,NULL,0,0,0,0,NULL,0),
(148,'MDV','MALDIVES',NULL,'2020-11-10 15:47:11',1,0,NULL,0,NULL,0,0,0,0,NULL,0),
(149,'MWI','MALAWI',NULL,'2020-11-10 15:47:11',1,0,NULL,0,NULL,0,0,0,0,NULL,0),
(150,'MEX','MEXICO',NULL,'2020-11-10 15:47:11',1,0,NULL,0,NULL,0,0,0,0,NULL,0),
(151,NULL,'indiaajjjj',NULL,'2020-11-10 15:47:11',1,0,NULL,1,'2021-05-09 08:07:36',3,5,0,0,NULL,0),
(152,'MOZ','MOZAMBIQUE',NULL,'2020-11-10 15:47:11',1,0,NULL,0,NULL,0,0,0,0,NULL,0),
(153,'NAM','NAMIBIA',NULL,'2020-11-10 15:47:11',1,0,NULL,0,NULL,0,0,0,0,NULL,0),
(154,'NCL','NEW CALEDONIA',NULL,'2020-11-10 15:47:11',1,0,NULL,0,NULL,0,0,0,0,NULL,0),
(155,'NER','NIGER',NULL,'2020-11-10 15:47:11',1,0,NULL,0,NULL,0,0,0,0,NULL,0),
(156,'NFK','NORFOLK ISLAND',NULL,'2020-11-10 15:47:11',1,0,NULL,1,'2021-05-09 08:15:27',3,0,0,0,NULL,0),
(157,'NGA','NIGERIA',NULL,'2020-11-10 15:47:11',1,0,NULL,0,NULL,0,0,0,0,NULL,0),
(158,'NIC','NICARAGUA',NULL,'2020-11-10 15:47:11',1,0,NULL,0,NULL,0,0,0,0,NULL,0),
(159,'NLD','NETHERLANDS',NULL,'2020-11-10 15:47:11',1,0,NULL,0,NULL,0,0,0,0,NULL,0),
(160,'NOR','NORWAY',NULL,'2020-11-10 15:47:11',1,0,NULL,0,NULL,0,0,0,0,NULL,0),
(161,'NPL','NEPAL',NULL,'2020-11-10 15:47:11',1,0,NULL,0,NULL,0,0,0,0,NULL,0),
(162,'NRU','NAURU',NULL,'2020-11-10 15:47:11',1,0,NULL,0,NULL,0,0,0,0,NULL,0),
(163,'NIU','NIUE',NULL,'2020-11-10 15:47:11',1,0,NULL,1,'2021-05-09 08:15:00',3,0,0,0,NULL,0),
(164,'NZL','NEW ZEALAND',NULL,'2020-11-10 15:47:11',1,0,NULL,0,NULL,0,0,0,0,NULL,0),
(165,'OMN','OMAN',NULL,'2020-11-10 15:47:11',1,0,NULL,0,NULL,0,0,0,0,NULL,0),
(166,'PAN','PANAMA',NULL,'2020-11-10 15:47:11',1,0,NULL,0,NULL,0,0,0,0,NULL,0),
(167,'PER','PERU',NULL,'2020-11-10 15:47:11',1,0,NULL,0,NULL,0,0,0,0,NULL,0),
(168,'PYF','FRENCH POLYNESIA',NULL,'2020-11-10 15:47:11',1,0,NULL,0,NULL,0,0,0,0,NULL,0),
(169,'PNG','PAPUA NEW GUINEA',NULL,'2020-11-10 15:47:11',1,0,NULL,0,NULL,0,0,0,0,NULL,0),
(170,'PHL','PHILIPPINES',NULL,'2020-11-10 15:47:11',1,0,NULL,0,NULL,0,0,0,0,NULL,0),
(171,'PAK','PAKISTAN',NULL,'2020-11-10 15:47:11',1,0,NULL,0,NULL,0,0,0,0,NULL,0),
(172,'POL','POLAND',NULL,'2020-11-10 15:47:11',1,0,NULL,0,NULL,0,0,0,0,NULL,0),
(173,'SPM','SAINT PIERRE AND MIQUELON',NULL,'2020-11-10 15:47:11',1,0,NULL,1,'2021-05-09 08:23:13',3,0,0,0,NULL,0),
(174,'PCN','PITCAIRN',NULL,'2020-11-10 15:47:11',1,0,NULL,1,'2021-05-09 08:19:32',3,0,0,0,NULL,0),
(175,'PRI','PUERTO RICO',NULL,'2020-11-10 15:47:11',1,0,NULL,0,NULL,0,0,0,0,NULL,0),
(176,'(NULL)','PALESTINIAN TERRITORY, OCCUPIED',NULL,'2020-11-10 15:47:11',1,0,NULL,1,'2021-05-09 08:17:28',3,0,0,0,NULL,0),
(177,'PRT','PORTUGAL',NULL,'2020-11-10 15:47:11',1,0,NULL,0,NULL,0,0,0,0,NULL,0),
(178,'PLW','PALAU',NULL,'2020-11-10 15:47:11',1,0,NULL,0,NULL,0,0,0,0,NULL,0),
(179,'PRY','PARAGUAY',NULL,'2020-11-10 15:47:11',1,0,NULL,0,NULL,0,0,0,0,NULL,0),
(180,NULL,'QATAR',NULL,'2020-11-10 15:47:11',1,0,NULL,0,NULL,0,1,0,0,NULL,0),
(181,'REU','REUNION',NULL,'2020-11-10 15:47:11',1,0,NULL,1,'2021-05-09 08:21:42',3,0,0,0,NULL,0),
(182,'ROM','ROMANIA',NULL,'2020-11-10 15:47:11',1,0,NULL,0,NULL,0,0,0,0,NULL,0),
(183,'RUS','RUSSIAN FEDERATION',NULL,'2020-11-10 15:47:11',1,0,NULL,0,NULL,0,0,0,0,NULL,0),
(184,'RWA','RWANDA',NULL,'2020-11-10 15:47:11',1,0,NULL,0,NULL,0,0,0,0,NULL,0),
(185,'SAU','SAUDI ARABIA',NULL,'2020-11-10 15:47:11',1,0,NULL,0,NULL,0,0,0,0,NULL,0),
(186,'SLB','SOLOMON ISLANDS',NULL,'2020-11-10 15:47:11',1,0,NULL,0,NULL,0,0,0,0,NULL,0),
(187,'SYC','SEYCHELLES',NULL,'2020-11-10 15:47:11',1,0,NULL,0,NULL,0,0,0,0,NULL,0),
(188,'SDN','SUDAN',NULL,'2020-11-10 15:47:11',1,0,NULL,0,NULL,0,0,0,0,NULL,0),
(189,'SWE','SWEDEN',NULL,'2020-11-10 15:47:11',1,0,NULL,0,NULL,0,0,0,0,NULL,0),
(190,'SGP','SINGAPORE',NULL,'2020-11-10 15:47:11',1,0,NULL,0,NULL,0,0,0,0,NULL,0),
(191,'SHN','SAINT HELENA',NULL,'2020-11-10 15:47:11',1,0,NULL,1,'2021-05-09 08:22:49',3,0,0,0,NULL,0),
(192,'SVN','SLOVENIA',NULL,'2020-11-10 15:47:11',1,0,NULL,0,NULL,0,0,0,0,NULL,0),
(193,'SJM','SVALBARD AND JAN MAYEN',NULL,'2020-11-10 15:47:11',1,0,NULL,1,'2021-05-09 08:26:20',3,0,0,0,NULL,0),
(194,'SVK','SLOVAKIA',NULL,'2020-11-10 15:47:11',1,0,NULL,0,NULL,0,0,0,0,NULL,0),
(195,'SLE','SIERRA LEONE',NULL,'2020-11-10 15:47:11',1,0,NULL,0,NULL,0,0,0,0,NULL,0),
(196,'SMR','SAN MARINO',NULL,'2020-11-10 15:47:11',1,0,NULL,0,NULL,0,0,0,0,NULL,0),
(197,'SEN','SENEGAL',NULL,'2020-11-10 15:47:11',1,0,NULL,0,NULL,0,0,0,0,NULL,0),
(198,'SOM','SOMALIA',NULL,'2020-11-10 15:47:11',1,0,NULL,0,NULL,0,0,0,0,NULL,0),
(199,'SUR','SURINAME',NULL,'2020-11-10 15:47:11',1,0,NULL,0,NULL,0,0,0,0,NULL,0),
(200,'STP','SAO TOME AND PRINCIPE',NULL,'2020-11-10 15:47:11',1,0,NULL,0,NULL,0,0,0,0,NULL,0),
(201,'SLV','EL SALVADOR',NULL,'2020-11-10 15:47:11',1,0,NULL,0,NULL,0,0,0,0,NULL,0),
(202,'SYR','SYRIAN ARAB REPUBLIC',NULL,'2020-11-10 15:47:11',1,0,NULL,0,NULL,0,0,0,0,NULL,0),
(203,'SWZ','SWAZILAND',NULL,'2020-11-10 15:47:11',1,0,NULL,0,NULL,0,0,0,0,NULL,0),
(204,'TCA','TURKS AND CAICOS ISLANDS',NULL,'2020-11-10 15:47:11',1,0,NULL,1,'2021-05-09 08:31:17',3,0,0,0,NULL,0),
(205,'TCD','CHAD',NULL,'2020-11-10 15:47:11',1,0,NULL,0,NULL,0,0,0,0,NULL,0),
(206,'(NULL)','FRENCH SOUTHERN TERRITORIES',NULL,'2020-11-10 15:47:11',1,0,NULL,0,NULL,0,0,0,0,NULL,0),
(207,'TGO','TOGO',NULL,'2020-11-10 15:47:11',1,0,NULL,0,NULL,0,0,0,0,NULL,0),
(208,'THA','THAILAND',NULL,'2020-11-10 15:47:11',1,0,NULL,0,NULL,0,0,0,0,NULL,0),
(209,'TJK','TAJIKISTAN',NULL,'2020-11-10 15:47:11',1,0,NULL,0,NULL,0,0,0,0,NULL,0),
(210,'TKL','TOKELAU',NULL,'2020-11-10 15:47:11',1,0,NULL,1,'2021-05-09 08:30:43',3,0,0,0,NULL,0),
(211,'(NULL)','TIMOR-LESTE',NULL,'2020-11-10 15:47:11',1,0,NULL,1,'2021-05-09 08:29:41',3,0,0,0,NULL,0),
(212,'TKM','TURKMENISTAN',NULL,'2020-11-10 15:47:11',1,0,NULL,0,NULL,0,0,0,0,NULL,0),
(213,'TUN','TUNISIA',NULL,'2020-11-10 15:47:11',1,0,NULL,0,NULL,0,0,0,0,NULL,0),
(214,'TON','TONGA',NULL,'2020-11-10 15:47:11',1,0,NULL,0,NULL,0,0,0,0,NULL,0),
(215,'TUR','TURKEY',NULL,'2020-11-10 15:47:11',1,0,NULL,0,NULL,0,0,0,0,NULL,0),
(216,'TTO','TRINIDAD AND TOBAGO',NULL,'2020-11-10 15:47:11',1,0,NULL,0,NULL,0,0,0,0,NULL,0),
(217,'TUV','TUVALU',NULL,'2020-11-10 15:47:11',1,0,NULL,0,NULL,0,0,0,0,NULL,0),
(218,'TWN','TAIWAN, PROVINCE OF CHINA',NULL,'2020-11-10 15:47:11',1,0,NULL,1,'2021-05-09 08:26:52',3,0,0,0,NULL,0),
(219,'TZA','TANZANIA, UNITED REPUBLIC OF',NULL,'2020-11-10 15:47:11',1,0,NULL,0,NULL,0,0,0,0,NULL,0),
(220,'UKR','UKRAINE',NULL,'2020-11-10 15:47:11',1,0,NULL,0,NULL,0,0,0,0,NULL,0),
(221,'UGA','UGANDA',NULL,'2020-11-10 15:47:11',1,0,NULL,0,NULL,0,0,0,0,NULL,0),
(222,'(NULL)','UNITED STATES MINOR OUTLYING ISLANDS',NULL,'2020-11-10 15:47:11',1,0,NULL,1,'2021-05-09 08:32:01',3,0,0,0,NULL,0),
(223,'USA','UNITED STATES',NULL,'2020-11-10 15:47:11',1,0,NULL,0,NULL,0,0,0,0,NULL,0),
(224,'URY','URUGUAY',NULL,'2020-11-10 15:47:11',1,0,NULL,0,NULL,0,0,0,0,NULL,0),
(225,'UZB','UZBEKISTAN',NULL,'2020-11-10 15:47:11',1,0,NULL,1,'2021-05-09 08:32:24',3,0,0,0,NULL,0),
(226,'VAT','HOLY SEE (VATICAN CITY STATE)',NULL,'2020-11-10 15:47:11',1,0,NULL,1,'2021-05-09 08:03:19',3,0,0,0,NULL,0),
(227,'VCT','SAINT VINCENT AND THE GRENADINES',NULL,'2020-11-10 15:47:11',1,0,NULL,0,NULL,0,0,0,0,NULL,0),
(228,'VEN','VENEZUELA',NULL,'2020-11-10 15:47:11',1,0,NULL,0,NULL,0,0,0,0,NULL,0),
(229,'VGB','VIRGIN ISLANDS, BRITISH',NULL,'2020-11-10 15:47:11',1,0,NULL,1,'2021-05-09 08:32:55',3,0,0,0,NULL,0),
(230,'VIR','VIRGIN ISLANDS, U.S.',NULL,'2020-11-10 15:47:11',1,0,NULL,1,'2021-05-09 08:33:06',3,0,0,0,NULL,0),
(231,'VNM','VIET NAM',NULL,'2020-11-10 15:47:11',1,3,'2021-04-02 11:18:10',0,NULL,0,0,0,0,NULL,0),
(232,'VUT','VANUATU',NULL,'2020-11-10 15:47:11',1,0,NULL,0,NULL,0,0,0,0,NULL,0),
(233,'WLF','WALLIS AND FUTUNA',NULL,'2020-11-10 15:47:11',1,0,NULL,0,NULL,0,0,0,0,NULL,0),
(234,'WSM','SAMOA',NULL,'2020-11-10 15:47:11',1,0,NULL,0,NULL,0,0,0,0,NULL,0),
(235,'YEM','YEMEN',NULL,'2020-11-10 15:47:11',1,0,NULL,0,NULL,0,0,0,0,NULL,0),
(236,'(NULL)','MAYOTTE',NULL,'2020-11-10 15:47:11',1,0,NULL,1,'2021-05-09 08:12:44',3,0,0,0,NULL,0),
(237,'ZAF','SOUTH AFRICA',NULL,'2020-11-10 15:47:11',1,0,NULL,0,NULL,0,0,0,0,NULL,0),
(238,'ZMB','ZAMBIA',NULL,'2020-11-10 15:47:11',1,0,NULL,0,NULL,0,1,3,0,NULL,0),
(239,'ZWE','ZIMBABWE',NULL,'2020-11-10 15:47:11',1,0,NULL,0,NULL,0,0,0,0,NULL,0),
(240,'FFRFF','Rry',3,'2020-12-10 09:10:45',1,3,'2020-12-10 09:10:52',1,'2020-12-10 09:11:14',3,1,3,0,NULL,0),
(241,'A','Ss',3,'2021-02-13 00:32:16',0,0,NULL,1,'2021-02-13 00:36:35',3,0,0,0,NULL,0),
(242,'VVVVV','Mmmm',3,'2021-04-02 10:08:48',0,0,NULL,1,'2021-04-02 10:09:04',3,0,0,0,NULL,0),
(243,NULL,'sumittt',3,'2021-04-05 03:52:35',0,0,NULL,1,'2021-05-09 08:25:21',3,4,0,0,NULL,0),
(244,'CO','Con',3,'2021-04-05 03:56:29',0,0,NULL,1,'2021-05-09 07:41:38',3,0,0,0,NULL,0),
(245,'C','Cl',3,'2021-04-05 05:52:14',0,0,NULL,1,'2021-05-09 07:40:10',3,0,0,0,NULL,0),
(246,'Y','Hjk',3,'2021-04-08 05:10:37',0,0,NULL,1,'2021-05-09 08:03:00',3,0,0,0,NULL,0),
(247,'90','UNITTED sTATE',3,'2021-04-09 01:58:38',0,0,NULL,1,'2021-05-09 08:32:10',3,0,0,0,NULL,0),
(267,'Co2','Country2',0,'2021-04-10 05:53:12',0,0,NULL,1,'2021-05-09 07:41:21',3,0,0,0,NULL,0),
(268,'Co3','Country3',0,'2021-04-10 05:53:37',0,0,NULL,1,'2021-05-09 07:41:31',3,0,0,0,NULL,0),
(269,'Co4','Country4',0,'2021-04-10 05:53:41',0,0,NULL,1,'2021-05-09 07:41:57',3,0,0,0,NULL,0),
(270,'','',0,'2021-04-12 00:52:38',1,3,'2021-04-12 00:53:42',1,'2021-04-12 00:53:55',3,0,0,0,NULL,0),
(271,'','',0,'2021-04-12 00:54:21',0,0,NULL,1,'2021-04-12 00:55:04',3,0,0,0,NULL,0),
(272,'A','A',3,'2021-04-12 00:54:55',1,3,'2021-04-12 00:55:12',1,'2021-04-12 00:55:24',3,0,0,0,NULL,0),
(273,'lion','Click to edit',3,'2021-04-12 00:59:20',0,0,NULL,1,'2021-05-09 07:40:31',3,6,3,0,NULL,0),
(274,'gfgfg','',3,'2021-04-12 01:34:26',0,3,'2021-04-22 03:50:22',1,'2021-04-22 04:18:12',3,31,3,0,NULL,0),
(275,'T','Tt',3,'2021-04-12 02:18:59',0,0,NULL,1,'2021-05-09 08:30:59',3,0,0,0,NULL,0),
(276,'UAE','Uae',3,'2021-04-12 02:30:26',0,0,NULL,1,'2021-05-09 08:31:31',3,0,0,0,NULL,0),
(277,NULL,'Ram',3,'2021-04-12 02:32:25',0,0,NULL,1,'2021-05-09 08:21:17',3,1,0,0,NULL,0),
(278,NULL,'INDIA1',0,'2021-04-12 06:14:56',0,0,NULL,1,'2021-05-09 08:04:37',3,0,0,0,NULL,0),
(279,NULL,'',0,'2021-04-12 09:30:34',0,0,NULL,1,'2021-04-14 23:34:04',3,0,0,0,NULL,0),
(280,NULL,'PA',0,'2021-04-15 00:32:17',0,0,NULL,1,'2021-05-09 08:16:52',3,0,0,0,NULL,0),
(281,NULL,'',0,'2021-04-15 00:33:09',0,0,NULL,1,'2021-04-15 01:28:39',3,0,0,0,NULL,0),
(282,'KAPIL','Kapil',0,'2021-04-15 01:26:17',0,0,NULL,1,'2021-05-09 08:09:05',3,0,0,0,NULL,0),
(283,NULL,'',0,'2021-04-15 01:35:13',0,0,NULL,1,'2021-04-22 02:03:23',3,0,0,0,NULL,0),
(284,NULL,'PAPA',0,'2021-04-15 01:35:57',0,0,NULL,1,'2021-05-09 08:18:29',3,0,0,0,NULL,0),
(285,NULL,'NANA',0,'2021-04-15 01:39:10',0,0,NULL,1,'2021-05-09 08:13:33',3,0,0,0,NULL,0),
(286,'HAPY','Kap',0,'2021-04-15 02:24:45',0,0,NULL,1,'2021-05-09 08:08:55',3,0,0,0,NULL,0),
(287,NULL,'SUNIL',0,'2021-04-15 04:57:54',0,0,NULL,1,'2021-05-09 08:25:42',3,0,0,0,NULL,0),
(288,NULL,'olllllllll',0,'2021-04-15 05:03:20',0,0,NULL,1,'2021-05-09 08:16:11',3,4,0,0,NULL,0),
(289,NULL,'shinghammiii',0,'2021-04-15 05:07:16',0,0,NULL,1,'2021-05-09 08:24:22',3,4,0,0,NULL,0),
(290,NULL,'RAHUL',0,'2021-04-15 06:24:47',0,0,NULL,1,'2021-05-09 08:20:59',3,0,0,0,NULL,0),
(291,'CUONTRY1','Countrynam2',0,'2021-04-16 00:53:15',0,0,NULL,1,'2021-05-09 07:43:22',3,0,0,0,NULL,0),
(292,'CUONTRY2','Countrynam3',0,'2021-04-16 00:53:16',0,0,NULL,1,'2021-05-09 07:49:19',3,0,0,0,NULL,0),
(293,'CUONTRY3','Countrynam4',0,'2021-04-16 00:53:17',0,0,NULL,1,'2021-05-09 07:49:31',3,0,0,0,NULL,0),
(294,'CUONTRY4','Countrynam5',0,'2021-04-16 00:53:17',0,0,NULL,1,'2021-05-09 07:52:11',3,0,0,0,NULL,0),
(295,'CUONTRY5','Countrynam6',0,'2021-04-16 00:53:19',0,0,NULL,1,'2021-05-09 07:52:17',3,0,0,0,NULL,0),
(296,'CUONTRY6','Countrynam7',0,'2021-04-16 00:53:19',0,0,NULL,1,'2021-05-09 07:52:24',3,0,0,0,NULL,0),
(297,'CUONTRY7','Countrynam8',0,'2021-04-16 00:53:20',0,0,NULL,1,'2021-05-09 07:52:38',3,0,0,0,NULL,0),
(298,'001','LOS ANGELES',3,'2021-04-16 01:31:56',0,3,'2021-04-16 01:32:54',1,'2021-04-16 01:33:04',3,1,3,0,NULL,0),
(302,'1','LOS ANGELES',0,'2021-04-16 01:39:32',0,0,NULL,1,'2021-04-16 01:40:11',3,0,0,0,NULL,0),
(303,'001','LOS ANGELES',0,'2021-04-16 01:41:34',0,0,NULL,1,'2021-04-16 02:39:39',3,1,3,0,NULL,0),
(304,NULL,'WULGARIYAfffffrr',3,'2021-04-16 02:16:07',0,0,NULL,1,'2021-05-09 08:33:34',3,8,0,0,NULL,0),
(305,NULL,'LOSS ANGELES',0,'2021-04-16 02:29:54',0,0,NULL,1,'2021-04-16 02:39:31',3,0,0,0,NULL,0),
(308,NULL,'WULARIYA',0,'2021-04-16 02:54:14',0,0,NULL,0,NULL,0,0,0,0,NULL,0),
(309,NULL,'SA',0,'2021-04-16 05:11:58',0,0,NULL,1,'2021-05-09 08:22:13',3,0,0,0,NULL,0),
(317,'1254','LOS ANGELES',0,'2021-04-16 08:02:02',0,0,NULL,1,'2021-04-16 08:02:41',3,0,0,0,NULL,0),
(318,'021548','LOS ANGELES',0,'2021-04-16 08:03:44',0,0,NULL,1,'2021-05-09 08:11:02',3,1,3,0,NULL,0),
(319,NULL,'KADTHMAMDU',0,'2021-04-17 00:50:48',0,0,NULL,1,'2021-05-09 08:08:23',3,0,0,0,NULL,0),
(320,NULL,'VIPIN 1',0,'2021-04-17 02:31:10',0,0,NULL,1,'2021-05-09 08:32:40',3,15,0,0,NULL,0),
(321,NULL,NULL,0,'2021-04-22 09:50:25',0,0,NULL,1,'2021-04-24 06:24:08',3,0,0,0,NULL,0),
(322,NULL,NULL,0,'2021-04-22 09:51:43',0,0,NULL,1,'2021-04-24 06:24:13',3,0,0,0,NULL,0),
(323,NULL,NULL,0,'2021-04-22 10:10:38',0,0,NULL,1,'2021-04-24 06:24:19',3,0,0,0,NULL,0),
(324,NULL,NULL,0,'2021-04-22 10:12:31',0,0,NULL,1,'2021-04-24 06:24:23',3,0,0,0,NULL,0),
(325,NULL,NULL,0,'2021-04-22 10:14:23',0,0,NULL,1,'2021-04-24 06:24:28',3,0,0,0,NULL,0),
(326,NULL,'INDIA2',0,'2021-04-24 11:17:40',0,0,NULL,1,'2021-05-09 08:05:51',3,0,0,0,NULL,0),
(327,NULL,'INDIA3',0,'2021-04-24 11:17:40',0,0,NULL,1,'2021-05-09 08:06:02',3,0,0,0,NULL,0),
(328,NULL,'INDIA4',0,'2021-04-24 11:17:40',0,0,NULL,1,'2021-05-09 08:06:11',3,0,0,0,NULL,0),
(329,NULL,'INDIA5',0,'2021-04-24 11:17:40',0,0,NULL,1,'2021-05-09 08:06:24',3,0,0,0,NULL,0),
(330,NULL,'INDIA6',0,'2021-04-24 11:17:40',0,0,NULL,1,'2021-05-09 08:06:35',3,0,0,0,NULL,0),
(331,NULL,'INDIA7',0,'2021-04-24 11:17:40',0,0,NULL,1,'2021-05-09 08:06:47',3,0,0,0,NULL,0),
(332,NULL,'INDIA8',0,'2021-04-24 11:17:40',0,0,NULL,1,'2021-05-09 08:07:11',3,0,0,0,NULL,0),
(333,NULL,'INDIA9',0,'2021-04-24 11:17:40',0,0,NULL,1,'2021-05-09 08:07:23',3,0,0,0,NULL,0),
(334,NULL,'INDIA10',0,'2021-04-24 11:17:40',0,0,NULL,1,'2021-05-09 08:05:27',3,0,0,0,NULL,0),
(335,'ABC0200','Oman12',0,'2021-04-29 06:01:19',0,0,NULL,1,'2021-05-09 08:16:33',3,1,3,0,NULL,0),
(336,'IN','India78',0,'2021-04-29 06:23:50',0,3,'2021-05-01 01:04:18',1,'2021-05-09 08:06:59',3,3,3,0,NULL,0),
(337,NULL,'QATAR12',0,'2021-04-29 06:33:50',0,0,NULL,1,'2021-05-09 08:20:24',3,0,0,0,NULL,0),
(338,NULL,'QATAR13',0,'2021-04-29 06:34:30',0,0,NULL,1,'2021-05-09 08:20:43',3,0,0,0,NULL,0),
(339,NULL,'AMERICA',0,'2021-04-29 06:45:06',0,0,NULL,1,'2021-05-01 01:04:36',3,0,0,0,NULL,0),
(340,'AAP','MODI 1',3,'2021-05-01 00:47:01',1,3,'2021-05-01 00:47:33',1,'2021-05-01 00:47:46',3,1,3,0,NULL,0),
(341,'TIN','TINKU6',0,'2021-05-01 00:54:00',1,3,'2021-05-01 00:54:24',1,'2021-05-09 08:30:12',3,1,3,0,NULL,0),
(342,'PAY','Pay1',3,'2021-05-01 01:17:38',0,0,NULL,1,'2021-05-09 08:19:01',3,0,0,0,NULL,0),
(343,NULL,'IND',0,'2021-05-01 01:24:52',0,0,NULL,1,'2021-05-09 08:04:08',3,0,0,0,NULL,0),
(344,NULL,'IND121',0,'2021-05-01 07:08:21',0,0,NULL,1,'2021-05-09 08:04:23',3,0,0,0,NULL,0),
(345,'HR','HARYANA',3,'2021-05-01 07:10:28',0,0,NULL,1,'2021-05-09 08:02:33',3,0,0,0,NULL,0),
(346,NULL,'IN',0,'2021-05-01 07:15:26',0,0,NULL,1,'2021-05-09 08:03:39',3,0,0,0,NULL,0),
(347,'IND222','India111',3,'2021-05-01 08:11:59',0,0,NULL,1,'2021-05-09 08:05:40',3,0,0,0,NULL,0),
(348,'HAHA','HAHA',3,'2021-05-03 01:34:10',0,0,NULL,1,'2021-05-09 08:02:15',3,0,0,0,NULL,0),
(349,NULL,'INDIA1',0,'2021-05-11 02:49:36',0,0,NULL,0,NULL,0,0,0,0,NULL,0),
(350,NULL,'INDIA2',0,'2021-05-11 02:49:39',0,0,NULL,0,NULL,0,0,0,0,NULL,0),
(351,NULL,'INDIA3',0,'2021-05-11 02:49:41',0,0,NULL,0,NULL,0,0,0,0,NULL,0),
(352,NULL,'INDIA4',0,'2021-05-11 02:49:42',0,0,NULL,0,NULL,0,0,0,0,NULL,0),
(353,NULL,'INDIA5',0,'2021-05-11 02:49:44',0,0,NULL,0,NULL,0,0,0,0,NULL,0),
(354,NULL,'INDIA6',0,'2021-05-11 02:49:46',0,0,NULL,0,NULL,0,0,0,0,NULL,0),
(355,NULL,'INDIA7',0,'2021-05-11 02:49:48',0,0,NULL,0,NULL,0,0,0,0,NULL,0),
(356,NULL,'INDIA8',0,'2021-05-11 02:49:49',0,0,NULL,0,NULL,0,0,0,0,NULL,0),
(357,NULL,'INDIA9',0,'2021-05-11 02:49:52',0,0,NULL,0,NULL,0,0,0,0,NULL,0),
(358,NULL,'INDIA10',0,'2021-05-11 02:49:53',0,0,NULL,0,NULL,0,0,0,0,NULL,0),
(359,NULL,'FDS',0,'2021-05-11 03:40:32',0,0,NULL,0,NULL,0,0,0,0,NULL,0),
(360,NULL,'FDSF',0,'2021-05-11 03:40:35',0,0,NULL,0,NULL,0,0,0,0,NULL,0),
(361,NULL,'DSF',0,'2021-05-11 03:40:37',0,0,NULL,0,NULL,0,0,0,0,NULL,0),
(362,NULL,'INDIA11',0,'2021-05-11 04:42:16',0,0,NULL,0,NULL,0,0,0,0,NULL,0),
(363,NULL,'INDIA12',0,'2021-05-11 04:42:17',0,0,NULL,0,NULL,0,0,0,0,NULL,0),
(364,NULL,'INDIA13',0,'2021-05-11 04:42:19',0,0,NULL,0,NULL,0,0,0,0,NULL,0),
(365,NULL,'INDIA14',0,'2021-05-11 04:42:21',0,0,NULL,0,NULL,0,0,0,0,NULL,0),
(366,NULL,'INDIA15',0,'2021-05-11 04:42:23',0,0,NULL,0,NULL,0,0,0,0,NULL,0),
(367,NULL,'INDIA16',0,'2021-05-11 04:42:25',0,0,NULL,0,NULL,0,0,0,0,NULL,0),
(368,NULL,'INDIA17',0,'2021-05-11 04:42:26',0,0,NULL,0,NULL,0,0,0,0,NULL,0),
(369,NULL,'INDIA18',0,'2021-05-11 04:42:28',0,0,NULL,0,NULL,0,0,0,0,NULL,0),
(370,NULL,'INDIA19',0,'2021-05-11 04:42:30',0,0,NULL,0,NULL,0,0,0,0,NULL,0),
(371,NULL,'INDIA20',0,'2021-05-11 04:42:32',0,0,NULL,0,NULL,0,0,0,0,NULL,0),
(372,NULL,'INDIA21',0,'2021-05-11 04:42:34',0,0,NULL,0,NULL,0,0,0,0,NULL,0),
(373,NULL,'INDIA22',0,'2021-05-11 04:42:36',0,0,NULL,0,NULL,0,0,0,0,NULL,0),
(374,NULL,'INDIA23',0,'2021-05-11 04:42:37',0,0,NULL,0,NULL,0,0,0,0,NULL,0),
(375,NULL,'INDIA24',0,'2021-05-11 04:42:39',0,0,NULL,0,NULL,0,0,0,0,NULL,0),
(376,NULL,'INDIA25',0,'2021-05-11 04:42:41',0,0,NULL,0,NULL,0,0,0,0,NULL,0),
(377,NULL,'INDIA26',0,'2021-05-11 04:42:43',0,0,NULL,0,NULL,0,0,0,0,NULL,0),
(378,NULL,'INDIA27',0,'2021-05-11 04:42:44',0,0,NULL,0,NULL,0,0,0,0,NULL,0),
(379,NULL,'INDIA28',0,'2021-05-11 04:42:46',0,0,NULL,0,NULL,0,0,0,0,NULL,0),
(380,NULL,'INDIA29',0,'2021-05-11 04:42:48',0,0,NULL,0,NULL,0,0,0,0,NULL,0),
(381,NULL,'INDIA30',0,'2021-05-11 04:42:50',0,0,NULL,0,NULL,0,0,0,0,NULL,0),
(382,NULL,'INDIA31',0,'2021-05-11 04:42:52',0,0,NULL,0,NULL,0,0,0,0,NULL,0),
(383,NULL,'INDIA32',0,'2021-05-11 04:42:53',0,0,NULL,0,NULL,0,0,0,0,NULL,0),
(384,NULL,'INDIA33',0,'2021-05-11 04:42:55',0,0,NULL,0,NULL,0,0,0,0,NULL,0),
(385,NULL,'INDIA34',0,'2021-05-11 04:42:57',0,0,NULL,0,NULL,0,0,0,0,NULL,0),
(386,NULL,'INDIA35',0,'2021-05-11 04:42:59',0,0,NULL,0,NULL,0,0,0,0,NULL,0),
(387,NULL,'INDIA36',0,'2021-05-11 04:43:01',0,0,NULL,0,NULL,0,0,0,0,NULL,0),
(388,NULL,'INDIA37',0,'2021-05-11 04:43:03',0,0,NULL,0,NULL,0,0,0,0,NULL,0),
(389,NULL,'INDIA38',0,'2021-05-11 04:43:05',0,0,NULL,0,NULL,0,0,0,0,NULL,0),
(390,NULL,'INDIA39',0,'2021-05-11 04:43:06',0,0,NULL,0,NULL,0,0,0,0,NULL,0),
(391,NULL,'INDIA40',0,'2021-05-11 04:43:08',0,0,NULL,0,NULL,0,0,0,0,NULL,0),
(392,NULL,'INDIA41',0,'2021-05-11 04:43:10',0,0,NULL,0,NULL,0,0,0,0,NULL,0),
(393,NULL,'INDIA42',0,'2021-05-11 04:43:12',0,0,NULL,0,NULL,0,0,0,0,NULL,0),
(394,NULL,'INDIA43',0,'2021-05-11 04:43:13',0,0,NULL,0,NULL,0,0,0,0,NULL,0),
(395,NULL,'INDIA44',0,'2021-05-11 04:43:15',0,0,NULL,0,NULL,0,0,0,0,NULL,0),
(396,NULL,'INDIA45',0,'2021-05-11 04:43:17',0,0,NULL,0,NULL,0,0,0,0,NULL,0),
(397,NULL,'INDIA46',0,'2021-05-11 04:43:19',0,0,NULL,0,NULL,0,0,0,0,NULL,0),
(398,NULL,'INDIA47',0,'2021-05-11 04:43:21',0,0,NULL,0,NULL,0,0,0,0,NULL,0),
(399,NULL,'INDIA48',0,'2021-05-11 04:43:22',0,0,NULL,0,NULL,0,0,0,0,NULL,0),
(400,NULL,'INDIA49',0,'2021-05-11 04:43:24',0,0,NULL,0,NULL,0,0,0,0,NULL,0),
(401,NULL,'INDIA50',0,'2021-05-11 04:43:26',0,0,NULL,0,NULL,0,0,0,0,NULL,0),
(402,NULL,'INDIA51',0,'2021-05-11 04:43:28',0,0,NULL,0,NULL,0,0,0,0,NULL,0),
(403,NULL,'INDIA52',0,'2021-05-11 04:43:30',0,0,NULL,0,NULL,0,0,0,0,NULL,0),
(404,NULL,'INDIA53',0,'2021-05-11 04:43:32',0,0,NULL,0,NULL,0,0,0,0,NULL,0),
(405,NULL,'INDIA54',0,'2021-05-11 04:43:33',0,0,NULL,0,NULL,0,0,0,0,NULL,0),
(406,NULL,'INDIA55',0,'2021-05-11 04:43:35',0,0,NULL,0,NULL,0,0,0,0,NULL,0),
(407,NULL,'INDIA56',0,'2021-05-11 04:43:37',0,0,NULL,0,NULL,0,0,0,0,NULL,0),
(408,NULL,'INDIA57',0,'2021-05-11 04:43:39',0,0,NULL,0,NULL,0,0,0,0,NULL,0),
(409,NULL,'INDIA58',0,'2021-05-11 04:43:41',0,0,NULL,0,NULL,0,0,0,0,NULL,0),
(410,NULL,'INDIA59',0,'2021-05-11 04:43:43',0,0,NULL,0,NULL,0,0,0,0,NULL,0),
(411,NULL,'INDIA60',0,'2021-05-11 04:43:45',0,0,NULL,0,NULL,0,0,0,0,NULL,0),
(412,NULL,'INDIA61',0,'2021-05-11 04:43:47',0,0,NULL,0,NULL,0,0,0,0,NULL,0),
(413,NULL,'INDIA62',0,'2021-05-11 04:43:49',0,0,NULL,0,NULL,0,0,0,0,NULL,0),
(414,NULL,'INDIA63',0,'2021-05-11 04:43:50',0,0,NULL,0,NULL,0,0,0,0,NULL,0),
(415,NULL,'INDIA64',0,'2021-05-11 04:43:52',0,0,NULL,0,NULL,0,0,0,0,NULL,0),
(416,NULL,'INDIA65',0,'2021-05-11 04:43:54',0,0,NULL,0,NULL,0,0,0,0,NULL,0),
(417,NULL,'INDIA66',0,'2021-05-11 04:43:56',0,0,NULL,0,NULL,0,0,0,0,NULL,0),
(418,NULL,'INDIA67',0,'2021-05-11 04:43:58',0,0,NULL,0,NULL,0,0,0,0,NULL,0),
(419,NULL,'INDIA68',0,'2021-05-11 04:44:00',0,0,NULL,0,NULL,0,0,0,0,NULL,0),
(420,NULL,'INDIA69',0,'2021-05-11 04:44:02',0,0,NULL,0,NULL,0,0,0,0,NULL,0),
(421,NULL,'INDIA70',0,'2021-05-11 04:44:04',0,0,NULL,0,NULL,0,0,0,0,NULL,0),
(422,NULL,'INDIA71',0,'2021-05-11 04:44:06',0,0,NULL,0,NULL,0,0,0,0,NULL,0),
(423,NULL,'INDIA72',0,'2021-05-11 04:44:08',0,0,NULL,0,NULL,0,0,0,0,NULL,0),
(424,NULL,'INDIA73',0,'2021-05-11 04:44:10',0,0,NULL,0,NULL,0,0,0,0,NULL,0),
(425,NULL,'INDIA74',0,'2021-05-11 04:44:12',0,0,NULL,0,NULL,0,0,0,0,NULL,0),
(426,NULL,'INDIA75',0,'2021-05-11 04:44:14',0,0,NULL,0,NULL,0,0,0,0,NULL,0),
(427,NULL,'INDIA76',0,'2021-05-11 04:44:15',0,0,NULL,0,NULL,0,0,0,0,NULL,0),
(428,NULL,'INDIA77',0,'2021-05-11 04:44:17',0,0,NULL,0,NULL,0,0,0,0,NULL,0),
(429,NULL,'INDIA78',0,'2021-05-11 04:44:19',0,0,NULL,0,NULL,0,0,0,0,NULL,0),
(430,NULL,'INDIA79',0,'2021-05-11 04:44:21',0,0,NULL,0,NULL,0,0,0,0,NULL,0),
(431,NULL,'INDIA80',0,'2021-05-11 04:44:23',0,0,NULL,0,NULL,0,0,0,0,NULL,0),
(432,NULL,'INDIA81',0,'2021-05-11 04:44:25',0,0,NULL,0,NULL,0,0,0,0,NULL,0),
(433,NULL,'INDIA82',0,'2021-05-11 04:44:26',0,0,NULL,0,NULL,0,0,0,0,NULL,0),
(434,NULL,'INDIA83',0,'2021-05-11 04:44:28',0,0,NULL,0,NULL,0,0,0,0,NULL,0),
(435,NULL,'INDIA84',0,'2021-05-11 04:44:30',0,0,NULL,0,NULL,0,0,0,0,NULL,0),
(436,NULL,'INDIA85',0,'2021-05-11 04:44:32',0,0,NULL,0,NULL,0,0,0,0,NULL,0),
(437,NULL,'INDIA86',0,'2021-05-11 04:44:34',0,0,NULL,0,NULL,0,0,0,0,NULL,0),
(438,NULL,'INDIA87',0,'2021-05-11 04:44:36',0,0,NULL,0,NULL,0,0,0,0,NULL,0),
(439,NULL,'INDIA88',0,'2021-05-11 04:44:38',0,0,NULL,0,NULL,0,0,0,0,NULL,0),
(440,NULL,'INDIA89',0,'2021-05-11 04:44:40',0,0,NULL,0,NULL,0,0,0,0,NULL,0),
(441,NULL,'INDIA90',0,'2021-05-11 04:44:41',0,0,NULL,0,NULL,0,0,0,0,NULL,0),
(442,NULL,'INDIA91',0,'2021-05-11 04:44:43',0,0,NULL,0,NULL,0,0,0,0,NULL,0),
(443,NULL,'INDIA92',0,'2021-05-11 04:44:45',0,0,NULL,0,NULL,0,0,0,0,NULL,0),
(444,NULL,'INDIA93',0,'2021-05-11 04:44:48',0,0,NULL,0,NULL,0,0,0,0,NULL,0),
(445,NULL,'INDIA94',0,'2021-05-11 04:44:50',0,0,NULL,0,NULL,0,0,0,0,NULL,0),
(446,NULL,'INDIA95',0,'2021-05-11 04:44:51',0,0,NULL,0,NULL,0,0,0,0,NULL,0),
(447,NULL,'INDIA96',0,'2021-05-11 04:44:53',0,0,NULL,0,NULL,0,0,0,0,NULL,0),
(448,NULL,'INDIA97',0,'2021-05-11 04:44:55',0,0,NULL,0,NULL,0,0,0,0,NULL,0),
(449,NULL,'INDIA98',0,'2021-05-11 04:44:57',0,0,NULL,0,NULL,0,0,0,0,NULL,0),
(450,NULL,'INDIA99',0,'2021-05-11 04:44:59',0,0,NULL,0,NULL,0,0,0,0,NULL,0),
(451,NULL,'INDIA100',0,'2021-05-11 04:45:01',0,0,NULL,0,NULL,0,0,0,0,NULL,0),
(452,NULL,'INDIA101',0,'2021-05-11 04:45:03',0,0,NULL,0,NULL,0,0,0,0,NULL,0),
(453,NULL,'INDIA102',0,'2021-05-11 04:45:05',0,0,NULL,0,NULL,0,0,0,0,NULL,0),
(454,NULL,'INDIA103',0,'2021-05-11 04:45:07',0,0,NULL,0,NULL,0,0,0,0,NULL,0),
(455,NULL,'INDIA104',0,'2021-05-11 04:45:09',0,0,NULL,0,NULL,0,0,0,0,NULL,0),
(456,NULL,'INDIA105',0,'2021-05-11 04:45:11',0,0,NULL,0,NULL,0,0,0,0,NULL,0),
(457,NULL,'INDIA106',0,'2021-05-11 04:45:13',0,0,NULL,0,NULL,0,0,0,0,NULL,0),
(458,NULL,'INDIA107',0,'2021-05-11 04:45:14',0,0,NULL,0,NULL,0,0,0,0,NULL,0),
(459,NULL,'INDIA108',0,'2021-05-11 04:45:16',0,0,NULL,0,NULL,0,0,0,0,NULL,0),
(460,NULL,'INDIA109',0,'2021-05-11 04:45:18',0,0,NULL,0,NULL,0,0,0,0,NULL,0),
(461,NULL,'INDIA110',0,'2021-05-11 04:45:20',0,0,NULL,0,NULL,0,0,0,0,NULL,0),
(462,NULL,'INDIA111',0,'2021-05-11 04:45:22',0,0,NULL,0,NULL,0,0,0,0,NULL,0),
(463,NULL,'INDIA112',0,'2021-05-11 04:45:24',0,0,NULL,0,NULL,0,0,0,0,NULL,0),
(464,NULL,'INDIA113',0,'2021-05-11 04:45:26',0,0,NULL,0,NULL,0,0,0,0,NULL,0),
(465,NULL,'INDIA114',0,'2021-05-11 04:45:27',0,0,NULL,0,NULL,0,0,0,0,NULL,0),
(466,NULL,'INDIA115',0,'2021-05-11 04:45:29',0,0,NULL,0,NULL,0,0,0,0,NULL,0),
(467,NULL,'INDIA116',0,'2021-05-11 04:45:31',0,0,NULL,0,NULL,0,0,0,0,NULL,0),
(468,NULL,'INDIA117',0,'2021-05-11 04:45:33',0,0,NULL,0,NULL,0,0,0,0,NULL,0),
(469,NULL,'INDIA118',0,'2021-05-11 04:45:35',0,0,NULL,0,NULL,0,0,0,0,NULL,0),
(470,NULL,'INDIA119',0,'2021-05-11 04:45:37',0,0,NULL,0,NULL,0,0,0,0,NULL,0),
(471,NULL,'INDIA120',0,'2021-05-11 04:45:39',0,0,NULL,0,NULL,0,0,0,0,NULL,0),
(472,NULL,'INDIA121',0,'2021-05-11 04:45:40',0,0,NULL,0,NULL,0,0,0,0,NULL,0),
(473,NULL,'INDIA122',0,'2021-05-11 04:45:42',0,0,NULL,0,NULL,0,0,0,0,NULL,0),
(474,NULL,'INDIA123',0,'2021-05-11 04:45:44',0,0,NULL,0,NULL,0,0,0,0,NULL,0),
(475,NULL,'INDIA124',0,'2021-05-11 04:45:46',0,0,NULL,0,NULL,0,0,0,0,NULL,0),
(476,NULL,'INDIA125',0,'2021-05-11 04:45:48',0,0,NULL,0,NULL,0,0,0,0,NULL,0),
(477,NULL,'INDIA126',0,'2021-05-11 04:45:49',0,0,NULL,0,NULL,0,0,0,0,NULL,0),
(478,NULL,'INDIA127',0,'2021-05-11 04:45:51',0,0,NULL,0,NULL,0,0,0,0,NULL,0),
(479,NULL,'INDIA128',0,'2021-05-11 04:45:53',0,0,NULL,0,NULL,0,0,0,0,NULL,0),
(480,NULL,'INDIA129',0,'2021-05-11 04:45:55',0,0,NULL,0,NULL,0,0,0,0,NULL,0),
(481,NULL,'INDIA130',0,'2021-05-11 04:45:56',0,0,NULL,0,NULL,0,0,0,0,NULL,0),
(482,NULL,'INDIA131',0,'2021-05-11 04:45:58',0,0,NULL,0,NULL,0,0,0,0,NULL,0),
(483,NULL,'INDIA132',0,'2021-05-11 04:46:00',0,0,NULL,0,NULL,0,0,0,0,NULL,0),
(484,NULL,'INDIA133',0,'2021-05-11 04:46:02',0,0,NULL,0,NULL,0,0,0,0,NULL,0),
(485,NULL,'INDIA134',0,'2021-05-11 04:46:04',0,0,NULL,0,NULL,0,0,0,0,NULL,0),
(486,NULL,'INDIA135',0,'2021-05-11 04:46:06',0,0,NULL,0,NULL,0,0,0,0,NULL,0),
(487,NULL,'INDIA136',0,'2021-05-11 04:46:08',0,0,NULL,0,NULL,0,0,0,0,NULL,0),
(488,NULL,'INDIA137',0,'2021-05-11 04:46:09',0,0,NULL,0,NULL,0,0,0,0,NULL,0),
(489,NULL,'INDIA138',0,'2021-05-11 04:46:11',0,0,NULL,0,NULL,0,0,0,0,NULL,0),
(490,NULL,'INDIA139',0,'2021-05-11 04:46:13',0,0,NULL,0,NULL,0,0,0,0,NULL,0),
(491,NULL,'INDIA140',0,'2021-05-11 04:46:15',0,0,NULL,0,NULL,0,0,0,0,NULL,0),
(492,NULL,'INDIA141',0,'2021-05-11 04:46:17',0,0,NULL,0,NULL,0,0,0,0,NULL,0),
(493,NULL,'INDIA142',0,'2021-05-11 04:46:19',0,0,NULL,0,NULL,0,0,0,0,NULL,0),
(494,NULL,'INDIA143',0,'2021-05-11 04:46:20',0,0,NULL,0,NULL,0,0,0,0,NULL,0),
(495,NULL,'INDIA144',0,'2021-05-11 04:46:22',0,0,NULL,0,NULL,0,0,0,0,NULL,0),
(496,NULL,'INDIA145',0,'2021-05-11 04:46:24',0,0,NULL,0,NULL,0,0,0,0,NULL,0),
(497,NULL,'INDIA146',0,'2021-05-11 04:46:26',0,0,NULL,0,NULL,0,0,0,0,NULL,0),
(498,NULL,'INDIA147',0,'2021-05-11 04:46:28',0,0,NULL,0,NULL,0,0,0,0,NULL,0),
(499,NULL,'INDIA148',0,'2021-05-11 04:46:30',0,0,NULL,0,NULL,0,0,0,0,NULL,0),
(500,NULL,'INDIA149',0,'2021-05-11 04:46:32',0,0,NULL,0,NULL,0,0,0,0,NULL,0),
(501,NULL,'INDIA150',0,'2021-05-11 04:46:34',0,0,NULL,0,NULL,0,0,0,0,NULL,0),
(502,NULL,'INDIA151',0,'2021-05-11 04:46:36',0,0,NULL,0,NULL,0,0,0,0,NULL,0),
(503,NULL,'INDIA152',0,'2021-05-11 04:46:37',0,0,NULL,0,NULL,0,0,0,0,NULL,0),
(504,NULL,'INDIA153',0,'2021-05-11 04:46:39',0,0,NULL,0,NULL,0,0,0,0,NULL,0),
(505,NULL,'INDIA154',0,'2021-05-11 04:46:41',0,0,NULL,0,NULL,0,0,0,0,NULL,0),
(506,NULL,'INDIA155',0,'2021-05-11 04:46:43',0,0,NULL,0,NULL,0,0,0,0,NULL,0),
(507,NULL,'INDIA156',0,'2021-05-11 04:46:45',0,0,NULL,0,NULL,0,0,0,0,NULL,0),
(508,NULL,'INDIA157',0,'2021-05-11 04:46:46',0,0,NULL,0,NULL,0,0,0,0,NULL,0),
(509,NULL,'INDIA158',0,'2021-05-11 04:46:48',0,0,NULL,0,NULL,0,0,0,0,NULL,0),
(510,NULL,'INDIA159',0,'2021-05-11 04:46:50',0,0,NULL,0,NULL,0,0,0,0,NULL,0),
(511,NULL,'INDIA160',0,'2021-05-11 04:46:52',0,0,NULL,0,NULL,0,0,0,0,NULL,0),
(512,NULL,'INDIA161',0,'2021-05-11 04:46:54',0,0,NULL,0,NULL,0,0,0,0,NULL,0),
(513,NULL,'INDIA162',0,'2021-05-11 04:46:56',0,0,NULL,0,NULL,0,0,0,0,NULL,0),
(514,NULL,'INDIA163',0,'2021-05-11 04:46:58',0,0,NULL,0,NULL,0,0,0,0,NULL,0),
(515,NULL,'INDIA164',0,'2021-05-11 04:46:59',0,0,NULL,0,NULL,0,0,0,0,NULL,0),
(516,NULL,'INDIA165',0,'2021-05-11 04:47:01',0,0,NULL,0,NULL,0,0,0,0,NULL,0),
(517,NULL,'INDIA166',0,'2021-05-11 04:47:03',0,0,NULL,0,NULL,0,0,0,0,NULL,0),
(518,NULL,'INDIA167',0,'2021-05-11 04:47:05',0,0,NULL,0,NULL,0,0,0,0,NULL,0),
(519,NULL,'INDIA168',0,'2021-05-11 04:47:07',0,0,NULL,0,NULL,0,0,0,0,NULL,0),
(520,NULL,'INDIA169',0,'2021-05-11 04:47:09',0,0,NULL,0,NULL,0,0,0,0,NULL,0),
(521,NULL,'INDIA170',0,'2021-05-11 04:47:10',0,0,NULL,0,NULL,0,0,0,0,NULL,0),
(522,NULL,'INDIA171',0,'2021-05-11 04:47:12',0,0,NULL,0,NULL,0,0,0,0,NULL,0),
(523,NULL,'INDIA172',0,'2021-05-11 04:47:14',0,0,NULL,0,NULL,0,0,0,0,NULL,0),
(524,NULL,'INDIA173',0,'2021-05-11 04:47:16',0,0,NULL,0,NULL,0,0,0,0,NULL,0),
(525,NULL,'INDIA174',0,'2021-05-11 04:47:17',0,0,NULL,0,NULL,0,0,0,0,NULL,0),
(526,NULL,'INDIA175',0,'2021-05-11 04:47:19',0,0,NULL,0,NULL,0,0,0,0,NULL,0),
(527,NULL,'INDIA176',0,'2021-05-11 04:47:21',0,0,NULL,0,NULL,0,0,0,0,NULL,0),
(528,NULL,'INDIA177',0,'2021-05-11 04:47:23',0,0,NULL,0,NULL,0,0,0,0,NULL,0),
(529,NULL,'INDIA178',0,'2021-05-11 04:47:25',0,0,NULL,0,NULL,0,0,0,0,NULL,0),
(530,NULL,'INDIA179',0,'2021-05-11 04:47:26',0,0,NULL,0,NULL,0,0,0,0,NULL,0),
(531,NULL,'INDIA180',0,'2021-05-11 04:47:28',0,0,NULL,0,NULL,0,0,0,0,NULL,0),
(532,NULL,'INDIA181',0,'2021-05-11 04:47:30',0,0,NULL,0,NULL,0,0,0,0,NULL,0),
(533,NULL,'INDIA182',0,'2021-05-11 04:47:32',0,0,NULL,0,NULL,0,0,0,0,NULL,0),
(534,NULL,'INDIA183',0,'2021-05-11 04:47:34',0,0,NULL,0,NULL,0,0,0,0,NULL,0),
(535,NULL,'INDIA184',0,'2021-05-11 04:47:36',0,0,NULL,0,NULL,0,0,0,0,NULL,0),
(536,NULL,'INDIA185',0,'2021-05-11 04:47:37',0,0,NULL,0,NULL,0,0,0,0,NULL,0),
(537,NULL,'INDIA186',0,'2021-05-11 04:47:39',0,0,NULL,0,NULL,0,0,0,0,NULL,0),
(538,NULL,'INDIA187',0,'2021-05-11 04:47:41',0,0,NULL,0,NULL,0,0,0,0,NULL,0),
(539,NULL,'INDIA188',0,'2021-05-11 04:47:43',0,0,NULL,0,NULL,0,0,0,0,NULL,0),
(540,NULL,'INDIA189',0,'2021-05-11 04:47:45',0,0,NULL,0,NULL,0,0,0,0,NULL,0),
(541,NULL,'INDIA190',0,'2021-05-11 04:47:47',0,0,NULL,0,NULL,0,0,0,0,NULL,0),
(542,NULL,'INDIA191',0,'2021-05-11 04:47:49',0,0,NULL,0,NULL,0,0,0,0,NULL,0),
(543,NULL,'INDIA192',0,'2021-05-11 04:47:51',0,0,NULL,0,NULL,0,0,0,0,NULL,0),
(544,NULL,'INDIA193',0,'2021-05-11 04:47:53',0,0,NULL,0,NULL,0,0,0,0,NULL,0),
(545,NULL,'INDIA194',0,'2021-05-11 04:47:55',0,0,NULL,0,NULL,0,0,0,0,NULL,0),
(546,NULL,'INDIA195',0,'2021-05-11 04:47:57',0,0,NULL,0,NULL,0,0,0,0,NULL,0),
(547,NULL,'INDIA196',0,'2021-05-11 04:47:58',0,0,NULL,0,NULL,0,0,0,0,NULL,0),
(548,NULL,'INDIA197',0,'2021-05-11 04:48:00',0,0,NULL,0,NULL,0,0,0,0,NULL,0),
(549,NULL,'INDIA198',0,'2021-05-11 04:48:02',0,0,NULL,0,NULL,0,0,0,0,NULL,0),
(550,NULL,'INDIA199',0,'2021-05-11 04:48:04',0,0,NULL,0,NULL,0,0,0,0,NULL,0),
(551,NULL,'INDIA200',0,'2021-05-11 04:48:06',0,0,NULL,0,NULL,0,0,0,0,NULL,0),
(552,NULL,'INDIA201',0,'2021-05-11 04:48:08',0,0,NULL,0,NULL,0,0,0,0,NULL,0),
(553,NULL,'INDIA202',0,'2021-05-11 04:48:10',0,0,NULL,0,NULL,0,0,0,0,NULL,0),
(554,NULL,'INDIA203',0,'2021-05-11 04:48:11',0,0,NULL,0,NULL,0,0,0,0,NULL,0),
(555,NULL,'INDIA204',0,'2021-05-11 04:48:13',0,0,NULL,0,NULL,0,0,0,0,NULL,0),
(556,NULL,'INDIA205',0,'2021-05-11 04:48:15',0,0,NULL,0,NULL,0,0,0,0,NULL,0),
(557,NULL,'INDIA206',0,'2021-05-11 04:48:17',0,0,NULL,0,NULL,0,0,0,0,NULL,0),
(558,NULL,'INDIA207',0,'2021-05-11 04:48:19',0,0,NULL,0,NULL,0,0,0,0,NULL,0),
(559,NULL,'INDIA208',0,'2021-05-11 04:48:20',0,0,NULL,0,NULL,0,0,0,0,NULL,0),
(560,NULL,'INDIA209',0,'2021-05-11 04:48:22',0,0,NULL,0,NULL,0,0,0,0,NULL,0),
(561,NULL,'INDIA210',0,'2021-05-11 04:48:24',0,0,NULL,0,NULL,0,0,0,0,NULL,0),
(562,NULL,'INDIA211',0,'2021-05-11 04:48:26',0,0,NULL,0,NULL,0,0,0,0,NULL,0),
(563,NULL,'INDIA212',0,'2021-05-11 04:48:28',0,0,NULL,0,NULL,0,0,0,0,NULL,0),
(564,NULL,'INDIA213',0,'2021-05-11 04:48:29',0,0,NULL,0,NULL,0,0,0,0,NULL,0),
(565,NULL,'INDIA214',0,'2021-05-11 04:48:31',0,0,NULL,0,NULL,0,0,0,0,NULL,0),
(566,NULL,'INDIA215',0,'2021-05-11 04:48:33',0,0,NULL,0,NULL,0,0,0,0,NULL,0),
(567,NULL,'INDIA216',0,'2021-05-11 04:48:35',0,0,NULL,0,NULL,0,0,0,0,NULL,0),
(568,NULL,'INDIA217',0,'2021-05-11 04:48:37',0,0,NULL,0,NULL,0,0,0,0,NULL,0),
(569,NULL,'INDIA218',0,'2021-05-11 04:48:39',0,0,NULL,0,NULL,0,0,0,0,NULL,0),
(570,NULL,'INDIA219',0,'2021-05-11 04:48:41',0,0,NULL,0,NULL,0,0,0,0,NULL,0),
(571,NULL,'INDIA220',0,'2021-05-11 04:48:43',0,0,NULL,0,NULL,0,0,0,0,NULL,0),
(572,NULL,'INDIA221',0,'2021-05-11 04:48:45',0,0,NULL,0,NULL,0,0,0,0,NULL,0),
(573,NULL,'INDIA222',0,'2021-05-11 04:48:48',0,0,NULL,0,NULL,0,0,0,0,NULL,0),
(574,NULL,'INDIA223',0,'2021-05-11 04:48:50',0,0,NULL,0,NULL,0,0,0,0,NULL,0),
(575,NULL,'INDIA224',0,'2021-05-11 04:48:52',0,0,NULL,0,NULL,0,0,0,0,NULL,0),
(576,NULL,'INDIA225',0,'2021-05-11 04:48:53',0,0,NULL,0,NULL,0,0,0,0,NULL,0),
(577,NULL,'INDIA226',0,'2021-05-11 04:48:55',0,0,NULL,0,NULL,0,0,0,0,NULL,0),
(578,NULL,'INDIA227',0,'2021-05-11 04:48:57',0,0,NULL,0,NULL,0,0,0,0,NULL,0),
(579,'A','1',0,'2021-05-12 01:27:03',0,0,NULL,1,'2021-05-12 04:45:45',3,0,0,0,NULL,0),
(580,'B','2',0,'2021-05-12 01:27:03',0,0,NULL,1,'2021-05-12 04:45:58',3,0,0,0,NULL,0),
(581,'C','22',0,'2021-05-12 01:27:03',0,3,'2021-05-20 23:43:38',0,NULL,0,0,0,0,NULL,0),
(582,'D','3',0,'2021-05-12 01:27:03',1,3,'2021-05-15 03:21:18',0,NULL,0,0,0,0,NULL,0),
(583,'E','4',0,'2021-05-12 01:27:03',0,0,NULL,1,'2021-05-12 01:36:05',3,0,0,0,NULL,0),
(584,'F','5',0,'2021-05-12 01:27:03',1,3,'2021-05-15 03:45:51',0,NULL,0,0,0,0,NULL,0),
(585,'G','6',0,'2021-05-12 01:27:03',0,0,NULL,0,NULL,0,0,0,0,NULL,0),
(586,'H','7',0,'2021-05-12 01:27:03',0,0,NULL,0,NULL,0,0,0,0,NULL,0),
(587,'I','8',0,'2021-05-12 01:27:03',0,0,NULL,0,NULL,0,0,0,0,NULL,0),
(588,'J','9',0,'2021-05-12 01:27:03',0,0,NULL,0,NULL,0,0,0,0,NULL,0),
(589,'K','88',0,'2021-05-12 01:27:03',0,0,NULL,0,NULL,0,0,0,0,NULL,0),
(590,'L','11',0,'2021-05-12 01:27:03',0,0,NULL,1,'2021-05-12 04:45:52',3,0,0,0,NULL,0),
(591,'N','33',0,'2021-05-12 01:27:03',1,3,'2021-05-15 03:24:56',0,NULL,0,0,0,0,NULL,0),
(592,'O','44',0,'2021-05-12 01:27:03',1,3,'2021-05-15 03:38:27',0,NULL,0,0,0,0,NULL,0),
(593,'P','55',0,'2021-05-12 01:27:03',1,3,'2021-05-15 03:54:32',0,NULL,0,0,0,0,NULL,0),
(594,'Q','66',0,'2021-05-12 01:27:03',0,0,NULL,0,NULL,0,0,0,0,NULL,0),
(595,'R','77',0,'2021-05-12 01:27:03',0,0,NULL,0,NULL,0,0,0,0,NULL,0),
(596,'V','99',0,'2021-05-12 01:27:03',0,0,NULL,0,NULL,0,0,0,0,NULL,0),
(597,'W','0',0,'2021-05-12 01:27:03',0,0,NULL,1,'2021-05-12 04:45:38',3,0,0,0,NULL,0),
(598,'X','876',0,'2021-05-12 01:27:03',0,0,NULL,0,NULL,0,0,0,0,NULL,0),
(599,'Y','543',0,'2021-05-12 01:27:03',1,3,'2021-05-15 03:49:19',0,NULL,0,0,0,0,NULL,0),
(600,'Z','23',0,'2021-05-12 01:27:03',1,3,'2021-05-15 02:04:27',0,NULL,0,0,0,0,NULL,0),
(601,'DD','56',0,'2021-05-12 01:27:03',1,3,'2021-05-20 08:53:46',0,NULL,0,0,0,0,NULL,0),
(602,'FF','788',0,'2021-05-12 01:27:03',0,0,NULL,0,NULL,0,0,0,0,NULL,0),
(603,'HH','34',0,'2021-05-12 01:27:03',1,3,'2021-05-15 03:27:19',0,NULL,0,0,0,0,NULL,0),
(604,NULL,'COUNTRY1',0,'2021-05-12 04:54:11',0,0,NULL,0,NULL,0,0,0,0,NULL,0),
(605,NULL,'COUNTRY2',0,'2021-05-12 04:54:11',0,0,NULL,0,NULL,0,0,0,0,NULL,0),
(606,NULL,'COUNTRY3',0,'2021-05-12 04:54:11',0,0,NULL,0,NULL,0,0,0,0,NULL,0),
(607,NULL,'COUNTRY4',0,'2021-05-12 04:54:11',0,0,NULL,0,NULL,0,0,0,0,NULL,0),
(608,NULL,'COUNTRY5',0,'2021-05-12 04:54:11',0,0,NULL,0,NULL,0,0,0,0,NULL,0),
(609,NULL,'COUNTRY6',0,'2021-05-12 04:54:11',0,0,NULL,0,NULL,0,0,0,0,NULL,0),
(610,NULL,'COUNTRY7',0,'2021-05-12 04:54:11',0,0,NULL,0,NULL,0,0,0,0,NULL,0),
(611,NULL,'COUNTRY8',0,'2021-05-12 04:54:11',0,0,NULL,0,NULL,0,0,0,0,NULL,0),
(612,NULL,'COUNTRY9',0,'2021-05-12 04:54:11',0,0,NULL,0,NULL,0,0,0,0,NULL,0),
(613,NULL,'COUNTRY10',0,'2021-05-12 04:54:11',0,0,NULL,0,NULL,0,0,0,0,NULL,0),
(614,NULL,'COUNTRY11',0,'2021-05-12 04:54:11',0,0,NULL,0,NULL,0,0,0,0,NULL,0),
(615,NULL,'COUNTRY12',0,'2021-05-12 04:54:11',0,0,NULL,0,NULL,0,0,0,0,NULL,0),
(616,NULL,'COUNTRY13',0,'2021-05-12 04:54:11',0,0,NULL,0,NULL,0,0,0,0,NULL,0),
(617,NULL,'COUNTRY14',0,'2021-05-12 04:54:11',0,0,NULL,0,NULL,0,0,0,0,NULL,0),
(618,NULL,'COUNTRY15',0,'2021-05-12 04:54:11',0,0,NULL,0,NULL,0,0,0,0,NULL,0),
(619,NULL,'COUNTRY16',0,'2021-05-12 04:54:11',0,0,NULL,0,NULL,0,0,0,0,NULL,0),
(620,NULL,'COUNTRY17',0,'2021-05-12 04:54:11',0,0,NULL,0,NULL,0,0,0,0,NULL,0),
(621,NULL,'COUNTRY18',0,'2021-05-12 04:54:11',0,0,NULL,0,NULL,0,0,0,0,NULL,0),
(622,NULL,'COUNTRY19',0,'2021-05-12 04:54:12',0,0,NULL,0,NULL,0,0,0,0,NULL,0),
(623,NULL,'COUNTRY20',0,'2021-05-12 04:54:12',0,0,NULL,0,NULL,0,0,0,0,NULL,0),
(624,NULL,'COUNTRY21',0,'2021-05-12 04:54:12',0,0,NULL,0,NULL,0,0,0,0,NULL,0),
(625,NULL,'COUNTRY22',0,'2021-05-12 04:54:12',0,0,NULL,0,NULL,0,0,0,0,NULL,0),
(626,NULL,'COUNTRY23',0,'2021-05-12 04:54:12',0,0,NULL,0,NULL,0,0,0,0,NULL,0),
(627,NULL,'COUNTRY24',0,'2021-05-12 04:54:12',0,0,NULL,0,NULL,0,0,0,0,NULL,0),
(628,NULL,'COUNTRY25',0,'2021-05-12 04:54:12',0,0,NULL,0,NULL,0,0,0,0,NULL,0),
(629,NULL,'COUNTRY26',0,'2021-05-12 04:54:12',0,0,NULL,0,NULL,0,0,0,0,NULL,0),
(630,NULL,'COUNTRY27',0,'2021-05-12 04:54:12',0,0,NULL,0,NULL,0,0,0,0,NULL,0),
(631,NULL,'COUNTRY28',0,'2021-05-12 04:54:12',0,0,NULL,0,NULL,0,0,0,0,NULL,0),
(632,NULL,'COUNTRY29',0,'2021-05-12 04:54:12',0,0,NULL,0,NULL,0,0,0,0,NULL,0),
(633,NULL,'COUNTRY30',0,'2021-05-12 04:54:12',0,0,NULL,0,NULL,0,0,0,0,NULL,0),
(634,NULL,'CONTRY1',0,'2021-05-12 04:59:34',1,3,'2021-05-16 23:40:57',0,NULL,0,0,0,0,NULL,0),
(635,NULL,'CONTRY2',0,'2021-05-12 04:59:34',0,0,NULL,0,NULL,0,0,0,0,NULL,0),
(636,NULL,'CONTRY3',0,'2021-05-12 04:59:34',0,0,NULL,0,NULL,0,0,0,0,NULL,0),
(637,NULL,'CONTRY4',0,'2021-05-12 04:59:34',0,0,NULL,0,NULL,0,0,0,0,NULL,0),
(638,NULL,'CONTRY5',0,'2021-05-12 04:59:34',0,0,NULL,0,NULL,0,0,0,0,NULL,0),
(639,NULL,'CONTRY6',0,'2021-05-12 04:59:34',0,0,NULL,0,NULL,0,0,0,0,NULL,0),
(640,NULL,'CONTRY7',0,'2021-05-12 04:59:34',0,0,NULL,0,NULL,0,0,0,0,NULL,0),
(641,NULL,'CONTRY8',0,'2021-05-12 04:59:34',0,0,NULL,0,NULL,0,0,0,0,NULL,0),
(642,NULL,'CONTRY9',0,'2021-05-12 04:59:34',0,0,NULL,0,NULL,0,0,0,0,NULL,0),
(643,NULL,'CONTRY10',0,'2021-05-12 04:59:34',0,0,NULL,0,NULL,0,0,0,0,NULL,0),
(644,NULL,'CONTRY11',0,'2021-05-12 04:59:34',0,0,NULL,0,NULL,0,0,0,0,NULL,0),
(645,NULL,'CONTRY12',0,'2021-05-12 04:59:34',0,0,NULL,0,NULL,0,0,0,0,NULL,0),
(646,NULL,'CONTRY13',0,'2021-05-12 04:59:34',0,0,NULL,0,NULL,0,0,0,0,NULL,0),
(647,NULL,'CONTRY14',0,'2021-05-12 04:59:34',0,0,NULL,0,NULL,0,0,0,0,NULL,0),
(648,NULL,'CONTRY15',0,'2021-05-12 04:59:34',0,0,NULL,0,NULL,0,0,0,0,NULL,0),
(649,NULL,'CONTRY16',0,'2021-05-12 04:59:34',0,0,NULL,0,NULL,0,0,0,0,NULL,0),
(650,NULL,'CONTRY17',0,'2021-05-12 04:59:34',0,0,NULL,0,NULL,0,0,0,0,NULL,0),
(651,NULL,'CONTRY18',0,'2021-05-12 04:59:34',0,0,NULL,0,NULL,0,0,0,0,NULL,0),
(652,NULL,'CONTRY19',0,'2021-05-12 04:59:34',0,0,NULL,0,NULL,0,0,0,0,NULL,0),
(653,NULL,'CONTRY20',0,'2021-05-12 04:59:34',0,0,NULL,0,NULL,0,0,0,0,NULL,0),
(654,NULL,'CONTRY21',0,'2021-05-12 04:59:34',0,0,NULL,0,NULL,0,0,0,0,NULL,0),
(655,NULL,'CONTRY22',0,'2021-05-12 04:59:34',0,0,NULL,0,NULL,0,0,0,0,NULL,0),
(656,NULL,'CONTRY23',0,'2021-05-12 04:59:34',0,0,NULL,0,NULL,0,0,0,0,NULL,0),
(657,NULL,'CONTRY24',0,'2021-05-12 04:59:34',0,0,NULL,0,NULL,0,0,0,0,NULL,0),
(658,NULL,'CONTRY25',0,'2021-05-12 04:59:34',0,0,NULL,0,NULL,0,0,0,0,NULL,0),
(659,NULL,'CONTRY26',0,'2021-05-12 04:59:34',0,0,NULL,0,NULL,0,0,0,0,NULL,0),
(660,NULL,'CONTRY27',0,'2021-05-12 04:59:34',0,0,NULL,0,NULL,0,0,0,0,NULL,0),
(661,NULL,'CONTRY28',0,'2021-05-12 04:59:34',0,0,NULL,0,NULL,0,0,0,0,NULL,0),
(662,NULL,'CONTRY29',0,'2021-05-12 04:59:35',0,0,NULL,0,NULL,0,0,0,0,NULL,0),
(663,NULL,'CONTRY30',0,'2021-05-12 04:59:35',0,0,NULL,0,NULL,0,0,0,0,NULL,0),
(664,NULL,'COUNTRYNAME40',0,'2021-05-12 05:03:38',0,0,NULL,0,NULL,0,0,0,0,NULL,0),
(665,NULL,'COUNTRYNAME2',0,'2021-05-12 05:03:38',0,0,NULL,0,NULL,0,0,0,0,NULL,0),
(666,NULL,'COUNTRYNAME3',0,'2021-05-12 05:03:38',0,0,NULL,0,NULL,0,0,0,0,NULL,0),
(667,NULL,'COUNTRYNAME4',0,'2021-05-12 05:03:38',0,0,NULL,0,NULL,0,0,0,0,NULL,0),
(668,NULL,'COUNTRYNAME5',0,'2021-05-12 05:03:39',0,0,NULL,0,NULL,0,0,0,0,NULL,0),
(669,NULL,'COUNTRYNAME6',0,'2021-05-12 05:03:39',0,0,NULL,0,NULL,0,0,0,0,NULL,0),
(670,NULL,'COUNTRYNAME7',0,'2021-05-12 05:03:39',0,0,NULL,0,NULL,0,0,0,0,NULL,0),
(671,NULL,'COUNTRYNAME8',0,'2021-05-12 05:03:39',0,0,NULL,0,NULL,0,0,0,0,NULL,0),
(672,NULL,'COUNTRYNAME9',0,'2021-05-12 05:03:39',0,0,NULL,0,NULL,0,0,0,0,NULL,0),
(673,NULL,'COUNTRYNAME10',0,'2021-05-12 05:03:39',0,0,NULL,0,NULL,0,0,0,0,NULL,0),
(674,NULL,'COUNTRYNAME11',0,'2021-05-12 05:03:39',0,0,NULL,0,NULL,0,0,0,0,NULL,0),
(675,NULL,'COUNTRYNAME12',0,'2021-05-12 05:03:39',0,0,NULL,0,NULL,0,0,0,0,NULL,0),
(676,NULL,'COUNTRYNAME13',0,'2021-05-12 05:03:39',0,0,NULL,0,NULL,0,0,0,0,NULL,0),
(677,NULL,'COUNTRYNAME14',0,'2021-05-12 05:03:39',0,0,NULL,0,NULL,0,0,0,0,NULL,0),
(678,NULL,'COUNTRYNAME15',0,'2021-05-12 05:03:39',0,0,NULL,0,NULL,0,0,0,0,NULL,0),
(679,NULL,'COUNTRYNAME16',0,'2021-05-12 05:03:39',0,0,NULL,0,NULL,0,0,0,0,NULL,0),
(680,NULL,'COUNTRYNAME17',0,'2021-05-12 05:03:39',0,0,NULL,0,NULL,0,0,0,0,NULL,0),
(681,NULL,'COUNTRYNAME18',0,'2021-05-12 05:03:39',0,0,NULL,0,NULL,0,0,0,0,NULL,0),
(682,NULL,'COUNTRYNAME19',0,'2021-05-12 05:03:39',0,0,NULL,0,NULL,0,0,0,0,NULL,0),
(683,NULL,'COUNTRYNAME20',0,'2021-05-12 05:03:39',0,0,NULL,0,NULL,0,0,0,0,NULL,0),
(684,NULL,'COUNTRYNAME21',0,'2021-05-12 05:03:39',0,0,NULL,0,NULL,0,0,0,0,NULL,0),
(685,NULL,'COUNTRYNAME22',0,'2021-05-12 05:03:39',0,0,NULL,0,NULL,0,0,0,0,NULL,0),
(686,NULL,'COUNTRYNAME23',0,'2021-05-12 05:03:39',0,0,NULL,0,NULL,0,0,0,0,NULL,0),
(687,NULL,'COUNTRYNAME24',0,'2021-05-12 05:03:39',0,0,NULL,0,NULL,0,0,0,0,NULL,0),
(688,NULL,'COUNTRYNAME25',0,'2021-05-12 05:03:39',0,0,NULL,0,NULL,0,0,0,0,NULL,0),
(689,NULL,'COUNTRYNAME26',0,'2021-05-12 05:03:39',0,0,NULL,0,NULL,0,0,0,0,NULL,0),
(690,NULL,'COUNTRYNAME27',0,'2021-05-12 05:03:39',0,0,NULL,0,NULL,0,0,0,0,NULL,0),
(691,NULL,'COUNTRYNAME28',0,'2021-05-12 05:03:39',0,0,NULL,0,NULL,0,0,0,0,NULL,0),
(692,NULL,'COUNTRYNAME29',0,'2021-05-12 05:03:39',0,0,NULL,0,NULL,0,0,0,0,NULL,0),
(693,NULL,'COUNTRYNAME30',0,'2021-05-12 05:03:39',0,0,NULL,0,NULL,0,0,0,0,NULL,0),
(694,NULL,'COUNTRYNAME31',0,'2021-05-12 05:03:39',0,0,NULL,0,NULL,0,0,0,0,NULL,0),
(695,NULL,'COUNTRYNAME32',0,'2021-05-12 05:03:39',0,0,NULL,0,NULL,0,0,0,0,NULL,0),
(696,NULL,'COUNTRYNAME33',0,'2021-05-12 05:03:39',0,0,NULL,0,NULL,0,0,0,0,NULL,0),
(697,NULL,'COUNTRYNAME34',0,'2021-05-12 05:03:39',0,0,NULL,0,NULL,0,0,0,0,NULL,0),
(698,NULL,'COUNTRYNAME35',0,'2021-05-12 05:03:39',0,0,NULL,0,NULL,0,0,0,0,NULL,0),
(699,NULL,'COUNTRYNAME36',0,'2021-05-12 05:03:39',0,0,NULL,0,NULL,0,0,0,0,NULL,0),
(700,NULL,'COUNTRYNAME37',0,'2021-05-12 05:03:39',0,0,NULL,0,NULL,0,0,0,0,NULL,0),
(701,NULL,'COUNTRYNAME38',0,'2021-05-12 05:03:39',0,0,NULL,0,NULL,0,0,0,0,NULL,0),
(702,NULL,'COUNTRYNAME39',0,'2021-05-12 05:03:39',0,0,NULL,0,NULL,0,0,0,0,NULL,0),
(703,'HHH','35',3,'2021-05-20 21:43:56',1,3,'2021-05-20 23:27:33',0,NULL,0,0,0,0,NULL,0),
(704,'IND110','India 210',3,'2021-05-23 23:38:40',1,3,'2021-05-23 23:38:56',0,NULL,0,1,3,0,NULL,0),
(705,'NAP001','Napali001',0,'2021-05-23 23:41:39',0,0,NULL,0,NULL,0,0,0,0,NULL,0),
(706,'MM111','Mm',3,'2021-05-23 23:42:38',0,0,NULL,0,NULL,0,0,0,0,NULL,0),
(707,NULL,'PK',0,'2021-05-23 23:46:07',0,0,NULL,0,NULL,0,0,0,0,NULL,0),
(708,'UI','Uiui',3,'2021-05-24 00:12:01',0,0,NULL,0,NULL,0,0,0,0,NULL,0);

/*Table structure for table `m_country_log` */

DROP TABLE IF EXISTS `m_country_log`;

CREATE TABLE `m_country_log` (
  `logId` int(11) NOT NULL AUTO_INCREMENT,
  `countryId` int(11) DEFAULT NULL,
  `countryCode` varchar(10) DEFAULT NULL,
  `countryName` varchar(100) DEFAULT NULL,
  `isApproved` int(11) DEFAULT '0',
  `userId` int(11) DEFAULT NULL,
  `isDeleted` int(11) DEFAULT '0',
  `userAction` varchar(20) DEFAULT NULL,
  `transDate` datetime DEFAULT CURRENT_TIMESTAMP,
  `isActive` tinyint(1) DEFAULT '0',
  PRIMARY KEY (`logId`)
) ENGINE=InnoDB AUTO_INCREMENT=801 DEFAULT CHARSET=utf8mb4;

/*Data for the table `m_country_log` */

insert  into `m_country_log`(`logId`,`countryId`,`countryCode`,`countryName`,`isApproved`,`userId`,`isDeleted`,`userAction`,`transDate`,`isActive`) values 
(1,1,'IN','INDIA',0,10,0,'insert','2020-10-26 18:28:17',0),
(2,1,'IN','INDIA',0,10,0,'update','2020-10-26 18:28:17',0),
(3,1,'IN','INDIA',0,10,0,'delete','2020-10-26 18:28:17',0),
(4,2,'AU','Australia',0,10,0,'insert','2020-10-26 18:29:01',0),
(5,3,'INR','India',0,3,0,'insert','2020-10-27 09:19:34',0),
(6,3,'INR','India',0,3,0,'approve','2020-10-27 09:19:34',0),
(7,2,'AU','Australia',0,10,0,'approve','2020-10-26 18:29:01',0),
(8,3,'INR','India',0,3,0,'update','2020-10-27 09:19:34',0),
(9,1,'AND','ANDORRA',0,NULL,0,'approve','2020-11-10 15:47:11',0),
(10,2,'ARE','UNITED ARAB EMIRATES',0,NULL,0,'approve','2020-11-10 15:47:11',0),
(11,3,'AFG','AFGHANISTAN',0,NULL,0,'approve','2020-11-10 15:47:11',0),
(12,4,'ATG','ANTIGUA AND BARBUDA',0,NULL,0,'approve','2020-11-10 15:47:11',0),
(13,5,'AIA','ANGUILLA',0,NULL,0,'approve','2020-11-10 15:47:11',0),
(14,6,'ALB','ALBANIA',0,NULL,0,'approve','2020-11-10 15:47:11',0),
(15,7,'ARM','ARMENIA',0,NULL,0,'approve','2020-11-10 15:47:11',0),
(16,8,'ANT','NETHERLANDS ANTILLES',0,NULL,0,'approve','2020-11-10 15:47:11',0),
(17,9,'AGO','ANGOLA',0,NULL,0,'approve','2020-11-10 15:47:11',0),
(18,10,'(NULL)','ANTARCTICA',0,NULL,0,'approve','2020-11-10 15:47:11',0),
(19,1,'AND','ANDORRA',1,NULL,0,'approve','2020-11-10 15:47:11',0),
(20,1,'AND','ANDORRA',0,NULL,0,'approve','2020-11-10 15:47:11',0),
(21,1,'AND','ANDORRA',1,NULL,0,'approve','2020-11-10 15:47:11',0),
(22,1,'AND','ANDORRA',0,NULL,0,'approve','2020-11-10 15:47:11',0),
(23,1,'AND','ANDORRA',0,NULL,0,'update','2020-11-10 15:47:11',0),
(24,240,'FF','Rry',0,3,0,'insert','2020-12-10 09:10:45',0),
(25,240,'FF','Rry',0,3,0,'approve','2020-12-10 09:10:45',0),
(26,240,'FF','Rry',0,3,0,'update','2020-12-10 09:10:45',0),
(27,240,'FFRFF','Rry',0,3,0,'delete','2020-12-10 09:10:45',0),
(28,3,'AFG','AFGHANISTAN',1,NULL,0,'approve','2020-11-10 15:47:11',0),
(29,3,'AFG','AFGHANISTAN',0,NULL,0,'update','2020-11-10 15:47:11',0),
(30,241,'A','Ss',0,3,0,'insert','2021-02-13 00:32:16',0),
(31,241,'A','Ss',0,3,0,'delete','2021-02-13 00:32:16',0),
(32,3,'AFG','AFGHANISTAN',0,NULL,0,'approve','2020-11-10 15:47:11',0),
(33,242,'VVVVV','Mmmm',0,3,0,'insert','2021-04-02 10:08:48',0),
(34,242,'VVVVV','Mmmm',0,3,0,'delete','2021-04-02 10:08:48',0),
(35,3,'AFG','AFGHANISTAN',0,NULL,0,'update','2020-11-10 15:47:11',0),
(36,3,'AFG','AFGHANISTAN',0,NULL,0,'update','2020-11-10 15:47:11',0),
(37,3,'AFG','AFGHANISTAN',1,NULL,0,'approve','2020-11-10 15:47:11',0),
(38,3,'AFG','AFGHANISTAN',0,NULL,0,'update','2020-11-10 15:47:11',0),
(39,6,'ALB','ALBANIA',0,NULL,0,'update','2020-11-10 15:47:11',0),
(40,12,'ASM','AMERICAN SAMOA',0,NULL,0,'update','2020-11-10 15:47:11',0),
(41,238,'ZMB','ZAMBIA',0,NULL,0,'update','2020-11-10 15:47:11',0),
(42,3,'AFG','AFGHANISTAN',0,NULL,0,'approve','2020-11-10 15:47:11',0),
(43,231,'VNM','VIET NAM',1,NULL,0,'approve','2020-11-10 15:47:11',0),
(44,231,'VNM','VIET NAM',0,NULL,0,'approve','2020-11-10 15:47:11',0),
(45,3,'AFG','AFGHANISTAN',1,NULL,0,'approve','2020-11-10 15:47:11',0),
(46,3,'AFG','AFGHANISTAN',0,NULL,0,'update','2020-11-10 15:47:11',0),
(47,3,'AFG','AFGHANISTAN',0,NULL,0,'update','2020-11-10 15:47:11',0),
(48,6,'ALB','ALBANIA',0,NULL,0,'update','2020-11-10 15:47:11',0),
(49,4,'ATG','ANTIGUA AND BARBUDA',0,NULL,0,'update','2020-11-10 15:47:11',0),
(50,3,'AFG','AFGHANISTAN',0,NULL,0,'approve','2020-11-10 15:47:11',0),
(51,6,'ALB','ALBANIA',1,NULL,0,'approve','2020-11-10 15:47:11',0),
(52,6,'ALB','ALBANIA',0,NULL,0,'approve','2020-11-10 15:47:11',0),
(53,60,'DZA','ALGERIA',0,NULL,0,'update','2020-11-10 15:47:11',0),
(54,243,'IN','Ind',0,3,0,'insert','2021-04-05 03:52:35',0),
(55,244,'CO','Con',0,3,0,'insert','2021-04-05 03:56:29',0),
(56,245,'C','Cl',0,3,0,'insert','2021-04-05 05:52:14',0),
(57,40,'COG','CONGO',1,NULL,0,'approve','2020-11-10 15:47:11',0),
(58,3,'AFG','AFGHANISTAN',0,NULL,0,'delete','2020-11-10 15:47:11',0),
(59,246,'Y','Hjk',0,3,0,'insert','2021-04-08 05:10:37',0),
(60,247,'90','UNITTED sTATE',0,3,0,'insert','2021-04-09 01:58:38',0),
(61,248,'','',0,3,0,'insert','2021-04-10 03:35:01',0),
(62,249,'Co4','Country4',0,3,0,'insert','2021-04-10 03:51:57',0),
(63,250,'Co2','Country2',0,3,0,'insert','2021-04-10 03:51:57',0),
(64,252,'Co3','Country3',0,3,0,'insert','2021-04-10 05:14:26',0),
(65,250,'Co2','Country2',0,3,0,'delete','2021-04-10 03:51:57',0),
(66,252,'Co3','Country3',0,3,0,'delete','2021-04-10 05:14:26',0),
(67,249,'Co4','Country4',0,3,0,'delete','2021-04-10 03:51:57',0),
(68,253,'Co2','Country2',0,3,0,'insert','2021-04-10 05:16:39',0),
(69,254,'Co3','Country3',0,3,0,'insert','2021-04-10 05:16:43',0),
(70,255,'Co4','Country4',0,3,0,'insert','2021-04-10 05:16:44',0),
(71,253,'Co2','Country2',0,3,0,'delete','2021-04-10 05:16:39',0),
(72,254,'Co3','Country3',0,3,0,'delete','2021-04-10 05:16:43',0),
(73,255,'Co4','Country4',0,3,0,'delete','2021-04-10 05:16:44',0),
(74,248,'','',0,3,0,'delete','2021-04-10 03:35:01',0),
(75,256,'','',0,3,0,'insert','2021-04-10 05:19:33',0),
(76,257,'Co3','Country3',0,3,0,'insert','2021-04-10 05:19:34',0),
(77,258,'Co2','Country2',0,3,0,'insert','2021-04-10 05:19:34',0),
(78,259,'Co4','Country4',0,3,0,'insert','2021-04-10 05:19:34',0),
(79,260,'','',0,3,0,'insert','2021-04-10 05:31:32',0),
(80,261,'Co3','Country3',0,3,0,'insert','2021-04-10 05:31:52',0),
(81,267,'Co2','Country2',0,0,0,'insert','2021-04-10 05:53:12',0),
(82,268,'Co3','Country3',0,0,0,'insert','2021-04-10 05:53:37',0),
(83,269,'Co4','Country4',0,0,0,'insert','2021-04-10 05:53:41',0),
(84,6,'ALB','ALBANIA',0,NULL,0,'delete','2020-11-10 15:47:11',0),
(85,270,'','',0,0,0,'insert','2021-04-12 00:52:38',0),
(86,270,'','',0,0,0,'approve','2021-04-12 00:52:38',0),
(87,270,'','',0,0,0,'delete','2021-04-12 00:52:38',0),
(88,271,'','',0,0,0,'insert','2021-04-12 00:54:21',0),
(89,272,'A','A',0,3,0,'insert','2021-04-12 00:54:55',0),
(90,271,'','',0,0,0,'delete','2021-04-12 00:54:21',0),
(91,272,'A','A',0,3,0,'approve','2021-04-12 00:54:55',0),
(92,272,'A','A',0,3,0,'delete','2021-04-12 00:54:55',0),
(93,273,'A','A',0,3,0,'insert','2021-04-12 00:59:20',0),
(94,274,'AA','Aam',0,3,0,'insert','2021-04-12 01:34:26',0),
(95,275,'T','Tt',0,3,0,'insert','2021-04-12 02:18:59',0),
(96,276,'UAE','Uae',0,3,0,'insert','2021-04-12 02:30:26',0),
(97,277,'RAM','Ram',0,3,0,'insert','2021-04-12 02:32:25',0),
(98,278,NULL,'INDIA1',0,0,0,'insert','2021-04-12 06:14:56',0),
(99,279,NULL,'',0,0,0,'insert','2021-04-12 09:30:34',0),
(100,279,NULL,'',0,0,0,'delete','2021-04-12 09:30:34',0),
(101,280,NULL,'PA',0,0,0,'insert','2021-04-15 00:32:17',0),
(102,281,NULL,'',0,0,0,'insert','2021-04-15 00:33:09',0),
(103,282,'KAPIL','Kapil',0,0,0,'insert','2021-04-15 01:26:17',0),
(104,281,NULL,'',0,0,0,'delete','2021-04-15 00:33:09',0),
(105,283,NULL,'',0,0,0,'insert','2021-04-15 01:35:13',0),
(106,284,NULL,'PAPA',0,0,0,'insert','2021-04-15 01:35:57',0),
(107,285,NULL,'NANA',0,0,0,'insert','2021-04-15 01:39:10',0),
(108,286,'HAPY','Kap',0,0,0,'insert','2021-04-15 02:24:45',0),
(109,287,NULL,'SUNIL',0,0,0,'insert','2021-04-15 04:57:54',0),
(110,288,NULL,'CHACHA',0,0,0,'insert','2021-04-15 05:03:20',0),
(111,289,NULL,'ANITA',0,0,0,'insert','2021-04-15 05:07:16',0),
(112,290,NULL,'RAHUL',0,0,0,'insert','2021-04-15 06:24:47',0),
(113,291,'CUONTRY1','Countrynam2',0,0,0,'insert','2021-04-16 00:53:15',0),
(114,292,'CUONTRY2','Countrynam3',0,0,0,'insert','2021-04-16 00:53:16',0),
(115,293,'CUONTRY3','Countrynam4',0,0,0,'insert','2021-04-16 00:53:17',0),
(116,294,'CUONTRY4','Countrynam5',0,0,0,'insert','2021-04-16 00:53:17',0),
(117,295,'CUONTRY5','Countrynam6',0,0,0,'insert','2021-04-16 00:53:19',0),
(118,296,'CUONTRY6','Countrynam7',0,0,0,'insert','2021-04-16 00:53:19',0),
(119,297,'CUONTRY7','Countrynam8',0,0,0,'insert','2021-04-16 00:53:20',0),
(120,298,'001','WULARIYA',0,3,0,'insert','2021-04-16 01:31:56',0),
(121,298,'001','WULARIYA',0,3,0,'update','2021-04-16 01:31:56',0),
(122,298,'001','LOS ANGELES',0,3,0,'approve','2021-04-16 01:31:56',0),
(123,298,'001','LOS ANGELES',1,3,0,'approve','2021-04-16 01:31:56',0),
(124,298,'001','LOS ANGELES',0,3,0,'delete','2021-04-16 01:31:56',0),
(125,302,'1','LOS ANGELES',0,0,0,'insert','2021-04-16 01:39:32',0),
(126,302,'1','LOS ANGELES',0,0,0,'delete','2021-04-16 01:39:32',0),
(127,303,'1','LOS ANGELES',0,0,0,'insert','2021-04-16 01:41:34',0),
(128,303,'1','LOS ANGELES',0,0,0,'update','2021-04-16 01:41:34',0),
(129,304,'02158','WULGARIYA',0,3,0,'insert','2021-04-16 02:16:07',0),
(130,305,NULL,'LOSS ANGELES',0,0,0,'insert','2021-04-16 02:29:54',0),
(131,305,NULL,'LOSS ANGELES',0,0,0,'delete','2021-04-16 02:29:54',0),
(132,303,'001','LOS ANGELES',0,0,0,'delete','2021-04-16 01:41:34',0),
(133,308,NULL,'WULARIYA',0,0,0,'insert','2021-04-16 02:54:14',0),
(134,309,NULL,'SA',0,0,0,'insert','2021-04-16 05:11:58',0),
(135,317,'1254','LOS ANGELES',0,0,0,'insert','2021-04-16 08:02:02',0),
(136,317,'1254','LOS ANGELES',0,0,0,'delete','2021-04-16 08:02:02',0),
(137,318,'ANGELES','LOS ANGELES',0,0,0,'insert','2021-04-16 08:03:44',0),
(138,318,'ANGELES','LOS ANGELES',0,0,0,'update','2021-04-16 08:03:44',0),
(139,319,NULL,'KADTHMAMDU',0,0,0,'insert','2021-04-17 00:50:48',0),
(140,320,NULL,'VIPIN',0,0,0,'insert','2021-04-17 02:31:10',0),
(141,283,NULL,'',0,0,0,'delete','2021-04-15 01:35:13',0),
(142,273,'A','A',0,3,0,'update','2021-04-12 00:59:20',0),
(143,273,'lion','A',0,3,0,'update','2021-04-12 00:59:20',0),
(144,273,'tigeer','',0,3,0,'update','2021-04-12 00:59:20',0),
(145,273,'lion','Click to edit',0,3,0,'update','2021-04-12 00:59:20',0),
(146,273,'lion','Click to edit',0,3,0,'update','2021-04-12 00:59:20',0),
(147,274,'AA','Aam',0,3,0,'update','2021-04-12 01:34:26',0),
(148,273,'lion','Click to edit',0,3,0,'update','2021-04-12 00:59:20',0),
(149,274,'AA','Aam',0,3,0,'update','2021-04-12 01:34:26',0),
(150,274,'AA','Aam',0,3,0,'update','2021-04-12 01:34:26',0),
(151,274,'AA55','Aam',0,3,0,'update','2021-04-12 01:34:26',0),
(152,274,'AA55','Aam',0,3,0,'update','2021-04-12 01:34:26',0),
(153,274,'AA55','Aam',0,3,0,'approve','2021-04-12 01:34:26',0),
(154,274,'AA55','Aam',1,3,0,'approve','2021-04-12 01:34:26',0),
(155,274,'AA55','Aam',0,3,0,'update','2021-04-12 01:34:26',0),
(156,274,'7u7u7','Aam',0,3,0,'update','2021-04-12 01:34:26',0),
(157,274,'7u7u7','Aam',0,3,0,'update','2021-04-12 01:34:26',0),
(158,274,'7u7u7','Aam',0,3,0,'update','2021-04-12 01:34:26',0),
(159,274,'7u7u7','Aam',0,3,0,'update','2021-04-12 01:34:26',0),
(160,274,'7u7u7','Aam',0,3,0,'update','2021-04-12 01:34:26',0),
(161,274,'7u7u7','Aam',0,3,0,'update','2021-04-12 01:34:26',0),
(162,274,'7u7u7','Aam',0,3,0,'update','2021-04-12 01:34:26',0),
(163,274,'7u7u7','Aam',0,3,0,'update','2021-04-12 01:34:26',0),
(164,274,'7u7u7','Aam',0,3,0,'update','2021-04-12 01:34:26',0),
(165,274,'7u7u7','Aam',0,3,0,'update','2021-04-12 01:34:26',0),
(166,274,'7u7u7','Aam',0,3,0,'update','2021-04-12 01:34:26',0),
(167,274,'Aam','',0,3,0,'update','2021-04-12 01:34:26',0),
(168,274,'Aam','',0,3,0,'update','2021-04-12 01:34:26',0),
(169,274,'Aam','',0,3,0,'update','2021-04-12 01:34:26',0),
(170,274,'Aam','',0,3,0,'update','2021-04-12 01:34:26',0),
(171,274,'jgh','',0,3,0,'update','2021-04-12 01:34:26',0),
(172,274,'jgh','',0,3,0,'update','2021-04-12 01:34:26',0),
(173,274,'jgh','',0,3,0,'update','2021-04-12 01:34:26',0),
(174,274,'jgh','',0,3,0,'update','2021-04-12 01:34:26',0),
(175,274,'jgh','',0,3,0,'update','2021-04-12 01:34:26',0),
(176,274,'jgh','',0,3,0,'update','2021-04-12 01:34:26',0),
(177,274,'jgh','',0,3,0,'update','2021-04-12 01:34:26',0),
(178,274,'jgh','',0,3,0,'update','2021-04-12 01:34:26',0),
(179,274,'uhhhu','',0,3,0,'update','2021-04-12 01:34:26',0),
(180,274,'jhjhj','',0,3,0,'update','2021-04-12 01:34:26',0),
(181,274,'gfgfg','',0,3,0,'delete','2021-04-12 01:34:26',0),
(182,60,'DZA','ALGERIA',0,NULL,0,'update','2020-11-10 15:47:11',0),
(185,60,'DZAjjj','ALGERIA',0,NULL,0,'update','2020-11-10 15:47:11',0),
(186,60,'trtttttt','',0,NULL,0,'update','2020-11-10 15:47:11',0),
(187,10,'(NULL)','ANTARCTICA',0,NULL,0,'update','2020-11-10 15:47:11',0),
(188,10,'kkkkkkk','ANTARCTICA',0,NULL,0,'update','2020-11-10 15:47:11',0),
(189,60,'uyuuyyuyu','',0,NULL,0,'update','2020-11-10 15:47:11',0),
(190,12,'ASM','AMERICAN SAMOA',0,NULL,0,'update','2020-11-10 15:47:11',0),
(191,12,'AAADDD','AMERICAN SAMOA',0,NULL,0,'update','2020-11-10 15:47:11',0),
(192,NULL,NULL,NULL,0,0,0,'insert','2021-04-22 09:50:25',0),
(193,NULL,NULL,NULL,0,0,0,'insert','2021-04-22 09:51:43',0),
(194,NULL,NULL,NULL,0,0,0,'insert','2021-04-22 10:10:38',0),
(195,NULL,NULL,NULL,0,0,0,'insert','2021-04-22 10:12:31',0),
(196,NULL,NULL,NULL,0,0,0,'insert','2021-04-22 10:14:23',0),
(197,289,NULL,'ANITA',0,0,0,'update','2021-04-15 05:07:16',0),
(198,151,'MYS','MALAYSIA',0,NULL,0,'update','2020-11-10 15:47:11',0),
(199,151,'uhuuuuuu','indiaa',0,NULL,0,'update','2020-11-10 15:47:11',0),
(200,15,'ABW','ARUBA',0,NULL,0,'update','2020-11-10 15:47:11',0),
(201,15,'2020','pundit',0,NULL,0,'update','2020-11-10 15:47:11',0),
(202,288,NULL,'CHACHA',0,0,0,'update','2021-04-15 05:03:20',0),
(203,288,NULL,'CHACHA',0,0,0,'update','2021-04-15 05:03:20',0),
(204,243,'IN','Ind',0,3,0,'update','2021-04-05 03:52:35',0),
(205,243,NULL,'Ind',0,3,0,'update','2021-04-05 03:52:35',0),
(206,243,NULL,'Ind',0,3,0,'update','2021-04-05 03:52:35',0),
(207,243,NULL,'Ind',0,3,0,'update','2021-04-05 03:52:35',0),
(208,101,'IND','INDIA',0,NULL,0,'update','2020-11-10 15:47:11',0),
(209,101,NULL,'INDIA',0,NULL,0,'update','2020-11-10 15:47:11',0),
(210,101,NULL,'INDIA',0,NULL,0,'update','2020-11-10 15:47:11',0),
(211,151,'uhuuuuuu','indiaajjjj',0,NULL,0,'update','2020-11-10 15:47:11',0),
(212,151,NULL,'indiaajjjj',0,NULL,0,'update','2020-11-10 15:47:11',0),
(213,151,NULL,'indiaajjjj',0,NULL,0,'update','2020-11-10 15:47:11',0),
(214,288,NULL,'olllllllll',0,0,0,'update','2021-04-15 05:03:20',0),
(215,288,NULL,'olllllllll',0,0,0,'update','2021-04-15 05:03:20',0),
(217,289,'SUNFF','shinghamm',0,0,0,'update','2021-04-15 05:07:16',0),
(218,180,'QAT','QATAR',0,NULL,0,'update','2020-11-10 15:47:11',0),
(219,277,'RAM','Ram',0,3,0,'update','2021-04-12 02:32:25',0),
(220,289,'SUNFF','shinghammiii',0,0,0,'update','2021-04-15 05:07:16',0),
(221,289,NULL,'shinghammiii',0,0,0,'update','2021-04-15 05:07:16',0),
(222,101,NULL,'INDIA',0,NULL,0,'update','2020-11-10 15:47:11',0),
(223,320,NULL,'VIPIN',0,0,0,'update','2021-04-17 02:31:10',0),
(224,320,NULL,'VIPIN kk',0,0,0,'update','2021-04-17 02:31:10',0),
(225,320,NULL,'VIPIN kkss',0,0,0,'update','2021-04-17 02:31:10',0),
(226,320,NULL,'VIPIN kkssxax',0,0,0,'update','2021-04-17 02:31:10',0),
(227,320,NULL,'VIPIN kkssxax',0,0,0,'update','2021-04-17 02:31:10',0),
(228,320,NULL,'VIPIN iocs',0,0,0,'update','2021-04-17 02:31:10',0),
(229,320,NULL,'VIPIN iocs',0,0,0,'update','2021-04-17 02:31:10',0),
(230,320,NULL,'VIPIN iocs',0,0,0,'update','2021-04-17 02:31:10',0),
(231,320,NULL,'VIPIN iocs',0,0,0,'update','2021-04-17 02:31:10',0),
(232,320,NULL,'VIPIN iocs',0,0,0,'update','2021-04-17 02:31:10',0),
(233,320,NULL,'VIPIN iocs',0,0,0,'update','2021-04-17 02:31:10',0),
(234,320,NULL,'VIPIN 1',0,0,0,'update','2021-04-17 02:31:10',0),
(235,320,NULL,'VIPIN 1',0,0,0,'update','2021-04-17 02:31:10',0),
(236,320,NULL,'VIPIN 1',0,0,0,'update','2021-04-17 02:31:10',0),
(237,320,NULL,'VIPIN 1',0,0,0,'update','2021-04-17 02:31:10',0),
(238,304,'02158','WULGARIYA',0,3,0,'update','2021-04-16 02:16:07',0),
(239,304,NULL,'WULGARIYA',0,3,0,'update','2021-04-16 02:16:07',0),
(240,304,NULL,'WULGARIYA',0,3,0,'update','2021-04-16 02:16:07',0),
(241,304,NULL,'WULGARIYA',0,3,0,'update','2021-04-16 02:16:07',0),
(242,304,NULL,'WULGARIYAfffffrr',0,3,0,'update','2021-04-16 02:16:07',0),
(243,304,NULL,'WULGARIYAfffffrr',0,3,0,'update','2021-04-16 02:16:07',0),
(244,304,NULL,'WULGARIYAfffffrr',0,3,0,'update','2021-04-16 02:16:07',0),
(245,304,NULL,'WULGARIYAfffffrr',0,3,0,'update','2021-04-16 02:16:07',0),
(246,101,NULL,'INDIA',0,NULL,0,'update','2020-11-10 15:47:11',0),
(247,101,NULL,'INDIA',0,NULL,0,'update','2020-11-10 15:47:11',0),
(248,101,NULL,'INDIA',0,NULL,0,'update','2020-11-10 15:47:11',0),
(249,101,NULL,'INDIA',0,NULL,0,'update','2020-11-10 15:47:11',0),
(250,101,NULL,'INDIA',0,NULL,0,'update','2020-11-10 15:47:11',0),
(251,101,NULL,'INDIA',0,NULL,0,'update','2020-11-10 15:47:11',0),
(252,101,NULL,'INDIA',0,NULL,0,'update','2020-11-10 15:47:11',0),
(253,101,NULL,'INDIA',0,NULL,0,'update','2020-11-10 15:47:11',0),
(254,101,NULL,'INDIA',0,NULL,0,'update','2020-11-10 15:47:11',0),
(255,101,NULL,'INDIA',0,NULL,0,'update','2020-11-10 15:47:11',0),
(264,321,NULL,NULL,0,0,0,'delete','2021-04-22 09:50:25',0),
(265,322,NULL,NULL,0,0,0,'delete','2021-04-22 09:51:43',0),
(266,323,NULL,NULL,0,0,0,'delete','2021-04-22 10:10:38',0),
(267,324,NULL,NULL,0,0,0,'delete','2021-04-22 10:12:31',0),
(268,325,NULL,NULL,0,0,0,'delete','2021-04-22 10:14:23',0),
(269,32,'(NULL)','BOUVET ISLAND',0,NULL,0,'delete','2020-11-10 15:47:11',0),
(270,102,'(NULL)','BRITISH INDIAN OCEAN TERRITORY',0,NULL,0,'delete','2020-11-10 15:47:11',0),
(271,52,'(NULL)','CHRISTMAS ISLAND',0,NULL,0,'update','2020-11-10 15:47:11',0),
(272,30,'BHS','BAHAMAS',0,NULL,0,'update','2020-11-10 15:47:11',0),
(273,326,NULL,'INDIA2',0,0,0,'insert','2021-04-24 11:17:40',0),
(274,327,NULL,'INDIA3',0,0,0,'insert','2021-04-24 11:17:40',0),
(275,328,NULL,'INDIA4',0,0,0,'insert','2021-04-24 11:17:40',0),
(276,329,NULL,'INDIA5',0,0,0,'insert','2021-04-24 11:17:40',0),
(277,330,NULL,'INDIA6',0,0,0,'insert','2021-04-24 11:17:40',0),
(278,331,NULL,'INDIA7',0,0,0,'insert','2021-04-24 11:17:40',0),
(279,332,NULL,'INDIA8',0,0,0,'insert','2021-04-24 11:17:40',0),
(280,333,NULL,'INDIA9',0,0,0,'insert','2021-04-24 11:17:40',0),
(281,334,NULL,'INDIA10',0,0,0,'insert','2021-04-24 11:17:40',0),
(282,1,'AND','ANDORRA',0,NULL,0,'update','2020-11-10 15:47:11',0),
(283,335,'ABC0200','Oman1',0,0,0,'insert','2021-04-29 06:01:19',0),
(284,335,'ABC0200','Oman1',0,0,0,'update','2021-04-29 06:01:19',0),
(285,336,NULL,'A',0,0,0,'insert','2021-04-29 06:23:50',0),
(286,337,NULL,'QATAR12',0,0,0,'insert','2021-04-29 06:33:50',0),
(287,338,NULL,'QATAR13',0,0,0,'insert','2021-04-29 06:34:30',0),
(288,339,NULL,'AMERICA',0,0,0,'insert','2021-04-29 06:45:06',0),
(289,340,'AAP','MODI',0,3,0,'insert','2021-05-01 00:47:01',0),
(290,340,'AAP','MODI',0,3,0,'update','2021-05-01 00:47:01',0),
(291,340,'AAP','MODI 1',0,3,0,'approve','2021-05-01 00:47:01',0),
(292,340,'AAP','MODI 1',0,3,0,'delete','2021-05-01 00:47:01',0),
(293,336,NULL,'A',0,0,0,'approve','2021-04-29 06:23:50',0),
(294,336,NULL,'A',0,0,0,'update','2021-04-29 06:23:50',0),
(295,341,'TIN','TINKU',0,0,0,'insert','2021-05-01 00:54:00',0),
(296,341,'TIN','TINKU',0,0,0,'approve','2021-05-01 00:54:00',0),
(297,341,'TIN','TINKU',0,0,0,'update','2021-05-01 00:54:00',0),
(298,336,'AS','A1',1,0,0,'approve','2021-04-29 06:23:50',0),
(299,339,NULL,'AMERICA',0,0,0,'delete','2021-04-29 06:45:06',0),
(300,342,'PAY','Pay1',0,3,0,'insert','2021-05-01 01:17:38',0),
(301,343,NULL,'IND',0,0,0,'insert','2021-05-01 01:24:52',0),
(302,336,'AS','A1',0,0,0,'update','2021-04-29 06:23:50',0),
(303,336,'AS','A1',0,0,0,'update','2021-04-29 06:23:50',0),
(304,344,NULL,'IND121',0,0,0,'insert','2021-05-01 07:08:21',0),
(305,345,'HR','HARYANA',0,3,0,'insert','2021-05-01 07:10:28',0),
(306,346,NULL,'IN',0,0,0,'insert','2021-05-01 07:15:26',0),
(307,347,'IND222','India111',0,3,0,'insert','2021-05-01 08:11:59',0),
(308,348,'HAHA','HAHA',0,3,0,'insert','2021-05-03 01:34:10',0),
(309,1,'AND 1','ANDORRA',1,NULL,0,'approve','2020-11-10 15:47:11',0),
(310,1,'AND 1','ANDORRA',0,NULL,0,'approve','2020-11-10 15:47:11',0),
(311,245,'C','Cl',0,3,0,'delete','2021-04-05 05:52:14',0),
(312,273,'lion','Click to edit',0,3,0,'delete','2021-04-12 00:59:20',0),
(313,37,'(NULL)','COCOS (KEELING) ISLANDS',0,NULL,0,'delete','2020-11-10 15:47:11',0),
(314,267,'Co2','Country2',0,0,0,'delete','2021-04-10 05:53:12',0),
(315,268,'Co3','Country3',0,0,0,'delete','2021-04-10 05:53:37',0),
(316,244,'CO','Con',0,3,0,'delete','2021-04-05 03:56:29',0),
(317,269,'Co4','Country4',0,0,0,'delete','2021-04-10 05:53:41',0),
(318,291,'CUONTRY1','Countrynam2',0,0,0,'delete','2021-04-16 00:53:15',0),
(319,292,'CUONTRY2','Countrynam3',0,0,0,'delete','2021-04-16 00:53:16',0),
(320,293,'CUONTRY3','Countrynam4',0,0,0,'delete','2021-04-16 00:53:17',0),
(321,294,'CUONTRY4','Countrynam5',0,0,0,'delete','2021-04-16 00:53:17',0),
(322,295,'CUONTRY5','Countrynam6',0,0,0,'delete','2021-04-16 00:53:19',0),
(323,296,'CUONTRY6','Countrynam7',0,0,0,'delete','2021-04-16 00:53:19',0),
(324,297,'CUONTRY7','Countrynam8',0,0,0,'delete','2021-04-16 00:53:20',0),
(325,70,'FLK','FALKLAND ISLANDS (MALVINAS)',0,NULL,0,'delete','2020-11-10 15:47:11',0),
(326,72,'FRO','FAROE ISLANDS',0,NULL,0,'delete','2020-11-10 15:47:11',0),
(327,348,'HAHA','HAHA',0,3,0,'delete','2021-05-03 01:34:10',0),
(328,345,'HR','HARYANA',0,3,0,'delete','2021-05-01 07:10:28',0),
(329,93,'(NULL)','HEARD ISLAND AND MCDONALD ISLANDS',0,NULL,0,'delete','2020-11-10 15:47:11',0),
(330,246,'Y','Hjk',0,3,0,'delete','2021-04-08 05:10:37',0),
(331,226,'VAT','HOLY SEE (VATICAN CITY STATE)',0,NULL,0,'delete','2020-11-10 15:47:11',0),
(332,346,NULL,'IN',0,0,0,'delete','2021-05-01 07:15:26',0),
(333,343,NULL,'IND',0,0,0,'delete','2021-05-01 01:24:52',0),
(334,344,NULL,'IND121',0,0,0,'delete','2021-05-01 07:08:21',0),
(335,278,NULL,'INDIA1',0,0,0,'delete','2021-04-12 06:14:56',0),
(336,334,NULL,'INDIA10',0,0,0,'delete','2021-04-24 11:17:40',0),
(337,347,'IND222','India111',0,3,0,'delete','2021-05-01 08:11:59',0),
(338,326,NULL,'INDIA2',0,0,0,'delete','2021-04-24 11:17:40',0),
(339,327,NULL,'INDIA3',0,0,0,'delete','2021-04-24 11:17:40',0),
(340,328,NULL,'INDIA4',0,0,0,'delete','2021-04-24 11:17:40',0),
(341,329,NULL,'INDIA5',0,0,0,'delete','2021-04-24 11:17:40',0),
(342,330,NULL,'INDIA6',0,0,0,'delete','2021-04-24 11:17:40',0),
(343,331,NULL,'INDIA7',0,0,0,'delete','2021-04-24 11:17:40',0),
(344,336,'IN','India78',0,0,0,'delete','2021-04-29 06:23:50',0),
(345,332,NULL,'INDIA8',0,0,0,'delete','2021-04-24 11:17:40',0),
(346,333,NULL,'INDIA9',0,0,0,'delete','2021-04-24 11:17:40',0),
(347,151,NULL,'indiaajjjj',0,NULL,0,'delete','2020-11-10 15:47:11',0),
(348,10,'kkkkkkk','jijijij',0,NULL,0,'delete','2020-11-10 15:47:11',0),
(349,319,NULL,'KADTHMAMDU',0,0,0,'delete','2021-04-17 00:50:48',0),
(350,286,'HAPY','Kap',0,0,0,'delete','2021-04-15 02:24:45',0),
(351,282,'KAPIL','Kapil',0,0,0,'delete','2021-04-15 01:26:17',0),
(352,60,'uyuuyyuyu','kjkjjkjkkjk',0,NULL,0,'delete','2020-11-10 15:47:11',0),
(353,12,'AAADDD','krazy',0,NULL,0,'delete','2020-11-10 15:47:11',0),
(354,318,'021548','LOS ANGELES',0,0,0,'delete','2021-04-16 08:03:44',0),
(355,137,'MKD','MACEDONIA, THE FORMER YUGOSLAV REPUBLIC OF',0,NULL,0,'delete','2020-11-10 15:47:11',0),
(356,143,'MTQ','MARTINIQUE',0,NULL,0,'delete','2020-11-10 15:47:11',0),
(357,236,'(NULL)','MAYOTTE',0,NULL,0,'delete','2020-11-10 15:47:11',0),
(358,285,NULL,'NANA',0,0,0,'delete','2021-04-15 01:39:10',0),
(359,8,'ANT','NETHERLANDS ANTILLES',0,NULL,0,'delete','2020-11-10 15:47:11',0),
(360,163,'NIU','NIUE',0,NULL,0,'delete','2020-11-10 15:47:11',0),
(361,156,'NFK','NORFOLK ISLAND',0,NULL,0,'delete','2020-11-10 15:47:11',0),
(362,142,'MNP','NORTHERN MARIANA ISLANDS',0,NULL,0,'delete','2020-11-10 15:47:11',0),
(363,288,NULL,'olllllllll',0,0,0,'delete','2021-04-15 05:03:20',0),
(364,335,'ABC0200','Oman12',0,0,0,'delete','2021-04-29 06:01:19',0),
(365,280,NULL,'PA',0,0,0,'delete','2021-04-15 00:32:17',0),
(366,176,'(NULL)','PALESTINIAN TERRITORY, OCCUPIED',0,NULL,0,'delete','2020-11-10 15:47:11',0),
(367,284,NULL,'PAPA',0,0,0,'delete','2021-04-15 01:35:57',0),
(368,342,'PAY','Pay1',0,3,0,'delete','2021-05-01 01:17:38',0),
(369,174,'PCN','PITCAIRN',0,NULL,0,'delete','2020-11-10 15:47:11',0),
(370,15,'22222','pundit',0,NULL,0,'delete','2020-11-10 15:47:11',0),
(371,337,NULL,'QATAR12',0,0,0,'delete','2021-04-29 06:33:50',0),
(372,338,NULL,'QATAR13',0,0,0,'delete','2021-04-29 06:34:30',0),
(373,290,NULL,'RAHUL',0,0,0,'delete','2021-04-15 06:24:47',0),
(374,277,NULL,'Ram',0,3,0,'delete','2021-04-12 02:32:25',0),
(375,181,'REU','REUNION',0,NULL,0,'delete','2020-11-10 15:47:11',0),
(376,309,NULL,'SA',0,0,0,'delete','2021-04-16 05:11:58',0),
(377,191,'SHN','SAINT HELENA',0,NULL,0,'delete','2020-11-10 15:47:11',0),
(378,173,'SPM','SAINT PIERRE AND MIQUELON',0,NULL,0,'delete','2020-11-10 15:47:11',0),
(379,49,'(NULL)','SERBIA AND MONTENEGRO',0,NULL,0,'delete','2020-11-10 15:47:11',0),
(380,289,NULL,'shinghammiii',0,0,0,'delete','2021-04-15 05:07:16',0),
(381,87,'(NULL)','SOUTH GEORGIA AND THE SOUTH SANDWICH ISLANDS',0,NULL,0,'delete','2020-11-10 15:47:11',0),
(382,243,NULL,'sumittt',0,3,0,'delete','2021-04-05 03:52:35',0),
(383,287,NULL,'SUNIL',0,0,0,'delete','2021-04-15 04:57:54',0),
(384,193,'SJM','SVALBARD AND JAN MAYEN',0,NULL,0,'delete','2020-11-10 15:47:11',0),
(385,218,'TWN','TAIWAN, PROVINCE OF CHINA',0,NULL,0,'delete','2020-11-10 15:47:11',0),
(386,211,'(NULL)','TIMOR-LESTE',0,NULL,0,'delete','2020-11-10 15:47:11',0),
(387,341,'TIN','TINKU6',0,0,0,'delete','2021-05-01 00:54:00',0),
(388,210,'TKL','TOKELAU',0,NULL,0,'delete','2020-11-10 15:47:11',0),
(389,275,'T','Tt',0,3,0,'delete','2021-04-12 02:18:59',0),
(390,204,'TCA','TURKS AND CAICOS ISLANDS',0,NULL,0,'delete','2020-11-10 15:47:11',0),
(391,276,'UAE','Uae',0,3,0,'delete','2021-04-12 02:30:26',0),
(392,222,'(NULL)','UNITED STATES MINOR OUTLYING ISLANDS',0,NULL,0,'delete','2020-11-10 15:47:11',0),
(393,247,'90','UNITTED sTATE',0,3,0,'delete','2021-04-09 01:58:38',0),
(394,225,'UZB','UZBEKISTAN',0,NULL,0,'delete','2020-11-10 15:47:11',0),
(395,320,NULL,'VIPIN 1',0,0,0,'delete','2021-04-17 02:31:10',0),
(396,229,'VGB','VIRGIN ISLANDS, BRITISH',0,NULL,0,'delete','2020-11-10 15:47:11',0),
(397,230,'VIR','VIRGIN ISLANDS, U.S.',0,NULL,0,'delete','2020-11-10 15:47:11',0),
(398,304,NULL,'WULGARIYAfffffrr',0,3,0,'delete','2021-04-16 02:16:07',0),
(399,1,'AND 1','ANDORRA',1,NULL,0,'approve','2020-11-10 15:47:11',0),
(400,349,NULL,'INDIA1',0,0,0,'insert','2021-05-11 02:49:36',0),
(401,350,NULL,'INDIA2',0,0,0,'insert','2021-05-11 02:49:39',0),
(402,351,NULL,'INDIA3',0,0,0,'insert','2021-05-11 02:49:41',0),
(403,352,NULL,'INDIA4',0,0,0,'insert','2021-05-11 02:49:42',0),
(404,353,NULL,'INDIA5',0,0,0,'insert','2021-05-11 02:49:44',0),
(405,354,NULL,'INDIA6',0,0,0,'insert','2021-05-11 02:49:46',0),
(406,355,NULL,'INDIA7',0,0,0,'insert','2021-05-11 02:49:48',0),
(407,356,NULL,'INDIA8',0,0,0,'insert','2021-05-11 02:49:49',0),
(408,357,NULL,'INDIA9',0,0,0,'insert','2021-05-11 02:49:52',0),
(409,358,NULL,'INDIA10',0,0,0,'insert','2021-05-11 02:49:53',0),
(410,359,NULL,'FDS',0,0,0,'insert','2021-05-11 03:40:32',0),
(411,360,NULL,'FDSF',0,0,0,'insert','2021-05-11 03:40:35',0),
(412,361,NULL,'DSF',0,0,0,'insert','2021-05-11 03:40:37',0),
(413,362,NULL,'INDIA11',0,0,0,'insert','2021-05-11 04:42:16',0),
(414,363,NULL,'INDIA12',0,0,0,'insert','2021-05-11 04:42:17',0),
(415,364,NULL,'INDIA13',0,0,0,'insert','2021-05-11 04:42:19',0),
(416,365,NULL,'INDIA14',0,0,0,'insert','2021-05-11 04:42:21',0),
(417,366,NULL,'INDIA15',0,0,0,'insert','2021-05-11 04:42:23',0),
(418,367,NULL,'INDIA16',0,0,0,'insert','2021-05-11 04:42:25',0),
(419,368,NULL,'INDIA17',0,0,0,'insert','2021-05-11 04:42:26',0),
(420,369,NULL,'INDIA18',0,0,0,'insert','2021-05-11 04:42:28',0),
(421,370,NULL,'INDIA19',0,0,0,'insert','2021-05-11 04:42:30',0),
(422,371,NULL,'INDIA20',0,0,0,'insert','2021-05-11 04:42:32',0),
(423,372,NULL,'INDIA21',0,0,0,'insert','2021-05-11 04:42:34',0),
(424,373,NULL,'INDIA22',0,0,0,'insert','2021-05-11 04:42:36',0),
(425,374,NULL,'INDIA23',0,0,0,'insert','2021-05-11 04:42:37',0),
(426,375,NULL,'INDIA24',0,0,0,'insert','2021-05-11 04:42:39',0),
(427,376,NULL,'INDIA25',0,0,0,'insert','2021-05-11 04:42:41',0),
(428,377,NULL,'INDIA26',0,0,0,'insert','2021-05-11 04:42:43',0),
(429,378,NULL,'INDIA27',0,0,0,'insert','2021-05-11 04:42:44',0),
(430,379,NULL,'INDIA28',0,0,0,'insert','2021-05-11 04:42:46',0),
(431,380,NULL,'INDIA29',0,0,0,'insert','2021-05-11 04:42:48',0),
(432,381,NULL,'INDIA30',0,0,0,'insert','2021-05-11 04:42:50',0),
(433,382,NULL,'INDIA31',0,0,0,'insert','2021-05-11 04:42:52',0),
(434,383,NULL,'INDIA32',0,0,0,'insert','2021-05-11 04:42:53',0),
(435,384,NULL,'INDIA33',0,0,0,'insert','2021-05-11 04:42:55',0),
(436,385,NULL,'INDIA34',0,0,0,'insert','2021-05-11 04:42:57',0),
(437,386,NULL,'INDIA35',0,0,0,'insert','2021-05-11 04:42:59',0),
(438,387,NULL,'INDIA36',0,0,0,'insert','2021-05-11 04:43:01',0),
(439,388,NULL,'INDIA37',0,0,0,'insert','2021-05-11 04:43:03',0),
(440,389,NULL,'INDIA38',0,0,0,'insert','2021-05-11 04:43:05',0),
(441,390,NULL,'INDIA39',0,0,0,'insert','2021-05-11 04:43:06',0),
(442,391,NULL,'INDIA40',0,0,0,'insert','2021-05-11 04:43:08',0),
(443,392,NULL,'INDIA41',0,0,0,'insert','2021-05-11 04:43:10',0),
(444,393,NULL,'INDIA42',0,0,0,'insert','2021-05-11 04:43:12',0),
(445,394,NULL,'INDIA43',0,0,0,'insert','2021-05-11 04:43:13',0),
(446,395,NULL,'INDIA44',0,0,0,'insert','2021-05-11 04:43:15',0),
(447,396,NULL,'INDIA45',0,0,0,'insert','2021-05-11 04:43:17',0),
(448,397,NULL,'INDIA46',0,0,0,'insert','2021-05-11 04:43:19',0),
(449,398,NULL,'INDIA47',0,0,0,'insert','2021-05-11 04:43:21',0),
(450,399,NULL,'INDIA48',0,0,0,'insert','2021-05-11 04:43:22',0),
(451,400,NULL,'INDIA49',0,0,0,'insert','2021-05-11 04:43:24',0),
(452,401,NULL,'INDIA50',0,0,0,'insert','2021-05-11 04:43:26',0),
(453,402,NULL,'INDIA51',0,0,0,'insert','2021-05-11 04:43:28',0),
(454,403,NULL,'INDIA52',0,0,0,'insert','2021-05-11 04:43:30',0),
(455,404,NULL,'INDIA53',0,0,0,'insert','2021-05-11 04:43:32',0),
(456,405,NULL,'INDIA54',0,0,0,'insert','2021-05-11 04:43:33',0),
(457,406,NULL,'INDIA55',0,0,0,'insert','2021-05-11 04:43:35',0),
(458,407,NULL,'INDIA56',0,0,0,'insert','2021-05-11 04:43:37',0),
(459,408,NULL,'INDIA57',0,0,0,'insert','2021-05-11 04:43:39',0),
(460,409,NULL,'INDIA58',0,0,0,'insert','2021-05-11 04:43:41',0),
(461,410,NULL,'INDIA59',0,0,0,'insert','2021-05-11 04:43:43',0),
(462,411,NULL,'INDIA60',0,0,0,'insert','2021-05-11 04:43:45',0),
(463,412,NULL,'INDIA61',0,0,0,'insert','2021-05-11 04:43:47',0),
(464,413,NULL,'INDIA62',0,0,0,'insert','2021-05-11 04:43:49',0),
(465,414,NULL,'INDIA63',0,0,0,'insert','2021-05-11 04:43:50',0),
(466,415,NULL,'INDIA64',0,0,0,'insert','2021-05-11 04:43:52',0),
(467,416,NULL,'INDIA65',0,0,0,'insert','2021-05-11 04:43:54',0),
(468,417,NULL,'INDIA66',0,0,0,'insert','2021-05-11 04:43:56',0),
(469,418,NULL,'INDIA67',0,0,0,'insert','2021-05-11 04:43:58',0),
(470,419,NULL,'INDIA68',0,0,0,'insert','2021-05-11 04:44:00',0),
(471,420,NULL,'INDIA69',0,0,0,'insert','2021-05-11 04:44:02',0),
(472,421,NULL,'INDIA70',0,0,0,'insert','2021-05-11 04:44:04',0),
(473,422,NULL,'INDIA71',0,0,0,'insert','2021-05-11 04:44:06',0),
(474,423,NULL,'INDIA72',0,0,0,'insert','2021-05-11 04:44:08',0),
(475,424,NULL,'INDIA73',0,0,0,'insert','2021-05-11 04:44:10',0),
(476,425,NULL,'INDIA74',0,0,0,'insert','2021-05-11 04:44:12',0),
(477,426,NULL,'INDIA75',0,0,0,'insert','2021-05-11 04:44:14',0),
(478,427,NULL,'INDIA76',0,0,0,'insert','2021-05-11 04:44:15',0),
(479,428,NULL,'INDIA77',0,0,0,'insert','2021-05-11 04:44:17',0),
(480,429,NULL,'INDIA78',0,0,0,'insert','2021-05-11 04:44:19',0),
(481,430,NULL,'INDIA79',0,0,0,'insert','2021-05-11 04:44:21',0),
(482,431,NULL,'INDIA80',0,0,0,'insert','2021-05-11 04:44:23',0),
(483,432,NULL,'INDIA81',0,0,0,'insert','2021-05-11 04:44:25',0),
(484,433,NULL,'INDIA82',0,0,0,'insert','2021-05-11 04:44:26',0),
(485,434,NULL,'INDIA83',0,0,0,'insert','2021-05-11 04:44:28',0),
(486,435,NULL,'INDIA84',0,0,0,'insert','2021-05-11 04:44:30',0),
(487,436,NULL,'INDIA85',0,0,0,'insert','2021-05-11 04:44:32',0),
(488,437,NULL,'INDIA86',0,0,0,'insert','2021-05-11 04:44:34',0),
(489,438,NULL,'INDIA87',0,0,0,'insert','2021-05-11 04:44:36',0),
(490,439,NULL,'INDIA88',0,0,0,'insert','2021-05-11 04:44:38',0),
(491,440,NULL,'INDIA89',0,0,0,'insert','2021-05-11 04:44:40',0),
(492,441,NULL,'INDIA90',0,0,0,'insert','2021-05-11 04:44:41',0),
(493,442,NULL,'INDIA91',0,0,0,'insert','2021-05-11 04:44:43',0),
(494,443,NULL,'INDIA92',0,0,0,'insert','2021-05-11 04:44:45',0),
(495,444,NULL,'INDIA93',0,0,0,'insert','2021-05-11 04:44:48',0),
(496,445,NULL,'INDIA94',0,0,0,'insert','2021-05-11 04:44:50',0),
(497,446,NULL,'INDIA95',0,0,0,'insert','2021-05-11 04:44:51',0),
(498,447,NULL,'INDIA96',0,0,0,'insert','2021-05-11 04:44:53',0),
(499,448,NULL,'INDIA97',0,0,0,'insert','2021-05-11 04:44:55',0),
(500,449,NULL,'INDIA98',0,0,0,'insert','2021-05-11 04:44:57',0),
(501,450,NULL,'INDIA99',0,0,0,'insert','2021-05-11 04:44:59',0),
(502,451,NULL,'INDIA100',0,0,0,'insert','2021-05-11 04:45:01',0),
(503,452,NULL,'INDIA101',0,0,0,'insert','2021-05-11 04:45:03',0),
(504,453,NULL,'INDIA102',0,0,0,'insert','2021-05-11 04:45:05',0),
(505,454,NULL,'INDIA103',0,0,0,'insert','2021-05-11 04:45:07',0),
(506,455,NULL,'INDIA104',0,0,0,'insert','2021-05-11 04:45:09',0),
(507,456,NULL,'INDIA105',0,0,0,'insert','2021-05-11 04:45:11',0),
(508,457,NULL,'INDIA106',0,0,0,'insert','2021-05-11 04:45:13',0),
(509,458,NULL,'INDIA107',0,0,0,'insert','2021-05-11 04:45:14',0),
(510,459,NULL,'INDIA108',0,0,0,'insert','2021-05-11 04:45:16',0),
(511,460,NULL,'INDIA109',0,0,0,'insert','2021-05-11 04:45:18',0),
(512,461,NULL,'INDIA110',0,0,0,'insert','2021-05-11 04:45:20',0),
(513,462,NULL,'INDIA111',0,0,0,'insert','2021-05-11 04:45:22',0),
(514,463,NULL,'INDIA112',0,0,0,'insert','2021-05-11 04:45:24',0),
(515,464,NULL,'INDIA113',0,0,0,'insert','2021-05-11 04:45:26',0),
(516,465,NULL,'INDIA114',0,0,0,'insert','2021-05-11 04:45:27',0),
(517,466,NULL,'INDIA115',0,0,0,'insert','2021-05-11 04:45:29',0),
(518,467,NULL,'INDIA116',0,0,0,'insert','2021-05-11 04:45:31',0),
(519,468,NULL,'INDIA117',0,0,0,'insert','2021-05-11 04:45:33',0),
(520,469,NULL,'INDIA118',0,0,0,'insert','2021-05-11 04:45:35',0),
(521,470,NULL,'INDIA119',0,0,0,'insert','2021-05-11 04:45:37',0),
(522,471,NULL,'INDIA120',0,0,0,'insert','2021-05-11 04:45:39',0),
(523,472,NULL,'INDIA121',0,0,0,'insert','2021-05-11 04:45:40',0),
(524,473,NULL,'INDIA122',0,0,0,'insert','2021-05-11 04:45:42',0),
(525,474,NULL,'INDIA123',0,0,0,'insert','2021-05-11 04:45:44',0),
(526,475,NULL,'INDIA124',0,0,0,'insert','2021-05-11 04:45:46',0),
(527,476,NULL,'INDIA125',0,0,0,'insert','2021-05-11 04:45:48',0),
(528,477,NULL,'INDIA126',0,0,0,'insert','2021-05-11 04:45:49',0),
(529,478,NULL,'INDIA127',0,0,0,'insert','2021-05-11 04:45:51',0),
(530,479,NULL,'INDIA128',0,0,0,'insert','2021-05-11 04:45:53',0),
(531,480,NULL,'INDIA129',0,0,0,'insert','2021-05-11 04:45:55',0),
(532,481,NULL,'INDIA130',0,0,0,'insert','2021-05-11 04:45:56',0),
(533,482,NULL,'INDIA131',0,0,0,'insert','2021-05-11 04:45:58',0),
(534,483,NULL,'INDIA132',0,0,0,'insert','2021-05-11 04:46:00',0),
(535,484,NULL,'INDIA133',0,0,0,'insert','2021-05-11 04:46:02',0),
(536,485,NULL,'INDIA134',0,0,0,'insert','2021-05-11 04:46:04',0),
(537,486,NULL,'INDIA135',0,0,0,'insert','2021-05-11 04:46:06',0),
(538,487,NULL,'INDIA136',0,0,0,'insert','2021-05-11 04:46:08',0),
(539,488,NULL,'INDIA137',0,0,0,'insert','2021-05-11 04:46:09',0),
(540,489,NULL,'INDIA138',0,0,0,'insert','2021-05-11 04:46:11',0),
(541,490,NULL,'INDIA139',0,0,0,'insert','2021-05-11 04:46:13',0),
(542,491,NULL,'INDIA140',0,0,0,'insert','2021-05-11 04:46:15',0),
(543,492,NULL,'INDIA141',0,0,0,'insert','2021-05-11 04:46:17',0),
(544,493,NULL,'INDIA142',0,0,0,'insert','2021-05-11 04:46:19',0),
(545,494,NULL,'INDIA143',0,0,0,'insert','2021-05-11 04:46:20',0),
(546,495,NULL,'INDIA144',0,0,0,'insert','2021-05-11 04:46:22',0),
(547,496,NULL,'INDIA145',0,0,0,'insert','2021-05-11 04:46:24',0),
(548,497,NULL,'INDIA146',0,0,0,'insert','2021-05-11 04:46:26',0),
(549,498,NULL,'INDIA147',0,0,0,'insert','2021-05-11 04:46:28',0),
(550,499,NULL,'INDIA148',0,0,0,'insert','2021-05-11 04:46:30',0),
(551,500,NULL,'INDIA149',0,0,0,'insert','2021-05-11 04:46:32',0),
(552,501,NULL,'INDIA150',0,0,0,'insert','2021-05-11 04:46:34',0),
(553,502,NULL,'INDIA151',0,0,0,'insert','2021-05-11 04:46:36',0),
(554,503,NULL,'INDIA152',0,0,0,'insert','2021-05-11 04:46:37',0),
(555,504,NULL,'INDIA153',0,0,0,'insert','2021-05-11 04:46:39',0),
(556,505,NULL,'INDIA154',0,0,0,'insert','2021-05-11 04:46:41',0),
(557,506,NULL,'INDIA155',0,0,0,'insert','2021-05-11 04:46:43',0),
(558,507,NULL,'INDIA156',0,0,0,'insert','2021-05-11 04:46:45',0),
(559,508,NULL,'INDIA157',0,0,0,'insert','2021-05-11 04:46:46',0),
(560,509,NULL,'INDIA158',0,0,0,'insert','2021-05-11 04:46:48',0),
(561,510,NULL,'INDIA159',0,0,0,'insert','2021-05-11 04:46:50',0),
(562,511,NULL,'INDIA160',0,0,0,'insert','2021-05-11 04:46:52',0),
(563,512,NULL,'INDIA161',0,0,0,'insert','2021-05-11 04:46:54',0),
(564,513,NULL,'INDIA162',0,0,0,'insert','2021-05-11 04:46:56',0),
(565,514,NULL,'INDIA163',0,0,0,'insert','2021-05-11 04:46:58',0),
(566,515,NULL,'INDIA164',0,0,0,'insert','2021-05-11 04:46:59',0),
(567,516,NULL,'INDIA165',0,0,0,'insert','2021-05-11 04:47:01',0),
(568,517,NULL,'INDIA166',0,0,0,'insert','2021-05-11 04:47:03',0),
(569,518,NULL,'INDIA167',0,0,0,'insert','2021-05-11 04:47:05',0),
(570,519,NULL,'INDIA168',0,0,0,'insert','2021-05-11 04:47:07',0),
(571,520,NULL,'INDIA169',0,0,0,'insert','2021-05-11 04:47:09',0),
(572,521,NULL,'INDIA170',0,0,0,'insert','2021-05-11 04:47:10',0),
(573,522,NULL,'INDIA171',0,0,0,'insert','2021-05-11 04:47:12',0),
(574,523,NULL,'INDIA172',0,0,0,'insert','2021-05-11 04:47:14',0),
(575,524,NULL,'INDIA173',0,0,0,'insert','2021-05-11 04:47:16',0),
(576,525,NULL,'INDIA174',0,0,0,'insert','2021-05-11 04:47:17',0),
(577,526,NULL,'INDIA175',0,0,0,'insert','2021-05-11 04:47:19',0),
(578,527,NULL,'INDIA176',0,0,0,'insert','2021-05-11 04:47:21',0),
(579,528,NULL,'INDIA177',0,0,0,'insert','2021-05-11 04:47:23',0),
(580,529,NULL,'INDIA178',0,0,0,'insert','2021-05-11 04:47:25',0),
(581,530,NULL,'INDIA179',0,0,0,'insert','2021-05-11 04:47:26',0),
(582,531,NULL,'INDIA180',0,0,0,'insert','2021-05-11 04:47:28',0),
(583,532,NULL,'INDIA181',0,0,0,'insert','2021-05-11 04:47:30',0),
(584,533,NULL,'INDIA182',0,0,0,'insert','2021-05-11 04:47:32',0),
(585,534,NULL,'INDIA183',0,0,0,'insert','2021-05-11 04:47:34',0),
(586,535,NULL,'INDIA184',0,0,0,'insert','2021-05-11 04:47:36',0),
(587,536,NULL,'INDIA185',0,0,0,'insert','2021-05-11 04:47:37',0),
(588,537,NULL,'INDIA186',0,0,0,'insert','2021-05-11 04:47:39',0),
(589,538,NULL,'INDIA187',0,0,0,'insert','2021-05-11 04:47:41',0),
(590,539,NULL,'INDIA188',0,0,0,'insert','2021-05-11 04:47:43',0),
(591,540,NULL,'INDIA189',0,0,0,'insert','2021-05-11 04:47:45',0),
(592,541,NULL,'INDIA190',0,0,0,'insert','2021-05-11 04:47:47',0),
(593,542,NULL,'INDIA191',0,0,0,'insert','2021-05-11 04:47:49',0),
(594,543,NULL,'INDIA192',0,0,0,'insert','2021-05-11 04:47:51',0),
(595,544,NULL,'INDIA193',0,0,0,'insert','2021-05-11 04:47:53',0),
(596,545,NULL,'INDIA194',0,0,0,'insert','2021-05-11 04:47:55',0),
(597,546,NULL,'INDIA195',0,0,0,'insert','2021-05-11 04:47:57',0),
(598,547,NULL,'INDIA196',0,0,0,'insert','2021-05-11 04:47:58',0),
(599,548,NULL,'INDIA197',0,0,0,'insert','2021-05-11 04:48:00',0),
(600,549,NULL,'INDIA198',0,0,0,'insert','2021-05-11 04:48:02',0),
(601,550,NULL,'INDIA199',0,0,0,'insert','2021-05-11 04:48:04',0),
(602,551,NULL,'INDIA200',0,0,0,'insert','2021-05-11 04:48:06',0),
(603,552,NULL,'INDIA201',0,0,0,'insert','2021-05-11 04:48:08',0),
(604,553,NULL,'INDIA202',0,0,0,'insert','2021-05-11 04:48:10',0),
(605,554,NULL,'INDIA203',0,0,0,'insert','2021-05-11 04:48:11',0),
(606,555,NULL,'INDIA204',0,0,0,'insert','2021-05-11 04:48:13',0),
(607,556,NULL,'INDIA205',0,0,0,'insert','2021-05-11 04:48:15',0),
(608,557,NULL,'INDIA206',0,0,0,'insert','2021-05-11 04:48:17',0),
(609,558,NULL,'INDIA207',0,0,0,'insert','2021-05-11 04:48:19',0),
(610,559,NULL,'INDIA208',0,0,0,'insert','2021-05-11 04:48:20',0),
(611,560,NULL,'INDIA209',0,0,0,'insert','2021-05-11 04:48:22',0),
(612,561,NULL,'INDIA210',0,0,0,'insert','2021-05-11 04:48:24',0),
(613,562,NULL,'INDIA211',0,0,0,'insert','2021-05-11 04:48:26',0),
(614,563,NULL,'INDIA212',0,0,0,'insert','2021-05-11 04:48:28',0),
(615,564,NULL,'INDIA213',0,0,0,'insert','2021-05-11 04:48:29',0),
(616,565,NULL,'INDIA214',0,0,0,'insert','2021-05-11 04:48:31',0),
(617,566,NULL,'INDIA215',0,0,0,'insert','2021-05-11 04:48:33',0),
(618,567,NULL,'INDIA216',0,0,0,'insert','2021-05-11 04:48:35',0),
(619,568,NULL,'INDIA217',0,0,0,'insert','2021-05-11 04:48:37',0),
(620,569,NULL,'INDIA218',0,0,0,'insert','2021-05-11 04:48:39',0),
(621,570,NULL,'INDIA219',0,0,0,'insert','2021-05-11 04:48:41',0),
(622,571,NULL,'INDIA220',0,0,0,'insert','2021-05-11 04:48:43',0),
(623,572,NULL,'INDIA221',0,0,0,'insert','2021-05-11 04:48:45',0),
(624,573,NULL,'INDIA222',0,0,0,'insert','2021-05-11 04:48:48',0),
(625,574,NULL,'INDIA223',0,0,0,'insert','2021-05-11 04:48:50',0),
(626,575,NULL,'INDIA224',0,0,0,'insert','2021-05-11 04:48:52',0),
(627,576,NULL,'INDIA225',0,0,0,'insert','2021-05-11 04:48:53',0),
(628,577,NULL,'INDIA226',0,0,0,'insert','2021-05-11 04:48:55',0),
(629,578,NULL,'INDIA227',0,0,0,'insert','2021-05-11 04:48:57',0),
(630,1,'AND 1','ANDORRA',0,NULL,0,'delete','2020-11-10 15:47:11',0),
(631,9,'AGO','ANGOLA',0,NULL,0,'delete','2020-11-10 15:47:11',0),
(632,5,'AIA','ANGUILLA',0,NULL,0,'delete','2020-11-10 15:47:11',0),
(633,579,'A','1',0,0,0,'insert','2021-05-12 01:27:03',0),
(634,580,'B','2',0,0,0,'insert','2021-05-12 01:27:03',0),
(635,581,'C','22',0,0,0,'insert','2021-05-12 01:27:03',0),
(636,582,'D','3',0,0,0,'insert','2021-05-12 01:27:03',0),
(637,583,'E','4',0,0,0,'insert','2021-05-12 01:27:03',0),
(638,584,'F','5',0,0,0,'insert','2021-05-12 01:27:03',0),
(639,585,'G','6',0,0,0,'insert','2021-05-12 01:27:03',0),
(640,586,'H','7',0,0,0,'insert','2021-05-12 01:27:03',0),
(641,587,'I','8',0,0,0,'insert','2021-05-12 01:27:03',0),
(642,588,'J','9',0,0,0,'insert','2021-05-12 01:27:03',0),
(643,589,'K','88',0,0,0,'insert','2021-05-12 01:27:03',0),
(644,590,'L','11',0,0,0,'insert','2021-05-12 01:27:03',0),
(645,591,'N','33',0,0,0,'insert','2021-05-12 01:27:03',0),
(646,592,'O','44',0,0,0,'insert','2021-05-12 01:27:03',0),
(647,593,'P','55',0,0,0,'insert','2021-05-12 01:27:03',0),
(648,594,'Q','66',0,0,0,'insert','2021-05-12 01:27:03',0),
(649,595,'R','77',0,0,0,'insert','2021-05-12 01:27:03',0),
(650,596,'V','99',0,0,0,'insert','2021-05-12 01:27:03',0),
(651,597,'W','0',0,0,0,'insert','2021-05-12 01:27:03',0),
(652,598,'X','876',0,0,0,'insert','2021-05-12 01:27:03',0),
(653,599,'Y','543',0,0,0,'insert','2021-05-12 01:27:03',0),
(654,600,'Z','23',0,0,0,'insert','2021-05-12 01:27:03',0),
(655,601,'DD','56',0,0,0,'insert','2021-05-12 01:27:03',0),
(656,602,'FF','788',0,0,0,'insert','2021-05-12 01:27:03',0),
(657,603,'HH','34',0,0,0,'insert','2021-05-12 01:27:03',0),
(658,583,'E','4',0,0,0,'delete','2021-05-12 01:27:03',0),
(659,597,'W','0',0,0,0,'delete','2021-05-12 01:27:03',0),
(660,579,'A','1',0,0,0,'delete','2021-05-12 01:27:03',0),
(661,590,'L','11',0,0,0,'delete','2021-05-12 01:27:03',0),
(662,580,'B','2',0,0,0,'delete','2021-05-12 01:27:03',0),
(663,604,NULL,'COUNTRY1',0,0,0,'insert','2021-05-12 04:54:11',0),
(664,605,NULL,'COUNTRY2',0,0,0,'insert','2021-05-12 04:54:11',0),
(665,606,NULL,'COUNTRY3',0,0,0,'insert','2021-05-12 04:54:11',0),
(666,607,NULL,'COUNTRY4',0,0,0,'insert','2021-05-12 04:54:11',0),
(667,608,NULL,'COUNTRY5',0,0,0,'insert','2021-05-12 04:54:11',0),
(668,609,NULL,'COUNTRY6',0,0,0,'insert','2021-05-12 04:54:11',0),
(669,610,NULL,'COUNTRY7',0,0,0,'insert','2021-05-12 04:54:11',0),
(670,611,NULL,'COUNTRY8',0,0,0,'insert','2021-05-12 04:54:11',0),
(671,612,NULL,'COUNTRY9',0,0,0,'insert','2021-05-12 04:54:11',0),
(672,613,NULL,'COUNTRY10',0,0,0,'insert','2021-05-12 04:54:11',0),
(673,614,NULL,'COUNTRY11',0,0,0,'insert','2021-05-12 04:54:11',0),
(674,615,NULL,'COUNTRY12',0,0,0,'insert','2021-05-12 04:54:11',0),
(675,616,NULL,'COUNTRY13',0,0,0,'insert','2021-05-12 04:54:11',0),
(676,617,NULL,'COUNTRY14',0,0,0,'insert','2021-05-12 04:54:11',0),
(677,618,NULL,'COUNTRY15',0,0,0,'insert','2021-05-12 04:54:11',0),
(678,619,NULL,'COUNTRY16',0,0,0,'insert','2021-05-12 04:54:11',0),
(679,620,NULL,'COUNTRY17',0,0,0,'insert','2021-05-12 04:54:11',0),
(680,621,NULL,'COUNTRY18',0,0,0,'insert','2021-05-12 04:54:11',0),
(681,622,NULL,'COUNTRY19',0,0,0,'insert','2021-05-12 04:54:12',0),
(682,623,NULL,'COUNTRY20',0,0,0,'insert','2021-05-12 04:54:12',0),
(683,624,NULL,'COUNTRY21',0,0,0,'insert','2021-05-12 04:54:12',0),
(684,625,NULL,'COUNTRY22',0,0,0,'insert','2021-05-12 04:54:12',0),
(685,626,NULL,'COUNTRY23',0,0,0,'insert','2021-05-12 04:54:12',0),
(686,627,NULL,'COUNTRY24',0,0,0,'insert','2021-05-12 04:54:12',0),
(687,628,NULL,'COUNTRY25',0,0,0,'insert','2021-05-12 04:54:12',0),
(688,629,NULL,'COUNTRY26',0,0,0,'insert','2021-05-12 04:54:12',0),
(689,630,NULL,'COUNTRY27',0,0,0,'insert','2021-05-12 04:54:12',0),
(690,631,NULL,'COUNTRY28',0,0,0,'insert','2021-05-12 04:54:12',0),
(691,632,NULL,'COUNTRY29',0,0,0,'insert','2021-05-12 04:54:12',0),
(692,633,NULL,'COUNTRY30',0,0,0,'insert','2021-05-12 04:54:12',0),
(693,634,NULL,'CONTRY1',0,0,0,'insert','2021-05-12 04:59:34',0),
(694,635,NULL,'CONTRY2',0,0,0,'insert','2021-05-12 04:59:34',0),
(695,636,NULL,'CONTRY3',0,0,0,'insert','2021-05-12 04:59:34',0),
(696,637,NULL,'CONTRY4',0,0,0,'insert','2021-05-12 04:59:34',0),
(697,638,NULL,'CONTRY5',0,0,0,'insert','2021-05-12 04:59:34',0),
(698,639,NULL,'CONTRY6',0,0,0,'insert','2021-05-12 04:59:34',0),
(699,640,NULL,'CONTRY7',0,0,0,'insert','2021-05-12 04:59:34',0),
(700,641,NULL,'CONTRY8',0,0,0,'insert','2021-05-12 04:59:34',0),
(701,642,NULL,'CONTRY9',0,0,0,'insert','2021-05-12 04:59:34',0),
(702,643,NULL,'CONTRY10',0,0,0,'insert','2021-05-12 04:59:34',0),
(703,644,NULL,'CONTRY11',0,0,0,'insert','2021-05-12 04:59:34',0),
(704,645,NULL,'CONTRY12',0,0,0,'insert','2021-05-12 04:59:34',0),
(705,646,NULL,'CONTRY13',0,0,0,'insert','2021-05-12 04:59:34',0),
(706,647,NULL,'CONTRY14',0,0,0,'insert','2021-05-12 04:59:34',0),
(707,648,NULL,'CONTRY15',0,0,0,'insert','2021-05-12 04:59:34',0),
(708,649,NULL,'CONTRY16',0,0,0,'insert','2021-05-12 04:59:34',0),
(709,650,NULL,'CONTRY17',0,0,0,'insert','2021-05-12 04:59:34',0),
(710,651,NULL,'CONTRY18',0,0,0,'insert','2021-05-12 04:59:34',0),
(711,652,NULL,'CONTRY19',0,0,0,'insert','2021-05-12 04:59:34',0),
(712,653,NULL,'CONTRY20',0,0,0,'insert','2021-05-12 04:59:34',0),
(713,654,NULL,'CONTRY21',0,0,0,'insert','2021-05-12 04:59:34',0),
(714,655,NULL,'CONTRY22',0,0,0,'insert','2021-05-12 04:59:34',0),
(715,656,NULL,'CONTRY23',0,0,0,'insert','2021-05-12 04:59:34',0),
(716,657,NULL,'CONTRY24',0,0,0,'insert','2021-05-12 04:59:34',0),
(717,658,NULL,'CONTRY25',0,0,0,'insert','2021-05-12 04:59:34',0),
(718,659,NULL,'CONTRY26',0,0,0,'insert','2021-05-12 04:59:34',0),
(719,660,NULL,'CONTRY27',0,0,0,'insert','2021-05-12 04:59:34',0),
(720,661,NULL,'CONTRY28',0,0,0,'insert','2021-05-12 04:59:34',0),
(721,662,NULL,'CONTRY29',0,0,0,'insert','2021-05-12 04:59:35',0),
(722,663,NULL,'CONTRY30',0,0,0,'insert','2021-05-12 04:59:35',0),
(723,664,NULL,'COUNTRYNAME40',0,0,0,'insert','2021-05-12 05:03:38',0),
(724,665,NULL,'COUNTRYNAME2',0,0,0,'insert','2021-05-12 05:03:38',0),
(725,666,NULL,'COUNTRYNAME3',0,0,0,'insert','2021-05-12 05:03:38',0),
(726,667,NULL,'COUNTRYNAME4',0,0,0,'insert','2021-05-12 05:03:38',0),
(727,668,NULL,'COUNTRYNAME5',0,0,0,'insert','2021-05-12 05:03:39',0),
(728,669,NULL,'COUNTRYNAME6',0,0,0,'insert','2021-05-12 05:03:39',0),
(729,670,NULL,'COUNTRYNAME7',0,0,0,'insert','2021-05-12 05:03:39',0),
(730,671,NULL,'COUNTRYNAME8',0,0,0,'insert','2021-05-12 05:03:39',0),
(731,672,NULL,'COUNTRYNAME9',0,0,0,'insert','2021-05-12 05:03:39',0),
(732,673,NULL,'COUNTRYNAME10',0,0,0,'insert','2021-05-12 05:03:39',0),
(733,674,NULL,'COUNTRYNAME11',0,0,0,'insert','2021-05-12 05:03:39',0),
(734,675,NULL,'COUNTRYNAME12',0,0,0,'insert','2021-05-12 05:03:39',0),
(735,676,NULL,'COUNTRYNAME13',0,0,0,'insert','2021-05-12 05:03:39',0),
(736,677,NULL,'COUNTRYNAME14',0,0,0,'insert','2021-05-12 05:03:39',0),
(737,678,NULL,'COUNTRYNAME15',0,0,0,'insert','2021-05-12 05:03:39',0),
(738,679,NULL,'COUNTRYNAME16',0,0,0,'insert','2021-05-12 05:03:39',0),
(739,680,NULL,'COUNTRYNAME17',0,0,0,'insert','2021-05-12 05:03:39',0),
(740,681,NULL,'COUNTRYNAME18',0,0,0,'insert','2021-05-12 05:03:39',0),
(741,682,NULL,'COUNTRYNAME19',0,0,0,'insert','2021-05-12 05:03:39',0),
(742,683,NULL,'COUNTRYNAME20',0,0,0,'insert','2021-05-12 05:03:39',0),
(743,684,NULL,'COUNTRYNAME21',0,0,0,'insert','2021-05-12 05:03:39',0),
(744,685,NULL,'COUNTRYNAME22',0,0,0,'insert','2021-05-12 05:03:39',0),
(745,686,NULL,'COUNTRYNAME23',0,0,0,'insert','2021-05-12 05:03:39',0),
(746,687,NULL,'COUNTRYNAME24',0,0,0,'insert','2021-05-12 05:03:39',0),
(747,688,NULL,'COUNTRYNAME25',0,0,0,'insert','2021-05-12 05:03:39',0),
(748,689,NULL,'COUNTRYNAME26',0,0,0,'insert','2021-05-12 05:03:39',0),
(749,690,NULL,'COUNTRYNAME27',0,0,0,'insert','2021-05-12 05:03:39',0),
(750,691,NULL,'COUNTRYNAME28',0,0,0,'insert','2021-05-12 05:03:39',0),
(751,692,NULL,'COUNTRYNAME29',0,0,0,'insert','2021-05-12 05:03:39',0),
(752,693,NULL,'COUNTRYNAME30',0,0,0,'insert','2021-05-12 05:03:39',0),
(753,694,NULL,'COUNTRYNAME31',0,0,0,'insert','2021-05-12 05:03:39',0),
(754,695,NULL,'COUNTRYNAME32',0,0,0,'insert','2021-05-12 05:03:39',0),
(755,696,NULL,'COUNTRYNAME33',0,0,0,'insert','2021-05-12 05:03:39',0),
(756,697,NULL,'COUNTRYNAME34',0,0,0,'insert','2021-05-12 05:03:39',0),
(757,698,NULL,'COUNTRYNAME35',0,0,0,'insert','2021-05-12 05:03:39',0),
(758,699,NULL,'COUNTRYNAME36',0,0,0,'insert','2021-05-12 05:03:39',0),
(759,700,NULL,'COUNTRYNAME37',0,0,0,'insert','2021-05-12 05:03:39',0),
(760,701,NULL,'COUNTRYNAME38',0,0,0,'insert','2021-05-12 05:03:39',0),
(761,702,NULL,'COUNTRYNAME39',0,0,0,'insert','2021-05-12 05:03:39',0),
(762,581,'C','22',0,0,0,'approve','2021-05-12 01:27:03',0),
(763,600,'Z','23',0,0,0,'approve','2021-05-12 01:27:03',0),
(764,582,'D','3',0,0,0,'approve','2021-05-12 01:27:03',0),
(765,591,'N','33',0,0,0,'approve','2021-05-12 01:27:03',0),
(766,603,'HH','34',0,0,0,'approve','2021-05-12 01:27:03',0),
(767,592,'O','44',0,0,0,'approve','2021-05-12 01:27:03',0),
(768,584,'F','5',0,0,0,'approve','2021-05-12 01:27:03',0),
(769,599,'Y','543',0,0,0,'approve','2021-05-12 01:27:03',0),
(770,593,'P','55',0,0,0,'approve','2021-05-12 01:27:03',0),
(771,601,'DD','56',0,0,0,'approve','2021-05-12 01:27:03',0),
(772,40,'COG','CONGO',0,NULL,0,'approve','2020-11-10 15:47:11',0),
(773,634,NULL,'CONTRY1',0,0,0,'approve','2021-05-12 04:59:34',0),
(774,581,'C','22',1,0,0,'approve','2021-05-12 01:27:03',0),
(775,601,'DD','56',1,0,0,'approve','2021-05-12 01:27:03',0),
(776,581,'C','22',0,0,0,'approve','2021-05-12 01:27:03',0),
(777,601,'DD','56',0,0,0,'approve','2021-05-12 01:27:03',0),
(778,601,'DD','56',1,0,0,'approve','2021-05-12 01:27:03',0),
(779,601,'DD','56',0,0,0,'approve','2021-05-12 01:27:03',0),
(780,601,'DD','56',1,0,0,'approve','2021-05-12 01:27:03',0),
(781,601,'DD','56',0,0,0,'approve','2021-05-12 01:27:03',0),
(782,17,'BIH','BOSNIA AND HERZEGOVINA',1,NULL,0,'approve','2020-11-10 15:47:11',0),
(783,703,'HHH','35',0,3,0,'insert','2021-05-20 21:43:56',0),
(784,581,'C','22',1,0,0,'approve','2021-05-12 01:27:03',0),
(785,581,'C','22',0,0,0,'approve','2021-05-12 01:27:03',0),
(786,703,'HHH','35',0,3,0,'approve','2021-05-20 21:43:56',0),
(787,581,'C','22',1,0,0,'approve','2021-05-12 01:27:03',0),
(788,703,'HHH','35',1,3,0,'approve','2021-05-20 21:43:56',0),
(789,703,'HHH','35',0,3,0,'approve','2021-05-20 21:43:56',0),
(790,581,'C','22',0,0,0,'approve','2021-05-12 01:27:03',0),
(791,581,'C','22',1,0,0,'approve','2021-05-12 01:27:03',0),
(792,581,'C','22',0,0,0,'approve','2021-05-12 01:27:03',0),
(793,581,'C','22',1,0,0,'approve','2021-05-12 01:27:03',0),
(794,704,'IND110','India 110',0,3,0,'insert','2021-05-23 23:38:40',0),
(795,704,'IND110','India 110',0,3,0,'approve','2021-05-23 23:38:40',0),
(796,704,'IND110','India 110',0,3,0,'update','2021-05-23 23:38:40',0),
(797,705,'NAP001','Napali001',0,0,0,'insert','2021-05-23 23:41:39',0),
(798,706,'MM111','Mm',0,3,0,'insert','2021-05-23 23:42:38',0),
(799,707,NULL,'PK',0,0,0,'insert','2021-05-23 23:46:07',0),
(800,708,'UI','Uiui',0,3,0,'insert','2021-05-24 00:12:01',0);

/*Table structure for table `m_countrycode` */

DROP TABLE IF EXISTS `m_countrycode`;

CREATE TABLE `m_countrycode` (
  `codeId` int(11) NOT NULL AUTO_INCREMENT,
  `countryName` varchar(100) DEFAULT NULL,
  `countryCode` varchar(50) DEFAULT NULL,
  PRIMARY KEY (`codeId`)
) ENGINE=InnoDB AUTO_INCREMENT=781 DEFAULT CHARSET=utf8mb4;

/*Data for the table `m_countrycode` */

insert  into `m_countrycode`(`codeId`,`countryName`,`countryCode`) values 
(549,NULL,'+93'),
(550,NULL,'+355'),
(551,NULL,'+213'),
(552,NULL,'+1-684'),
(553,NULL,'+376'),
(554,NULL,'+244'),
(555,NULL,'+1-264'),
(556,NULL,'+672'),
(557,NULL,'+1-268'),
(558,NULL,'+54'),
(559,NULL,'+374'),
(560,NULL,'+297'),
(561,NULL,'+61'),
(562,NULL,'+43'),
(563,NULL,'+994'),
(564,NULL,'+1-242'),
(565,NULL,'+973'),
(566,NULL,'+880'),
(567,NULL,'+1-246'),
(568,NULL,'+375'),
(569,NULL,'+32'),
(570,NULL,'+501'),
(571,NULL,'+229'),
(572,NULL,'+1-441'),
(573,NULL,'+975'),
(574,NULL,'+591'),
(575,NULL,'+387'),
(576,NULL,'+267'),
(577,NULL,'+55'),
(578,NULL,'+673'),
(579,NULL,'+359'),
(580,NULL,'+226'),
(581,NULL,'+257'),
(582,NULL,'+855'),
(583,NULL,'+237'),
(584,NULL,'+1'),
(585,NULL,'+238'),
(586,NULL,'+1-345'),
(587,NULL,'+236'),
(588,NULL,'+235'),
(589,NULL,'+56'),
(590,NULL,'+86'),
(591,NULL,'+53'),
(592,NULL,'+61'),
(593,NULL,'+57'),
(594,NULL,'+269'),
(595,NULL,'+243'),
(596,NULL,'+242'),
(597,NULL,'+682'),
(598,NULL,'+506'),
(599,NULL,'+225'),
(600,NULL,'+385'),
(601,NULL,'+53'),
(602,NULL,'+357'),
(603,NULL,'+420'),
(604,NULL,'+45'),
(605,NULL,'+253'),
(606,NULL,'+1-767'),
(607,NULL,'+1-809'),
(608,NULL,'+670'),
(609,NULL,'+593 '),
(610,NULL,'+20'),
(611,NULL,'+503'),
(612,NULL,'+240'),
(613,NULL,'+291'),
(614,NULL,'+372'),
(615,NULL,'+251'),
(616,NULL,'+500'),
(617,NULL,'+298'),
(618,NULL,'+679'),
(619,NULL,'+358'),
(620,NULL,'+33'),
(621,NULL,'+594'),
(622,NULL,'+689'),
(623,NULL,'+241'),
(624,NULL,'+220'),
(625,NULL,'+995'),
(626,NULL,'+49'),
(627,NULL,'+233'),
(628,NULL,'+350'),
(630,NULL,'+30'),
(631,NULL,'+299'),
(632,NULL,'+1-473'),
(633,NULL,'+590'),
(634,NULL,'+1-671'),
(635,NULL,'+502'),
(636,NULL,'+224'),
(637,NULL,'+245'),
(638,NULL,'+592'),
(639,NULL,'+509'),
(640,NULL,'+504'),
(641,NULL,'+852'),
(642,NULL,'+36'),
(643,NULL,'+354'),
(644,NULL,'+91'),
(645,NULL,'+62'),
(646,NULL,'+98'),
(647,NULL,'+964'),
(648,NULL,'+353'),
(649,NULL,'+972'),
(650,NULL,'+39'),
(651,NULL,'+1-876'),
(652,NULL,'+81'),
(653,NULL,'+962'),
(654,NULL,'+7'),
(655,NULL,'+254'),
(656,NULL,'+686'),
(657,NULL,'+850'),
(658,NULL,'+82'),
(659,NULL,'+965'),
(660,NULL,'+996'),
(661,NULL,'+856'),
(662,NULL,'+371'),
(663,NULL,'+961'),
(664,NULL,'+266'),
(665,NULL,'+231'),
(666,NULL,'+218'),
(667,NULL,'+423'),
(668,NULL,'+370'),
(669,NULL,'+352'),
(670,NULL,'+853'),
(671,NULL,'+389'),
(672,NULL,'+261'),
(673,NULL,'+265'),
(674,NULL,'+60'),
(675,NULL,'+960'),
(676,NULL,'+223'),
(677,NULL,'+356'),
(678,NULL,'+692'),
(679,NULL,'+596'),
(680,NULL,'+222'),
(681,NULL,'+230'),
(682,NULL,'+269'),
(683,NULL,'+52'),
(684,NULL,'+691'),
(685,NULL,'+373'),
(686,NULL,'+377'),
(687,NULL,'+976'),
(688,NULL,'+1-664'),
(689,NULL,'+212'),
(690,NULL,'+258'),
(691,NULL,'+95'),
(692,NULL,'+264'),
(693,NULL,'+674'),
(694,NULL,'+977'),
(695,NULL,'+31'),
(696,NULL,'+599'),
(697,NULL,'+687'),
(698,NULL,'+64'),
(699,NULL,'+505'),
(700,NULL,'+227'),
(701,NULL,'+234'),
(702,NULL,'+683'),
(703,NULL,'+672'),
(704,NULL,'+1-670'),
(705,NULL,'+47'),
(706,NULL,'+968'),
(707,NULL,'+92'),
(708,NULL,'+680'),
(709,NULL,'+970'),
(710,NULL,'+507'),
(711,NULL,'+675'),
(712,NULL,'+595'),
(713,NULL,'+51'),
(714,NULL,'+63'),
(715,NULL,'+48'),
(716,NULL,'+351'),
(717,NULL,'+1-787'),
(718,NULL,'+974 '),
(719,NULL,'+262'),
(720,NULL,'+40'),
(722,NULL,'+7'),
(723,NULL,'+250'),
(724,NULL,'+290'),
(725,NULL,'+1-869'),
(726,NULL,'+1-758'),
(727,NULL,'+508'),
(728,NULL,'+1-784'),
(729,NULL,'+685'),
(730,NULL,'+378'),
(731,NULL,'+239'),
(732,NULL,'+966'),
(733,NULL,'+221'),
(734,NULL,'+248'),
(735,NULL,'+232'),
(736,NULL,'+65'),
(737,NULL,'+421'),
(738,NULL,'+386'),
(739,NULL,'+677'),
(740,NULL,'+252'),
(741,NULL,'+27'),
(742,NULL,'+34'),
(743,NULL,'+94'),
(744,NULL,'+249'),
(745,NULL,'+597'),
(746,NULL,'+268'),
(747,NULL,'+46'),
(748,NULL,'+41'),
(749,NULL,'+963'),
(750,NULL,'+886'),
(751,NULL,'+992'),
(752,NULL,'+255'),
(753,NULL,'+66'),
(754,NULL,'+690'),
(755,NULL,'+676'),
(756,NULL,'+1-868'),
(757,NULL,'+216'),
(758,NULL,'+90'),
(759,NULL,'+993'),
(760,NULL,'+1-649'),
(761,NULL,'+688'),
(762,NULL,'+256'),
(763,NULL,'+380'),
(764,NULL,'+971'),
(765,NULL,'+44'),
(766,NULL,'+1'),
(767,NULL,'+598'),
(768,NULL,'+998'),
(769,NULL,'+678'),
(770,NULL,'+418'),
(771,NULL,'+58'),
(772,NULL,'+84'),
(773,NULL,'+1-284'),
(774,NULL,'+1-340'),
(775,NULL,'+681'),
(777,NULL,'+967'),
(779,NULL,'+260'),
(780,NULL,'+263');

/*Table structure for table `m_currency` */

DROP TABLE IF EXISTS `m_currency`;

CREATE TABLE `m_currency` (
  `currencyId` int(11) NOT NULL AUTO_INCREMENT,
  `currencyCode` varchar(10) DEFAULT NULL,
  `currencyName` varchar(50) DEFAULT NULL,
  `interNationalCode` varchar(45) DEFAULT NULL,
  `interNationalName` varchar(45) DEFAULT NULL,
  `decimalUnit` varchar(45) DEFAULT NULL,
  `currencySymbol` varchar(45) DEFAULT NULL,
  `userId` int(11) DEFAULT NULL,
  `transDate` datetime DEFAULT CURRENT_TIMESTAMP,
  `isApproved` varchar(45) DEFAULT '0',
  `approvedUserId` int(11) DEFAULT '0',
  `approvedDateTime` datetime DEFAULT NULL,
  `isDeleted` int(11) DEFAULT '0',
  `deleteDateTime` datetime DEFAULT NULL,
  `deleteUserId` int(11) DEFAULT '0',
  `updateCount` int(11) DEFAULT '0',
  `lastUpdateUserId` int(11) DEFAULT '0',
  `isActive` tinyint(1) DEFAULT '0',
  `activateDateTime` datetime DEFAULT NULL,
  `activateUserId` int(11) DEFAULT '0',
  PRIMARY KEY (`currencyId`)
) ENGINE=InnoDB AUTO_INCREMENT=187 DEFAULT CHARSET=utf8mb4;

/*Data for the table `m_currency` */

insert  into `m_currency`(`currencyId`,`currencyCode`,`currencyName`,`interNationalCode`,`interNationalName`,`decimalUnit`,`currencySymbol`,`userId`,`transDate`,`isApproved`,`approvedUserId`,`approvedDateTime`,`isDeleted`,`deleteDateTime`,`deleteUserId`,`updateCount`,`lastUpdateUserId`,`isActive`,`activateDateTime`,`activateUserId`) values 
(1,'USD','US Dollar','840','AMERICAN SAMOA','75.5','$',3,'2020-11-06 19:41:51','1',3,'2021-04-03 02:57:36',1,'2021-05-09 05:29:32',3,4,3,0,NULL,0),
(2,'EUR','Euro','978','ANDORRA','0','',3,'2020-11-06 19:43:23','1',3,'2021-04-02 08:55:12',1,'2021-04-22 02:53:00',3,7,3,0,NULL,0),
(3,'BDT','Taka','50','BANGLADESH','0','',3,'2020-11-06 19:44:39','1',3,'2020-11-11 08:24:35',1,'2021-05-09 05:29:24',3,0,0,0,NULL,0),
(4,'CAD','Canadian Dollar','124','CANADA','0','$, C$, CAD, Can$',3,'2020-11-06 19:46:04','1',3,'2021-04-03 07:52:35',1,'2021-04-06 00:13:28',3,3,3,0,NULL,0),
(5,'CNY','Yuan Renminbi','156','CHINA','0','',3,'2020-11-06 19:47:32','1',3,'2021-04-21 07:42:25',1,'2021-05-09 05:29:36',3,0,0,0,NULL,0),
(6,'INR','Indian Rupee','356','INDIA','0','',3,'2020-11-06 19:48:47','0',3,'2021-05-07 07:52:33',1,'2021-05-09 05:23:57',3,0,0,0,NULL,0),
(7,'IDR','Rupiah','360','INDONESIA','0','Rp',3,'2020-11-06 19:50:19','1',3,'2020-11-11 08:24:59',1,'2021-05-09 05:29:12',3,0,0,0,NULL,0),
(8,'MYR','Malaysian Ringgit','458','MALAYSIA','0','RM',3,'2020-11-06 19:51:19','1',3,'2020-11-11 08:25:05',1,'2021-05-09 05:26:50',3,0,0,0,NULL,0),
(9,'VV','Eer','eee','Ttt','448','55',3,'2020-12-10 09:10:05','1',3,'2020-12-10 09:10:20',1,'2020-12-10 09:10:32',3,1,3,0,NULL,0),
(10,'FF','Dd','ss','Ss','33','e',3,'2021-02-12 07:49:21','0',0,NULL,1,'2021-02-12 07:49:33',3,0,0,0,NULL,0),
(11,'VBVB','Vvv','nbn','Cvc','xcx','vbv',3,'2021-04-02 10:08:04','0',0,NULL,1,'2021-04-02 10:08:21',3,0,0,0,NULL,0),
(12,'CO','Currency','cu','908','0','rr',3,'2021-04-05 06:20:42','1',3,'2021-04-20 01:29:30',1,'2021-04-22 02:52:42',3,2,3,0,NULL,0),
(13,'RL','Rupee','4517','IND','0','R',3,'2021-04-06 08:09:43','0',0,NULL,1,'2021-05-09 05:29:04',3,0,0,0,NULL,0),
(14,'88','Rupia','91','India','00','r',3,'2021-04-08 01:25:52','0',0,NULL,1,'2021-05-09 05:29:08',3,0,0,0,NULL,0),
(15,'C','Cc','dd','Ee','','',3,'2021-04-08 07:13:06','0',0,NULL,1,'2021-04-16 01:27:59',3,0,0,0,NULL,0),
(16,'100','Dollar','78','America','001','DD',3,'2021-04-08 07:44:03','0',0,NULL,1,'2021-04-12 00:42:38',3,0,0,0,NULL,0),
(17,'110','RUPPIA','990','CANADA','0001','cc',3,'2021-04-09 02:07:24','0',0,NULL,1,'2021-05-09 05:29:16',3,0,0,0,NULL,0),
(18,'Kpopopo','imimim','CC','DDlplp','HHLPLP','@@###+++**',3,'2021-04-12 00:41:39','1',3,'2021-04-22 03:30:54',1,'2021-05-09 05:23:46',3,31,3,0,NULL,0),
(19,'A','Aa','aaa','Aaaa','','',3,'2021-04-12 02:16:41','1',3,'2021-04-12 02:17:24',1,'2021-04-14 23:36:23',3,0,0,0,NULL,0),
(20,'','','','','','',0,'2021-04-12 02:31:05','0',0,NULL,1,'2021-04-12 02:31:29',3,0,0,0,NULL,0),
(21,'DD','Ff','EE','WW','QQ','EE',0,'2021-04-12 02:34:49','0',0,NULL,1,'2021-04-12 02:35:21',3,0,0,0,NULL,0),
(22,'IND','Ind','jio','Jio','jio','jio',3,'2021-04-12 05:45:21','0',0,NULL,1,'2021-04-22 02:55:06',3,3,3,0,NULL,0),
(23,NULL,'C2',NULL,NULL,NULL,NULL,0,'2021-04-14 10:15:22','0',0,NULL,1,'2021-04-14 23:36:29',3,0,0,0,NULL,0),
(24,'aaa','bb','1233445','ytt','20.14','$',0,'2021-04-15 00:10:04','0',0,NULL,1,'2021-04-22 02:52:32',3,26,3,0,NULL,0),
(25,'KA','Ka','KA','KA','JA','UA',0,'2021-04-15 01:01:02','0',0,NULL,1,'2021-04-16 04:58:00',3,0,0,0,NULL,0),
(26,NULL,'Ss',NULL,NULL,NULL,NULL,0,'2021-04-15 05:57:12','0',0,NULL,1,'2021-04-16 01:28:45',3,0,0,0,NULL,0),
(27,NULL,'Cn',NULL,NULL,NULL,NULL,0,'2021-04-15 06:07:44','0',0,NULL,1,'2021-04-16 01:28:03',3,0,0,0,NULL,0),
(28,'TELE','Telecom','12','Tele','45','$',3,'2021-04-15 08:12:52','0',0,NULL,1,'2021-05-09 05:29:28',3,0,0,0,NULL,0),
(29,NULL,'Raama',NULL,NULL,NULL,NULL,0,'2021-04-15 23:12:22','0',0,NULL,1,'2021-04-16 01:28:52',3,0,0,0,NULL,0),
(30,NULL,'Las',NULL,NULL,NULL,NULL,0,'2021-04-15 23:32:04','0',0,NULL,1,'2021-04-16 01:27:53',3,0,0,0,NULL,0),
(31,'US DOLLAR	','Doller','Dollar	','American Doller','75','$',3,'2021-04-16 01:09:20','0',3,'2021-04-16 01:09:51',1,'2021-04-16 01:10:33',3,1,3,0,NULL,0),
(32,'QAR','Qatari Ryal','QAR','QATARI RYAL','20.47','QR',0,'2021-04-16 01:18:20','0',0,NULL,1,'2021-05-09 05:27:44',3,0,0,0,NULL,0),
(33,'KWD','KUWAITY DINAR','KWD','DINAR','274.31','KWD',0,'2021-04-16 01:27:05','0',0,NULL,1,'2021-05-09 05:24:26',3,0,0,0,NULL,0),
(34,'KA','Ka','KA','KA','JA','UA',0,'2021-04-16 04:58:14','0',0,NULL,1,'2021-04-16 04:58:31',3,0,0,0,NULL,0),
(35,'KA','Ka','KA','KA','JA','UA',0,'2021-04-16 04:59:08','0',0,NULL,1,'2021-05-09 05:24:21',3,0,0,0,NULL,0),
(36,'JAM','Jam1','jam2','Jam3','jam4','@@@',3,'2021-04-20 01:31:20','0',0,NULL,1,'2021-04-20 01:32:29',3,1,3,0,NULL,0),
(37,'JAM','Jam1','JAM2','JAM3','JAM4','',0,'2021-04-20 01:37:25','0',0,NULL,1,'2021-05-09 05:24:14',3,1,3,0,NULL,0),
(38,NULL,NULL,NULL,NULL,NULL,NULL,0,'2021-04-21 03:24:32','0',0,NULL,1,'2021-04-21 04:25:47',3,0,0,0,NULL,0),
(39,NULL,'Gghj',NULL,NULL,NULL,NULL,0,'2021-04-21 03:27:00','0',0,NULL,1,'2021-04-21 04:26:00',3,0,0,0,NULL,0),
(40,NULL,'Cccc',NULL,NULL,NULL,NULL,0,'2021-04-21 03:40:45','0',0,NULL,1,'2021-04-21 04:25:53',3,0,0,0,NULL,0),
(41,NULL,'Caca',NULL,NULL,NULL,NULL,0,'2021-04-22 02:17:19','0',0,NULL,1,'2021-04-22 02:49:52',3,0,0,0,NULL,0),
(42,NULL,'R3',NULL,NULL,NULL,NULL,0,'2021-04-22 02:19:01','0',0,NULL,1,'2021-04-28 23:11:21',3,0,0,0,NULL,0),
(43,NULL,'Pa2',NULL,NULL,NULL,NULL,0,'2021-04-22 05:43:38','0',0,NULL,1,'2021-04-28 23:11:30',3,0,0,0,NULL,0),
(44,'TATA','INDIAN','ha','Haha','ja','#',0,'2021-04-22 05:51:52','1',3,'2021-04-28 23:09:56',1,'2021-05-09 05:23:52',3,1,3,0,NULL,0),
(45,'13','Ah','DGFDFdo','OIIOOIooo','254chhh','$',0,'2021-04-24 03:53:21','0',0,NULL,1,'2021-04-28 23:10:06',3,7,3,0,NULL,0),
(46,'IND','Indian1','ind','Ind','1','$',3,'2021-04-26 07:13:14','0',3,'2021-05-07 07:52:31',1,'2021-05-09 05:24:00',3,0,0,0,NULL,0),
(47,'ARMY','Army','tata','Tata','12','$',3,'2021-04-26 23:41:40','1',3,'2021-05-01 00:22:18',1,'2021-05-09 05:22:42',3,2,3,0,NULL,0),
(48,'202','Abc tata','ABC200','ABC 23','78','$',0,'2021-04-29 05:57:12','0',3,'2021-05-01 00:22:10',1,'2021-05-01 00:23:46',3,2,3,0,NULL,0),
(49,NULL,'Phillphiny',NULL,NULL,NULL,NULL,0,'2021-04-29 06:29:57','0',0,NULL,1,'2021-05-09 05:27:01',3,0,0,0,NULL,0),
(50,NULL,'Nepali',NULL,NULL,NULL,NULL,0,'2021-04-30 06:05:29','0',0,NULL,1,'2021-05-09 05:26:56',3,0,0,0,NULL,0),
(51,'RAM1','Data','tata','Tara','maj','###',3,'2021-05-01 00:14:32','1',3,'2021-05-07 03:43:53',1,'2021-05-09 05:23:38',3,1,3,0,NULL,0),
(52,'HJSGUYD','Sabcjk','jksahiuh','Njshcj','','',3,'2021-05-01 00:24:26','0',0,NULL,1,'2021-05-09 05:29:20',3,1,3,0,NULL,0),
(53,'FUFA','Fufa ji','12','23','2','$$',3,'2021-05-01 07:28:16','1',3,'2021-05-07 03:44:33',1,'2021-05-09 05:23:43',3,0,0,0,NULL,0),
(54,NULL,'$$',NULL,NULL,NULL,NULL,0,'2021-05-01 07:40:27','1',3,'2021-05-07 04:41:11',1,'2021-05-07 23:23:28',3,0,0,0,NULL,0),
(55,NULL,'$',NULL,NULL,NULL,NULL,0,'2021-05-01 07:51:48','0',0,NULL,1,'2021-05-04 02:40:59',3,0,0,0,NULL,0),
(56,'INDOOO','Indooo','sfd','Ad','af','$$',3,'2021-05-03 00:45:39','1',3,'2021-05-07 04:47:12',1,'2021-05-09 05:24:04',3,0,0,0,NULL,0),
(57,NULL,'Istanbul',NULL,NULL,NULL,NULL,0,'2021-05-05 06:31:18','0',0,NULL,1,'2021-05-09 05:24:09',3,0,0,0,NULL,0),
(58,'BABA','Baba','kjh','Kh','kkjh','kkjnn',3,'2021-05-05 07:29:25','1',3,'2021-05-07 03:39:24',1,'2021-05-09 05:22:53',3,0,0,0,NULL,0),
(59,NULL,'###',NULL,NULL,NULL,NULL,0,'2021-05-05 07:32:24','1',3,'2021-05-07 07:52:21',1,'2021-05-07 23:23:09',3,0,0,0,NULL,0),
(60,'AED','UAE Dirham','784','UAE DIRHAM','0','.',0,'2021-05-09 07:53:55','0',0,NULL,0,NULL,0,0,0,0,NULL,0),
(61,'AFN','Afghani','971','AFGHANI','0.12','AF',0,'2021-05-09 07:53:55','1',3,'2021-05-11 00:42:18',0,NULL,0,9,3,0,NULL,0),
(62,'ALL','Lek','8','LEK','0','L',0,'2021-05-09 07:53:55','0',0,NULL,0,NULL,0,0,0,0,NULL,0),
(63,'AMD','Armenian Dram','51','ARMENIAN DRAM','0.00123','',0,'2021-05-09 07:53:56','1',3,'2021-05-15 01:34:20',0,NULL,0,2,3,0,NULL,0),
(64,'AOA','Kwanza','973','KWANZA','0','KZ',0,'2021-05-09 07:53:56','0',0,NULL,0,NULL,0,0,0,0,NULL,0),
(65,'ARS','Argentine Peso','32','ARGENTINE PESO','0.000','$',0,'2021-05-09 07:53:56','1',3,'2021-05-20 04:37:09',0,NULL,0,5,3,0,NULL,0),
(66,'AUD','Australian Dollar','36','AUSTRALIAN DOLLAR','0','$',0,'2021-05-09 07:53:56','1',3,'2021-05-15 01:59:52',0,NULL,0,0,0,0,NULL,0),
(67,'AWG','Aruban Guilder/Florin','533','ARUBAN GUILDER/FLORIN','0','',0,'2021-05-09 07:53:56','1',3,'2021-05-15 01:36:33',0,NULL,0,0,0,0,NULL,0),
(68,'AZN','Azerbaijanian Manat','944','AZERBAIJANIAN MANAT','0.0432','',0,'2021-05-09 07:53:56','1',3,'2021-05-15 02:02:01',0,NULL,0,1,3,0,NULL,0),
(69,'BAM','Konvertibilna Marka','977','KONVERTIBILNA MARKA','0','',0,'2021-05-09 07:53:56','0',0,NULL,0,NULL,0,0,0,0,NULL,0),
(70,'BBD','Barbados Dollar','52','BARBADOS DOLLAR','0','$',0,'2021-05-10 02:46:50','0',0,NULL,0,NULL,0,0,0,0,NULL,0),
(71,'BDT','Taka','50','TAKA','0','',0,'2021-05-10 02:46:50','0',0,NULL,0,NULL,0,0,0,0,NULL,0),
(72,'PAKI','Pak','11','PAKISTAN','0.012','$@',0,'2021-05-10 03:21:13','0',0,NULL,0,NULL,0,1,3,0,NULL,0),
(73,'BMD','Bermudian Dollar','60','BERMUDIAN DOLLAR','0','$',0,'2021-05-10 03:27:53','0',0,NULL,0,NULL,0,0,0,0,NULL,0),
(74,'BND','Brunei Dollar','96','BRUNEI DOLLAR','0','$',0,'2021-05-10 03:27:54','0',0,NULL,1,'2021-05-11 00:43:39',3,0,0,0,NULL,0),
(75,'BOB','Boliviano','68','BOLIVIANO','0','BS.',0,'2021-05-10 03:27:54','0',0,NULL,1,'2021-05-11 00:43:32',3,0,0,0,NULL,0),
(76,'BRL','Brazilian Real','986','BRAZILIAN REAL','0','R$',0,'2021-05-10 03:27:54','0',0,NULL,0,NULL,0,0,0,0,NULL,0),
(77,'DD','Ff','EE','','0.0000','EE',0,'2021-05-10 03:42:21','0',0,NULL,0,NULL,0,0,0,0,NULL,0),
(78,NULL,'Rupee',NULL,NULL,NULL,NULL,0,'2021-05-10 03:47:09','0',0,NULL,1,'2021-05-12 00:45:47',3,0,0,0,NULL,0),
(79,'JAP','Japani','12','JAPAN','0.2300','$',0,'2021-05-11 00:38:33','1',3,'2021-05-11 00:42:15',0,NULL,0,0,0,0,NULL,0),
(80,'A','A1','1','IND','8.0000','#',0,'2021-05-11 03:12:40','0',0,NULL,1,'2021-05-12 00:44:22',3,0,0,0,NULL,0),
(81,'AA','A2','2','JAP','9.0000','#',0,'2021-05-11 03:12:40','0',0,NULL,1,'2021-05-12 00:44:39',3,0,0,0,NULL,0),
(82,'AAA','A3','3','INDO','1.0000','#',0,'2021-05-11 03:12:40','0',0,NULL,1,'2021-05-12 00:44:44',3,0,0,0,NULL,0),
(83,'AAAA','A4','4','NEPAL','2.0000','@',0,'2021-05-11 03:12:40','0',0,NULL,1,'2021-05-12 00:44:53',3,0,0,0,NULL,0),
(84,'AAAAA','A5','5','KAT','3.0000','#',0,'2021-05-11 03:12:40','0',0,NULL,1,'2021-05-12 00:44:58',3,0,0,0,NULL,0),
(85,'AAAAAA','A6','6','HA','4.0000','#',0,'2021-05-11 03:12:40','0',0,NULL,1,'2021-05-12 00:45:08',3,0,0,0,NULL,0),
(86,'AAAAAAA','A7','7','HL','6.0000','#',0,'2021-05-11 03:12:40','0',0,NULL,1,'2021-05-12 00:45:14',3,0,0,0,NULL,0),
(87,'AAAAAAAA','A9','9','YA','0.0200','#',0,'2021-05-11 03:12:40','0',0,NULL,1,'2021-05-12 00:45:18',3,0,0,0,NULL,0),
(88,'AAAAAAAAA','A10','10','UA','0.3400','#',0,'2021-05-11 03:12:40','0',0,NULL,1,'2021-05-12 00:44:27',3,0,0,0,NULL,0),
(89,'AAAAAAAAAA','A11','11','US','0.4300','#',0,'2021-05-12 00:43:55','0',0,NULL,1,'2021-05-12 00:44:34',3,0,0,0,NULL,0),
(92,'A','A1','1','IND','8.0000','#',0,'2021-05-12 00:46:41','0',0,NULL,1,'2021-05-12 00:54:05',3,0,0,0,NULL,0),
(93,'AA','A2','2','JAP','9.0000','#',0,'2021-05-12 00:46:41','0',0,NULL,1,'2021-05-12 00:54:34',3,0,0,0,NULL,0),
(94,'AAA','A3','3','INDO','1.0000','#',0,'2021-05-12 00:46:41','0',0,NULL,1,'2021-05-12 00:54:39',3,0,0,0,NULL,0),
(95,'AAAA','A4','4','NEPAL','2.0000','@',0,'2021-05-12 00:46:41','0',3,'2021-05-20 04:37:26',0,NULL,0,0,0,0,NULL,0),
(96,'AAAAA','A5','5','KAT','3.0000','#',0,'2021-05-12 00:46:41','1',3,'2021-05-15 00:50:22',0,NULL,0,0,0,0,NULL,0),
(97,'AAAAAA','A6','6','HA','4.0000','#',0,'2021-05-12 00:46:41','0',0,NULL,1,'2021-05-12 00:54:43',3,0,0,0,NULL,0),
(98,'AAAAAAA','A7','7','HL','6.0000','#',0,'2021-05-12 00:46:41','1',3,'2021-05-15 01:03:11',0,NULL,0,0,0,0,NULL,0),
(99,'AAAAAAAA','A9','9','YA','0.0200','#',0,'2021-05-12 00:46:41','1',3,'2021-05-15 01:20:36',0,NULL,0,0,0,0,NULL,0),
(100,'AAAAAAAAA','A10','10','UA','0.3400','#',0,'2021-05-12 00:46:41','0',0,NULL,1,'2021-05-12 00:54:24',3,0,0,0,NULL,0),
(101,'AAAAAAAAAA','A11','11','US','0.4300','#',0,'2021-05-12 00:46:41','0',0,NULL,1,'2021-05-12 00:54:29',3,0,0,0,NULL,0),
(103,'RAM1','Ru','3','KL','2.0000','$',0,'2021-05-12 00:51:54','0',0,NULL,0,NULL,0,0,0,0,NULL,0),
(104,'R1','Rd','2','JH','4.0000','$',0,'2021-05-12 00:51:54','0',0,NULL,0,NULL,0,0,0,0,NULL,0),
(105,'R','Rf','5','GF','5.0000','$',0,'2021-05-12 00:51:54','0',0,NULL,0,NULL,0,0,0,0,NULL,0),
(106,'R3','Rg','55','SA','3.0000','$',0,'2021-05-12 00:51:54','0',0,NULL,0,NULL,0,0,0,0,NULL,0),
(107,'R4','Rh','33','VC','6.0000','$',0,'2021-05-12 00:51:54','0',0,NULL,0,NULL,0,0,0,0,NULL,0),
(108,'R5','Rj','333','GT','8.0000','$',0,'2021-05-12 00:51:54','0',0,NULL,0,NULL,0,0,0,0,NULL,0),
(109,'R6','Rb','22','RE','66.0000','$',0,'2021-05-12 00:51:54','0',0,NULL,0,NULL,0,0,0,0,NULL,0),
(110,'R7','Rv','222','YT','55.0000','$',0,'2021-05-12 00:51:54','0',0,NULL,0,NULL,0,0,0,0,NULL,0),
(111,'R8','Tf','33333','UY','44.0000','$',0,'2021-05-12 00:51:54','0',0,NULL,0,NULL,0,0,0,0,NULL,0),
(112,'EUR','A','1','PO','9.0000','#',0,'2021-05-12 01:17:14','0',3,'2021-05-20 04:37:18',0,NULL,0,0,0,0,NULL,0),
(113,'UWR','B','2','POL','8.0000','#',0,'2021-05-12 01:17:14','0',0,NULL,0,NULL,0,0,0,0,NULL,0),
(114,'IUY','C','3','LK','7.0000','#',0,'2021-05-12 01:17:14','0',0,NULL,0,NULL,0,0,0,0,NULL,0),
(115,'JHG','D','4','MN','6.0000','#',0,'2021-05-12 01:17:14','0',0,NULL,0,NULL,0,0,0,0,NULL,0),
(116,'YTR','E','5','JH','5.0000','#',0,'2021-05-12 01:17:14','0',0,NULL,0,NULL,0,0,0,0,NULL,0),
(117,'FGH','F','6','UY','4.0000','#',0,'2021-05-12 01:17:14','0',0,NULL,0,NULL,0,0,0,0,NULL,0),
(118,'KJH','G','7','HG','3.0000','#',0,'2021-05-12 01:17:14','0',0,NULL,0,NULL,0,0,0,0,NULL,0),
(119,'CVB','H','8','BN','2.0000','#',0,'2021-05-12 01:17:14','0',0,NULL,0,NULL,0,0,0,0,NULL,0),
(120,'DFG','I','9','JK','1.0000','#',0,'2021-05-12 01:17:14','0',0,NULL,0,NULL,0,0,0,0,NULL,0),
(121,'HJK','J','10','UY','6.0000','#',0,'2021-05-12 01:17:14','0',0,NULL,0,NULL,0,0,0,0,NULL,0),
(122,'LKJ','K','98','YT','7.0000','#',0,'2021-05-12 01:17:14','0',0,NULL,0,NULL,0,0,0,0,NULL,0),
(123,'CVF','L','87','FD','4.0000','#',0,'2021-05-12 01:17:14','0',0,NULL,0,NULL,0,0,0,0,NULL,0),
(124,'CDR','M','98','RE','3.0000','#',0,'2021-05-12 01:17:15','0',0,NULL,0,NULL,0,0,0,0,NULL,0),
(125,'MNB','N','9','GF','5.0000','#',0,'2021-05-12 01:17:15','0',0,NULL,0,NULL,0,0,0,0,NULL,0),
(126,'HGY','O','76','HG','8.0000','#',0,'2021-05-12 01:17:15','0',0,NULL,0,NULL,0,0,0,0,NULL,0),
(127,'ZXS','P','65','BVC','0.0000','#',0,'2021-05-12 01:17:15','0',0,NULL,0,NULL,0,0,0,0,NULL,0),
(128,'ASD','Q','67','XC','0.0000','#',0,'2021-05-12 01:17:15','0',0,NULL,0,NULL,0,0,0,0,NULL,0),
(129,'ACD','S','45','BN','66.0000','#',0,'2021-05-12 01:17:15','0',0,NULL,0,NULL,0,0,0,0,NULL,0),
(130,'VCD','T','34','MH','77.0000','#',0,'2021-05-12 01:17:15','0',0,NULL,0,NULL,0,0,0,0,NULL,0),
(131,'BVC','U','23','TY','88.0000','#',0,'2021-05-12 01:17:15','0',0,NULL,0,NULL,0,0,0,0,NULL,0),
(132,'HGF','V','76','DF','33.0000','#',0,'2021-05-12 01:17:15','0',0,NULL,0,NULL,0,0,0,0,NULL,0),
(133,'YGV','W','456','RT','44.0000','#',0,'2021-05-12 01:17:15','0',0,NULL,0,NULL,0,0,0,0,NULL,0),
(134,'UHB','X','98','DF','99.0000','#',0,'2021-05-12 01:17:15','0',0,NULL,0,NULL,0,0,0,0,NULL,0),
(135,'IJN','Y','76','ES','66.0000','#',0,'2021-05-12 01:17:15','0',0,NULL,0,NULL,0,0,0,0,NULL,0),
(136,'OKM','Z','65','RD','11.0000','#',0,'2021-05-12 01:17:15','0',0,NULL,0,NULL,0,0,0,0,NULL,0),
(137,'PLM','Mn','457','TF','22.0000','#',0,'2021-05-12 01:17:15','0',0,NULL,0,NULL,0,0,0,0,NULL,0),
(138,'YGC','Kj','34','YG','33.0000','#',0,'2021-05-12 01:17:15','0',0,NULL,0,NULL,0,0,0,0,NULL,0),
(139,'TFX','Lk','123','UH','44.0000','#',0,'2021-05-12 01:17:15','0',0,NULL,0,NULL,0,0,0,0,NULL,0),
(140,'WAZ','Jh','9','YG','55.0000','#',0,'2021-05-12 01:17:15','0',0,NULL,0,NULL,0,0,0,0,NULL,0),
(141,'RSX','Oi','98','OK','66.0000','#',0,'2021-05-12 01:17:15','0',0,NULL,0,NULL,0,0,0,0,NULL,0),
(142,NULL,'Currency1',NULL,NULL,NULL,NULL,0,'2021-05-12 05:10:09','0',0,NULL,0,NULL,0,0,0,0,NULL,0),
(143,NULL,'Currency2',NULL,NULL,NULL,NULL,0,'2021-05-12 05:10:09','0',0,NULL,0,NULL,0,0,0,0,NULL,0),
(144,NULL,'Currency3',NULL,NULL,NULL,NULL,0,'2021-05-12 05:10:10','0',0,NULL,0,NULL,0,0,0,0,NULL,0),
(145,NULL,'Currency4',NULL,NULL,NULL,NULL,0,'2021-05-12 05:10:10','0',0,NULL,0,NULL,0,0,0,0,NULL,0),
(146,NULL,'Currency5',NULL,NULL,NULL,NULL,0,'2021-05-12 05:10:10','0',0,NULL,0,NULL,0,0,0,0,NULL,0),
(147,NULL,'Currency6',NULL,NULL,NULL,NULL,0,'2021-05-12 05:10:10','0',0,NULL,0,NULL,0,0,0,0,NULL,0),
(148,NULL,'Currency7',NULL,NULL,NULL,NULL,0,'2021-05-12 05:10:10','0',0,NULL,0,NULL,0,0,0,0,NULL,0),
(149,NULL,'Currency8',NULL,NULL,NULL,NULL,0,'2021-05-12 05:10:10','0',0,NULL,0,NULL,0,0,0,0,NULL,0),
(150,NULL,'Currency9',NULL,NULL,NULL,NULL,0,'2021-05-12 05:10:10','0',0,NULL,0,NULL,0,0,0,0,NULL,0),
(151,NULL,'Currency10',NULL,NULL,NULL,NULL,0,'2021-05-12 05:10:10','0',0,NULL,0,NULL,0,0,0,0,NULL,0),
(152,NULL,'Currency11',NULL,NULL,NULL,NULL,0,'2021-05-12 05:10:10','0',0,NULL,0,NULL,0,0,0,0,NULL,0),
(153,NULL,'Currency12',NULL,NULL,NULL,NULL,0,'2021-05-12 05:10:10','0',0,NULL,0,NULL,0,0,0,0,NULL,0),
(154,NULL,'Currency13',NULL,NULL,NULL,NULL,0,'2021-05-12 05:10:10','1',3,'2021-05-15 03:18:29',0,NULL,0,0,0,0,NULL,0),
(155,NULL,'Currency14',NULL,NULL,NULL,NULL,0,'2021-05-12 05:10:10','0',0,NULL,0,NULL,0,0,0,0,NULL,0),
(156,NULL,'Currency15',NULL,NULL,NULL,NULL,0,'2021-05-12 05:10:10','0',0,NULL,0,NULL,0,0,0,0,NULL,0),
(157,NULL,'Currency16',NULL,NULL,NULL,NULL,0,'2021-05-12 05:10:10','0',0,NULL,0,NULL,0,0,0,0,NULL,0),
(158,NULL,'Currency17',NULL,NULL,NULL,NULL,0,'2021-05-12 05:10:10','0',0,NULL,0,NULL,0,0,0,0,NULL,0),
(159,NULL,'Currency18',NULL,NULL,NULL,NULL,0,'2021-05-12 05:10:10','0',0,NULL,0,NULL,0,0,0,0,NULL,0),
(160,NULL,'Currency19',NULL,NULL,NULL,NULL,0,'2021-05-12 05:10:10','0',0,NULL,0,NULL,0,0,0,0,NULL,0),
(161,NULL,'Currency20',NULL,NULL,NULL,NULL,0,'2021-05-12 05:10:10','0',0,NULL,0,NULL,0,0,0,0,NULL,0),
(162,NULL,'Currency21',NULL,NULL,NULL,NULL,0,'2021-05-12 05:10:10','0',0,NULL,0,NULL,0,0,0,0,NULL,0),
(163,NULL,'Currency22',NULL,NULL,NULL,NULL,0,'2021-05-12 05:10:10','1',3,'2021-05-16 23:40:10',0,NULL,0,0,0,0,NULL,0),
(164,NULL,'Currency23',NULL,NULL,NULL,NULL,0,'2021-05-12 05:10:10','0',0,NULL,0,NULL,0,0,0,0,NULL,0),
(165,NULL,'Currency24',NULL,NULL,NULL,NULL,0,'2021-05-12 05:10:10','0',0,NULL,0,NULL,0,0,0,0,NULL,0),
(166,NULL,'Currency25',NULL,NULL,NULL,NULL,0,'2021-05-12 05:10:10','0',0,NULL,0,NULL,0,0,0,0,NULL,0),
(167,NULL,'Currency26',NULL,NULL,NULL,NULL,0,'2021-05-12 05:10:11','0',0,NULL,0,NULL,0,0,0,0,NULL,0),
(168,NULL,'Currency27',NULL,NULL,NULL,NULL,0,'2021-05-12 05:10:11','0',0,NULL,0,NULL,0,0,0,0,NULL,0),
(169,NULL,'Ss',NULL,NULL,NULL,NULL,0,'2021-05-12 23:57:07','0',0,NULL,0,NULL,0,0,0,0,NULL,0),
(170,NULL,'Ind1',NULL,NULL,NULL,NULL,0,'2021-05-14 06:16:59','0',0,NULL,0,NULL,0,0,0,0,NULL,0),
(171,NULL,'Pak1',NULL,NULL,NULL,NULL,0,'2021-05-14 06:20:44','0',0,NULL,0,NULL,0,0,0,0,NULL,0),
(172,NULL,'Indo1',NULL,NULL,NULL,NULL,0,'2021-05-17 00:15:35','0',0,NULL,0,NULL,0,0,0,0,NULL,0),
(173,NULL,'Cn1',NULL,NULL,NULL,NULL,0,'2021-05-17 06:26:32','0',0,NULL,0,NULL,0,0,0,0,NULL,0),
(174,NULL,'Cn2',NULL,NULL,NULL,NULL,0,'2021-05-17 06:26:37','0',0,NULL,0,NULL,0,0,0,0,NULL,0),
(175,NULL,'Cn3',NULL,NULL,NULL,NULL,0,'2021-05-17 06:26:40','0',0,NULL,0,NULL,0,0,0,0,NULL,0),
(176,NULL,'Cn4',NULL,NULL,NULL,NULL,0,'2021-05-17 06:26:44','0',0,NULL,0,NULL,0,0,0,0,NULL,0),
(177,NULL,'Cn5',NULL,NULL,NULL,NULL,0,'2021-05-17 06:26:50','0',0,NULL,0,NULL,0,0,0,0,NULL,0),
(178,NULL,'Cn6',NULL,NULL,NULL,NULL,0,'2021-05-17 06:26:56','0',0,NULL,0,NULL,0,0,0,0,NULL,0),
(179,NULL,'Cn7',NULL,NULL,NULL,NULL,0,'2021-05-17 06:27:02','0',0,NULL,0,NULL,0,0,0,0,NULL,0),
(180,NULL,'Cn8',NULL,NULL,NULL,NULL,0,'2021-05-17 06:27:04','0',0,NULL,0,NULL,0,0,0,0,NULL,0),
(181,NULL,'Cn9',NULL,NULL,NULL,NULL,0,'2021-05-17 06:27:07','0',0,NULL,0,NULL,0,0,0,0,NULL,0),
(182,NULL,'Cn10',NULL,NULL,NULL,NULL,0,'2021-05-17 06:27:09','0',0,NULL,0,NULL,0,0,0,0,NULL,0),
(183,NULL,'Cn11',NULL,NULL,NULL,NULL,0,'2021-05-17 06:27:12','0',0,NULL,0,NULL,0,0,0,0,NULL,0),
(184,NULL,'Cn12',NULL,NULL,NULL,NULL,0,'2021-05-17 06:27:14','0',0,NULL,0,NULL,0,0,0,0,NULL,0),
(185,NULL,'undefined',NULL,NULL,NULL,NULL,0,'2021-05-17 07:11:12','0',0,NULL,0,NULL,0,0,0,0,NULL,0),
(186,NULL,'Ss2',NULL,NULL,NULL,NULL,0,'2021-05-17 07:11:24','0',0,NULL,0,NULL,0,0,0,0,NULL,0);

/*Table structure for table `m_currency_log` */

DROP TABLE IF EXISTS `m_currency_log`;

CREATE TABLE `m_currency_log` (
  `logId` int(11) NOT NULL AUTO_INCREMENT,
  `currencyId` int(11) DEFAULT NULL,
  `currencyCode` varchar(10) DEFAULT NULL,
  `currencyName` varchar(50) DEFAULT NULL,
  `interNationalCode` varchar(45) DEFAULT NULL,
  `interNationalName` varchar(45) DEFAULT NULL,
  `decimalUnit` varchar(45) DEFAULT NULL,
  `currencySymbol` varchar(45) DEFAULT NULL,
  `isApproved` int(11) DEFAULT '0',
  `userId` int(11) DEFAULT NULL,
  `isDeleted` int(11) DEFAULT '0',
  `userAction` varchar(20) DEFAULT NULL,
  `transDate` datetime DEFAULT CURRENT_TIMESTAMP,
  `isActive` tinyint(1) DEFAULT '0',
  PRIMARY KEY (`logId`)
) ENGINE=InnoDB AUTO_INCREMENT=491 DEFAULT CHARSET=utf8mb4;

/*Data for the table `m_currency_log` */

insert  into `m_currency_log`(`logId`,`currencyId`,`currencyCode`,`currencyName`,`interNationalCode`,`interNationalName`,`decimalUnit`,`currencySymbol`,`isApproved`,`userId`,`isDeleted`,`userAction`,`transDate`,`isActive`) values 
(1,1,'USD','US Dollar','840','AMERICAN SAMOA','0','$',0,3,0,'insert','2020-11-06 19:41:51',0),
(2,2,'EUR','Euro','978','ANDORRA','0','',0,3,0,'insert','2020-11-06 19:43:23',0),
(3,3,'BDT','Taka','50','BANGLADESH','0','',0,3,0,'insert','2020-11-06 19:44:39',0),
(4,4,'CAD','Canadian Dollar','124','CANADA','0','$, C$, CAD, Can$',0,3,0,'insert','2020-11-06 19:46:04',0),
(5,5,'CNY','Yuan Renminbi','156','CHINA','0','',0,3,0,'insert','2020-11-06 19:47:32',0),
(6,6,'INR','Indian Rupee','356','INDIA','0','',0,3,0,'insert','2020-11-06 19:48:47',0),
(7,7,'IDR','Rupiah','360','INDONESIA','0','Rp',0,3,0,'insert','2020-11-06 19:50:19',0),
(8,8,'MYR','Malaysian Ringgit','458','MALAYSIA','0','RM',0,3,0,'insert','2020-11-06 19:51:19',0),
(9,1,'USD','US Dollar','840','AMERICAN SAMOA','0','$',0,3,0,'update','2020-11-06 19:41:51',0),
(10,1,'USD','US Dollar','840','AMERICAN SAMOA','0','$',0,3,0,'approve','2020-11-06 19:41:51',0),
(11,2,'EUR','Euro','978','ANDORRA','0','',0,3,0,'approve','2020-11-06 19:43:23',0),
(12,3,'BDT','Taka','50','BANGLADESH','0','',0,3,0,'approve','2020-11-06 19:44:39',0),
(13,4,'CAD','Canadian Dollar','124','CANADA','0','$, C$, CAD, Can$',0,3,0,'approve','2020-11-06 19:46:04',0),
(14,5,'CNY','Yuan Renminbi','156','CHINA','0','',0,3,0,'approve','2020-11-06 19:47:32',0),
(15,6,'INR','Indian Rupee','356','INDIA','0','',0,3,0,'approve','2020-11-06 19:48:47',0),
(16,7,'IDR','Rupiah','360','INDONESIA','0','Rp',0,3,0,'approve','2020-11-06 19:50:19',0),
(17,8,'MYR','Malaysian Ringgit','458','MALAYSIA','0','RM',0,3,0,'approve','2020-11-06 19:51:19',0),
(18,1,'USD','US Dollar','840','AMERICAN SAMOA','0','$',1,3,0,'approve','2020-11-06 19:41:51',0),
(19,1,'USD','US Dollar','840','AMERICAN SAMOA','0','$',0,3,0,'update','2020-11-06 19:41:51',0),
(20,9,'VV','Eer','eee','Ttt','44','55',0,3,0,'insert','2020-12-10 09:10:05',0),
(21,9,'VV','Eer','eee','Ttt','44','55',0,3,0,'update','2020-12-10 09:10:05',0),
(22,9,'VV','Eer','eee','Ttt','448','55',0,3,0,'approve','2020-12-10 09:10:05',0),
(23,9,'VV','Eer','eee','Ttt','448','55',0,3,0,'delete','2020-12-10 09:10:05',0),
(24,4,'CAD','Canadian Dollar','124','CANADA','0','$, C$, CAD, Can$',1,3,0,'approve','2020-11-06 19:46:04',0),
(25,4,'CAD','Canadian Dollar','124','CANADA','0','$, C$, CAD, Can$',0,3,0,'update','2020-11-06 19:46:04',0),
(26,10,'FF','Dd','ss','Ss','33','e',0,3,0,'insert','2021-02-12 07:49:21',0),
(27,10,'FF','Dd','ss','Ss','33','e',0,3,0,'delete','2021-02-12 07:49:21',0),
(28,1,'USD','US Dollar','840','AMERICAN SAMOA','0','$',0,3,0,'approve','2020-11-06 19:41:51',0),
(29,1,'USD','US Dollar','840','AMERICAN SAMOA','0','$',1,3,0,'approve','2020-11-06 19:41:51',0),
(30,4,'CAD','Canadian Dollar','124','CANADA','0','$, C$, CAD, Can$',0,3,0,'approve','2020-11-06 19:46:04',0),
(31,2,'EUR','Euro','978','ANDORRA','0','',1,3,0,'approve','2020-11-06 19:43:23',0),
(32,2,'EUR','Euro','978','ANDORRA','0','',0,3,0,'approve','2020-11-06 19:43:23',0),
(33,11,'VBVB','Vvv','nbn','Cvc','xcx','vbv',0,3,0,'insert','2021-04-02 10:08:04',0),
(34,11,'VBVB','Vvv','nbn','Cvc','xcx','vbv',0,3,0,'delete','2021-04-02 10:08:04',0),
(35,4,'CAD','Canadian Dollar','124','CANADA','0','$, C$, CAD, Can$',0,3,0,'update','2020-11-06 19:46:04',0),
(36,1,'USD','US Dollar','840','AMERICAN SAMOA','0','$',0,3,0,'approve','2020-11-06 19:41:51',0),
(37,4,'CAD','Canadian Dollar','124','CANADA','0','$, C$, CAD, Can$',1,3,0,'approve','2020-11-06 19:46:04',0),
(38,4,'CAD','Canadian Dollar','124','CANADA','0','$, C$, CAD, Can$',0,3,0,'approve','2020-11-06 19:46:04',0),
(39,12,'CO','Currency','cu','908','0','rr',0,3,0,'insert','2021-04-05 06:20:42',0),
(40,4,'CAD','Canadian Dollar','124','CANADA','0','$, C$, CAD, Can$',0,3,0,'update','2020-11-06 19:46:04',0),
(41,12,'CO','Currency','cu','908','0','rr',0,3,0,'approve','2021-04-05 06:20:42',0),
(42,4,'CAD','Canadian Dollar','124','CANADA','0','$, C$, CAD, Can$',0,3,0,'delete','2020-11-06 19:46:04',0),
(43,12,'CO','Currency','cu','908','0','rr',1,3,0,'approve','2021-04-05 06:20:42',0),
(44,12,'CO','Currency','cu','908','0','rr',0,3,0,'approve','2021-04-05 06:20:42',0),
(45,13,'RL','Rupee','4517','IND','0','R',0,3,0,'insert','2021-04-06 08:09:43',0),
(46,14,'88','Rupia','91','India','00','r',0,3,0,'insert','2021-04-08 01:25:52',0),
(47,15,'C','Cc','dd','Ee','','',0,3,0,'insert','2021-04-08 07:13:06',0),
(48,16,'100','Dollar','78','America','001','DD',0,3,0,'insert','2021-04-08 07:44:03',0),
(49,17,'110','RUPPIA','990','CANADA','0001','cc',0,3,0,'insert','2021-04-09 02:07:24',0),
(50,18,'KAP','INDIAN','CC','DD','HH','@@',0,3,0,'insert','2021-04-12 00:41:39',0),
(51,18,'KAP','INDIAN','CC','DD','HH','@@',0,3,0,'approve','2021-04-12 00:41:39',0),
(52,16,'100','Dollar','78','America','001','DD',0,3,0,'delete','2021-04-08 07:44:03',0),
(53,18,'KAP','INDIAN','CC','DD','HH','@@',1,3,0,'approve','2021-04-12 00:41:39',0),
(54,19,'A','Aa','aaa','Aaaa','','',0,3,0,'insert','2021-04-12 02:16:41',0),
(55,19,'A','Aa','aaa','Aaaa','','',0,3,0,'approve','2021-04-12 02:16:41',0),
(56,20,'','','','','','',0,0,0,'insert','2021-04-12 02:31:05',0),
(57,20,'','','','','','',0,0,0,'delete','2021-04-12 02:31:05',0),
(58,21,'DD','Ff','EE','WW','QQ','EE',0,0,0,'insert','2021-04-12 02:34:49',0),
(59,21,'DD','Ff','EE','WW','QQ','EE',0,0,0,'delete','2021-04-12 02:34:49',0),
(60,22,'IND','Ind jio','jio','Jio','jio','jio',0,3,0,'insert','2021-04-12 05:45:21',0),
(61,23,NULL,'C2',NULL,NULL,NULL,NULL,0,0,0,'insert','2021-04-14 10:15:22',0),
(62,19,'A','Aa','aaa','Aaaa','','',0,3,0,'delete','2021-04-12 02:16:41',0),
(63,23,NULL,'C2',NULL,NULL,NULL,NULL,0,0,0,'delete','2021-04-14 10:15:22',0),
(64,12,'CO','Currency','cu','908','0','rr',1,3,0,'approve','2021-04-05 06:20:42',0),
(65,24,'CU1','Cun','987','BHH','0','NN',0,0,0,'insert','2021-04-15 00:10:04',0),
(66,25,'KA','Ka','KA','KA','JA','UA',0,0,0,'insert','2021-04-15 01:01:02',0),
(67,26,NULL,'Ss',NULL,NULL,NULL,NULL,0,0,0,'insert','2021-04-15 05:57:12',0),
(68,27,NULL,'Cn',NULL,NULL,NULL,NULL,0,0,0,'insert','2021-04-15 06:07:44',0),
(69,28,'TELE','Telecom','12','Tele','45','$',0,3,0,'insert','2021-04-15 08:12:52',0),
(70,29,NULL,'Raama',NULL,NULL,NULL,NULL,0,0,0,'insert','2021-04-15 23:12:22',0),
(71,30,NULL,'Las',NULL,NULL,NULL,NULL,0,0,0,'insert','2021-04-15 23:32:04',0),
(72,31,'US DOLLAR	','Doller','Dollar	','American Doller','75.8','$',0,3,0,'insert','2021-04-16 01:09:20',0),
(73,31,'US DOLLAR	','Doller','Dollar	','American Doller','75.8','$',0,3,0,'approve','2021-04-16 01:09:20',0),
(74,31,'US DOLLAR	','Doller','Dollar	','American Doller','75.8','$',1,3,0,'approve','2021-04-16 01:09:20',0),
(75,31,'US DOLLAR	','Doller','Dollar	','American Doller','75.8','$',0,3,0,'update','2021-04-16 01:09:20',0),
(76,31,'US DOLLAR	','Doller','Dollar	','American Doller','75','$',0,3,0,'delete','2021-04-16 01:09:20',0),
(77,32,'QAR','Qatari Ryal','QAR','QATARI RYAL','20.47','QR',0,0,0,'insert','2021-04-16 01:18:20',0),
(78,33,'KWD','KUWAITY DINAR','KWD','DINAR','274.31','KWD',0,0,0,'insert','2021-04-16 01:27:05',0),
(79,30,NULL,'Las',NULL,NULL,NULL,NULL,0,0,0,'delete','2021-04-15 23:32:04',0),
(80,15,'C','Cc','dd','Ee','','',0,3,0,'delete','2021-04-08 07:13:06',0),
(81,27,NULL,'Cn',NULL,NULL,NULL,NULL,0,0,0,'delete','2021-04-15 06:07:44',0),
(82,1,'USD','US Dollar','840','AMERICAN SAMOA','0','$',0,3,0,'update','2020-11-06 19:41:51',0),
(83,26,NULL,'Ss',NULL,NULL,NULL,NULL,0,0,0,'delete','2021-04-15 05:57:12',0),
(84,29,NULL,'Raama',NULL,NULL,NULL,NULL,0,0,0,'delete','2021-04-15 23:12:22',0),
(85,25,'KA','Ka','KA','KA','JA','UA',0,0,0,'delete','2021-04-15 01:01:02',0),
(86,34,'KA','Ka','KA','KA','JA','UA',0,0,0,'insert','2021-04-16 04:58:14',0),
(87,34,'KA','Ka','KA','KA','JA','UA',0,0,0,'delete','2021-04-16 04:58:14',0),
(88,35,'KA','Ka','KA','KA','JA','UA',0,0,0,'insert','2021-04-16 04:59:08',0),
(89,12,'CO','Currency','cu','908','0','rr',0,3,0,'approve','2021-04-05 06:20:42',0),
(90,36,'JAM','Jam1','jam2','Jam3','jam4','jam5',0,3,0,'insert','2021-04-20 01:31:20',0),
(91,36,'JAM','Jam1','jam2','Jam3','jam4','jam5',0,3,0,'update','2021-04-20 01:31:20',0),
(92,36,'JAM','Jam1','jam2','Jam3','jam4','@@@',0,3,0,'delete','2021-04-20 01:31:20',0),
(93,37,'JAM','Jam1','JAM2','JAM3','JAM4','RANA',0,0,0,'insert','2021-04-20 01:37:25',0),
(94,37,'JAM','Jam1','JAM2','JAM3','JAM4','RANA',0,0,0,'update','2021-04-20 01:37:25',0),
(95,NULL,NULL,NULL,NULL,NULL,NULL,NULL,0,0,0,'insert','2021-04-21 03:24:32',0),
(96,39,NULL,'Gghj',NULL,NULL,NULL,NULL,0,0,0,'insert','2021-04-21 03:27:00',0),
(97,40,NULL,'Cccc',NULL,NULL,NULL,NULL,0,0,0,'insert','2021-04-21 03:40:45',0),
(98,38,NULL,NULL,NULL,NULL,NULL,NULL,0,0,0,'delete','2021-04-21 03:24:32',0),
(99,40,NULL,'Cccc',NULL,NULL,NULL,NULL,0,0,0,'delete','2021-04-21 03:40:45',0),
(100,39,NULL,'Gghj',NULL,NULL,NULL,NULL,0,0,0,'delete','2021-04-21 03:27:00',0),
(101,5,'CNY','Yuan Renminbi','156','CHINA','0','',1,3,0,'approve','2020-11-06 19:47:32',0),
(102,5,'CNY','Yuan Renminbi','156','CHINA','0','',0,3,0,'approve','2020-11-06 19:47:32',0),
(103,24,'CU1','Cun','987','BHH','0','NN',0,0,0,'update','2021-04-15 00:10:04',0),
(104,24,'Cun',NULL,'987','BHH','0','NN',0,0,0,'update','2021-04-15 00:10:04',0),
(105,24,'','Click to edit','987','BHH','0','NN',0,0,0,'update','2021-04-15 00:10:04',0),
(108,24,'','Click to edit','987','BHH','0','NN',0,0,0,'update','2021-04-15 00:10:04',0),
(109,24,'','Click to edit','987','BHH','0','NN',0,0,0,'update','2021-04-15 00:10:04',0),
(110,24,'hhhh','Click to edit','987','BHH','0','NN',0,0,0,'update','2021-04-15 00:10:04',0),
(111,24,'hhhh','','987','BHH','0','NN',0,0,0,'update','2021-04-15 00:10:04',0),
(112,24,'aaa','Click to edit','987','BHH','0','NN',0,0,0,'update','2021-04-15 00:10:04',0),
(113,24,'aaa','bb','987','BHH','0','NN',0,0,0,'update','2021-04-15 00:10:04',0),
(114,24,'aaa','bb','111','BHH','0','NN',0,0,0,'update','2021-04-15 00:10:04',0),
(115,24,'aaa','bb','111','ytt','0','NN',0,0,0,'update','2021-04-15 00:10:04',0),
(116,24,'aaa','bb','111','ytt','20.14','NN',0,0,0,'update','2021-04-15 00:10:04',0),
(117,24,'aaa','bb','111','ytt','20.14','$',0,0,0,'update','2021-04-15 00:10:04',0),
(118,24,'aaa','bb','111','ytt','20.14','$',0,0,0,'update','2021-04-15 00:10:04',0),
(119,1,'USD','US Dollar','840','AMERICAN SAMOA','75.5','$',0,3,0,'update','2020-11-06 19:41:51',0),
(120,24,'aaa','bb','111','ytt','20.14','$',0,0,0,'update','2021-04-15 00:10:04',0),
(121,24,'aaa','bb','111','ytt','20.14','$',0,0,0,'update','2021-04-15 00:10:04',0),
(122,24,'aaa','bb','111','ytt','20.14','$',0,0,0,'update','2021-04-15 00:10:04',0),
(123,24,'aaa','bb','111','ytt','20.14','$',0,0,0,'update','2021-04-15 00:10:04',0),
(124,41,NULL,'Caca',NULL,NULL,NULL,NULL,0,0,0,'insert','2021-04-22 02:17:19',0),
(125,42,NULL,'R3',NULL,NULL,NULL,NULL,0,0,0,'insert','2021-04-22 02:19:01',0),
(127,41,NULL,'Caca',NULL,NULL,NULL,NULL,0,0,0,'delete','2021-04-22 02:17:19',0),
(128,24,'aaa','bb','1233445','ytt','20.14','$',0,0,0,'update','2021-04-15 00:10:04',0),
(129,24,'aaa','bb','1233445','ytt','20.14','$',0,0,0,'update','2021-04-15 00:10:04',0),
(130,24,'aaa','bb','1233445','ytt','20.14','$',0,0,0,'update','2021-04-15 00:10:04',0),
(131,24,'aaa','bb','1233445','ytt','20.14','$',0,0,0,'update','2021-04-15 00:10:04',0),
(132,24,'aaa','bb','1233445','ytt','20.14','$',0,0,0,'update','2021-04-15 00:10:04',0),
(133,24,'aaa','bb','1233445','ytt','20.14','$',0,0,0,'update','2021-04-15 00:10:04',0),
(134,24,'aaa','bb','1233445','ytt','20.14','$',0,0,0,'update','2021-04-15 00:10:04',0),
(135,24,'aaa','bb','1233445','ytt','20.14','$',0,0,0,'update','2021-04-15 00:10:04',0),
(136,24,'aaa','bb','1233445','ytt','20.14','$',0,0,0,'delete','2021-04-15 00:10:04',0),
(137,12,'CO','Currency','cu','908','0','rr',0,3,0,'update','2021-04-05 06:20:42',0),
(138,12,'CO','Currency','cu','908','0','rr',0,3,0,'update','2021-04-05 06:20:42',0),
(139,12,'CO','Currency','cu','908','0','rr',0,3,0,'delete','2021-04-05 06:20:42',0),
(140,2,'EUR','Euro','978','ANDORRA','0','',0,3,0,'update','2020-11-06 19:43:23',0),
(141,2,'EUR','Euro','978','ANDORRA','0','',0,3,0,'update','2020-11-06 19:43:23',0),
(142,2,'EUR','Euro','978','ANDORRA','0','',0,3,0,'update','2020-11-06 19:43:23',0),
(143,2,'EUR','Euro','978','ANDORRA','0','',0,3,0,'update','2020-11-06 19:43:23',0),
(145,2,'EUR','Euro','978','ANDORRA','0','',0,3,0,'update','2020-11-06 19:43:23',0),
(146,2,'EUR','Euro','978','ANDORRA','0','',0,3,0,'update','2020-11-06 19:43:23',0),
(147,2,'EUR','Euro','978','ANDORRA','0','',0,3,0,'update','2020-11-06 19:43:23',0),
(148,2,'EUR','Euro','978','ANDORRA','0','',0,3,0,'delete','2020-11-06 19:43:23',0),
(149,22,'IND','Ind jio','jio','Jio','jio','jio',0,3,0,'update','2021-04-12 05:45:21',0),
(150,22,'IND','Ind','jio','Jio','jio','jio',0,3,0,'update','2021-04-12 05:45:21',0),
(151,22,'IND','Ind','jio','Jio','jio','jio',0,3,0,'update','2021-04-12 05:45:21',0),
(152,22,'IND','Ind','jio','Jio','jio','jio',0,3,0,'delete','2021-04-12 05:45:21',0),
(153,18,'KAP','INDIAN','CC','DD','HH','@@',0,3,0,'update','2021-04-12 00:41:39',0),
(155,18,'KAP','INDIAN','CC','DD','HH','@@',0,3,0,'update','2021-04-12 00:41:39',0),
(156,18,'KAP','INDIAN','CC','DD','HH','@@',0,3,0,'update','2021-04-12 00:41:39',0),
(157,18,'KAP','INDIAN','CC','DD','HH','@@',0,3,0,'update','2021-04-12 00:41:39',0),
(158,18,'KAP','INDIAN','CC','DD','HH','@@',0,3,0,'approve','2021-04-12 00:41:39',0),
(159,18,'KAP','INDIAN','CC','DD','HH','@@',0,3,0,'update','2021-04-12 00:41:39',0),
(160,18,'KAP','INDIAN','CC','DD','HH','@@',0,3,0,'update','2021-04-12 00:41:39',0),
(161,18,'KAP','INDIAN','CC','DD','HH','@@',0,3,0,'update','2021-04-12 00:41:39',0),
(162,18,'KAP','INDIAN','CC','DD','HH','@@',0,3,0,'update','2021-04-12 00:41:39',0),
(163,18,'KAPpp','INDIAN','CC','DD','HH','@@',0,3,0,'update','2021-04-12 00:41:39',0),
(164,18,'KAPpp','INDIAN','CC','DD','HH','@@',0,3,0,'update','2021-04-12 00:41:39',0),
(165,18,'KAPpp','INDIAN','CC','DD','HH','@@###$',0,3,0,'update','2021-04-12 00:41:39',0),
(166,18,'KAPpp','INDIAN','CC','DD','HH','@@###$',0,3,0,'update','2021-04-12 00:41:39',0),
(167,18,'KAPpp','INDIAN','CC','DD','HH','@@###+++',0,3,0,'update','2021-04-12 00:41:39',0),
(168,18,'KAPpp','INDIAN','CC','DD','HHLPLP','@@###+++',0,3,0,'update','2021-04-12 00:41:39',0),
(169,18,'KAPpp','INDIAN','CC','DD','HHLPLP','@@###+++',0,3,0,'update','2021-04-12 00:41:39',0),
(170,18,'KAPpp','INDIAN','CC','DD','HHLPLP','@@###+++',0,3,0,'update','2021-04-12 00:41:39',0),
(171,18,'KAPpp','INDIAN','CC','DD','HHLPLP','@@###+++',1,3,0,'approve','2021-04-12 00:41:39',0),
(172,18,'KAPpp','INDIAN','CC','DD','HHLPLP','@@###+++',0,3,0,'approve','2021-04-12 00:41:39',0),
(173,18,'KAPpp','INDIAN','CC','DD','HHLPLP','@@###+++',0,3,0,'update','2021-04-12 00:41:39',0),
(174,18,'KAPpp','INDIAN','CC','DD','HHLPLP','@@###+++',0,3,0,'update','2021-04-12 00:41:39',0),
(176,18,'KAPpp','INDIAN','CC','DD','HHLPLP','@@###+++',0,3,0,'update','2021-04-12 00:41:39',0),
(177,18,'KAPpp','INDIAN','CC','DD','HHLPLP','@@###+++',0,3,0,'update','2021-04-12 00:41:39',0),
(178,18,'KAPpp','INDIAN','CC','DD','HHLPLP','@@###+++',0,3,0,'update','2021-04-12 00:41:39',0),
(179,18,'KAPpp','INDIAN','CC','DD','HHLPLP','@@###+++',0,3,0,'update','2021-04-12 00:41:39',0),
(181,18,'KAPpp','INDIAN','CC','DD','HHLPLP','@@###+++',0,3,0,'update','2021-04-12 00:41:39',0),
(182,18,'KAPpp','INDIAN','CC','DD','HHLPLP','@@###+++',0,3,0,'update','2021-04-12 00:41:39',0),
(183,18,'KAPpp','INDIAN','CC','DD','HHLPLP','@@###+++',0,3,0,'update','2021-04-12 00:41:39',0),
(184,18,'KAPpp','INDIAN','CC','DD','HHLPLP','@@###+++',0,3,0,'update','2021-04-12 00:41:39',0),
(185,18,'KAPpp','INDIAN','CC','DD','HHLPLP','@@###+++',0,3,0,'update','2021-04-12 00:41:39',0),
(186,18,'KAPpp','INDIAN','CC','DD','HHLPLP','@@###+++**',0,3,0,'update','2021-04-12 00:41:39',0),
(187,18,'KAPpp','INDIAN','CC','DD','HHLPLP','@@###+++**',0,3,0,'update','2021-04-12 00:41:39',0),
(188,18,'KAPpp','INDIAN','CC','DDlplp','HHLPLP','@@###+++**',0,3,0,'update','2021-04-12 00:41:39',0),
(189,18,'Kpopopo','INDIAN','CC','DDlplp','HHLPLP','@@###+++**',0,3,0,'update','2021-04-12 00:41:39',0),
(190,43,NULL,'Pa2',NULL,NULL,NULL,NULL,0,0,0,'insert','2021-04-22 05:43:38',0),
(191,44,NULL,'INDIAN',NULL,NULL,NULL,NULL,0,0,0,'insert','2021-04-22 05:51:52',0),
(192,45,'1','A','DGFDF','OIIOOI','254','$',0,0,0,'insert','2021-04-24 03:53:21',0),
(193,45,'1','A','DGFDF','OIIOOI','254','$',0,0,0,'update','2021-04-24 03:53:21',0),
(194,45,'1','A','DGFDF','OIIOOI','254','$',0,0,0,'update','2021-04-24 03:53:21',0),
(195,45,'1','A','DGFDF','OIIOOI','254','$',0,0,0,'update','2021-04-24 03:53:21',0),
(196,45,'1','A','DGFDF','OIIOOI','254','$',0,0,0,'update','2021-04-24 03:53:21',0),
(197,45,'12','A','DGFDFd','OIIOOI','254c','$',0,0,0,'update','2021-04-24 03:53:21',0),
(198,45,'12','A','DGFDFd','OIIOOI','254c','$',0,0,0,'update','2021-04-24 03:53:21',0),
(199,45,'12','A','DGFDFd','OIIOOI','254c','$',0,0,0,'update','2021-04-24 03:53:21',0),
(200,46,'IND','Indian1','ind','Ind','1','$',0,3,0,'insert','2021-04-26 07:13:14',0),
(201,47,'ARMY','Army1','tata','Tata','12','$',0,3,0,'insert','2021-04-26 23:41:40',0),
(202,44,NULL,'INDIAN',NULL,NULL,NULL,NULL,0,0,0,'update','2021-04-22 05:51:52',0),
(203,44,'TATA','INDIAN','ha','Haha','ja','#',0,0,0,'approve','2021-04-22 05:51:52',0),
(204,45,'13','Ah','DGFDFdo','OIIOOIooo','254chhh','$',0,0,0,'delete','2021-04-24 03:53:21',0),
(205,42,NULL,'R3',NULL,NULL,NULL,NULL,0,0,0,'delete','2021-04-22 02:19:01',0),
(206,43,NULL,'Pa2',NULL,NULL,NULL,NULL,0,0,0,'delete','2021-04-22 05:43:38',0),
(207,48,'200','Abc','ABC200','ABC','75','$',0,0,0,'insert','2021-04-29 05:57:12',0),
(208,48,'200','Abc','ABC200','ABC','75','$',0,0,0,'update','2021-04-29 05:57:12',0),
(209,49,NULL,'Phillphiny',NULL,NULL,NULL,NULL,0,0,0,'insert','2021-04-29 06:29:57',0),
(210,48,'200','Abc','ABC200','ABC','78','$',0,0,0,'approve','2021-04-29 05:57:12',0),
(211,48,'200','Abc','ABC200','ABC','78','$',1,0,0,'approve','2021-04-29 05:57:12',0),
(212,48,'200','Abc','ABC200','ABC','78','$',0,0,0,'approve','2021-04-29 05:57:12',0),
(213,47,'ARMY','Army1','tata','Tata','12','$',0,3,0,'approve','2021-04-26 23:41:40',0),
(214,48,'200','Abc','ABC200','ABC','78','$',1,0,0,'approve','2021-04-29 05:57:12',0),
(215,48,'200','Abc','ABC200','ABC','78','$',0,0,0,'approve','2021-04-29 05:57:12',0),
(216,48,'200','Abc','ABC200','ABC','78','$',1,0,0,'approve','2021-04-29 05:57:12',0),
(217,48,'200','Abc','ABC200','ABC','78','$',0,0,0,'approve','2021-04-29 05:57:12',0),
(218,48,'200','Abc','ABC200','ABC','78','$',1,0,0,'approve','2021-04-29 05:57:12',0),
(219,47,'ARMY','Army1','tata','Tata','12','$',1,3,0,'approve','2021-04-26 23:41:40',0),
(220,48,'200','Abc','ABC200','ABC','78','$',0,0,0,'approve','2021-04-29 05:57:12',0),
(221,47,'ARMY','Army1','tata','Tata','12','$',0,3,0,'approve','2021-04-26 23:41:40',0),
(222,48,'200','Abc','ABC200','ABC','78','$',1,0,0,'approve','2021-04-29 05:57:12',0),
(223,48,'200','Abc','ABC200','ABC','78','$',0,0,0,'approve','2021-04-29 05:57:12',0),
(224,46,'IND','Indian1','ind','Ind','1','$',0,3,0,'approve','2021-04-26 07:13:14',0),
(225,50,NULL,'Nepali',NULL,NULL,NULL,NULL,0,0,0,'insert','2021-04-30 06:05:29',0),
(226,51,'RAM1','Data','tata','Tara','maj','kajka',0,3,0,'insert','2021-05-01 00:14:32',0),
(227,51,'RAM1','Data','tata','Tara','maj','kajka',0,3,0,'approve','2021-05-01 00:14:32',0),
(228,51,'RAM1','Data','tata','Tara','maj','kajka',1,3,0,'approve','2021-05-01 00:14:32',0),
(229,51,'RAM1','Data','tata','Tara','maj','kajka',0,3,0,'update','2021-05-01 00:14:32',0),
(230,51,'RAM1','Data','tata','Tara','maj','###',0,3,0,'approve','2021-05-01 00:14:32',0),
(231,48,'200','Abc','ABC200','ABC','78','$',1,0,0,'approve','2021-04-29 05:57:12',0),
(232,47,'ARMY','Army1','tata','Tata','12','$',1,3,0,'approve','2021-04-26 23:41:40',0),
(233,48,'200','Abc','ABC200','ABC','78','$',0,0,0,'approve','2021-04-29 05:57:12',0),
(234,51,'RAM1','Data','tata','Tara','maj','###',1,3,0,'approve','2021-05-01 00:14:32',0),
(235,48,'200','Abc','ABC200','ABC','78','$',1,0,0,'approve','2021-04-29 05:57:12',0),
(236,47,'ARMY','Army1','tata','Tata','12','$',0,3,0,'approve','2021-04-26 23:41:40',0),
(237,48,'200','Abc','ABC200','ABC','78','$',0,0,0,'update','2021-04-29 05:57:12',0),
(238,48,'202','Abc tata','ABC200','ABC 23','78','$',0,0,0,'delete','2021-04-29 05:57:12',0),
(239,52,'HJSGUYD',',sabcjk','jksahiuh',',njshcj','','',0,3,0,'insert','2021-05-01 00:24:26',0),
(240,52,'HJSGUYD',',sabcjk','jksahiuh',',njshcj','','',0,3,0,'update','2021-05-01 00:24:26',0),
(241,47,'ARMY','Army1','tata','Tata','12','$',0,3,0,'update','2021-04-26 23:41:40',0),
(242,53,'FUFA','Fufa ji','12','23','2','$$',0,3,0,'insert','2021-05-01 07:28:16',0),
(243,54,NULL,'$$',NULL,NULL,NULL,NULL,0,0,0,'insert','2021-05-01 07:40:27',0),
(244,55,NULL,'$',NULL,NULL,NULL,NULL,0,0,0,'insert','2021-05-01 07:51:48',0),
(245,56,'INDOOO','Indooo','sfd','Ad','af','$$',0,3,0,'insert','2021-05-03 00:45:39',0),
(246,55,NULL,'$',NULL,NULL,NULL,NULL,0,0,0,'delete','2021-05-01 07:51:48',0),
(247,47,'ARMY','Army','tata','Tata','12','$',0,3,0,'update','2021-04-26 23:41:40',0),
(248,57,NULL,'Istanbul',NULL,NULL,NULL,NULL,0,0,0,'insert','2021-05-05 06:31:18',0),
(249,58,'BABA','Baba','kjh','Kh','kkjh','kkjnn',0,3,0,'insert','2021-05-05 07:29:25',0),
(250,59,NULL,'###',NULL,NULL,NULL,NULL,0,0,0,'insert','2021-05-05 07:32:24',0),
(251,59,NULL,'###',NULL,NULL,NULL,NULL,0,0,0,'approve','2021-05-05 07:32:24',0),
(252,58,'BABA','Baba','kjh','Kh','kkjh','kkjnn',0,3,0,'approve','2021-05-05 07:29:25',0),
(253,51,'RAM1','Data','tata','Tara','maj','###',0,3,0,'approve','2021-05-01 00:14:32',0),
(254,53,'FUFA','Fufa ji','12','23','2','$$',0,3,0,'approve','2021-05-01 07:28:16',0),
(255,54,NULL,'$$',NULL,NULL,NULL,NULL,0,0,0,'approve','2021-05-01 07:40:27',0),
(256,54,NULL,'$$',NULL,NULL,NULL,NULL,1,0,0,'approve','2021-05-01 07:40:27',0),
(257,54,NULL,'$$',NULL,NULL,NULL,NULL,0,0,0,'approve','2021-05-01 07:40:27',0),
(258,54,NULL,'$$',NULL,NULL,NULL,NULL,1,0,0,'approve','2021-05-01 07:40:27',0),
(259,54,NULL,'$$',NULL,NULL,NULL,NULL,0,0,0,'approve','2021-05-01 07:40:27',0),
(260,54,NULL,'$$',NULL,NULL,NULL,NULL,1,0,0,'approve','2021-05-01 07:40:27',0),
(261,54,NULL,'$$',NULL,NULL,NULL,NULL,0,0,0,'approve','2021-05-01 07:40:27',0),
(262,6,'INR','Indian Rupee','356','INDIA','0','',1,3,0,'approve','2020-11-06 19:48:47',0),
(263,56,'INDOOO','Indooo','sfd','Ad','af','$$',0,3,0,'approve','2021-05-03 00:45:39',0),
(264,56,'INDOOO','Indooo','sfd','Ad','af','$$',1,3,0,'approve','2021-05-03 00:45:39',0),
(265,56,'INDOOO','Indooo','sfd','Ad','af','$$',0,3,0,'approve','2021-05-03 00:45:39',0),
(266,6,'INR','Indian Rupee','356','INDIA','0','',0,3,0,'approve','2020-11-06 19:48:47',0),
(267,46,'IND','Indian1','ind','Ind','1','$',1,3,0,'approve','2021-04-26 07:13:14',0),
(268,46,'IND','Indian1','ind','Ind','1','$',0,3,0,'approve','2021-04-26 07:13:14',0),
(269,6,'INR','Indian Rupee','356','INDIA','0','',1,3,0,'approve','2020-11-06 19:48:47',0),
(270,46,'IND','Indian1','ind','Ind','1','$',1,3,0,'approve','2021-04-26 07:13:14',0),
(271,59,NULL,'###',NULL,NULL,NULL,NULL,1,0,0,'approve','2021-05-05 07:32:24',0),
(272,59,NULL,'###',NULL,NULL,NULL,NULL,0,0,0,'approve','2021-05-05 07:32:24',0),
(273,6,'INR','Indian Rupee','356','INDIA','0','',0,3,0,'approve','2020-11-06 19:48:47',0),
(274,46,'IND','Indian1','ind','Ind','1','$',0,3,0,'approve','2021-04-26 07:13:14',0),
(275,46,'IND','Indian1','ind','Ind','1','$',1,3,0,'approve','2021-04-26 07:13:14',0),
(276,6,'INR','Indian Rupee','356','INDIA','0','',1,3,0,'approve','2020-11-06 19:48:47',0),
(277,59,NULL,'###',NULL,NULL,NULL,NULL,0,0,0,'delete','2021-05-05 07:32:24',0),
(278,54,NULL,'$$',NULL,NULL,NULL,NULL,0,0,0,'delete','2021-05-01 07:40:27',0),
(279,47,'ARMY','Army','tata','Tata','12','$',0,3,0,'delete','2021-04-26 23:41:40',0),
(280,58,'BABA','Baba','kjh','Kh','kkjh','kkjnn',0,3,0,'delete','2021-05-05 07:29:25',0),
(281,51,'RAM1','Data','tata','Tara','maj','###',0,3,0,'delete','2021-05-01 00:14:32',0),
(282,53,'FUFA','Fufa ji','12','23','2','$$',0,3,0,'delete','2021-05-01 07:28:16',0),
(283,18,'Kpopopo','imimim','CC','DDlplp','HHLPLP','@@###+++**',0,3,0,'delete','2021-04-12 00:41:39',0),
(284,44,'TATA','INDIAN','ha','Haha','ja','#',0,0,0,'delete','2021-04-22 05:51:52',0),
(285,6,'INR','Indian Rupee','356','INDIA','0','',0,3,0,'delete','2020-11-06 19:48:47',0),
(286,46,'IND','Indian1','ind','Ind','1','$',0,3,0,'delete','2021-04-26 07:13:14',0),
(287,56,'INDOOO','Indooo','sfd','Ad','af','$$',0,3,0,'delete','2021-05-03 00:45:39',0),
(288,57,NULL,'Istanbul',NULL,NULL,NULL,NULL,0,0,0,'delete','2021-05-05 06:31:18',0),
(289,37,'JAM','Jam1','JAM2','JAM3','JAM4','',0,0,0,'delete','2021-04-20 01:37:25',0),
(290,35,'KA','Ka','KA','KA','JA','UA',0,0,0,'delete','2021-04-16 04:59:08',0),
(291,33,'KWD','KUWAITY DINAR','KWD','DINAR','274.31','KWD',0,0,0,'delete','2021-04-16 01:27:05',0),
(292,8,'MYR','Malaysian Ringgit','458','MALAYSIA','0','RM',0,3,0,'delete','2020-11-06 19:51:19',0),
(293,50,NULL,'Nepali',NULL,NULL,NULL,NULL,0,0,0,'delete','2021-04-30 06:05:29',0),
(294,49,NULL,'Phillphiny',NULL,NULL,NULL,NULL,0,0,0,'delete','2021-04-29 06:29:57',0),
(295,32,'QAR','Qatari Ryal','QAR','QATARI RYAL','20.47','QR',0,0,0,'delete','2021-04-16 01:18:20',0),
(296,13,'RL','Rupee','4517','IND','0','R',0,3,0,'delete','2021-04-06 08:09:43',0),
(297,14,'88','Rupia','91','India','00','r',0,3,0,'delete','2021-04-08 01:25:52',0),
(298,7,'IDR','Rupiah','360','INDONESIA','0','Rp',0,3,0,'delete','2020-11-06 19:50:19',0),
(299,17,'110','RUPPIA','990','CANADA','0001','cc',0,3,0,'delete','2021-04-09 02:07:24',0),
(300,52,'HJSGUYD','Sabcjk','jksahiuh','Njshcj','','',0,3,0,'delete','2021-05-01 00:24:26',0),
(301,3,'BDT','Taka','50','BANGLADESH','0','',0,3,0,'delete','2020-11-06 19:44:39',0),
(302,28,'TELE','Telecom','12','Tele','45','$',0,3,0,'delete','2021-04-15 08:12:52',0),
(303,1,'USD','US Dollar','840','AMERICAN SAMOA','75.5','$',0,3,0,'delete','2020-11-06 19:41:51',0),
(304,5,'CNY','Yuan Renminbi','156','CHINA','0','',0,3,0,'delete','2020-11-06 19:47:32',0),
(305,60,'AED','UAE Dirham','784','UAE DIRHAM','0','.',0,0,0,'insert','2021-05-09 07:53:55',0),
(306,61,'AFN','Afghani','971','AFGHANI','0','AF',0,0,0,'insert','2021-05-09 07:53:55',0),
(307,62,'ALL','Lek','8','LEK','0','L',0,0,0,'insert','2021-05-09 07:53:56',0),
(308,63,'AMD','Armenian Dram','51','ARMENIAN DRAM','0','',0,0,0,'insert','2021-05-09 07:53:56',0),
(309,64,'AOA','Kwanza','973','KWANZA','0','KZ',0,0,0,'insert','2021-05-09 07:53:56',0),
(310,65,'ARS','Argentine Peso','32','ARGENTINE PESO','0','$',0,0,0,'insert','2021-05-09 07:53:56',0),
(311,66,'AUD','Australian Dollar','36','AUSTRALIAN DOLLAR','0','$',0,0,0,'insert','2021-05-09 07:53:56',0),
(312,67,'AWG','Aruban Guilder/Florin','533','ARUBAN GUILDER/FLORIN','0','',0,0,0,'insert','2021-05-09 07:53:56',0),
(313,68,'AZN','Azerbaijanian Manat','944','AZERBAIJANIAN MANAT','0','',0,0,0,'insert','2021-05-09 07:53:56',0),
(314,69,'BAM','Konvertibilna Marka','977','KONVERTIBILNA MARKA','0','',0,0,0,'insert','2021-05-09 07:53:56',0),
(315,61,'AFN','Afghani','971','AFGHANI','0','AF',0,0,0,'update','2021-05-09 07:53:55',0),
(316,61,'AFN','Afghani','971','AFGHANI','0.00','AF',0,0,0,'update','2021-05-09 07:53:55',0),
(317,61,'AFN','Afghani','971','AFGHANI','0','AF',0,0,0,'update','2021-05-09 07:53:55',0),
(318,65,'ARS','Argentine Peso','32','ARGENTINE PESO','0','$',0,0,0,'update','2021-05-09 07:53:56',0),
(319,61,'AFN','Afghani','971','AFGHANI','0.00','AF',0,0,0,'update','2021-05-09 07:53:55',0),
(320,61,'AFN','Afghani','971','AFGHANI','0.12','AF',0,0,0,'update','2021-05-09 07:53:55',0),
(321,61,'AFN','Afghani','971','AFGHANI','0.12','AF',0,0,0,'update','2021-05-09 07:53:55',0),
(322,63,'AMD','Armenian Dram','51','ARMENIAN DRAM','0','',0,0,0,'update','2021-05-09 07:53:56',0),
(323,65,'ARS','Argentine Peso','32','ARGENTINE PESO','0.45','$',0,0,0,'update','2021-05-09 07:53:56',0),
(324,65,'ARS','Argentine Peso','32','ARGENTINE PESO','12','$',0,0,0,'update','2021-05-09 07:53:56',0),
(325,65,'ARS','Argentine Peso','32','ARGENTINE PESO','12','$',0,0,0,'update','2021-05-09 07:53:56',0),
(326,61,'AFN','Afghani','971','AFGHANI','0.12','AF',0,0,0,'update','2021-05-09 07:53:55',0),
(327,61,'AFN','Afghani','971','AFGHANI','0.1222','AF',0,0,0,'update','2021-05-09 07:53:55',0),
(328,65,'ARS','Argentine Peso','32','ARGENTINE PESO','12','$',0,0,0,'update','2021-05-09 07:53:56',0),
(329,70,'BBD','Barbados Dollar','52','BARBADOS DOLLAR','0','$',0,0,0,'insert','2021-05-10 02:46:50',0),
(330,71,'BDT','Taka','50','TAKA','0','',0,0,0,'insert','2021-05-10 02:46:50',0),
(331,72,'PAKI','Pak','11','PAKISTAN','0.012','$',0,0,0,'insert','2021-05-10 03:21:13',0),
(332,72,'PAKI','Pak','11','PAKISTAN','0.012','$',0,0,0,'update','2021-05-10 03:21:13',0),
(333,73,'BMD','Bermudian Dollar','60','BERMUDIAN DOLLAR','0','$',0,0,0,'insert','2021-05-10 03:27:53',0),
(334,74,'BND','Brunei Dollar','96','BRUNEI DOLLAR','0','$',0,0,0,'insert','2021-05-10 03:27:54',0),
(335,75,'BOB','Boliviano','68','BOLIVIANO','0','BS.',0,0,0,'insert','2021-05-10 03:27:54',0),
(336,76,'BRL','Brazilian Real','986','BRAZILIAN REAL','0','R$',0,0,0,'insert','2021-05-10 03:27:54',0),
(337,77,'DD','Ff','EE','','0.0000','EE',0,0,0,'insert','2021-05-10 03:42:21',0),
(338,78,NULL,'Rupee',NULL,NULL,NULL,NULL,0,0,0,'insert','2021-05-10 03:47:09',0),
(339,79,'JAP','Japani','12','JAPAN','0.2300','$',0,0,0,'insert','2021-05-11 00:38:33',0),
(340,79,'JAP','Japani','12','JAPAN','0.2300','$',0,0,0,'approve','2021-05-11 00:38:33',0),
(341,61,'AFN','Afghani','971','AFGHANI','0.000','AF',0,0,0,'approve','2021-05-09 07:53:55',0),
(342,61,'AFN','Afghani','971','AFGHANI','0.000','AF',0,0,0,'update','2021-05-09 07:53:55',0),
(343,63,'AMD','Armenian Dram','51','ARMENIAN DRAM','0.000','',0,0,0,'update','2021-05-09 07:53:56',0),
(344,68,'AZN','Azerbaijanian Manat','944','AZERBAIJANIAN MANAT','0','',0,0,0,'update','2021-05-09 07:53:56',0),
(345,75,'BOB','Boliviano','68','BOLIVIANO','0','BS.',0,0,0,'delete','2021-05-10 03:27:54',0),
(346,74,'BND','Brunei Dollar','96','BRUNEI DOLLAR','0','$',0,0,0,'delete','2021-05-10 03:27:54',0),
(347,80,'A','A1','1','IND','8.0000','#',0,0,0,'insert','2021-05-11 03:12:40',0),
(348,81,'AA','A2','2','JAP','9.0000','#',0,0,0,'insert','2021-05-11 03:12:40',0),
(349,82,'AAA','A3','3','INDO','1.0000','#',0,0,0,'insert','2021-05-11 03:12:40',0),
(350,83,'AAAA','A4','4','NEPAL','2.0000','@',0,0,0,'insert','2021-05-11 03:12:40',0),
(351,84,'AAAAA','A5','5','KAT','3.0000','#',0,0,0,'insert','2021-05-11 03:12:40',0),
(352,85,'AAAAAA','A6','6','HA','4.0000','#',0,0,0,'insert','2021-05-11 03:12:40',0),
(353,86,'AAAAAAA','A7','7','HL','6.0000','#',0,0,0,'insert','2021-05-11 03:12:40',0),
(354,87,'AAAAAAAA','A9','9','YA','0.0200','#',0,0,0,'insert','2021-05-11 03:12:40',0),
(355,88,'AAAAAAAAA','A10','10','UA','0.3400','#',0,0,0,'insert','2021-05-11 03:12:40',0),
(356,89,'AAAAAAAAAA','A11','11','US','0.4300','#',0,0,0,'insert','2021-05-12 00:43:55',0),
(357,80,'A','A1','1','IND','8.0000','#',0,0,0,'delete','2021-05-11 03:12:40',0),
(358,88,'AAAAAAAAA','A10','10','UA','0.3400','#',0,0,0,'delete','2021-05-11 03:12:40',0),
(359,89,'AAAAAAAAAA','A11','11','US','0.4300','#',0,0,0,'delete','2021-05-12 00:43:55',0),
(360,81,'AA','A2','2','JAP','9.0000','#',0,0,0,'delete','2021-05-11 03:12:40',0),
(361,82,'AAA','A3','3','INDO','1.0000','#',0,0,0,'delete','2021-05-11 03:12:40',0),
(362,83,'AAAA','A4','4','NEPAL','2.0000','@',0,0,0,'delete','2021-05-11 03:12:40',0),
(363,84,'AAAAA','A5','5','KAT','3.0000','#',0,0,0,'delete','2021-05-11 03:12:40',0),
(364,85,'AAAAAA','A6','6','HA','4.0000','#',0,0,0,'delete','2021-05-11 03:12:40',0),
(365,86,'AAAAAAA','A7','7','HL','6.0000','#',0,0,0,'delete','2021-05-11 03:12:40',0),
(366,87,'AAAAAAAA','A9','9','YA','0.0200','#',0,0,0,'delete','2021-05-11 03:12:40',0),
(367,78,NULL,'Rupee',NULL,NULL,NULL,NULL,0,0,0,'delete','2021-05-10 03:47:09',0),
(368,92,'A','A1','1','IND','8.0000','#',0,0,0,'insert','2021-05-12 00:46:41',0),
(369,93,'AA','A2','2','JAP','9.0000','#',0,0,0,'insert','2021-05-12 00:46:41',0),
(370,94,'AAA','A3','3','INDO','1.0000','#',0,0,0,'insert','2021-05-12 00:46:41',0),
(371,95,'AAAA','A4','4','NEPAL','2.0000','@',0,0,0,'insert','2021-05-12 00:46:41',0),
(372,96,'AAAAA','A5','5','KAT','3.0000','#',0,0,0,'insert','2021-05-12 00:46:41',0),
(373,97,'AAAAAA','A6','6','HA','4.0000','#',0,0,0,'insert','2021-05-12 00:46:41',0),
(374,98,'AAAAAAA','A7','7','HL','6.0000','#',0,0,0,'insert','2021-05-12 00:46:41',0),
(375,99,'AAAAAAAA','A9','9','YA','0.0200','#',0,0,0,'insert','2021-05-12 00:46:41',0),
(376,100,'AAAAAAAAA','A10','10','UA','0.3400','#',0,0,0,'insert','2021-05-12 00:46:41',0),
(377,101,'AAAAAAAAAA','A11','11','US','0.4300','#',0,0,0,'insert','2021-05-12 00:46:41',0),
(378,103,'RAM1','Ru','3','KL','2.0000','$',0,0,0,'insert','2021-05-12 00:51:54',0),
(379,104,'R1','Rd','2','JH','4.0000','$',0,0,0,'insert','2021-05-12 00:51:54',0),
(380,105,'R','Rf','5','GF','5.0000','$',0,0,0,'insert','2021-05-12 00:51:54',0),
(381,106,'R3','Rg','55','SA','3.0000','$',0,0,0,'insert','2021-05-12 00:51:54',0),
(382,107,'R4','Rh','33','VC','6.0000','$',0,0,0,'insert','2021-05-12 00:51:54',0),
(383,108,'R5','Rj','333','GT','8.0000','$',0,0,0,'insert','2021-05-12 00:51:54',0),
(384,109,'R6','Rb','22','RE','66.0000','$',0,0,0,'insert','2021-05-12 00:51:54',0),
(385,110,'R7','Rv','222','YT','55.0000','$',0,0,0,'insert','2021-05-12 00:51:54',0),
(386,111,'R8','Tf','33333','UY','44.0000','$',0,0,0,'insert','2021-05-12 00:51:54',0),
(387,92,'A','A1','1','IND','8.0000','#',0,0,0,'delete','2021-05-12 00:46:41',0),
(388,100,'AAAAAAAAA','A10','10','UA','0.3400','#',0,0,0,'delete','2021-05-12 00:46:41',0),
(389,101,'AAAAAAAAAA','A11','11','US','0.4300','#',0,0,0,'delete','2021-05-12 00:46:41',0),
(390,93,'AA','A2','2','JAP','9.0000','#',0,0,0,'delete','2021-05-12 00:46:41',0),
(391,94,'AAA','A3','3','INDO','1.0000','#',0,0,0,'delete','2021-05-12 00:46:41',0),
(392,97,'AAAAAA','A6','6','HA','4.0000','#',0,0,0,'delete','2021-05-12 00:46:41',0),
(393,112,'EUR','A','1','PO','9.0000','#',0,0,0,'insert','2021-05-12 01:17:14',0),
(394,113,'UWR','B','2','POL','8.0000','#',0,0,0,'insert','2021-05-12 01:17:14',0),
(395,114,'IUY','C','3','LK','7.0000','#',0,0,0,'insert','2021-05-12 01:17:14',0),
(396,115,'JHG','D','4','MN','6.0000','#',0,0,0,'insert','2021-05-12 01:17:14',0),
(397,116,'YTR','E','5','JH','5.0000','#',0,0,0,'insert','2021-05-12 01:17:14',0),
(398,117,'FGH','F','6','UY','4.0000','#',0,0,0,'insert','2021-05-12 01:17:14',0),
(399,118,'KJH','G','7','HG','3.0000','#',0,0,0,'insert','2021-05-12 01:17:14',0),
(400,119,'CVB','H','8','BN','2.0000','#',0,0,0,'insert','2021-05-12 01:17:14',0),
(401,120,'DFG','I','9','JK','1.0000','#',0,0,0,'insert','2021-05-12 01:17:14',0),
(402,121,'HJK','J','10','UY','6.0000','#',0,0,0,'insert','2021-05-12 01:17:14',0),
(403,122,'LKJ','K','98','YT','7.0000','#',0,0,0,'insert','2021-05-12 01:17:14',0),
(404,123,'CVF','L','87','FD','4.0000','#',0,0,0,'insert','2021-05-12 01:17:14',0),
(405,124,'CDR','M','98','RE','3.0000','#',0,0,0,'insert','2021-05-12 01:17:15',0),
(406,125,'MNB','N','9','GF','5.0000','#',0,0,0,'insert','2021-05-12 01:17:15',0),
(407,126,'HGY','O','76','HG','8.0000','#',0,0,0,'insert','2021-05-12 01:17:15',0),
(408,127,'ZXS','P','65','BVC','0.0000','#',0,0,0,'insert','2021-05-12 01:17:15',0),
(409,128,'ASD','Q','67','XC','0.0000','#',0,0,0,'insert','2021-05-12 01:17:15',0),
(410,129,'ACD','S','45','BN','66.0000','#',0,0,0,'insert','2021-05-12 01:17:15',0),
(411,130,'VCD','T','34','MH','77.0000','#',0,0,0,'insert','2021-05-12 01:17:15',0),
(412,131,'BVC','U','23','TY','88.0000','#',0,0,0,'insert','2021-05-12 01:17:15',0),
(413,132,'HGF','V','76','DF','33.0000','#',0,0,0,'insert','2021-05-12 01:17:15',0),
(414,133,'YGV','W','456','RT','44.0000','#',0,0,0,'insert','2021-05-12 01:17:15',0),
(415,134,'UHB','X','98','DF','99.0000','#',0,0,0,'insert','2021-05-12 01:17:15',0),
(416,135,'IJN','Y','76','ES','66.0000','#',0,0,0,'insert','2021-05-12 01:17:15',0),
(417,136,'OKM','Z','65','RD','11.0000','#',0,0,0,'insert','2021-05-12 01:17:15',0),
(418,137,'PLM','Mn','457','TF','22.0000','#',0,0,0,'insert','2021-05-12 01:17:15',0),
(419,138,'YGC','Kj','34','YG','33.0000','#',0,0,0,'insert','2021-05-12 01:17:15',0),
(420,139,'TFX','Lk','123','UH','44.0000','#',0,0,0,'insert','2021-05-12 01:17:15',0),
(421,140,'WAZ','Jh','9','YG','55.0000','#',0,0,0,'insert','2021-05-12 01:17:15',0),
(422,141,'RSX','Oi','98','OK','66.0000','#',0,0,0,'insert','2021-05-12 01:17:15',0),
(423,142,NULL,'Currency1',NULL,NULL,NULL,NULL,0,0,0,'insert','2021-05-12 05:10:09',0),
(424,143,NULL,'Currency2',NULL,NULL,NULL,NULL,0,0,0,'insert','2021-05-12 05:10:09',0),
(425,144,NULL,'Currency3',NULL,NULL,NULL,NULL,0,0,0,'insert','2021-05-12 05:10:10',0),
(426,145,NULL,'Currency4',NULL,NULL,NULL,NULL,0,0,0,'insert','2021-05-12 05:10:10',0),
(427,146,NULL,'Currency5',NULL,NULL,NULL,NULL,0,0,0,'insert','2021-05-12 05:10:10',0),
(428,147,NULL,'Currency6',NULL,NULL,NULL,NULL,0,0,0,'insert','2021-05-12 05:10:10',0),
(429,148,NULL,'Currency7',NULL,NULL,NULL,NULL,0,0,0,'insert','2021-05-12 05:10:10',0),
(430,149,NULL,'Currency8',NULL,NULL,NULL,NULL,0,0,0,'insert','2021-05-12 05:10:10',0),
(431,150,NULL,'Currency9',NULL,NULL,NULL,NULL,0,0,0,'insert','2021-05-12 05:10:10',0),
(432,151,NULL,'Currency10',NULL,NULL,NULL,NULL,0,0,0,'insert','2021-05-12 05:10:10',0),
(433,152,NULL,'Currency11',NULL,NULL,NULL,NULL,0,0,0,'insert','2021-05-12 05:10:10',0),
(434,153,NULL,'Currency12',NULL,NULL,NULL,NULL,0,0,0,'insert','2021-05-12 05:10:10',0),
(435,154,NULL,'Currency13',NULL,NULL,NULL,NULL,0,0,0,'insert','2021-05-12 05:10:10',0),
(436,155,NULL,'Currency14',NULL,NULL,NULL,NULL,0,0,0,'insert','2021-05-12 05:10:10',0),
(437,156,NULL,'Currency15',NULL,NULL,NULL,NULL,0,0,0,'insert','2021-05-12 05:10:10',0),
(438,157,NULL,'Currency16',NULL,NULL,NULL,NULL,0,0,0,'insert','2021-05-12 05:10:10',0),
(439,158,NULL,'Currency17',NULL,NULL,NULL,NULL,0,0,0,'insert','2021-05-12 05:10:10',0),
(440,159,NULL,'Currency18',NULL,NULL,NULL,NULL,0,0,0,'insert','2021-05-12 05:10:10',0),
(441,160,NULL,'Currency19',NULL,NULL,NULL,NULL,0,0,0,'insert','2021-05-12 05:10:10',0),
(442,161,NULL,'Currency20',NULL,NULL,NULL,NULL,0,0,0,'insert','2021-05-12 05:10:10',0),
(443,162,NULL,'Currency21',NULL,NULL,NULL,NULL,0,0,0,'insert','2021-05-12 05:10:10',0),
(444,163,NULL,'Currency22',NULL,NULL,NULL,NULL,0,0,0,'insert','2021-05-12 05:10:10',0),
(445,164,NULL,'Currency23',NULL,NULL,NULL,NULL,0,0,0,'insert','2021-05-12 05:10:10',0),
(446,165,NULL,'Currency24',NULL,NULL,NULL,NULL,0,0,0,'insert','2021-05-12 05:10:10',0),
(447,166,NULL,'Currency25',NULL,NULL,NULL,NULL,0,0,0,'insert','2021-05-12 05:10:10',0),
(448,167,NULL,'Currency26',NULL,NULL,NULL,NULL,0,0,0,'insert','2021-05-12 05:10:11',0),
(449,168,NULL,'Currency27',NULL,NULL,NULL,NULL,0,0,0,'insert','2021-05-12 05:10:11',0),
(450,169,NULL,'Ss',NULL,NULL,NULL,NULL,0,0,0,'insert','2021-05-12 23:57:07',0),
(451,170,NULL,'Ind1',NULL,NULL,NULL,NULL,0,0,0,'insert','2021-05-14 06:16:59',0),
(452,171,NULL,'Pak1',NULL,NULL,NULL,NULL,0,0,0,'insert','2021-05-14 06:20:44',0),
(453,112,'EUR','A','1','PO','9.0000','#',0,0,0,'approve','2021-05-12 01:17:14',0),
(454,95,'AAAA','A4','4','NEPAL','2.0000','@',0,0,0,'approve','2021-05-12 00:46:41',0),
(455,96,'AAAAA','A5','5','KAT','3.0000','#',0,0,0,'approve','2021-05-12 00:46:41',0),
(456,98,'AAAAAAA','A7','7','HL','6.0000','#',0,0,0,'approve','2021-05-12 00:46:41',0),
(457,99,'AAAAAAAA','A9','9','YA','0.0200','#',0,0,0,'approve','2021-05-12 00:46:41',0),
(458,99,'AAAAAAAA','A9','9','YA','0.0200','#',1,0,0,'approve','2021-05-12 00:46:41',0),
(460,99,'AAAAAAAA','A9','9','YA','0.0200','#',0,0,0,'approve','2021-05-12 00:46:41',0),
(461,65,'ARS','Argentine Peso','32','ARGENTINE PESO','0.000','$',0,0,0,'approve','2021-05-09 07:53:56',0),
(462,63,'AMD','Armenian Dram','51','ARMENIAN DRAM','0.00123','',0,0,0,'approve','2021-05-09 07:53:56',0),
(463,67,'AWG','Aruban Guilder/Florin','533','ARUBAN GUILDER/FLORIN','0','',0,0,0,'approve','2021-05-09 07:53:56',0),
(464,66,'AUD','Australian Dollar','36','AUSTRALIAN DOLLAR','0','$',0,0,0,'approve','2021-05-09 07:53:56',0),
(465,68,'AZN','Azerbaijanian Manat','944','AZERBAIJANIAN MANAT','0.0432','',0,0,0,'approve','2021-05-09 07:53:56',0),
(466,154,NULL,'Currency13',NULL,NULL,NULL,NULL,0,0,0,'approve','2021-05-12 05:10:10',0),
(467,163,NULL,'Currency22',NULL,NULL,NULL,NULL,0,0,0,'approve','2021-05-12 05:10:10',0),
(468,172,NULL,'Indo1',NULL,NULL,NULL,NULL,0,0,0,'insert','2021-05-17 00:15:35',0),
(469,112,'EUR','A','1','PO','9.0000','#',1,0,0,'approve','2021-05-12 01:17:14',0),
(470,112,'EUR','A','1','PO','9.0000','#',0,0,0,'approve','2021-05-12 01:17:14',0),
(471,65,'ARS','Argentine Peso','32','ARGENTINE PESO','0.000','$',1,0,0,'approve','2021-05-09 07:53:56',0),
(472,173,NULL,'Cn1',NULL,NULL,NULL,NULL,0,0,0,'insert','2021-05-17 06:26:32',0),
(473,174,NULL,'Cn2',NULL,NULL,NULL,NULL,0,0,0,'insert','2021-05-17 06:26:37',0),
(474,175,NULL,'Cn3',NULL,NULL,NULL,NULL,0,0,0,'insert','2021-05-17 06:26:40',0),
(475,176,NULL,'Cn4',NULL,NULL,NULL,NULL,0,0,0,'insert','2021-05-17 06:26:44',0),
(476,177,NULL,'Cn5',NULL,NULL,NULL,NULL,0,0,0,'insert','2021-05-17 06:26:50',0),
(477,178,NULL,'Cn6',NULL,NULL,NULL,NULL,0,0,0,'insert','2021-05-17 06:26:56',0),
(478,179,NULL,'Cn7',NULL,NULL,NULL,NULL,0,0,0,'insert','2021-05-17 06:27:02',0),
(479,180,NULL,'Cn8',NULL,NULL,NULL,NULL,0,0,0,'insert','2021-05-17 06:27:04',0),
(480,181,NULL,'Cn9',NULL,NULL,NULL,NULL,0,0,0,'insert','2021-05-17 06:27:07',0),
(481,182,NULL,'Cn10',NULL,NULL,NULL,NULL,0,0,0,'insert','2021-05-17 06:27:09',0),
(482,183,NULL,'Cn11',NULL,NULL,NULL,NULL,0,0,0,'insert','2021-05-17 06:27:12',0),
(483,184,NULL,'Cn12',NULL,NULL,NULL,NULL,0,0,0,'insert','2021-05-17 06:27:14',0),
(484,185,NULL,'undefined',NULL,NULL,NULL,NULL,0,0,0,'insert','2021-05-17 07:11:12',0),
(485,186,NULL,'Ss2',NULL,NULL,NULL,NULL,0,0,0,'insert','2021-05-17 07:11:24',0),
(486,65,'ARS','Argentine Peso','32','ARGENTINE PESO','0.000','$',0,0,0,'approve','2021-05-09 07:53:56',0),
(487,65,'ARS','Argentine Peso','32','ARGENTINE PESO','0.000','$',1,0,0,'approve','2021-05-09 07:53:56',0),
(488,65,'ARS','Argentine Peso','32','ARGENTINE PESO','0.000','$',0,0,0,'approve','2021-05-09 07:53:56',0),
(489,112,'EUR','A','1','PO','9.0000','#',1,0,0,'approve','2021-05-12 01:17:14',0),
(490,95,'AAAA','A4','4','NEPAL','2.0000','@',1,0,0,'approve','2021-05-12 00:46:41',0);

/*Table structure for table `m_hscategory` */

DROP TABLE IF EXISTS `m_hscategory`;

CREATE TABLE `m_hscategory` (
  `hscategoryId` int(11) NOT NULL AUTO_INCREMENT,
  `hscategoryName` varchar(100) DEFAULT NULL,
  `hscategoryCode` varchar(20) DEFAULT NULL,
  `userId` int(11) DEFAULT NULL,
  `transDate` datetime DEFAULT CURRENT_TIMESTAMP,
  `isApproved` int(11) DEFAULT '0',
  `approvedUserId` int(11) DEFAULT '0',
  `approvedDateTime` datetime DEFAULT NULL,
  `isDeleted` int(11) DEFAULT '0',
  `deleteDateTime` datetime DEFAULT NULL,
  `deleteUserId` int(11) DEFAULT '0',
  `updateCount` int(11) DEFAULT '0',
  `lastUpdateUserId` int(11) DEFAULT '0',
  `isActive` tinyint(1) DEFAULT '0',
  `activateDateTime` datetime DEFAULT NULL,
  `activateUserId` int(11) DEFAULT '0',
  PRIMARY KEY (`hscategoryId`)
) ENGINE=InnoDB AUTO_INCREMENT=251 DEFAULT CHARSET=utf8mb4;

/*Data for the table `m_hscategory` */

insert  into `m_hscategory`(`hscategoryId`,`hscategoryName`,`hscategoryCode`,`userId`,`transDate`,`isApproved`,`approvedUserId`,`approvedDateTime`,`isDeleted`,`deleteDateTime`,`deleteUserId`,`updateCount`,`lastUpdateUserId`,`isActive`,`activateDateTime`,`activateUserId`) values 
(1,'MICRO USB','8544 30 9900',NULL,'2021-01-13 13:04:00',0,0,NULL,0,NULL,0,0,0,0,NULL,0),
(2,'ABS COPOLYMERS','3903 30 9000',NULL,'2021-01-13 13:04:00',0,0,NULL,0,NULL,0,0,0,0,NULL,0),
(3,'ACRYLIC ','5501 30 0000',NULL,'2021-01-13 13:04:01',0,0,NULL,0,NULL,0,0,0,0,NULL,0),
(4,'ADAPTER','8538 90 1100',NULL,'2021-01-13 13:04:01',0,0,NULL,0,NULL,0,0,0,0,NULL,0),
(5,'ADHESIVE LOCTITE/ GLUE','3506 99 0090',NULL,'2021-01-13 13:04:01',0,0,NULL,0,NULL,0,0,0,0,NULL,0),
(6,'ALUMINIUM ANGLE BAR','7604 10 1000',NULL,'2021-01-13 13:04:01',0,0,NULL,0,NULL,0,0,0,0,NULL,0),
(7,'ALUMINIUM FLAT BAR/SQUARE BAR','7604 10 1000',NULL,'2021-01-13 13:04:01',0,0,NULL,0,NULL,0,0,0,0,NULL,0),
(8,'ALUMINIUM PLATE ','7606 11 9000',NULL,'2021-01-13 13:04:01',0,0,NULL,0,NULL,0,0,0,0,NULL,0),
(9,'ALUMINIUM PROFILE','7604 21 9000',NULL,'2021-01-13 13:04:01',0,0,NULL,0,NULL,0,0,0,0,NULL,0),
(10,'ALUMINIUM ROD','7601 20 0000',NULL,'2021-01-13 13:04:01',0,0,NULL,0,NULL,0,0,0,0,NULL,0),
(11,'ALUMINIUM STEEL','7604 21 9000',NULL,'2021-01-13 13:04:01',0,0,NULL,0,NULL,0,0,0,0,NULL,0),
(12,'AMPLIFIER','8542 33 0000',NULL,'2021-01-13 13:04:01',0,0,NULL,0,NULL,0,0,0,0,NULL,0),
(13,'ANTENNA','8414 59 4910',NULL,'2021-01-13 13:04:01',0,0,NULL,0,NULL,0,0,0,0,NULL,0),
(14,'ANTI STATIC FOAM','3923 10 9000',NULL,'2021-01-13 13:04:01',0,0,NULL,0,NULL,0,0,0,0,NULL,0),
(15,'ANTI STATIC MAT','4016 91 1000',NULL,'2021-01-13 13:04:01',0,0,NULL,0,NULL,0,0,0,0,NULL,0),
(16,'ANTI STATIC PE BAG','3923 21 1900',NULL,'2021-01-13 13:04:01',0,0,NULL,0,NULL,0,0,0,0,NULL,0),
(17,'ACTUATOR','8412 31 0000',NULL,'2021-01-13 13:04:01',0,0,NULL,0,NULL,0,0,0,0,NULL,0),
(18,'ATTENUATOR','8536 41 2000',NULL,'2021-01-13 13:04:01',0,0,NULL,0,NULL,0,0,0,0,NULL,0),
(19,'BAKELITE','3920 94 1000',NULL,'2021-01-13 13:04:01',0,0,NULL,0,NULL,0,0,0,0,NULL,0),
(20,'BALL BEARING','8482 10 0000',NULL,'2021-01-13 13:04:01',0,0,NULL,0,NULL,0,0,0,0,NULL,0),
(21,'BALL SCREW','8483 40 3000',NULL,'2021-01-13 13:04:01',0,0,NULL,0,NULL,0,0,0,0,NULL,0),
(22,'BASE PLATE/GROUND PLATE/PLATES','8302 20 9000',NULL,'2021-01-13 13:04:01',0,0,NULL,0,NULL,0,0,0,0,NULL,0),
(23,'BATTERY','8507 90 9200',NULL,'2021-01-13 13:04:01',0,0,NULL,0,NULL,0,0,0,0,NULL,0),
(24,'BEARING','8482 10 0000',NULL,'2021-01-13 13:04:01',0,0,NULL,0,NULL,0,0,0,0,NULL,0),
(25,'BELT','3926 90 5300',NULL,'2021-01-13 13:04:01',0,0,NULL,0,NULL,0,0,0,0,NULL,0),
(26,'BELTING / CONVEYOR','4010 39 0000',NULL,'2021-01-13 13:04:01',0,0,NULL,0,NULL,0,0,0,0,NULL,0),
(27,'BLOWER','8414 90 7100',NULL,'2021-01-13 13:04:01',0,0,NULL,0,NULL,0,0,0,0,NULL,0),
(28,'BRACKET/EMI BRACKET/ TRUNKING','8302 50 0000',NULL,'2021-01-13 13:04:01',0,0,NULL,0,NULL,0,0,0,0,NULL,0),
(29,'BRASS','7403 21 0000',NULL,'2021-01-13 13:04:01',0,0,NULL,0,NULL,0,0,0,0,NULL,0),
(30,'BRONZE','7403 22 0000',NULL,'2021-01-13 13:04:01',0,0,NULL,0,NULL,0,0,0,0,NULL,0),
(31,'BUBBLE SHEET/ BAG','3923  21 9900',NULL,'2021-01-13 13:04:01',0,0,NULL,0,NULL,0,0,0,0,NULL,0),
(32,'BUSH','8546 20 1000',NULL,'2021-01-13 13:04:01',0,0,NULL,0,NULL,0,0,0,0,NULL,0),
(33,'BUSHING','8535 90 1000',NULL,'2021-01-13 13:04:01',0,0,NULL,0,NULL,0,0,0,0,NULL,0),
(34,'BUTTON ','8538 10 2900',NULL,'2021-01-13 13:04:01',0,0,NULL,0,NULL,0,0,0,0,NULL,0),
(35,'BUTTON PLASTIC / KNOB','9606 10 1000',NULL,'2021-01-13 13:04:01',0,0,NULL,0,NULL,0,0,0,0,NULL,0),
(36,'CABINET','8538 10 1200',NULL,'2021-01-13 13:04:01',0,0,NULL,0,NULL,0,0,0,0,NULL,0),
(37,'CABLE ','8538 90 1100',NULL,'2021-01-13 13:04:01',0,0,NULL,0,NULL,0,0,0,0,NULL,0),
(38,'CABLE CHAIN','7419 10 0000',NULL,'2021-01-13 13:04:01',0,0,NULL,0,NULL,0,0,0,0,NULL,0),
(39,'CABLE GROMMET','4016 93 1000',NULL,'2021-01-13 13:04:01',0,0,NULL,0,NULL,0,0,0,0,NULL,0),
(40,'CABLE PLUG','7616 99 3000',NULL,'2021-01-13 13:04:01',0,0,NULL,0,NULL,0,0,0,0,NULL,0),
(41,'CABLE TIE','8544 49 1900',NULL,'2021-01-13 13:04:01',0,0,NULL,0,NULL,0,0,0,0,NULL,0),
(42,'CABLE/WIRE','8544 20 4900',NULL,'2021-01-13 13:04:01',0,0,NULL,0,NULL,0,0,0,0,NULL,0),
(43,'CAM FOLLOWER','8482 40 0000',NULL,'2021-01-13 13:04:01',0,0,NULL,0,NULL,0,0,0,0,NULL,0),
(44,'CAPACITOR','8532 30 0000',NULL,'2021-01-13 13:04:01',0,0,NULL,0,NULL,0,0,0,0,NULL,0),
(45,'CARTON BOX  (NON-CORRUGATED )','4819 20 0000',NULL,'2021-01-13 13:04:01',0,0,NULL,0,NULL,0,0,0,0,NULL,0),
(46,'CARTON BOX (CORRUGATED )','4819 10 0000',NULL,'2021-01-13 13:04:01',0,0,NULL,0,NULL,0,0,0,0,NULL,0),
(47,'CASTER WHEEL','8433 90 1000',NULL,'2021-01-13 13:04:01',0,0,NULL,0,NULL,0,0,0,0,NULL,0),
(48,'CATALST','7115 10 0000',NULL,'2021-01-13 13:04:01',0,0,NULL,0,NULL,0,0,0,0,NULL,0),
(49,'CDM SHEET ( G10)','8477 90 3200',NULL,'2021-01-13 13:04:01',0,0,NULL,0,NULL,0,0,0,0,NULL,0),
(50,'CERAMIC DIELECTRIC, MULTILAYER','8532 24 0000',NULL,'2021-01-13 13:04:01',0,0,NULL,0,NULL,0,0,0,0,NULL,0),
(51,'CERAMIC DIELECTRIC, SINGLE LAYER','8532 23 0000',NULL,'2021-01-13 13:04:01',0,0,NULL,0,NULL,0,0,0,0,NULL,0),
(52,'CHROMIUM','2833 29 3000',NULL,'2021-01-13 13:04:01',0,0,NULL,0,NULL,0,0,0,0,NULL,0),
(53,'CLIP','7302 30 0000',NULL,'2021-01-13 13:04:01',0,0,NULL,0,NULL,0,0,0,0,NULL,0),
(54,'CO-AXIAL CABLE ','8544 20 1900',NULL,'2021-01-13 13:04:01',0,0,NULL,0,NULL,0,0,0,0,NULL,0),
(55,'CO-AXIAL ELECTRONIC CONDUCTORS ','8544 20 4900',NULL,'2021-01-13 13:04:01',0,0,NULL,0,NULL,0,0,0,0,NULL,0),
(56,'COLD ROLL SHEET','7210 41 9900',NULL,'2021-01-13 13:04:01',0,0,NULL,0,NULL,0,0,0,0,NULL,0),
(57,'COLOUR DYES','3204 19 0000',NULL,'2021-01-13 13:04:01',0,0,NULL,0,NULL,0,0,0,0,NULL,0),
(58,'CONDUCTIVE BAG','4823 40 2900',NULL,'2021-01-13 13:04:01',0,0,NULL,0,NULL,0,0,0,0,NULL,0),
(59,'CONDUCTOR RAIL','8544 49 2900',NULL,'2021-01-13 13:04:01',0,0,NULL,0,NULL,0,0,0,0,NULL,0),
(60,'CONNECTOR / TERMINAL ','8538 90 9000',NULL,'2021-01-13 13:04:01',0,0,NULL,0,NULL,0,0,0,0,NULL,0),
(61,'CONTROLLER','8537 10 9900',NULL,'2021-01-13 13:04:01',0,0,NULL,0,NULL,0,0,0,0,NULL,0),
(62,'COOLANT','8515 90 9000',NULL,'2021-01-13 13:04:01',0,0,NULL,0,NULL,0,0,0,0,NULL,0),
(63,'COLLECTOR','8536 90 9000',NULL,'2021-01-13 13:04:01',0,0,NULL,0,NULL,0,0,0,0,NULL,0),
(64,'COOLING FAN','8414 59 4910',NULL,'2021-01-13 13:04:01',0,0,NULL,0,NULL,0,0,0,0,NULL,0),
(65,'COPPER','7407 29 0000',NULL,'2021-01-13 13:04:01',0,0,NULL,0,NULL,0,0,0,0,NULL,0),
(66,'COUPLER','8607 30 0000',NULL,'2021-01-13 13:04:01',0,0,NULL,0,NULL,0,0,0,0,NULL,0),
(67,'COVER','9030 89 1000',NULL,'2021-01-13 13:04:01',0,0,NULL,0,NULL,0,0,0,0,NULL,0),
(68,'CYLINDER','8412 80 0000',NULL,'2021-01-13 13:04:01',0,0,NULL,0,NULL,0,0,0,0,NULL,0),
(69,'CONVERTER','8454 10 0000',NULL,'2021-01-13 13:04:01',0,0,NULL,0,NULL,0,0,0,0,NULL,0),
(70,'CPU','8471 80 9000',NULL,'2021-01-13 13:04:01',0,0,NULL,0,NULL,0,0,0,0,NULL,0),
(71,'DELRIN','3907 10 0000',NULL,'2021-01-13 13:04:01',0,0,NULL,0,NULL,0,0,0,0,NULL,0),
(72,'DESSICANT','3824 71 9000',NULL,'2021-01-13 13:04:01',0,0,NULL,0,NULL,0,0,0,0,NULL,0),
(73,'DETECTOR','8543 70 9000',NULL,'2021-01-13 13:04:01',0,0,NULL,0,NULL,0,0,0,0,NULL,0),
(74,'DIELECTRIC OF PAPER/PLASTICS','8532 25 0000',NULL,'2021-01-13 13:04:01',0,0,NULL,0,NULL,0,0,0,0,NULL,0),
(75,'DIODE','8531 20 0000',NULL,'2021-01-13 13:04:01',0,0,NULL,0,NULL,0,0,0,0,NULL,0),
(76,'DRILL BIT','8465 95 1000',NULL,'2021-01-13 13:04:01',0,0,NULL,0,NULL,0,0,0,0,NULL,0),
(77,'EDGE PROTECTOR','4502 00 0000',NULL,'2021-01-13 13:04:01',0,0,NULL,0,NULL,0,0,0,0,NULL,0),
(78,'EDGE PROTECTOR BOARD','4823 90 9900',NULL,'2021-01-13 13:04:01',0,0,NULL,0,NULL,0,0,0,0,NULL,0),
(79,'ELECTRICAL INSULATOR HOODS','4016 99 5300',NULL,'2021-01-13 13:04:01',0,0,NULL,0,NULL,0,0,0,0,NULL,0),
(80,'ELECTRICAL MOTOR','8427 10 0000',NULL,'2021-01-13 13:04:01',0,0,NULL,0,NULL,0,0,0,0,NULL,0),
(81,'ENCLOSURE ','8518 29 2000',NULL,'2021-01-13 13:04:01',0,0,NULL,0,NULL,0,0,0,0,NULL,0),
(82,'FAN','8414 59 4910',NULL,'2021-01-13 13:04:01',0,0,NULL,0,NULL,0,0,0,0,NULL,0),
(83,'FASTERNER/ BULKHEAD/ REDUCER','7318 12 9000',NULL,'2021-01-13 13:04:01',0,0,NULL,0,NULL,0,0,0,0,NULL,0),
(84,'FERRULE','7616 99 2000',NULL,'2021-01-13 13:04:01',0,0,NULL,0,NULL,0,0,0,0,NULL,0),
(85,'FILTER','4812 00 0000',NULL,'2021-01-13 13:04:01',0,0,NULL,0,NULL,0,0,0,0,NULL,0),
(86,'FITTING','8007 00 4000',NULL,'2021-01-13 13:04:01',0,0,NULL,0,NULL,0,0,0,0,NULL,0),
(87,'FIXED CAPACITORS','8532 10 0000',NULL,'2021-01-13 13:04:01',0,0,NULL,0,NULL,0,0,0,0,NULL,0),
(88,'FIXED CARBON RESISTORS','8533 10 1000',NULL,'2021-01-13 13:04:01',0,0,NULL,0,NULL,0,0,0,0,NULL,0),
(89,'FLEX CIRCUIT','8534 00 9000',NULL,'2021-01-13 13:04:01',0,0,NULL,0,NULL,0,0,0,0,NULL,0),
(90,'FOAM','6806 20 0000',NULL,'2021-01-13 13:04:01',0,0,NULL,0,NULL,0,0,0,0,NULL,0),
(91,'FRAME','7308 90 9900',NULL,'2021-01-13 13:04:01',0,0,NULL,0,NULL,0,0,0,0,NULL,0),
(92,'FUSE','8535 10 0000',NULL,'2021-01-13 13:04:01',0,0,NULL,0,NULL,0,0,0,0,NULL,0),
(93,'FUSE SWITCHES AND SWITCH FUSES','8536 50 9500',NULL,'2021-01-13 13:04:01',0,0,NULL,0,NULL,0,0,0,0,NULL,0),
(94,'PLASTIC','3926 90 9900',NULL,'2021-01-13 13:04:01',0,0,NULL,0,NULL,0,0,0,0,NULL,0),
(95,'GAS OXGEN/ARGON/OFN/CO2/N2','2804 69 0000',NULL,'2021-01-13 13:04:01',0,0,NULL,0,NULL,0,0,0,0,NULL,0),
(96,'GAS SPRING','8708 99 9900',NULL,'2021-01-13 13:04:01',0,0,NULL,0,NULL,0,0,0,0,NULL,0),
(97,'GASKETS','4016 93 2000',NULL,'2021-01-13 13:04:01',0,0,NULL,0,NULL,0,0,0,0,NULL,0),
(98,'GEARS','8483 40 3000',NULL,'2021-01-13 13:04:01',0,0,NULL,0,NULL,0,0,0,0,NULL,0),
(99,'HANDLE ','8211 95 0000',NULL,'2021-01-13 13:04:01',0,0,NULL,0,NULL,0,0,0,0,NULL,0),
(100,'HEAD SET','8518 30 1000',NULL,'2021-01-13 13:04:01',0,0,NULL,0,NULL,0,0,0,0,NULL,0),
(101,'HEADER','8535 90 9000',NULL,'2021-01-13 13:04:01',0,0,NULL,0,NULL,0,0,0,0,NULL,0),
(102,'HEATSINK','8473 39 9000',NULL,'2021-01-13 13:04:01',0,0,NULL,0,NULL,0,0,0,0,NULL,0),
(103,'HELICAL SPRINGS','7320 20 9000',NULL,'2021-01-13 13:04:01',0,0,NULL,0,NULL,0,0,0,0,NULL,0),
(104,'HYDROCHLORICACID','2806 10 0000',NULL,'2021-01-13 13:04:01',0,0,NULL,0,NULL,0,0,0,0,NULL,0),
(105,'INDICATOR','9031 90 1900',NULL,'2021-01-13 13:04:01',0,0,NULL,0,NULL,0,0,0,0,NULL,0),
(106,'INDUCTOR','8504 50 1000',NULL,'2021-01-13 13:04:01',0,0,NULL,0,NULL,0,0,0,0,NULL,0),
(107,'INDUSTRIAL PLASTIC CONTAINER','8477 90 4000',NULL,'2021-01-13 13:04:01',0,0,NULL,0,NULL,0,0,0,0,NULL,0),
(108,'INSULATION SHEET','8547 90 9000',NULL,'2021-01-13 13:04:01',0,0,NULL,0,NULL,0,0,0,0,NULL,0),
(109,'INSULATOR/INSULATOR (LCD)','8546 90 0000',NULL,'2021-01-13 13:04:01',0,0,NULL,0,NULL,0,0,0,0,NULL,0),
(110,'INTEGRATED CIRCUIT','8543 30 9000',NULL,'2021-01-13 13:04:01',0,0,NULL,0,NULL,0,0,0,0,NULL,0),
(111,'INVERTER','8504 40 4000',NULL,'2021-01-13 13:04:01',0,0,NULL,0,NULL,0,0,0,0,NULL,0),
(112,'JUNCTION BOX','8538101100',NULL,'2021-01-13 13:04:01',0,0,NULL,0,NULL,0,0,0,0,NULL,0),
(113,'KEYBOARD','8473 30 9000',NULL,'2021-01-13 13:04:01',0,0,NULL,0,NULL,0,0,0,0,NULL,0),
(114,'LABEL','4911 99 2000',NULL,'2021-01-13 13:04:01',0,0,NULL,0,NULL,0,0,0,0,NULL,0),
(115,'LATCH / TOGGLE CLAMP','8504 40 9000',NULL,'2021-01-13 13:04:01',0,0,NULL,0,NULL,0,0,0,0,NULL,0),
(116,'LEAD','2607 00 0000',NULL,'2021-01-13 13:04:01',0,0,NULL,0,NULL,0,0,0,0,NULL,0),
(117,'LED LAMP','8539 50 0000',NULL,'2021-01-13 13:04:01',0,0,NULL,0,NULL,0,0,0,0,NULL,0),
(118,'LED  ','8541 40 1000',NULL,'2021-01-13 13:04:01',0,0,NULL,0,NULL,0,0,0,0,NULL,0),
(119,'LENS','9002 90 9000',NULL,'2021-01-13 13:04:01',0,0,NULL,0,NULL,0,0,0,0,NULL,0),
(120,'LEVELING STAND','8437 10  3000',NULL,'2021-01-13 13:04:01',0,0,NULL,0,NULL,0,0,0,0,NULL,0),
(121,'LINEAR RAIL','8483 40 3000',NULL,'2021-01-13 13:04:01',0,0,NULL,0,NULL,0,0,0,0,NULL,0),
(122,'LINEAR ACTUATOR','8412 29 0000',NULL,'2021-01-13 13:04:01',0,0,NULL,0,NULL,0,0,0,0,NULL,0),
(123,'LUBRICANTS','2710 19 9000 ',NULL,'2021-01-13 13:04:01',0,0,NULL,0,NULL,0,0,0,0,NULL,0),
(124,'MAGNET','8505 20 0000',NULL,'2021-01-13 13:04:01',0,0,NULL,0,NULL,0,0,0,0,NULL,0),
(125,'MEMORY CHIP','8542 31 0000',NULL,'2021-01-13 13:04:01',0,0,NULL,0,NULL,0,0,0,0,NULL,0),
(126,'METAL CLIP','7326 90 9990',NULL,'2021-01-13 13:04:01',0,0,NULL,0,NULL,0,0,0,0,NULL,0),
(127,'METER','9028 20 9000',NULL,'2021-01-13 13:04:01',0,0,NULL,0,NULL,0,0,0,0,NULL,0),
(128,'MICROCHIP','8542 31 0000',NULL,'2021-01-13 13:04:01',0,0,NULL,0,NULL,0,0,0,0,NULL,0),
(129,'MICROPHONE','8518 10 1100',NULL,'2021-01-13 13:04:01',0,0,NULL,0,NULL,0,0,0,0,NULL,0),
(130,'MILD STEEL','7315 19 9090',NULL,'2021-01-13 13:04:01',0,0,NULL,0,NULL,0,0,0,0,NULL,0),
(131,'MILD STEEL PLATE/PIPE','7209 90 9000',NULL,'2021-01-13 13:04:01',0,0,NULL,0,NULL,0,0,0,0,NULL,0),
(132,'MODULE','8543 90 9000',NULL,'2021-01-13 13:04:01',0,0,NULL,0,NULL,0,0,0,0,NULL,0),
(133,'MOISTURE BAGS','3923 90 9000',NULL,'2021-01-13 13:04:01',0,0,NULL,0,NULL,0,0,0,0,NULL,0),
(134,'MONOCAST','3908 10 9000',NULL,'2021-01-13 13:04:01',0,0,NULL,0,NULL,0,0,0,0,NULL,0),
(135,'MOTOR','8425 31 0000',NULL,'2021-01-13 13:04:01',0,0,NULL,0,NULL,0,0,0,0,NULL,0),
(136,'MOUNTED PIEZO-ELECTRIC CRYSTALS','8541 60 0000',NULL,'2021-01-13 13:04:01',0,0,NULL,0,NULL,0,0,0,0,NULL,0),
(137,'MONITOR','4810 14 1100',NULL,'2021-01-13 13:04:01',0,0,NULL,0,NULL,0,0,0,0,NULL,0),
(138,'NICKLE -PHOSPHORUS','3815 11 0000',NULL,'2021-01-13 13:04:01',0,0,NULL,0,NULL,0,0,0,0,NULL,0),
(139,'NON ESD PEEK','8484 90 0000',NULL,'2021-01-13 13:04:01',0,0,NULL,0,NULL,0,0,0,0,NULL,0),
(140,'NUT','7318 16 9000',NULL,'2021-01-13 13:04:01',0,0,NULL,0,NULL,0,0,0,0,NULL,0),
(141,'NYLON','6006 90 0000',NULL,'2021-01-13 13:04:01',0,0,NULL,0,NULL,0,0,0,0,NULL,0),
(142,'O-RING','4016 93 2000',NULL,'2021-01-13 13:04:01',0,0,NULL,0,NULL,0,0,0,0,NULL,0),
(143,'OPTOCOUPLER','8542 31 0000',NULL,'2021-01-13 13:04:01',0,0,NULL,0,NULL,0,0,0,0,NULL,0),
(144,'PACKING STRIP / ANGLE','3920 10 9000',NULL,'2021-01-13 13:04:01',0,0,NULL,0,NULL,0,0,0,0,NULL,0),
(145,'PAINT','7210 70 9190',NULL,'2021-01-13 13:04:01',0,0,NULL,0,NULL,0,0,0,0,NULL,0),
(146,'PAINT','3208 90 9000',NULL,'2021-01-13 13:04:01',0,0,NULL,0,NULL,0,0,0,0,NULL,0),
(147,'PALLET','4415 20 0000',NULL,'2021-01-13 13:04:01',0,0,NULL,0,NULL,0,0,0,0,NULL,0),
(148,'PANEL MOUNT','8537 10 1100 ',NULL,'2021-01-13 13:04:01',0,0,NULL,0,NULL,0,0,0,0,NULL,0),
(149,'PCB','8541 40 9000',NULL,'2021-01-13 13:04:01',0,0,NULL,0,NULL,0,0,0,0,NULL,0),
(150,'PCBA','8504 90 2000',NULL,'2021-01-13 13:04:01',0,0,NULL,0,NULL,0,0,0,0,NULL,0),
(151,'PE/PP/ PU SHEET/ ','3902 90 9000',NULL,'2021-01-13 13:04:01',0,0,NULL,0,NULL,0,0,0,0,NULL,0),
(152,'PEAK','6507 00 0000',NULL,'2021-01-13 13:04:01',0,0,NULL,0,NULL,0,0,0,0,NULL,0),
(153,'PERSPEX/ PTFE SHEET','3920 51 1900',NULL,'2021-01-13 13:04:01',0,0,NULL,0,NULL,0,0,0,0,NULL,0),
(154,'PHOTOSENSITIVE SEMICONDUCTOR DEVICES','8541 40 2900',NULL,'2021-01-13 13:04:01',0,0,NULL,0,NULL,0,0,0,0,NULL,0),
(155,'PHOTOVOLTAIC CELLS','8541 40 2100',NULL,'2021-01-13 13:04:01',0,0,NULL,0,NULL,0,0,0,0,NULL,0),
(156,'PIN','7319 40 2000',NULL,'2021-01-13 13:04:01',0,0,NULL,0,NULL,0,0,0,0,NULL,0),
(157,'PIPE','7306 90 9200',NULL,'2021-01-13 13:04:01',0,0,NULL,0,NULL,0,0,0,0,NULL,0),
(158,'PLASTIC BOX','3920 30 9900',NULL,'2021-01-13 13:04:01',0,0,NULL,0,NULL,0,0,0,0,NULL,0),
(159,'PLASTIK BLOCK','8477 90 3900',NULL,'2021-01-13 13:04:01',0,0,NULL,0,NULL,0,0,0,0,NULL,0),
(160,'PLATE','8306 21 0000',NULL,'2021-01-13 13:04:01',0,0,NULL,0,NULL,0,0,0,0,NULL,0),
(161,'PLUG','8536 90 9900',NULL,'2021-01-13 13:04:01',0,0,NULL,0,NULL,0,0,0,0,NULL,0),
(162,'POLYSHAFT','8483 10 3900',NULL,'2021-01-13 13:04:01',0,0,NULL,0,NULL,0,0,0,0,NULL,0),
(163,'POLYPROPYLENE','3902 90 9000',NULL,'2021-01-13 13:04:01',0,0,NULL,0,NULL,0,0,0,0,NULL,0),
(164,'POLYPROPYLENE','5404 12 0000',NULL,'2021-01-13 13:04:01',0,0,NULL,0,NULL,0,0,0,0,NULL,0),
(165,'POMOLUX','3907 10 0000',NULL,'2021-01-13 13:04:01',0,0,NULL,0,NULL,0,0,0,0,NULL,0),
(166,'POWER CORD','8544 20 4900',NULL,'2021-01-13 13:04:01',0,0,NULL,0,NULL,0,0,0,0,NULL,0),
(167,'POWER SPLITTER','8504 90 9000',NULL,'2021-01-13 13:04:01',0,0,NULL,0,NULL,0,0,0,0,NULL,0),
(168,'POWER SUPPLY','8504 40 9000',NULL,'2021-01-13 13:04:01',0,0,NULL,0,NULL,0,0,0,0,NULL,0),
(169,'PRINTED CIRCUITS','8534 00 9000',NULL,'2021-01-13 13:04:01',0,0,NULL,0,NULL,0,0,0,0,NULL,0),
(170,'PROBE','8538 90 1100',NULL,'2021-01-13 13:04:01',0,0,NULL,0,NULL,0,0,0,0,NULL,0),
(171,'PROFILE','8102 95 0000',NULL,'2021-01-13 13:04:01',0,0,NULL,0,NULL,0,0,0,0,NULL,0),
(172,'PULLEY','8483 50 0000',NULL,'2021-01-13 13:04:01',0,0,NULL,0,NULL,0,0,0,0,NULL,0),
(173,'PANEL','4418 99 1000',NULL,'2021-01-13 13:04:01',0,0,NULL,0,NULL,0,0,0,0,NULL,0),
(174,'PEEK','3907 20 1000',NULL,'2021-01-13 13:04:01',0,0,NULL,0,NULL,0,0,0,0,NULL,0),
(175,'PRESS BRAKE TOP & BOTTOM','8207 30 0000',NULL,'2021-01-13 13:04:01',0,0,NULL,0,NULL,0,0,0,0,NULL,0),
(176,'RECEIVER','8525 80 5900',NULL,'2021-01-13 13:04:01',0,0,NULL,0,NULL,0,0,0,0,NULL,0),
(177,'RECEPTACLE','8481 80 9900',NULL,'2021-01-13 13:04:01',0,0,NULL,0,NULL,0,0,0,0,NULL,0),
(178,'RECTIFIER','8504 40 3000 ',NULL,'2021-01-13 13:04:01',0,0,NULL,0,NULL,0,0,0,0,NULL,0),
(179,'REGULATORS','8410  90 0000',NULL,'2021-01-13 13:04:01',0,0,NULL,0,NULL,0,0,0,0,NULL,0),
(180,'RELAY','8536 41 9900',NULL,'2021-01-13 13:04:01',0,0,NULL,0,NULL,0,0,0,0,NULL,0),
(181,'RELAY CABLE','8544 49 3200',NULL,'2021-01-13 13:04:01',0,0,NULL,0,NULL,0,0,0,0,NULL,0),
(182,'RESISTOR','8533 40 0000',NULL,'2021-01-13 13:04:01',0,0,NULL,0,NULL,0,0,0,0,NULL,0),
(183,'RETENTION MODULE','8517 18 0000',NULL,'2021-01-13 13:04:01',0,0,NULL,0,NULL,0,0,0,0,NULL,0),
(184,'RETENTION MODULE','8471 90 9000',NULL,'2021-01-13 13:04:01',0,0,NULL,0,NULL,0,0,0,0,NULL,0),
(185,'RF SWITCH','8536 50 9500',NULL,'2021-01-13 13:04:01',0,0,NULL,0,NULL,0,0,0,0,NULL,0),
(186,'RING','9017 90 9000',NULL,'2021-01-13 13:04:01',0,0,NULL,0,NULL,0,0,0,0,NULL,0),
(187,'RUBBER','4008 19 0000',NULL,'2021-01-13 13:04:01',0,0,NULL,0,NULL,0,0,0,0,NULL,0),
(188,'RUBBER GROMMET','4016 99 5400',NULL,'2021-01-13 13:04:01',0,0,NULL,0,NULL,0,0,0,0,NULL,0),
(189,'ROBOTIC PARTS','8479 79 0000',NULL,'2021-01-13 13:04:01',0,0,NULL,0,NULL,0,0,0,0,NULL,0),
(190,'RUBBER ROLLER','4016 99 5100',NULL,'2021-01-13 13:04:01',0,0,NULL,0,NULL,0,0,0,0,NULL,0),
(191,'SAW BLADE','8202 91 0000',NULL,'2021-01-13 13:04:01',0,0,NULL,0,NULL,0,0,0,0,NULL,0),
(192,'SCANNER','8443 31 9900',NULL,'2021-01-13 13:04:01',0,0,NULL,0,NULL,0,0,0,0,NULL,0),
(193,'SCREW','7318 14 9000',NULL,'2021-01-13 13:04:01',0,0,NULL,0,NULL,0,0,0,0,NULL,0),
(194,'SEAL','4016 99 9900',NULL,'2021-01-13 13:04:01',0,0,NULL,0,NULL,0,0,0,0,NULL,0),
(195,'SEMICONDUCTOR DEVICES','8541 50 0000',NULL,'2021-01-13 13:04:01',0,0,NULL,0,NULL,0,0,0,0,NULL,0),
(196,'SENSOR','8548 90 1000',NULL,'2021-01-13 13:04:01',0,0,NULL,0,NULL,0,0,0,0,NULL,0),
(197,'SENSOR CONTROLLING','9032 90 9000',NULL,'2021-01-13 13:04:01',0,0,NULL,0,NULL,0,0,0,0,NULL,0),
(198,'SHAFT/ THOMSON SHAFT','8483 10 3900',NULL,'2021-01-13 13:04:01',0,0,NULL,0,NULL,0,0,0,0,NULL,0),
(199,'SHEET (TRANSPARENT PLASTIC)','3920 20 9900',NULL,'2021-01-13 13:04:01',0,0,NULL,0,NULL,0,0,0,0,NULL,0),
(200,'SHIELDING BAG/BOX','3923 21 1900',NULL,'2021-01-13 13:04:01',0,0,NULL,0,NULL,0,0,0,0,NULL,0),
(201,'SIGNAL GENERATORS','8543 20 0000',NULL,'2021-01-13 13:04:01',0,0,NULL,0,NULL,0,0,0,0,NULL,0),
(202,'SILENCER','8714 10 9000',NULL,'2021-01-13 13:04:01',0,0,NULL,0,NULL,0,0,0,0,NULL,0),
(203,'SIMULATOR','8805 21 0000',NULL,'2021-01-13 13:04:01',0,0,NULL,0,NULL,0,0,0,0,NULL,0),
(204,'SLIDE','8302 20 9000',NULL,'2021-01-13 13:04:01',0,0,NULL,0,NULL,0,0,0,0,NULL,0),
(205,'SOCKET/ IC SOCKET','8536 69 9900',NULL,'2021-01-13 13:04:01',0,0,NULL,0,NULL,0,0,0,0,NULL,0),
(206,'SOLDER BAR','8003 00 1000',NULL,'2021-01-13 13:04:01',0,0,NULL,0,NULL,0,0,0,0,NULL,0),
(207,'SOLDER FLUX/ FLUX','3810 90 0000',NULL,'2021-01-13 13:04:01',0,0,NULL,0,NULL,0,0,0,0,NULL,0),
(208,'SOLDER PASTE','3810 90 0000',NULL,'2021-01-13 13:04:01',0,0,NULL,0,NULL,0,0,0,0,NULL,0),
(209,'SOLDER WIRE','8003 00 9000',NULL,'2021-01-13 13:04:01',0,0,NULL,0,NULL,0,0,0,0,NULL,0),
(210,'SPACER ','8548 90 9000',NULL,'2021-01-13 13:04:01',0,0,NULL,0,NULL,0,0,0,0,NULL,0),
(211,'SPIRAL WRAP','7305 19 9000',NULL,'2021-01-13 13:04:01',0,0,NULL,0,NULL,0,0,0,0,NULL,0),
(212,'SPRING','7419 99 4000',NULL,'2021-01-13 13:04:01',0,0,NULL,0,NULL,0,0,0,0,NULL,0),
(213,'SPUR GEAR','6505 00 9000',NULL,'2021-01-13 13:04:01',0,0,NULL,0,NULL,0,0,0,0,NULL,0),
(214,'STAINLESS STEEL ROD','7221 00 0000',NULL,'2021-01-13 13:04:01',0,0,NULL,0,NULL,0,0,0,0,NULL,0),
(215,'STARTERS FOR ELECTRIC MOTORS','8511 30 9900',NULL,'2021-01-13 13:04:01',0,0,NULL,0,NULL,0,0,0,0,NULL,0),
(216,'STATIC DISSIPATIVE TOP LAMINATE','3926 90 9900',NULL,'2021-01-13 13:04:01',0,0,NULL,0,NULL,0,0,0,0,NULL,0),
(217,'STOPPER','7010 20 0000',NULL,'2021-01-13 13:04:01',0,0,NULL,0,NULL,0,0,0,0,NULL,0),
(218,'STRECH FILM/ SHRINK FILM ','3920 10 9000',NULL,'2021-01-13 13:04:01',0,0,NULL,0,NULL,0,0,0,0,NULL,0),
(219,'STRUCTURE BEARING','4016 99 7000 ',NULL,'2021-01-13 13:04:01',0,0,NULL,0,NULL,0,0,0,0,NULL,0),
(220,'SULPHURIC ACID','2807 00 0000',NULL,'2021-01-13 13:04:01',0,0,NULL,0,NULL,0,0,0,0,NULL,0),
(221,'SWITCH','8536 50 9500',NULL,'2021-01-13 13:04:01',0,0,NULL,0,NULL,0,0,0,0,NULL,0),
(222,'TAPE','3919 10 1000',NULL,'2021-01-13 13:04:01',0,0,NULL,0,NULL,0,0,0,0,NULL,0),
(223,'TEFLON','3920 30 9200',NULL,'2021-01-13 13:04:01',0,0,NULL,0,NULL,0,0,0,0,NULL,0),
(224,'TERMINAL BLOCK','8536699900',NULL,'2021-01-13 13:04:01',0,0,NULL,0,NULL,0,0,0,0,NULL,0),
(225,'THERMO','8419 39 1900',NULL,'2021-01-13 13:04:01',0,0,NULL,0,NULL,0,0,0,0,NULL,0),
(226,'THINNER','3814 00 0020',NULL,'2021-01-13 13:04:01',0,0,NULL,0,NULL,0,0,0,0,NULL,0),
(227,'TITANIUM PLATE','8108 90 9900',NULL,'2021-01-13 13:04:01',0,0,NULL,0,NULL,0,0,0,0,NULL,0),
(228,'TOOL STEEL/ STEEL STRUCTURE','7224 90 0000',NULL,'2021-01-13 13:04:01',0,0,NULL,0,NULL,0,0,0,0,NULL,0),
(229,'TORLON','3908 10 9000',NULL,'2021-01-13 13:04:01',0,0,NULL,0,NULL,0,0,0,0,NULL,0),
(230,'TRANSCEIVER','8541 30 0000',NULL,'2021-01-13 13:04:01',0,0,NULL,0,NULL,0,0,0,0,NULL,0),
(231,'TRANSFORMER','8504 31 9200',NULL,'2021-01-13 13:04:01',0,0,NULL,0,NULL,0,0,0,0,NULL,0),
(232,'TRANSISTORS','8541 29 0000',NULL,'2021-01-13 13:04:01',0,0,NULL,0,NULL,0,0,0,0,NULL,0),
(233,'TRANSMITOR','8543 30 9000',NULL,'2021-01-13 13:04:01',0,0,NULL,0,NULL,0,0,0,0,NULL,0),
(234,'TRAY','3923 90 9000',NULL,'2021-01-13 13:04:01',0,0,NULL,0,NULL,0,0,0,0,NULL,0),
(235,'TRUNKING','3925 90 0000',NULL,'2021-01-13 13:04:01',0,0,NULL,0,NULL,0,0,0,0,NULL,0),
(236,'TUBING','7304 24 9000',NULL,'2021-01-13 13:04:01',0,0,NULL,0,NULL,0,0,0,0,NULL,0),
(237,'TUBING /SLEEVING','7304 90 9000',NULL,'2021-01-13 13:04:01',0,0,NULL,0,NULL,0,0,0,0,NULL,0),
(238,'VACUUM PAD','8477 10 3900',NULL,'2021-01-13 13:04:01',0,0,NULL,0,NULL,0,0,0,0,NULL,0),
(239,'VACUUM PUMP','8414  10 0000',NULL,'2021-01-13 13:04:01',0,0,NULL,0,NULL,0,0,0,0,NULL,0),
(240,'VACUUM SWITCH','8536 20 9900',NULL,'2021-01-13 13:04:01',0,0,NULL,0,NULL,0,0,0,0,NULL,0),
(241,'VALVE-SOLENOID','8481 10 9900',NULL,'2021-01-13 13:04:01',0,0,NULL,0,NULL,0,0,0,0,NULL,0),
(242,'VARIABLE OR ADJUSTABLE CAPACITOR','8532 30 0000',NULL,'2021-01-13 13:04:01',0,0,NULL,0,NULL,0,0,0,0,NULL,0),
(243,'VARIABLE RESISTORS','8533 40 0000',NULL,'2021-01-13 13:04:01',0,0,NULL,0,NULL,0,0,0,0,NULL,0),
(244,'VIISION PARTS / CAMERA PARTS','8529 10 6010',NULL,'2021-01-13 13:04:01',0,0,NULL,0,NULL,0,0,0,0,NULL,0),
(245,'VULCANISED RUBBER WITH FITTING','4009 12 9000',NULL,'2021-01-13 13:04:01',0,0,NULL,0,NULL,0,0,0,0,NULL,0),
(246,'WASHER','7318 21 0000',NULL,'2021-01-13 13:04:01',0,0,NULL,0,NULL,0,0,0,0,NULL,0),
(247,'WIRE','8544 20 4900',NULL,'2021-01-13 13:04:01',0,0,NULL,0,NULL,0,0,0,0,NULL,0),
(248,'WOODEN CRATE','4415 10 0000',NULL,'2021-01-13 13:04:01',0,0,NULL,0,NULL,0,0,0,0,NULL,0),
(249,'WOODEN TABLE','9403 60 9000',NULL,'2021-01-13 13:04:01',0,0,NULL,0,NULL,0,0,0,0,NULL,0),
(250,'ZINC OXIDE ','2817 00 1000',NULL,'2021-01-13 13:04:01',0,0,NULL,0,NULL,0,0,0,0,NULL,0);

/*Table structure for table `m_hscategory_log` */

DROP TABLE IF EXISTS `m_hscategory_log`;

CREATE TABLE `m_hscategory_log` (
  `logId` int(11) NOT NULL AUTO_INCREMENT,
  `hscategoryId` int(11) DEFAULT NULL,
  `hscategoryCode` varchar(20) DEFAULT NULL,
  `hscategoryName` varchar(100) DEFAULT NULL,
  `isApproved` int(11) DEFAULT '0',
  `userId` int(11) DEFAULT NULL,
  `isDeleted` int(11) DEFAULT '0',
  `userAction` varchar(20) DEFAULT NULL,
  `transDate` datetime DEFAULT CURRENT_TIMESTAMP,
  `isActive` tinyint(1) DEFAULT '0',
  PRIMARY KEY (`logId`)
) ENGINE=InnoDB DEFAULT CHARSET=utf8mb4;

/*Data for the table `m_hscategory_log` */

/*Table structure for table `m_item` */

DROP TABLE IF EXISTS `m_item`;

CREATE TABLE `m_item` (
  `itemId` int(11) NOT NULL AUTO_INCREMENT,
  `uomId` int(11) DEFAULT '0',
  `uomGroupId` int(11) DEFAULT '0',
  `valuationId` int(11) DEFAULT '0',
  `itemTypeId` int(11) DEFAULT NULL,
  `itemSubTypeId` int(11) DEFAULT '0',
  `itemManageCodeId` int(11) DEFAULT '0',
  `valuationMethodId` int(11) DEFAULT '0',
  `materialCategoryId` int(11) DEFAULT '0',
  `itemDescription` varchar(500) DEFAULT NULL,
  `itemManufacture` varchar(50) DEFAULT NULL,
  `itemBrand` varchar(50) DEFAULT NULL,
  `supplierName` varchar(50) DEFAULT NULL,
  `itemPrice` decimal(18,2) DEFAULT '0.00',
  `itemMinOrderQty` decimal(18,2) DEFAULT '0.00',
  `itemThreshold` varchar(100) DEFAULT NULL,
  `itemHSCode` varchar(50) DEFAULT NULL,
  `itemURLLink` varchar(500) DEFAULT NULL,
  `itemCoCountryofOrigin` varchar(100) DEFAULT NULL,
  `itemManufacturingPartNumber` varchar(50) DEFAULT NULL,
  `itemShippingCost` decimal(18,2) DEFAULT NULL,
  `itemContactDetails` varchar(20) DEFAULT NULL,
  `itemEMail` varchar(100) DEFAULT NULL,
  `itemWeChat` varchar(100) DEFAULT NULL,
  `itemWhatsApp` varchar(20) DEFAULT NULL,
  `itemOtherContactType` varchar(20) DEFAULT NULL,
  `itemDataSheetUrl` varchar(100) DEFAULT NULL,
  `itemComplianceUrl` varchar(100) DEFAULT NULL,
  `itemCADFileUrl` varchar(100) DEFAULT NULL,
  `itemCertificationUrl` varchar(100) DEFAULT NULL,
  `itemScrappingfromWebUrl` varchar(100) DEFAULT NULL,
  `itemImagesUrl` varchar(2000) DEFAULT NULL,
  `itemStatus` varchar(20) DEFAULT NULL,
  `internalItemCode` varchar(20) DEFAULT NULL,
  `userId` int(11) DEFAULT '0',
  `transDate` datetime DEFAULT CURRENT_TIMESTAMP,
  `isApproved` int(11) DEFAULT '0',
  `approvedUserId` int(11) DEFAULT '0',
  `approvedDateTime` datetime DEFAULT NULL,
  `isDeleted` int(11) DEFAULT '0',
  `deleteDateTime` datetime DEFAULT NULL,
  `deleteUserId` int(11) DEFAULT '0',
  `updateCount` int(11) DEFAULT '0',
  `lastUpdateUserId` int(11) DEFAULT '0',
  `isActive` tinyint(1) DEFAULT '0',
  `activateDateTime` datetime DEFAULT NULL,
  `activateUserId` int(11) DEFAULT '0',
  `itemCodestring` int(11) DEFAULT '0',
  `statuschangeUsetId` int(11) DEFAULT NULL,
  `statuschangeDate` datetime DEFAULT CURRENT_TIMESTAMP,
  `subitemtypefieldOptionType` varchar(1000) DEFAULT NULL,
  `subitemtypefieldOptionValues` varchar(5000) DEFAULT NULL,
  `itemBarCodeNo` varchar(20) DEFAULT NULL,
  `itemName` varchar(50) DEFAULT NULL,
  `itemScrapUrl` varchar(200) DEFAULT NULL,
  `itemScrapType` varchar(45) DEFAULT NULL,
  `itemScrapImage` varchar(500) DEFAULT NULL,
  `itemQRCodeImagePath` varchar(200) DEFAULT NULL,
  `currencyId` int(11) DEFAULT '0',
  `lastUpdateDate` datetime DEFAULT NULL,
  `subitemtypefieldUOMName` varchar(1000) DEFAULT NULL,
  `altUOMId` int(11) DEFAULT '0',
  `altUOMGroupId` int(11) DEFAULT '0',
  `hscategoryId` int(11) DEFAULT '0',
  `itemQuantity` decimal(18,2) DEFAULT '0.00',
  `rackId` int(11) DEFAULT '0',
  `racknumberId` int(11) DEFAULT '0',
  `storelocationId` int(11) DEFAULT '0',
  `storelocationCode` varchar(20) DEFAULT NULL,
  `designerURL` varchar(200) DEFAULT NULL,
  `cellId` int(11) DEFAULT NULL,
  PRIMARY KEY (`itemId`)
) ENGINE=InnoDB AUTO_INCREMENT=51 DEFAULT CHARSET=utf8mb4;

/*Data for the table `m_item` */

insert  into `m_item`(`itemId`,`uomId`,`uomGroupId`,`valuationId`,`itemTypeId`,`itemSubTypeId`,`itemManageCodeId`,`valuationMethodId`,`materialCategoryId`,`itemDescription`,`itemManufacture`,`itemBrand`,`supplierName`,`itemPrice`,`itemMinOrderQty`,`itemThreshold`,`itemHSCode`,`itemURLLink`,`itemCoCountryofOrigin`,`itemManufacturingPartNumber`,`itemShippingCost`,`itemContactDetails`,`itemEMail`,`itemWeChat`,`itemWhatsApp`,`itemOtherContactType`,`itemDataSheetUrl`,`itemComplianceUrl`,`itemCADFileUrl`,`itemCertificationUrl`,`itemScrappingfromWebUrl`,`itemImagesUrl`,`itemStatus`,`internalItemCode`,`userId`,`transDate`,`isApproved`,`approvedUserId`,`approvedDateTime`,`isDeleted`,`deleteDateTime`,`deleteUserId`,`updateCount`,`lastUpdateUserId`,`isActive`,`activateDateTime`,`activateUserId`,`itemCodestring`,`statuschangeUsetId`,`statuschangeDate`,`subitemtypefieldOptionType`,`subitemtypefieldOptionValues`,`itemBarCodeNo`,`itemName`,`itemScrapUrl`,`itemScrapType`,`itemScrapImage`,`itemQRCodeImagePath`,`currencyId`,`lastUpdateDate`,`subitemtypefieldUOMName`,`altUOMId`,`altUOMGroupId`,`hscategoryId`,`itemQuantity`,`rackId`,`racknumberId`,`storelocationId`,`storelocationCode`,`designerURL`,`cellId`) values 
(1,9,3,0,13,439,0,0,0,'Description3','','','',98.00,0.00,'','7606 11 9000','https://www.alibaba.com/products/fastners/CID1459.html?spm=a2700.gallery_search_cps.galleryFilter.3.70853c742dJiZS&IndexArea=product_en&SearchScene=cps','','MPN-12345',0.00,'','','','','','/uploaded_image/ItemsFile/202104193333_DateSheet13mpn-9078.xlsx','/uploaded_image/ItemsFile/202104193338_Compliance13mpn-9078.xlsx','/uploaded_image/ItemsFile/202104193335_CAD13mpn-9078.Zip','/uploaded_image/ItemsFile/202104193338_certification13mpn-9078.pdf','/uploaded_image/ItemsFile/202104193337_Scrapping13mpn-9078.docx','/uploaded_image/Items/202104193610_Permit13mpn-90780.png','Active','DCC0000001',3,'2021-04-19 05:06:24',0,0,NULL,0,NULL,0,6,3,0,NULL,0,1,3,'2021-05-17 02:33:48','','','9308159339','','','select','','/uploaded_image/item_qrcode/9308159339.jpg',0,NULL,'',38,19,8,0.00,0,0,0,'','https://www.amazon.com/Wonder-Forge-Masks-Matching-Game/dp/B01LOUV4TA/ref=sr_1_5?__mk_fr_FR=%C3%85M%C3%85%C5%BD%C3%95%C3%91&dchild=1&keywords=ncrtbooks&qid=1618826695&sr=8-5',0),
(2,0,0,0,11,13,0,0,0,'Description3','','','',0.00,0.00,'','','','','MPN-12345',0.00,'','','','','','','','','','','/uploaded_image/Items/202104233851_Permit11mpn-123450.png','Active','FAS 0000002',3,'2021-04-23 02:09:02',0,0,NULL,0,NULL,0,1,3,0,NULL,0,2,3,'2021-04-30 01:19:17','Optional,Optional,Input,Optional,Optional,Optional,Input,Input,Input','Type,Wood Screws,Thread Size,M1.0 x 0.2,Length,12,Head Type,Flat,Drive Type,Phillips and Frearson,Pitch,M1.0 x 0.2,Test1,123,Test2,9000,Test3,5677','5698428147','','','select','','/uploaded_image/item_qrcode/5698428147.jpg',0,NULL,'Thread Size,Meter,Length,Meter,Test1,newton',0,0,0,0.00,0,0,17,'S1','',4),
(3,0,0,0,11,13,0,0,0,'Description4','','','',0.00,0.00,'','','','','mpn-567',0.00,'','','','','','','','','','','','Active','FAS 0000003',3,'2021-04-23 02:28:48',0,0,NULL,0,NULL,0,0,0,0,NULL,0,3,3,'2021-04-27 06:17:49','Optional,Optional,Input,Optional,Optional,Optional,Input,Input,Input','','8243100285','','','select','','/uploaded_image/item_qrcode/8243100285.jpg',0,NULL,'Length,Meter,Test1,newton',0,0,0,0.00,0,0,0,NULL,'',4),
(4,0,0,0,11,13,0,0,0,'Description89','','','',0.00,0.00,'','','','','mpn-09876',0.00,'','','','','','','','','','','','Active','FAS 0000004',3,'2021-04-23 02:54:49',0,0,NULL,0,NULL,0,0,0,0,NULL,0,4,3,'2021-04-27 01:25:36','Optional,Optional,Input,Optional,Optional,Optional,Input,Input,Input','Type,Wood Screws,Thread Size,M1.0 x 0.2,Length,12,Head Type,Flat,Drive Type,Phillips and Frearson,Pitch,M1.0 x 0.2,Test1,123,Test2,9000,Test3,5677','3725506118','','','select','','/uploaded_image/item_qrcode/3725506118.jpg',0,NULL,'ThreadSize,Meter,Length,Meter,Test1,newton',0,0,0,0.00,0,0,0,NULL,'',4),
(5,0,0,0,11,13,0,0,0,'Description test','','','',0.00,0.00,'','','','','mpn-34599',0.00,'','','','','','','','','','','','Active','FAS 0000005',3,'2021-04-23 03:40:36',0,0,NULL,0,NULL,0,0,0,0,NULL,0,5,3,'2021-04-27 01:25:28','Optional,Optional,Input,Optional,Optional,Optional,Input,Input,Input','','7334153315','','','select','','/uploaded_image/item_qrcode/7334153315.jpg',0,NULL,'Thread Size,Millimeter,Length,Meter,Test1,newton',0,0,0,0.00,0,0,0,NULL,'',4),
(6,0,0,0,11,13,0,0,0,'Description test3','','','',0.00,0.00,'','','','','MPN TEST 09',0.00,'','','','','','','','','','','','Active','FAS 0000006',3,'2021-04-23 03:53:52',0,0,NULL,0,NULL,0,3,3,0,NULL,0,6,NULL,'2021-04-23 03:53:52','Optional,Optional,Input,Optional,Optional,Optional,Input,Input,Input','Type,Thread Cutting Machine Screws,Thread Size,M1.1 x 0.2,Length,90,Head Type,Pan,Drive Type,socked,Pitch,M3 x 0.35,Test1,89,Test2,890,Test3,966','9633412288','','','select','','/uploaded_image/item_qrcode/9633412288.jpg',0,NULL,'Thread Size,Millimeter,Length,Meter,Test1,newton',0,0,0,0.00,0,2,0,'','',0),
(7,0,0,0,11,19,0,0,0,'Description test 90','','','',0.00,0.00,'','','','','mpn test 955',0.00,'','','','','','','','','','','','Active','FAS 0000007',3,'2021-04-23 04:06:40',0,0,NULL,0,NULL,0,0,0,0,NULL,0,7,NULL,'2021-04-23 04:06:40','Optional,Optional,Optional,Optional,Optional,Input','Thread Size-External,M1.1 x 0.2,Thread Size - Internal,M1.4 x 0.2,Sub Type,Female-Female Standoff,Type,Hex Standoffs,Material,Stainless Steel 304,TotalLength,98','6904227134','','','select','','/uploaded_image/item_qrcode/6904227134.jpg',0,NULL,'Thread  Size-External,kilometre,ThreadSize-Internal,Meter,TotalLength,Millimeter',0,0,0,0.00,0,0,0,NULL,'',4),
(8,0,0,0,11,22,0,0,0,'Descrioption test5','','','',0.00,0.00,'','','','','mpn test 34',0.00,'','','','','','','','','','','','Active','FAS 0000008',3,'2021-04-23 04:10:21',0,0,NULL,0,NULL,0,0,0,0,NULL,0,8,NULL,'2021-04-23 04:10:21','Optional,Input,Optional','Type,Cotter Pins and Wire Clips,Length,45,Material,Stainless Steel 304','3821774275','','','select','','/uploaded_image/item_qrcode/3821774275.jpg',0,NULL,'Length,Meter',0,0,0,0.00,0,0,0,NULL,'',4),
(9,0,0,0,11,19,0,0,0,'Description test 90','','','',0.00,0.00,'','','','','mpn test 956',0.00,'','','','','','','','','','','','Active','FAS 0000009',3,'2021-04-24 00:43:03',0,0,NULL,0,NULL,0,0,0,0,NULL,0,9,3,'2021-04-30 03:26:40','Optional,Optional,Optional,Optional,Optional,Input','Thread Size-External,M1.1 x 0.2,Thread Size - Internal,M1.4 x 0.2,Sub Type,Female-Female Standoff,Type,Hex Standoffs,Material,Stainless Steel 304,TotalLength,98','4311170061','','','select','','/uploaded_image/item_qrcode/4311170061.jpg',0,NULL,'Thread  Size-External,Meter,ThreadSize-Internal,Meter,TotalLength,Millimeter',0,0,0,0.00,0,0,0,NULL,'',4),
(10,0,0,0,11,13,0,0,0,'Desc-034','','','',0.00,0.00,'','','','','MPN TEST 956',0.00,'','','','','','','','','','','','Active','FAS 0000010',3,'2021-04-24 00:55:10',0,0,NULL,0,NULL,0,1,3,0,NULL,0,10,3,'2021-04-27 07:34:21','Optional,Optional,Input,Optional,Optional,Optional,Input,Input,Input','Type,Machine Screws,Thread Size,M1.4 x 0.2,Length,78,Head Type,Truss,Drive Type,combination,Pitch,M2 x 0.25,Test1,90,Test2,hello,Test3,hi','2393975630','','','select','','/uploaded_image/item_qrcode/2393975630.jpg',0,NULL,'Thread Size,Meter,Length,Meter,Test1,newton',0,0,0,0.00,0,0,0,'','',0),
(11,0,0,0,11,13,0,0,0,'Description 90','','','',0.00,0.00,'','','','','mpn-3890',0.00,'','','','','','/uploaded_image/ItemsFile/202104245235_DateSheet11mpn-3890.xlsx','/uploaded_image/ItemsFile/202104245245_Compliance11mpn-3890.xlsx','/uploaded_image/ItemsFile/202104245240_CAD11mpn-3890.Zip','/uploaded_image/ItemsFile/202104245244_certification11mpn-3890.docx','/uploaded_image/ItemsFile/202104245242_Scrapping11mpn-3890.pdf','/uploaded_image/Items/202104245317_Permit11mpn-38900.png,/uploaded_image/Items/202104245328_Permit11mpn-38900.png,/uploaded_image/Items/202104245345_Permit11mpn-38900.png','Active','FAS 0000011',3,'2021-04-24 02:53:58',0,0,NULL,0,NULL,0,0,0,0,NULL,0,11,NULL,'2021-04-24 02:53:58','Optional,Optional,Input,Optional,Optional,Optional,Input,Input,Input','Type,Machine Screws,Thread Size,M1.4 x 0.2,Length,90,Head Type,Oval,Drive Type,combination,Pitch,M5 x 0.5,Test1,90,Test2,67,Test3,23','2562501404','','','select','','/uploaded_image/item_qrcode/2562501404.jpg',0,NULL,'ThreadSize,kilometre,Length,Millimeter,Test1,newton',0,0,0,0.00,0,0,0,NULL,'',4),
(12,7,16,25,11,13,22,0,0,'Description 90','Tata','Mi','Suplier',300.00,40.00,'20','7604 10 1000','www','Cco','MPN-38908',400.00,'1234','e-mail','3456','7654','4556','/uploaded_image/ItemsFile/202104275715_DateSheet11MPN-38908.xlsx','/uploaded_image/ItemsFile/202104275724_Compliance11MPN-38908.xlsx','','/uploaded_image/ItemsFile/202104275732_certification11MPN-38908.xlsx','/uploaded_image/ItemsFile/202104275730_Scrapping11MPN-38908.xlsx','','Active','FAS 0000012',3,'2021-04-24 02:56:08',0,0,NULL,0,NULL,0,4,3,0,NULL,0,12,NULL,'2021-04-24 02:56:08','Optional,Optional,Input,Optional,Optional,Optional,Input,Input,Input','Type,Thread Cutting Machine Screws,Thread Size,M1.4 x 0.2,Length,89,Head Type,Oval,Drive Type,combination,Pitch,M5 x 0.5,Test1,90,Test2,67,Test3,23','2233365781','','','select','','/uploaded_image/item_qrcode/2233365781.jpg',46,NULL,'Thread Size,kilometre,Length,Millimeter,Test1,newton',7,3,6,500.00,21,13,9,'121','www.tata.com',4),
(13,0,0,0,19,167,0,0,0,'Cable connection','India','Tata','',0.00,0.00,'','','','','12',0.00,'','','','','','/uploaded_image/ItemsFile/202104244547_DateSheet1912.docx','/uploaded_image/ItemsFile/202104244612_Compliance1912.docx','','/uploaded_image/ItemsFile/202104244605_certification1912.docx','/uploaded_image/ItemsFile/202104244600_Scrapping1912.docx','/uploaded_image/Items/202104244949_Permit19120.jpg','Active','CON 0000013',3,'2021-04-24 03:51:07',0,0,NULL,0,NULL,0,0,0,0,NULL,0,13,NULL,'2021-04-24 03:51:07','','','4499760646','','','single','','/uploaded_image/item_qrcode/4499760646.jpg',0,NULL,'',0,0,0,0.00,0,0,0,NULL,'',4),
(14,0,0,0,24,474,0,0,0,'Design','Tata','Tata','',0.00,0.00,'','','','','56',0.00,'','','','','','','/uploaded_image/ItemsFile/202104261859_Compliance2456.xlsx','','/uploaded_image/ItemsFile/202104261857_certification2456.xlsx','/uploaded_image/ItemsFile/202104261855_Scrapping2456.docx','','Active','DES 0000014',3,'2021-04-26 03:20:11',0,0,NULL,0,NULL,0,0,0,0,NULL,0,14,NULL,'2021-04-26 03:20:11','','','1428673679','','','select','','/uploaded_image/item_qrcode/1428673679.jpg',0,NULL,'',0,0,0,0.00,0,0,0,NULL,'flipkart.com',4),
(15,0,0,0,11,13,0,0,0,'Description test','','','',0.00,0.00,'','','','','mpn-1234',0.00,'','','','','','','','','','','','Active','FAS 0000015',3,'2021-04-27 01:09:41',0,0,NULL,0,NULL,0,0,0,0,NULL,0,15,3,'2021-04-27 05:48:59','Optional,Optional,Input,Optional,Optional,Optional,Input,Input,Input','Type,Wood Screws,Thread Size,M1.0 x 0.2,Length,89,Head Type,Oval,Drive Type,slotted,Pitch,M8 x 0.75,Test1,90,Test2,67,Test3,23','8135625263','','','select','','/uploaded_image/item_qrcode/8135625263.jpg',0,NULL,'ThreadSize,kilometre,Length,kilometre,Test1,newton',0,0,0,0.00,0,0,0,NULL,'',4),
(16,0,0,0,11,13,0,0,0,'Description','Kap','Car','',0.00,0.00,'','','','','1919',0.00,'','','','','','','','','','','','Active','FAS 0000016',3,'2021-04-27 02:01:35',0,0,NULL,0,NULL,0,0,0,0,NULL,0,16,3,'2021-04-27 07:34:47','Optional,Optional,Input,Optional,Optional,Optional,Input,Input,Input','Type,Thread Cutting Machine Screws,Thread Size,M1.4 x 0.2,Length,89,Head Type,Oval,Drive Type,combination,Pitch,M5 x 0.5,Test1,90,Test2,67,Test3,23','9800527009','','','select','','/uploaded_image/item_qrcode/9800527009.jpg',0,NULL,'ThreadSize,kilometre,Length,Millimeter,Test1,newton',0,0,0,0.00,0,0,0,NULL,'www',4),
(17,0,57,28,11,13,27,0,0,'Description','Kap','Car','Rana',30.00,65.00,'23','3903 30 9000','sdg','Af','1920',78.00,'34','df','df','df','dsgdg','','','','','','','Active','FAS 0000017',3,'2021-04-27 02:20:02',0,0,NULL,0,NULL,0,1,3,0,NULL,0,17,3,'2021-04-27 07:34:34','Optional,Optional,Input,Optional,Optional,Optional,Input,Input,Input','Type,Thread Cutting Machine Screws,Thread Size,M1.4 x 0.2,Length,11,Head Type,Oval,Drive Type,combination,Pitch,M5 x 0.5,Test1,11,Test2,11,Test3,11','8418722535','','','select','','/uploaded_image/item_qrcode/8418722535.jpg',18,NULL,'Thread Size,kilometre,Length,Millimeter,Test1,newton',40,20,2,34.00,20,13,9,'EX-S','',4),
(18,0,0,0,11,263,0,0,0,'Fast','Rana','Rana','',0.00,0.00,'','','','','121',0.00,'','','','','','/uploaded_image/ItemsFile/202104270150_DateSheet11121.xlsx','/uploaded_image/ItemsFile/202104270211_Compliance11121.docx','','/uploaded_image/ItemsFile/202104270203_certification11121.xlsx','/uploaded_image/ItemsFile/202104270154_Scrapping11121.xlsx','/uploaded_image/Items/202104270258_Permit111210.png,/uploaded_image/Items/202104270306_Permit111210.png,/uploaded_image/Items/202104270307_Permit111210.png,/uploaded_image/Items/202104270307_Permit111210.png','Active','FAS 0000018',3,'2021-04-27 03:03:56',0,0,NULL,0,NULL,0,0,0,0,NULL,0,18,3,'2021-04-27 06:13:31','','','1523300745','','','select','','/uploaded_image/item_qrcode/1523300745.jpg',0,NULL,'',0,0,0,0.00,0,0,0,NULL,'rana',4),
(19,40,20,19,11,13,26,0,0,'Description 90','Apple','Apple','12',12.00,0.00,'20','3923 21 1900','12','ASC','54',12.00,'12','12','12','12','12','/uploaded_image/ItemsFile/202104272104_DateSheet1154.xlsx','/uploaded_image/ItemsFile/202104272116_Compliance1154.xlsx','','/uploaded_image/ItemsFile/202104272114_certification1154.xlsx','/uploaded_image/ItemsFile/202104272112_Scrapping1154.xlsx','/uploaded_image/Items/202104272155_Permit11540.png,/uploaded_image/Items/202104272201_Permit11540.png,/uploaded_image/Items/202104272201_Permit11540.png,/uploaded_image/Items/202104272201_Permit11540.png,/uploaded_image/Items/202104272202_Permit11540.png','Active','FAS 0000019',3,'2021-04-27 06:22:18',0,0,NULL,0,NULL,0,1,3,0,NULL,0,19,NULL,'2021-04-27 06:22:18','Optional,Optional,Input,Optional,Optional,Optional,Input,Input,Input','Type,Wood Screws,Thread Size,M9 x 1,Length,12,Head Type,Slotted Hex Washer,Drive Type,Square,Pitch,M6 x 0.75,Test1,12,Test2,67,Test3,23','7906234677','','','select','','/uploaded_image/item_qrcode/7906234677.jpg',0,NULL,'Thread Size,kilometre,Length,Meter,Test1,newton',0,16,16,12.00,21,7,6,'WIP-2','apple',4),
(20,0,0,0,13,439,0,0,0,'Data','Tata','Brand','',0.00,0.00,'','','','','12',0.00,'','','','','','','','','','','/uploaded_image/Items/202104273956_Permit13120.png,/uploaded_image/Items/202104274019_Permit13120.png,/uploaded_image/Items/202104274020_Permit13120.png,/uploaded_image/Items/202104274021_Permit13120.png','Active','DCC 0000020',3,'2021-04-27 07:40:27',0,0,NULL,0,NULL,0,0,0,0,NULL,0,20,NULL,'2021-04-27 07:40:27','','','2281406915','','','select','','/uploaded_image/item_qrcode/2281406915.jpg',0,NULL,'',0,0,0,0.00,0,0,0,NULL,'www',4),
(21,0,0,0,19,60,0,0,0,'Desc 121','Alto','Aple','',0.00,0.00,'','','','','65',0.00,'','','','','','','','','','','','Active','CON 0000021',3,'2021-04-27 07:44:52',0,0,NULL,0,NULL,0,1,3,0,NULL,0,21,3,'2021-04-30 01:33:16','','','1100109368','','','select','','/uploaded_image/item_qrcode/1100109368.jpg',0,NULL,'',0,0,0,0.00,17,12,21,'ST90','www.data.com',4),
(22,0,0,0,11,13,0,0,0,'Description 90','','','',0.00,0.00,'','','','','mpn-3891',0.00,'','','','','','','','','','','','Active','FAS 0000022',3,'2021-05-06 00:55:45',0,0,NULL,0,NULL,0,0,0,0,NULL,0,22,NULL,'2021-05-06 00:55:45','Optional,Optional,Input,Optional,Optional,Optional,Input,Input,Input','Type,Machine Screws,Thread Size,M1.4 x 0.2,Length,90,Head Type,Oval,Drive Type,combination,Pitch,M5 x 0.5,Test1,90,Test2,67,Test3,23','2732350325','','','select','','/uploaded_image/item_qrcode/2732350325.jpg',0,NULL,'ThreadSize,kilometre,Length,Millimeter,Test1,newton',0,0,0,0.00,0,0,0,NULL,'',NULL),
(23,0,0,0,11,13,0,0,0,'Description 90','','','',0.00,0.00,'','','','','mpn-3892',0.00,'','','','','','','','','','','','Active','FAS 0000023',3,'2021-05-06 00:57:23',0,0,NULL,0,NULL,0,0,0,0,NULL,0,23,NULL,'2021-05-06 00:57:23','Optional,Optional,Input,Optional,Optional,Optional,Input,Input,Input','Type,Machine Screws,Thread Size,M1.4 x 0.2,Length,90,Head Type,Oval,Drive Type,combination,Pitch,M5 x 0.5,Test1,90,Test2,67,Test3,23','3183834959','','','select','','/uploaded_image/item_qrcode/3183834959.jpg',0,NULL,'ThreadSize,kilometre,Length,Millimeter,Test1,newton',0,0,0,0.00,0,0,0,NULL,'',NULL),
(24,0,0,0,11,13,0,0,0,'Description 90','','','',0.00,0.00,'','','','','mpn-3893',0.00,'','','','','','','','','','','','Active','FAS 0000024',3,'2021-05-06 01:05:21',0,0,NULL,0,NULL,0,0,0,0,NULL,0,24,NULL,'2021-05-06 01:05:21','Optional,Optional,Input,Optional,Optional,Optional,Input,Input,Input','Type,Machine Screws,Thread Size,M1.4 x 0.2,Length,90,Head Type,Oval,Drive Type,combination,Pitch,M5 x 0.5,Test1,90,Test2,67,Test3,23','3528388363','','','select','','/uploaded_image/item_qrcode/3528388363.jpg',0,NULL,'ThreadSize,kilometre,Length,Millimeter,Test1,newton',0,0,0,0.00,0,0,0,NULL,'',NULL),
(25,0,16,26,11,13,0,0,0,'Description 90','','','',0.00,0.00,'','','','','MPN-3899',0.00,'','','','','','','','','','','','Active','FAS 0000025',3,'2021-05-06 01:25:55',0,0,NULL,0,NULL,0,7,3,0,NULL,0,25,NULL,'2021-05-06 01:25:55','Optional,Optional,Input,Optional,Optional,Optional,Input,Input,Input','Type,Machine Screws,Thread Size,M1.4 x 0.2,Length,90,Head Type,Oval,Drive Type,combination,Pitch,M5 x 0.5,Test1,90,Test2,67,Test3,23','1554142827','','','select','','/uploaded_image/item_qrcode/1554142827.jpg',58,NULL,'Thread Size,Meter,Length,Millimeter,Test1,newton',12,6,0,0.00,17,9,7,'PS2','',0),
(26,0,0,0,11,13,0,0,0,'Description 90','','','',0.00,0.00,'','','','','MPN-38990',0.00,'','','','','','','','','','','','Active','FAS 0000026',3,'2021-05-06 03:03:34',0,0,NULL,0,NULL,0,0,0,0,NULL,0,26,NULL,'2021-05-06 03:03:34','Optional,Optional,Input,Optional,Optional,Optional,Input,Input,Input','Type,Machine Screws,Thread Size,M1.4 x 0.2,Length,90,Head Type,Oval,Drive Type,combination,Pitch,M5 x 0.5,Test1,90,Test2,67,Test3,23','8446741345','','','select','','/uploaded_image/item_qrcode/8446741345.jpg',0,NULL,'ThreadSize,Meter,Length,Meter,Test1,newton',0,0,0,0.00,0,0,0,NULL,'',NULL),
(27,0,0,0,19,60,0,0,0,'Desc 121','Alto','Aple','',0.00,0.00,'','','','','6578',0.00,'','','','','','','','','','','','Active','CON 0000027',3,'2021-05-06 03:04:26',0,0,NULL,0,NULL,0,0,0,0,NULL,0,27,NULL,'2021-05-06 03:04:26','','','3520487949','','','select','','/uploaded_image/item_qrcode/3520487949.jpg',0,NULL,'',0,0,0,0.00,0,0,0,NULL,'',NULL),
(28,0,0,0,11,13,0,0,0,'Description 90','','','',0.00,0.00,'','','','','MPN-38991',0.00,'','','','','','','','','','','','Active','FAS 0000028',3,'2021-05-06 03:09:08',0,0,NULL,0,NULL,0,0,0,0,NULL,0,28,NULL,'2021-05-06 03:09:08','Optional,Optional,Input,Optional,Optional,Optional,Input,Input,Input','Type,Machine Screws,Thread Size,M1.4 x 0.2,Length,90,Head Type,Flat,Drive Type,combination,Pitch,M5 x 0.5,Test1,90,Test2,67,Test3,23','2266738593','','','select','','/uploaded_image/item_qrcode/2266738593.jpg',0,NULL,'ThreadSize,Meter,Length,Meter,Test1,newton',0,0,0,0.00,0,0,0,NULL,'',NULL),
(29,0,0,0,11,13,0,0,0,'Description 90','','','',0.00,0.00,'','','','','MPN-38992',0.00,'','','','','','','','','','','','Active','FAS 0000029',3,'2021-05-06 03:10:47',0,0,NULL,0,NULL,0,0,0,0,NULL,0,29,NULL,'2021-05-06 03:10:47','Optional,Optional,Input,Optional,Optional,Optional,Input,Input,Input','Type,Machine Screws,Thread Size,M1.4 x 0.2,Length,90,Head Type,Oval,Drive Type,combination,Pitch,M6 x 0.75,Test1,90,Test2,67,Test3,23','8694166501','','','select','','/uploaded_image/item_qrcode/8694166501.jpg',0,NULL,'ThreadSize,Meter,Length,Meter,Test1,newton',0,0,0,0.00,0,0,0,NULL,'',NULL),
(30,0,0,0,11,13,0,0,0,'Description 90','','','',0.00,0.00,'','','','','MPN-38994',0.00,'','','','','','','','','','','','Active','FAS 0000030',3,'2021-05-06 23:32:49',0,0,NULL,0,NULL,0,0,0,0,NULL,0,30,NULL,'2021-05-06 23:32:49','Optional,Optional,Input,Optional,Optional,Optional,Input,Input,Input','Type,Sheet Metal Screws,Thread Size,M1.4 x 0.2,Length,90,Head Type,Oval,Drive Type,combination,Pitch,M6 x 0.75,Test1,90,Test2,67,Test3,23','1107115686','','','select','','/uploaded_image/item_qrcode/1107115686.jpg',0,NULL,'ThreadSize,Meter,Length,Meter,Test1,newton',0,0,0,0.00,0,0,0,NULL,'',NULL),
(31,0,0,0,11,13,0,0,0,'Description 90','','','',0.00,0.00,'','','','','MPN-3899422',0.00,'','','','','','','','','','','','Active','FAS 0000031',3,'2021-05-06 23:51:52',0,0,NULL,0,NULL,0,0,0,0,NULL,0,31,NULL,'2021-05-06 23:51:52','Optional,Optional,Input,Optional,Optional,Optional,Input,Input,Input','Type,Sheet Metal Screws,Thread Size,M1.4 x 0.2,Length,90,Head Type,Oval,Drive Type,combination,Pitch,M6 x 0.75,Test1,90,Test2,67,Test3,23','4160708280','','','select','','/uploaded_image/item_qrcode/4160708280.jpg',0,NULL,'ThreadSize,Meter,Length,kilometre,Test1,newton',0,0,0,0.00,0,0,0,NULL,'',NULL),
(32,0,0,0,11,13,0,0,0,'Description 90','','','',0.00,0.00,'','','','','MPN-123456',0.00,'','','','','','','','','','','','Active','FAS 0000032',3,'2021-05-06 23:59:35',0,0,NULL,0,NULL,0,0,0,0,NULL,0,32,NULL,'2021-05-06 23:59:35','Optional,Optional,Input,Optional,Optional,Optional,Input,Input,Input','Type,U-Bolts,Thread Size,M1.4 x 0.2,Length,90,Head Type,Oval,Drive Type,combination,Pitch,M6 x 0.75,Test1,90,Test2,67,Test3,23','8307230508','','','select','','/uploaded_image/item_qrcode/8307230508.jpg',0,NULL,'ThreadSize,Meter,Length,Meter,Test1,newton',0,0,0,0.00,0,0,0,NULL,'',NULL),
(33,0,0,0,11,13,0,0,0,'Description 90','Tata','Mi','',0.00,0.00,'','','','','MPN-616161',0.00,'','','','','','','','','','','','Active','FAS 0000033',3,'2021-05-07 00:01:53',0,0,NULL,0,NULL,0,0,0,0,NULL,0,33,NULL,'2021-05-07 00:01:53','Optional,Optional,Input,Optional,Optional,Optional,Input,Input,Input','Type,Thread Cutting Machine Screws,Thread Size,M1.4 x 0.2,Length,89,Head Type,Oval,Drive Type,combination,Pitch,M5 x 0.5,Test1,90,Test2,67,Test3,23','2628979836','','','select','','/uploaded_image/item_qrcode/2628979836.jpg',0,NULL,'ThreadSize,Millimeter,Length,Millimeter,Test1,newton',0,0,0,0.00,0,0,0,NULL,'',NULL),
(34,0,0,0,11,13,0,0,0,'','Tata','Mi','',0.00,0.00,'','','','','',0.00,'','','','','','','','','','','','Active','FAS 0000034',3,'2021-05-07 00:04:23',0,0,NULL,0,NULL,0,6,3,0,NULL,0,34,NULL,'2021-05-07 00:04:23','Optional,Optional,Input,Optional,Optional,Optional,Input,Input,Input','Type,Machine Screws,Thread Size,M1.4 x 0.2,Length,89,Head Type,Oval,Drive Type,combination,Pitch,M5 x 0.5,Test1,90,Test2,67,Test3,23','6210009489','','','select','','/uploaded_image/item_qrcode/6210009489.jpg',0,NULL,'Thread Size,kilometre,Length,Millimeter,Test1,newton',0,0,0,0.00,0,0,0,'','',0),
(35,0,0,0,11,21,0,0,0,'Design','Tata','Tata','',0.00,0.00,'','','','','56',0.00,'','','','','','','','','','','','Active','FAS 0000035',3,'2021-05-07 00:17:48',0,0,NULL,0,NULL,0,0,0,0,NULL,0,35,NULL,'2021-05-07 00:17:48','Optional,Optional,Optional,Input,Optional','Type,Sleeve,Thread Size,M6 x 0.75,Pitch,M7 x 0.75,ThickNess,12,Material,Stainless Steel 316','8607834256','','','select','','/uploaded_image/item_qrcode/8607834256.jpg',0,NULL,'ThreadSize,kilometre,ThickNess,kilometre',0,0,0,0.00,0,0,0,NULL,'',NULL),
(36,0,0,0,11,13,0,0,0,'Desc-034','','','',0.00,0.00,'','','','','DESCRIPTION TEST',0.00,'','','','','','','','','','','','Active','FAS 0000036',3,'2021-05-07 00:44:18',0,0,NULL,0,NULL,0,2,3,0,NULL,0,36,NULL,'2021-05-07 00:44:18','Optional,Optional,Input,Optional,Optional,Optional,Input,Input,Input','Type,Machine Screws,Thread Size,M1.4 x 0.2,Length,78,Head Type,Truss,Drive Type,combination,Pitch,M2 x 0.25,Test1,90,Test2,hello,Test3,hi','5282306111','','','select','','/uploaded_image/item_qrcode/5282306111.jpg',0,NULL,'Thread Size,kilometre,Length,Meter,Test1,newton',0,0,0,0.00,0,0,0,'','',0),
(37,0,0,0,11,13,0,0,0,'Description','','','',0.00,0.00,'','','https://www.alibaba.com/product-detail/mdf-wood-screwd-fastners-screws-manufacturer_62570157659.html?spm=a2700.gallery_search_cps.normalList.13.424e3c74OVLL1a','','1234',0.00,'','','','','','','','','','','','Active','FAS 0000037',3,'2021-05-07 00:51:19',0,0,NULL,0,NULL,0,0,0,0,NULL,0,37,NULL,'2021-05-07 00:51:19','Optional,Optional,Input,Optional,Optional,Optional,Input,Input,Input','Type,Sheet Metal Screws,Thread Size,M1.6 x 0.2,Length,38mm,Head Type,Pan,Drive Type,socked,Pitch,M2 x 0.25,Test1,self drilling screw,Test2,#6,Test3,23','3515320143','','https://www.alibaba.com/product-detail/mdf-wood-screwd-fastners-screws-manufacturer_62570157659.html?spm=a2700.gallery_search_cps.normalList.13.424e3c74OVLL1a','single','','/uploaded_image/item_qrcode/3515320143.jpg',0,NULL,'ThreadSize,kilometre,Length,Meter,Test1,newton',0,0,0,0.00,0,0,0,NULL,'',NULL),
(38,0,0,0,19,167,0,0,0,'Cable connection','India','Tata','',0.00,0.00,'','','','','121',0.00,'','','','','','','','','','','','Active','CON 0000038',3,'2021-05-07 00:53:39',0,0,NULL,0,NULL,0,0,0,0,NULL,0,38,NULL,'2021-05-07 00:53:39','','','6809029511','','','select','','/uploaded_image/item_qrcode/6809029511.jpg',0,NULL,'',0,0,0,0.00,0,0,0,NULL,'',NULL),
(39,0,0,0,11,22,0,0,0,'Desc-034','','','',0.00,0.00,'','','','','MPN-389088',0.00,'','','','','','','','','','','','Active','FAS 0000039',3,'2021-05-07 01:19:52',0,0,NULL,0,NULL,0,10,3,0,NULL,0,39,NULL,'2021-05-07 01:19:52','Optional,Input,Optional','Type,Hitch Pins and Linch Pins,Length,67,Material,Stainless Steel 316','9396363533','','','select','','/uploaded_image/item_qrcode/9396363533.jpg',0,NULL,'Length,Meter',0,0,0,0.00,17,0,0,'','',0),
(40,0,0,0,11,13,0,0,0,'Description test','','','',0.00,0.00,'','','https://www.alibaba.com/product-detail/Fastener-Metric-Standard-Threading-Insert-Nut_60761268153.html?spm=a2700.galleryofferlist.normal_offer.d_image.7f0a4e102SkJCW&s=p','','7865',0.00,'','','','','','','','','','','','Active','FAS 0000040',3,'2021-05-07 02:07:46',0,0,NULL,0,NULL,0,0,0,0,NULL,0,40,NULL,'2021-05-07 02:07:46','Optional,Optional,Input,Optional,Optional,Optional,Input,Input,Input','Type,J-Bolts,Thread Size,M1.8 x 0.2,Length,89,Head Type,Oval,Drive Type,combination,Pitch,M7 x 0.75,Test1,90,Test2,67,Test3,23','1463248046','','https://www.alibaba.com/product-detail/Fastener-Metric-Standard-Threading-Insert-Nut_60761268153.html?spm=a2700.galleryofferlist.normal_offer.d_image.7f0a4e102SkJCW&s=p','single','','/uploaded_image/item_qrcode/1463248046.jpg',0,NULL,'ThreadSize,Meter,Length,kilometre,Test1,newton',0,0,0,0.00,0,0,0,NULL,'',NULL),
(41,0,0,0,11,263,0,0,0,'Description test','','','',0.00,0.00,'','','https://www.alibaba.com/product-detail/Fasteners-DIN933-Hex-Bolt-Screws-Hex_1600153207277.html?spm=a2700.galleryofferlist.normal_offer.d_image.791e4e10gIYirb&s=p','','M888',0.00,'','','','','','','','','','','','Active','FAS 0000041',3,'2021-05-07 05:36:45',0,0,NULL,0,NULL,0,1,3,0,NULL,0,41,NULL,'2021-05-07 05:36:45','','','5002443694','','https://www.alibaba.com/product-detail/Fasteners-DIN933-Hex-Bolt-Screws-Hex_1600153207277.html?spm=a2700.galleryofferlist.normal_offer.d_image.791e4e10gIYirb&s=p','single','','/uploaded_image/item_qrcode/5002443694.jpg',0,NULL,'',0,0,0,0.00,0,0,0,'','',0),
(42,0,0,0,11,21,0,0,0,'Desc-034','Tata','Mi','',0.00,0.00,'','','','','DESCRIPTION TEST',0.00,'','','','','','','','','','','','Active','FAS 0000042',3,'2021-05-10 01:08:40',0,0,NULL,0,NULL,0,0,0,0,NULL,0,42,NULL,'2021-05-10 01:08:40','Optional,Optional,Optional,Input,Optional','Type,Sleeve,Thread Size,M1.1 x 0.2,Pitch,M7 x 0.75,ThickNess,12,Material,Stainless Steel 316','5172145015','','','select','','/uploaded_image/item_qrcode/5172145015.jpg',0,NULL,'ThreadSize,kilometre,ThickNess,kilometre',0,0,0,0.00,0,0,0,NULL,'',NULL),
(43,0,0,0,11,22,0,0,0,'Desc-034','','','',0.00,0.00,'','','','','DESCRIPTION TEST',0.00,'','','','','','','','','','','','Active','FAS 0000043',3,'2021-05-10 01:13:35',0,0,NULL,0,NULL,0,0,0,0,NULL,0,43,NULL,'2021-05-10 01:13:35','Optional,Input,Optional','Type,Hitch Pins and Linch Pins,Length,67,Material,Stainless Steel 316','8965126997','','','select','','/uploaded_image/item_qrcode/8965126997.jpg',0,NULL,'Length,Millimeter',0,0,0,0.00,0,0,0,NULL,'',NULL),
(44,0,0,0,11,263,0,0,0,'Fast','','','',0.00,0.00,'','','','','1234',0.00,'','','','','','','','','','','','Active','FAS 0000044',3,'2021-05-10 01:24:42',0,0,NULL,0,NULL,0,0,0,0,NULL,0,44,NULL,'2021-05-10 01:24:42','','','9485386841','','','select','','/uploaded_image/item_qrcode/9485386841.jpg',0,NULL,'',0,0,0,0.00,0,0,0,NULL,'',NULL),
(45,0,0,0,13,439,0,0,0,'Description','','','',0.00,0.00,'','','','','MPN-567',0.00,'','','','','','','','','','','','Active','DCC 0000045',3,'2021-05-10 01:38:15',0,0,NULL,0,NULL,0,0,0,0,NULL,0,45,NULL,'2021-05-10 01:38:15','','','7447318494','','','select','','/uploaded_image/item_qrcode/7447318494.jpg',0,NULL,'',0,0,0,0.00,0,0,0,NULL,'',NULL),
(46,0,0,0,11,13,0,0,0,'Description89','','','',0.00,0.00,'','','','','mpn-09878',0.00,'','','','','','','','','','','','Active','FAS 0000046',3,'2021-05-10 04:18:07',0,0,NULL,0,NULL,0,0,0,0,NULL,0,46,NULL,'2021-05-10 04:18:07','Optional,Optional,Input,Optional,Optional,Optional,Input,Input,Input','Type,Wood Screws,Thread Size,M1.0 x 0.2,Length,12,Head Type,Flat,Drive Type,Phillips and Frearson,Pitch,M7 x 0.75,Test1,123,Test2,9000,Test3,5677','5486359808','','','select','','/uploaded_image/item_qrcode/5486359808.jpg',0,NULL,'ThreadSize,Meter,Length,Meter,Test1,newton',0,0,0,0.00,0,0,0,NULL,'',NULL),
(47,0,0,0,117,485,0,0,0,'Xyz','Xyz','Sandisk','',0.00,0.00,'','','','','1234-255',0.00,'','','','','','','','','','','','Active','ELE 0000047',3,'2021-05-10 04:20:47',0,0,NULL,0,NULL,0,0,0,0,NULL,0,47,NULL,'2021-05-10 04:20:47','','','5624042175','','','select','','/uploaded_image/item_qrcode/5624042175.jpg',0,NULL,'',0,0,0,0.00,0,0,0,NULL,'',NULL),
(48,0,0,0,11,22,0,0,0,'Desc-034','','','',0.00,0.00,'','','','','1234',0.00,'','','','','','','','','','','','Active','FAS 0000048',3,'2021-05-10 04:45:52',0,0,NULL,0,NULL,0,0,0,0,NULL,0,48,NULL,'2021-05-10 04:45:52','Optional,Input,Optional','Type,Spring Pins,Length,67,Material,Stainless Steel 316','2187893322','','','select','','/uploaded_image/item_qrcode/2187893322.jpg',0,NULL,'Length,Meter',0,0,0,0.00,0,0,0,NULL,'',NULL),
(49,0,0,0,11,19,0,0,0,'Fzhzn','Fzn','Fn','',0.00,0.00,'','','','','zfn',0.00,'','','','','','','','','','','','Active','FAS 0000049',3,'2021-05-11 00:27:44',0,0,NULL,0,NULL,0,0,0,0,NULL,0,49,NULL,'2021-05-11 00:27:44','Optional,Optional,Optional,Optional,Optional,Input','Thread Size-External,M1.2 x 0.2,Thread Size - Internal,M1.0 x 0.2,Sub Type,Male-Female Standoff,Type,Round Standoffs,Material,Stainless Steel 304,TotalLength,ssdv','8863277654','','','select','','/uploaded_image/item_qrcode/8863277654.jpg',0,NULL,'ThreadSize-External,Millimeter,ThreadSize-Internal,Meter,TotalLength,kilometre',0,0,0,0.00,0,0,0,NULL,'',NULL),
(50,0,0,0,11,13,0,0,0,'Xfff','Ff','','',0.00,0.00,'','','','','ff',0.00,'','','','','','','','','','','','Active','FAS 0000050',3,'2021-05-11 01:17:52',0,0,NULL,0,NULL,0,0,0,0,NULL,0,50,NULL,'2021-05-11 01:17:52','Optional,Optional,Input,Optional,Optional,Optional,Input,Input,Input','Type,Machine Screws,Thread Size,M1.1 x 0.2,Length,length,Head Type,Oval,Drive Type,Phillips and Frearson,Pitch,M5.5 x 0.5,Test1,v,Test2,cv,Test3,v','1360388586','','','single','','/uploaded_image/item_qrcode/1360388586.jpg',0,NULL,'ThreadSize,Millimeter,Length,Meter,Test1,newton',0,0,0,0.00,0,0,0,NULL,'',NULL);

/*Table structure for table `m_item_log` */

DROP TABLE IF EXISTS `m_item_log`;

CREATE TABLE `m_item_log` (
  `logId` int(11) NOT NULL AUTO_INCREMENT,
  `itemId` int(11) DEFAULT NULL,
  `uomId` int(11) DEFAULT NULL,
  `uomGroupId` int(11) DEFAULT NULL,
  `valuationId` int(11) DEFAULT NULL,
  `itemTypeId` int(11) DEFAULT NULL,
  `itemSubTypeId` int(11) DEFAULT NULL,
  `itemManageCodeId` int(11) DEFAULT NULL,
  `valuationMethodId` int(11) DEFAULT NULL,
  `materialCategoryId` int(11) DEFAULT NULL,
  `itemDescription` varchar(200) DEFAULT NULL,
  `itemManufacture` varchar(50) DEFAULT NULL,
  `itemBrand` varchar(50) DEFAULT NULL,
  `supplierName` varchar(50) DEFAULT NULL,
  `itemPrice` decimal(18,2) DEFAULT NULL,
  `itemMinOrderQty` decimal(18,2) DEFAULT NULL,
  `itemThreshold` varchar(100) DEFAULT NULL,
  `itemHSCode` varchar(50) DEFAULT NULL,
  `itemURLLink` varchar(500) DEFAULT NULL,
  `itemCoCountryofOrigin` varchar(100) DEFAULT NULL,
  `itemManufacturingPartNumber` varchar(50) DEFAULT NULL,
  `itemShippingCost` decimal(18,2) DEFAULT NULL,
  `itemContactDetails` varchar(20) DEFAULT NULL,
  `itemEMail` varchar(100) DEFAULT NULL,
  `itemWeChat` varchar(100) DEFAULT NULL,
  `itemWhatsApp` varchar(50) DEFAULT NULL,
  `itemOtherContactType` varchar(20) DEFAULT NULL,
  `itemDataSheetUrl` varchar(100) DEFAULT NULL,
  `itemComplianceUrl` varchar(100) DEFAULT NULL,
  `itemCADFileUrl` varchar(100) DEFAULT NULL,
  `itemCertificationUrl` varchar(100) DEFAULT NULL,
  `itemScrappingfromWebUrl` varchar(100) DEFAULT NULL,
  `itemImagesUrl` varchar(2000) DEFAULT NULL,
  `itemStatus` varchar(20) DEFAULT NULL,
  `internalItemCode` varchar(20) DEFAULT NULL,
  `isApproved` int(11) DEFAULT '0',
  `userId` int(11) DEFAULT NULL,
  `isDeleted` int(11) DEFAULT '0',
  `userAction` varchar(20) DEFAULT NULL,
  `transDate` datetime DEFAULT CURRENT_TIMESTAMP,
  `isActive` tinyint(1) DEFAULT '0',
  `subitemtypefieldOptionType` varchar(1000) DEFAULT NULL,
  `subitemtypefieldOptionValues` varchar(5000) DEFAULT NULL,
  `itemBarCodeNo` varchar(20) DEFAULT NULL,
  `itemName` varchar(50) DEFAULT NULL,
  `itemScrapUrl` varchar(200) DEFAULT NULL,
  `itemScrapType` varchar(45) DEFAULT NULL,
  `itemScrapImage` varchar(500) DEFAULT NULL,
  `itemQRCodeImagePath` varchar(200) DEFAULT NULL,
  `currencyId` int(11) DEFAULT '0',
  `subitemtypefieldUOMName` varchar(1000) DEFAULT NULL,
  `altUOMId` int(11) DEFAULT '0',
  `altUOMGroupId` int(11) DEFAULT '0',
  `hscategoryId` int(11) DEFAULT '0',
  `itemQuantity` decimal(18,2) DEFAULT '0.00',
  `rackId` int(11) DEFAULT '0',
  `racknumberId` int(11) DEFAULT '0',
  `storelocationId` int(11) DEFAULT '0',
  `storelocationCode` varchar(50) DEFAULT NULL,
  `designerURL` varchar(200) DEFAULT NULL,
  `cellId` int(11) DEFAULT NULL,
  PRIMARY KEY (`logId`)
) ENGINE=InnoDB AUTO_INCREMENT=151 DEFAULT CHARSET=utf8mb4;

/*Data for the table `m_item_log` */

insert  into `m_item_log`(`logId`,`itemId`,`uomId`,`uomGroupId`,`valuationId`,`itemTypeId`,`itemSubTypeId`,`itemManageCodeId`,`valuationMethodId`,`materialCategoryId`,`itemDescription`,`itemManufacture`,`itemBrand`,`supplierName`,`itemPrice`,`itemMinOrderQty`,`itemThreshold`,`itemHSCode`,`itemURLLink`,`itemCoCountryofOrigin`,`itemManufacturingPartNumber`,`itemShippingCost`,`itemContactDetails`,`itemEMail`,`itemWeChat`,`itemWhatsApp`,`itemOtherContactType`,`itemDataSheetUrl`,`itemComplianceUrl`,`itemCADFileUrl`,`itemCertificationUrl`,`itemScrappingfromWebUrl`,`itemImagesUrl`,`itemStatus`,`internalItemCode`,`isApproved`,`userId`,`isDeleted`,`userAction`,`transDate`,`isActive`,`subitemtypefieldOptionType`,`subitemtypefieldOptionValues`,`itemBarCodeNo`,`itemName`,`itemScrapUrl`,`itemScrapType`,`itemScrapImage`,`itemQRCodeImagePath`,`currencyId`,`subitemtypefieldUOMName`,`altUOMId`,`altUOMGroupId`,`hscategoryId`,`itemQuantity`,`rackId`,`racknumberId`,`storelocationId`,`storelocationCode`,`designerURL`,`cellId`) values 
(1,1,0,0,0,13,439,0,NULL,0,'Description','','','',0.00,0.00,'','','','','mpn-9078',0.00,'','','','','','/uploaded_image/ItemsFile/202104193333_DateSheet13mpn-9078.xlsx','/uploaded_image/ItemsFile/202104193338_Compliance13mpn-9078.xlsx','/uploaded_image/ItemsFile/202104193335_CAD13mpn-9078.Zip','/uploaded_image/ItemsFile/202104193338_certification13mpn-9078.pdf','/uploaded_image/ItemsFile/202104193337_Scrapping13mpn-9078.docx','/uploaded_image/Items/202104193610_Permit13mpn-90780.png','Active','DCC0000001',0,3,0,'insert','2021-04-19 05:06:24',0,'','','9308159339','','','select','','/uploaded_image/item_qrcode/9308159339.jpg',0,'',0,0,0,0.00,0,0,0,NULL,'https://www.amazon.com/Wonder-Forge-Masks-Matching-Game/dp/B01LOUV4TA/ref=sr_1_5?__mk_fr_FR=%C3%85M%C3%85%C5%BD%C3%95%C3%91&dchild=1&keywords=ncrtbooks&qid=1618826695&sr=8-5',4),
(2,1,0,0,0,13,439,0,NULL,0,'Description','','','',0.00,0.00,'','','','',NULL,0.00,'','','','','','/uploaded_image/ItemsFile/202104193333_DateSheet13mpn-9078.xlsx','/uploaded_image/ItemsFile/202104193338_Compliance13mpn-9078.xlsx','/uploaded_image/ItemsFile/202104193335_CAD13mpn-9078.Zip','/uploaded_image/ItemsFile/202104193338_certification13mpn-9078.pdf','/uploaded_image/ItemsFile/202104193337_Scrapping13mpn-9078.docx','/uploaded_image/Items/202104193610_Permit13mpn-90780.png','Active','DCC0000001',0,3,0,'update','2021-04-19 05:06:24',0,'','','9308159339','','','select','','/uploaded_image/item_qrcode/9308159339.jpg',0,'',0,0,0,0.00,0,0,0,NULL,'https://www.amazon.com/Wonder-Forge-Masks-Matching-Game/dp/B01LOUV4TA/ref=sr_1_5?__mk_fr_FR=%C3%85M%C3%85%C5%BD%C3%95%C3%91&dchild=1&keywords=ncrtbooks&qid=1618826695&sr=8-5',4),
(3,2,0,0,0,11,13,0,NULL,0,'Description3','','','',0.00,0.00,'','','','','mpn-12345',0.00,'','','','','','','','','','','/uploaded_image/Items/202104233851_Permit11mpn-123450.png','Active','FAS 0000002',0,3,0,'insert','2021-04-23 02:09:02',0,'Optional,Optional,Input,Optional,Optional,Optional,Input,Input,Input','Type,Wood Screws,Thread Size,M1.0 x 0.2,Length,12,Head Type,Flat,Drive Type,Phillips and Frearson,Pitch,M1.0 x 0.2,Test1,123,Test2,9000,Test3,5677','5698428147','','','select','','/uploaded_image/item_qrcode/5698428147.jpg',0,'Length,Meter,Test1,newton',0,0,0,0.00,0,0,0,NULL,'',4),
(4,3,0,0,0,11,13,0,NULL,0,'Description4','','','',0.00,0.00,'','','','','mpn-567',0.00,'','','','','','','','','','','','Active','FAS 0000003',0,3,0,'insert','2021-04-23 02:28:48',0,'Optional,Optional,Input,Optional,Optional,Optional,Input,Input,Input','','8243100285','','','select','','/uploaded_image/item_qrcode/8243100285.jpg',0,'Length,Meter,Test1,newton',0,0,0,0.00,0,0,0,NULL,'',4),
(5,4,0,0,0,11,13,0,NULL,0,'Description89','','','',0.00,0.00,'','','','','mpn-09876',0.00,'','','','','','','','','','','','Active','FAS 0000004',0,3,0,'insert','2021-04-23 02:54:49',0,'Optional,Optional,Input,Optional,Optional,Optional,Input,Input,Input','','3725506118','','','select','','/uploaded_image/item_qrcode/3725506118.jpg',0,'Thread Size,Meter,Length,Meter,Test1,newton',0,0,0,0.00,0,0,0,NULL,'',4),
(6,5,0,0,0,11,13,0,NULL,0,'Description test','','','',0.00,0.00,'','','','','mpn-34599',0.00,'','','','','','','','','','','','Active','FAS 0000005',0,3,0,'insert','2021-04-23 03:40:36',0,'Optional,Optional,Input,Optional,Optional,Optional,Input,Input,Input','','7334153315','','','select','','/uploaded_image/item_qrcode/7334153315.jpg',0,'Thread Size,Millimeter,Length,Meter,Test1,newton',0,0,0,0.00,0,0,0,NULL,'',4),
(7,6,0,0,0,11,13,0,NULL,0,'Description test3','','','',0.00,0.00,'','','','','mpn test 09',0.00,'','','','','','','','','','','','Active','FAS 0000006',0,3,0,'insert','2021-04-23 03:53:52',0,'Optional,Optional,Input,Optional,Optional,Optional,Input,Input,Input','Type,Thread Cutting Machine Screws,Thread Size,M1.1 x 0.2,Length,90,Head Type,Pan,Drive Type,socked,Pitch,M3 x 0.35,Test1,89,Test2,890,Test3,966','9633412288','','','select','','/uploaded_image/item_qrcode/9633412288.jpg',0,'Thread Size,Meter,Length,Meter,Test1,newton',0,0,0,0.00,0,0,0,NULL,'',4),
(8,7,0,0,0,11,19,0,NULL,0,'Description test 90','','','',0.00,0.00,'','','','','mpn test 955',0.00,'','','','','','','','','','','','Active','FAS 0000007',0,3,0,'insert','2021-04-23 04:06:40',0,'Optional,Optional,Optional,Optional,Optional,Input','Thread Size-External,M1.1 x 0.2,Thread Size - Internal,M1.4 x 0.2,Sub Type,Female-Female Standoff,Type,Hex Standoffs,Material,Stainless Steel 304,TotalLength,98','6904227134','','','select','','/uploaded_image/item_qrcode/6904227134.jpg',0,'Thread  Size-External,kilometre,ThreadSize-Internal,Meter,TotalLength,Millimeter',0,0,0,0.00,0,0,0,NULL,'',4),
(9,8,0,0,0,11,22,0,NULL,0,'Descrioption test5','','','',0.00,0.00,'','','','','mpn test 34',0.00,'','','','','','','','','','','','Active','FAS 0000008',0,3,0,'insert','2021-04-23 04:10:21',0,'Optional,Input,Optional','Type,Cotter Pins and Wire Clips,Length,45,Material,Stainless Steel 304','3821774275','','','select','','/uploaded_image/item_qrcode/3821774275.jpg',0,'Length,Meter',0,0,0,0.00,0,0,0,NULL,'',4),
(10,6,0,0,0,11,13,0,NULL,0,'Description test3','','','',0.00,0.00,'','','','',NULL,0.00,'','','','','','','','','','','','Active','FAS 0000006',0,3,0,'update','2021-04-23 03:53:52',0,'Optional,Optional,Input,Optional,Optional,Optional,Input,Input,Input','Type,Thread Cutting Machine Screws,Thread Size,M1.1 x 0.2,Length,90,Head Type,Pan,Drive Type,socked,Pitch,M3 x 0.35,Test1,89,Test2,890,Test3,966','9633412288','','','select','','/uploaded_image/item_qrcode/9633412288.jpg',0,'Length,Meter,Test1,newton',0,0,0,0.00,0,0,0,NULL,'',4),
(11,6,0,0,0,11,13,0,NULL,0,'Description test3','','','',0.00,0.00,'','','','',NULL,0.00,'','','','','','','','','','','','Active','FAS 0000006',0,3,0,'update','2021-04-23 03:53:52',0,'Optional,Optional,Input,Optional,Optional,Optional,Input,Input,Input','Type,Thread Cutting Machine Screws,Thread Size,M1.1 x 0.2,Length,90,Head Type,Pan,Drive Type,socked,Pitch,M3 x 0.35,Test1,89,Test2,890,Test3,966','9633412288','','','select','','/uploaded_image/item_qrcode/9633412288.jpg',0,'Thread Size,Millimeter,Length,Meter,Test1,newton',0,0,0,0.00,0,2,0,'','',4),
(12,9,0,0,0,11,19,0,NULL,0,'Description test 90','','','',0.00,0.00,'','','','','mpn test 956',0.00,'','','','','','','','','','','','Active','FAS 0000009',0,3,0,'insert','2021-04-24 00:43:03',0,'Optional,Optional,Optional,Optional,Optional,Input','Thread Size-External,M1.1 x 0.2,Thread Size - Internal,M1.4 x 0.2,Sub Type,Female-Female Standoff,Type,Hex Standoffs,Material,Stainless Steel 304,TotalLength,98','4311170061','','','select','','/uploaded_image/item_qrcode/4311170061.jpg',0,'Thread  Size-External,Meter,ThreadSize-Internal,Meter,TotalLength,Millimeter',0,0,0,0.00,0,0,0,NULL,'',4),
(13,10,0,0,0,11,13,0,NULL,0,'Desc-034','','','',0.00,0.00,'','','','','mpn-3478',0.00,'','','','','','','','','','','','Active','FAS 0000010',0,3,0,'insert','2021-04-24 00:55:10',0,'Optional,Optional,Input,Optional,Optional,Optional,Input,Input,Input','Type,Machine Screws,Thread Size,M1.4 x 0.2,Length,78,Head Type,Truss,Drive Type,combination,Pitch,M2 x 0.25,Test1,90,Test2,hello,Test3,hi','2393975630','','','select','','/uploaded_image/item_qrcode/2393975630.jpg',0,'ThreadSize,kilometre,Length,Meter,Test1,newton',0,0,0,0.00,0,0,0,NULL,'',4),
(14,11,0,0,0,11,13,0,NULL,0,'Description 90','','','',0.00,0.00,'','','','','mpn-3890',0.00,'','','','','','/uploaded_image/ItemsFile/202104245235_DateSheet11mpn-3890.xlsx','/uploaded_image/ItemsFile/202104245245_Compliance11mpn-3890.xlsx','/uploaded_image/ItemsFile/202104245240_CAD11mpn-3890.Zip','/uploaded_image/ItemsFile/202104245244_certification11mpn-3890.docx','/uploaded_image/ItemsFile/202104245242_Scrapping11mpn-3890.pdf','/uploaded_image/Items/202104245317_Permit11mpn-38900.png,/uploaded_image/Items/202104245328_Permit11mpn-38900.png,/uploaded_image/Items/202104245345_Permit11mpn-38900.png','Active','FAS 0000011',0,3,0,'insert','2021-04-24 02:53:58',0,'Optional,Optional,Input,Optional,Optional,Optional,Input,Input,Input','Type,Machine Screws,Thread Size,M1.4 x 0.2,Length,90,Head Type,Oval,Drive Type,combination,Pitch,M5 x 0.5,Test1,90,Test2,67,Test3,23','2562501404','','','select','','/uploaded_image/item_qrcode/2562501404.jpg',0,'ThreadSize,kilometre,Length,Millimeter,Test1,newton',0,0,0,0.00,0,0,0,NULL,'',4),
(15,12,0,0,0,11,13,0,NULL,0,'Description 90','','','',0.00,0.00,'','','','','mpn-38908',0.00,'','','','','','','','','','','','Active','FAS 0000012',0,3,0,'insert','2021-04-24 02:56:08',0,'Optional,Optional,Input,Optional,Optional,Optional,Input,Input,Input','Type,Machine Screws,Thread Size,M1.4 x 0.2,Length,89,Head Type,Oval,Drive Type,combination,Pitch,M5 x 0.5,Test1,90,Test2,67,Test3,23','2233365781','','','select','','/uploaded_image/item_qrcode/2233365781.jpg',0,'ThreadSize,kilometre,Length,Millimeter,Test1,newton',0,0,0,0.00,0,0,0,NULL,'',4),
(16,12,0,0,0,11,13,0,NULL,0,'Description 90','','','',0.00,0.00,'','','','',NULL,0.00,'','','','','','','','','','','','Active','FAS 0000012',0,3,0,'update','2021-04-24 02:56:08',0,'Optional,Optional,Input,Optional,Optional,Optional,Input,Input,Input','Type,Machine Screws,Thread Size,M1.4 x 0.2,Length,89,Head Type,Oval,Drive Type,combination,Pitch,M5 x 0.5,Test1,90,Test2,67,Test3,23','2233365781','','','select','','/uploaded_image/item_qrcode/2233365781.jpg',0,'Thread Size,kilometre,Length,Millimeter,Test1,newton',0,0,0,0.00,0,0,0,NULL,'',4),
(17,13,0,0,0,19,167,0,NULL,0,'Cable connection','India','Tata','',0.00,0.00,'','','','','12',0.00,'','','','','','/uploaded_image/ItemsFile/202104244547_DateSheet1912.docx','/uploaded_image/ItemsFile/202104244612_Compliance1912.docx','','/uploaded_image/ItemsFile/202104244605_certification1912.docx','/uploaded_image/ItemsFile/202104244600_Scrapping1912.docx','/uploaded_image/Items/202104244949_Permit19120.jpg','Active','CON 0000013',0,3,0,'insert','2021-04-24 03:51:07',0,'','','4499760646','','','single','','/uploaded_image/item_qrcode/4499760646.jpg',0,'',0,0,0,0.00,0,0,0,NULL,'',4),
(18,14,0,0,0,24,474,0,NULL,0,'Design','Tata','Tata','',0.00,0.00,'','','','','56',0.00,'','','','','','','/uploaded_image/ItemsFile/202104261859_Compliance2456.xlsx','','/uploaded_image/ItemsFile/202104261857_certification2456.xlsx','/uploaded_image/ItemsFile/202104261855_Scrapping2456.docx','','Active','DES 0000014',0,3,0,'insert','2021-04-26 03:20:11',0,'','','1428673679','','','select','','/uploaded_image/item_qrcode/1428673679.jpg',0,'',0,0,0,0.00,0,0,0,NULL,'flipkart.com',4),
(21,12,7,16,8,11,13,26,NULL,0,'Description 90','','','Suplier',300.00,40.00,'20','7604 10 1000','','',NULL,400.00,'','','','','','','','','','','','Active','FAS 0000012',0,3,0,'update','2021-04-24 02:56:08',0,'Optional,Optional,Input,Optional,Optional,Optional,Input,Input,Input','Type,Machine Screws,Thread Size,M1.4 x 0.2,Length,89,Head Type,Oval,Drive Type,combination,Pitch,M5 x 0.5,Test1,90,Test2,67,Test3,23','2233365781','','','select','','/uploaded_image/item_qrcode/2233365781.jpg',0,'Thread Size,kilometre,Length,Millimeter,Test1,newton',7,3,6,500.00,12,8,9,'','',4),
(22,2,0,0,0,11,13,0,0,NULL,'Description3','','',NULL,NULL,NULL,NULL,NULL,NULL,NULL,NULL,NULL,NULL,NULL,NULL,NULL,NULL,NULL,NULL,NULL,NULL,NULL,NULL,NULL,NULL,0,NULL,0,NULL,'2021-04-27 00:31:51',0,NULL,NULL,NULL,NULL,NULL,NULL,NULL,NULL,0,NULL,0,0,0,0.00,0,0,0,NULL,NULL,4),
(23,3,0,0,0,11,13,0,0,NULL,'Description4','','','',0.00,0.00,'','','','','mpn-567',0.00,'',NULL,NULL,NULL,NULL,NULL,NULL,NULL,NULL,NULL,NULL,NULL,NULL,0,NULL,0,NULL,'2021-04-27 00:36:07',0,NULL,NULL,NULL,NULL,NULL,NULL,NULL,NULL,0,NULL,0,0,0,0.00,0,0,0,NULL,NULL,4),
(24,12,7,16,25,11,13,22,NULL,0,'Description 90','Tata','Tata','Suplier',300.00,40.00,'20','7604 10 1000','www','Cco',NULL,400.00,'1234','e-mail','3456','7654','4556','','','','','','','Active','FAS 0000012',0,3,0,'update','2021-04-24 02:56:08',0,'Optional,Optional,Input,Optional,Optional,Optional,Input,Input,Input','Type,Machine Screws,Thread Size,M1.4 x 0.2,Length,89,Head Type,Oval,Drive Type,combination,Pitch,M5 x 0.5,Test1,90,Test2,67,Test3,23','2233365781','','','select','','/uploaded_image/item_qrcode/2233365781.jpg',46,'Thread Size,kilometre,Length,Millimeter,Test1,newton',7,3,6,500.00,21,13,4,'121','',4),
(25,4,0,0,0,11,13,0,0,NULL,'Description89','','','',0.00,0.00,'','','','','mpn-09876',0.00,'',NULL,NULL,NULL,NULL,NULL,NULL,NULL,NULL,NULL,NULL,NULL,NULL,0,NULL,0,NULL,'2021-04-27 00:54:14',0,NULL,NULL,NULL,NULL,NULL,NULL,NULL,NULL,0,NULL,0,0,0,0.00,0,0,0,NULL,NULL,4),
(26,12,7,16,25,11,13,22,NULL,0,'Description 90','Tata','Mi','Suplier',300.00,40.00,'20','7604 10 1000','www','Cco',NULL,400.00,'1234','e-mail','3456','7654','4556','','','','','','','Active','FAS 0000012',0,3,0,'update','2021-04-24 02:56:08',0,'Optional,Optional,Input,Optional,Optional,Optional,Input,Input,Input','Type,Machine Screws,Thread Size,M1.4 x 0.2,Length,89,Head Type,Oval,Drive Type,combination,Pitch,M5 x 0.5,Test1,90,Test2,67,Test3,23','2233365781','','','select','','/uploaded_image/item_qrcode/2233365781.jpg',46,'Thread Size,kilometre,Length,Millimeter,Test1,newton',7,3,6,500.00,21,13,4,'121','',4),
(27,15,0,0,0,11,13,0,NULL,0,'Description test','','','',0.00,0.00,'','','','','mpn-1234',0.00,'','','','','','','','','','','','Active','FAS 0000015',0,3,0,'insert','2021-04-27 01:09:41',0,'Optional,Optional,Input,Optional,Optional,Optional,Input,Input,Input','Type,Wood Screws,Thread Size,M1.0 x 0.2,Length,89,Head Type,Oval,Drive Type,slotted,Pitch,M8 x 0.75,Test1,90,Test2,67,Test3,23','8135625263','','','select','','/uploaded_image/item_qrcode/8135625263.jpg',0,'ThreadSize,kilometre,Length,kilometre,Test1,newton',0,0,0,0.00,0,0,0,NULL,'',4),
(28,5,0,0,0,11,13,0,0,NULL,'Description test','','','',0.00,0.00,'','','','','mpn-34599',0.00,'','','','','','','','','','','','Active','FAS 0000005',0,3,0,'Activation','2021-04-23 03:40:36',0,'Optional,Optional,Input,Optional,Optional,Optional,Input,Input,Input','','7334153315',NULL,'','select','','/uploaded_image/item_qrcode/7334153315.jpg',0,NULL,0,0,0,0.00,0,0,0,NULL,NULL,4),
(29,5,0,0,0,11,13,0,0,NULL,'Description test','','','',0.00,0.00,'','','','','mpn-34599',0.00,'','','','','','','','','','','','Inactive','FAS 0000005',0,3,0,'Activation','2021-04-23 03:40:36',1,'Optional,Optional,Input,Optional,Optional,Optional,Input,Input,Input','','7334153315',NULL,'','select','','/uploaded_image/item_qrcode/7334153315.jpg',0,'Thread Size,Millimeter,Length,Meter,Test1,newton',0,0,0,0.00,0,0,0,NULL,'',4),
(30,4,0,0,0,11,13,0,0,NULL,'Description89','','','',0.00,0.00,'','','','','mpn-09876',0.00,'','','','','','','','','','','','Inactive','FAS 0000004',0,3,0,'Activation','2021-04-23 02:54:49',1,'Optional,Optional,Input,Optional,Optional,Optional,Input,Input,Input','Type,Wood Screws,Thread Size,M1.0 x 0.2,Length,12,Head Type,Flat,Drive Type,Phillips and Frearson,Pitch,M1.0 x 0.2,Test1,123,Test2,9000,Test3,5677','3725506118',NULL,'','select','','/uploaded_image/item_qrcode/3725506118.jpg',0,'ThreadSize,Meter,Length,Meter,Test1,newton',0,0,0,0.00,0,0,0,NULL,'',4),
(31,3,0,0,0,11,13,0,0,NULL,'Description4','','','',0.00,0.00,'','','','','mpn-567',0.00,'','','','','','','','','','','','Inactive','FAS 0000003',0,3,0,'Activation','2021-04-23 02:28:48',1,'Optional,Optional,Input,Optional,Optional,Optional,Input,Input,Input','','8243100285',NULL,'','select','','/uploaded_image/item_qrcode/8243100285.jpg',0,'Length,Meter,Test1,newton',0,0,0,0.00,0,0,0,NULL,'',4),
(32,2,0,0,0,11,13,0,0,NULL,'Description3','','','',0.00,0.00,'','','','','mpn-12345',0.00,'','','','','','','','','','','/uploaded_image/Items/202104233851_Permit11mpn-123450.png','Inactive','FAS 0000002',0,3,0,'Activation','2021-04-23 02:09:02',1,'Optional,Optional,Input,Optional,Optional,Optional,Input,Input,Input','Type,Wood Screws,Thread Size,M1.0 x 0.2,Length,12,Head Type,Flat,Drive Type,Phillips and Frearson,Pitch,M1.0 x 0.2,Test1,123,Test2,9000,Test3,5677','5698428147',NULL,'','select','','/uploaded_image/item_qrcode/5698428147.jpg',0,'Length,Meter,Test1,newton',0,0,0,0.00,0,0,0,NULL,'',4),
(33,16,0,0,0,11,13,0,NULL,0,'Description','Kap','Car','',0.00,0.00,'','','','','1919',0.00,'','','','','','','','','','','','Active','FAS 0000016',0,3,0,'insert','2021-04-27 02:01:35',0,'Optional,Optional,Input,Optional,Optional,Optional,Input,Input,Input','Type,Thread Cutting Machine Screws,Thread Size,M1.4 x 0.2,Length,89,Head Type,Oval,Drive Type,combination,Pitch,M5 x 0.5,Test1,90,Test2,67,Test3,23','9800527009','','','select','','/uploaded_image/item_qrcode/9800527009.jpg',0,'ThreadSize,kilometre,Length,Millimeter,Test1,newton',0,0,0,0.00,0,0,0,NULL,'www',4),
(34,16,0,0,0,11,13,0,0,NULL,'Description','Kap','Car','',0.00,0.00,'','','','','1919',0.00,'','','','','','','','','','','','Active','FAS 0000016',0,3,0,'Activation','2021-04-27 02:01:35',0,'Optional,Optional,Input,Optional,Optional,Optional,Input,Input,Input','Type,Thread Cutting Machine Screws,Thread Size,M1.4 x 0.2,Length,89,Head Type,Oval,Drive Type,combination,Pitch,M5 x 0.5,Test1,90,Test2,67,Test3,23','9800527009',NULL,'','select','','/uploaded_image/item_qrcode/9800527009.jpg',0,'ThreadSize,kilometre,Length,Millimeter,Test1,newton',0,0,0,0.00,0,0,0,NULL,'www',4),
(35,15,0,0,0,11,13,0,0,NULL,'Description test','','','',0.00,0.00,'','','','','mpn-1234',0.00,'','','','','','','','','','','','Active','FAS 0000015',0,3,0,'Activation','2021-04-27 01:09:41',0,'Optional,Optional,Input,Optional,Optional,Optional,Input,Input,Input','Type,Wood Screws,Thread Size,M1.0 x 0.2,Length,89,Head Type,Oval,Drive Type,slotted,Pitch,M8 x 0.75,Test1,90,Test2,67,Test3,23','8135625263',NULL,'','select','','/uploaded_image/item_qrcode/8135625263.jpg',0,'ThreadSize,kilometre,Length,kilometre,Test1,newton',0,0,0,0.00,0,0,0,NULL,'',4),
(36,16,0,0,0,11,13,0,0,NULL,'Description','Kap','Car','',0.00,0.00,'','','','','1919',0.00,'','','','','','','','','','','','Inactive','FAS 0000016',0,3,0,'Activation','2021-04-27 02:01:35',1,'Optional,Optional,Input,Optional,Optional,Optional,Input,Input,Input','Type,Thread Cutting Machine Screws,Thread Size,M1.4 x 0.2,Length,89,Head Type,Oval,Drive Type,combination,Pitch,M5 x 0.5,Test1,90,Test2,67,Test3,23','9800527009',NULL,'','select','','/uploaded_image/item_qrcode/9800527009.jpg',0,'ThreadSize,kilometre,Length,Millimeter,Test1,newton',0,0,0,0.00,0,0,0,NULL,'www',4),
(37,16,0,0,0,11,13,0,0,NULL,'Description','Kap','Car','',0.00,0.00,'','','','','1919',0.00,'','','','','','','','','','','','Active','FAS 0000016',0,3,0,'Activation','2021-04-27 02:01:35',0,'Optional,Optional,Input,Optional,Optional,Optional,Input,Input,Input','Type,Thread Cutting Machine Screws,Thread Size,M1.4 x 0.2,Length,89,Head Type,Oval,Drive Type,combination,Pitch,M5 x 0.5,Test1,90,Test2,67,Test3,23','9800527009',NULL,'','select','','/uploaded_image/item_qrcode/9800527009.jpg',0,'ThreadSize,kilometre,Length,Millimeter,Test1,newton',0,0,0,0.00,0,0,0,NULL,'www',4),
(38,16,0,0,0,11,13,0,0,NULL,'Description','Kap','Car','',0.00,0.00,'','','','','1919',0.00,'','','','','','','','','','','','Inactive','FAS 0000016',0,3,0,'Activation','2021-04-27 02:01:35',1,'Optional,Optional,Input,Optional,Optional,Optional,Input,Input,Input','Type,Thread Cutting Machine Screws,Thread Size,M1.4 x 0.2,Length,89,Head Type,Oval,Drive Type,combination,Pitch,M5 x 0.5,Test1,90,Test2,67,Test3,23','9800527009',NULL,'','select','','/uploaded_image/item_qrcode/9800527009.jpg',0,'ThreadSize,kilometre,Length,Millimeter,Test1,newton',0,0,0,0.00,0,0,0,NULL,'www',4),
(39,1,9,3,0,13,439,0,0,NULL,'Description','','','',98.00,0.00,'','7606 11 9000','https://www.alibaba.com/products/fastners/CID1459.html?spm=a2700.gallery_search_cps.galleryFilter.3.70853c742dJiZS&IndexArea=product_en&SearchScene=cps','','MPN-9078',0.00,'','','','','','/uploaded_image/ItemsFile/202104193333_DateSheet13mpn-9078.xlsx','/uploaded_image/ItemsFile/202104193338_Compliance13mpn-9078.xlsx','/uploaded_image/ItemsFile/202104193335_CAD13mpn-9078.Zip','/uploaded_image/ItemsFile/202104193338_certification13mpn-9078.pdf','/uploaded_image/ItemsFile/202104193337_Scrapping13mpn-9078.docx','/uploaded_image/Items/202104193610_Permit13mpn-90780.png','Inactive','DCC0000001',0,3,0,'Activation','2021-04-19 05:06:24',1,'','','9308159339',NULL,'','select','','/uploaded_image/item_qrcode/9308159339.jpg',7,'',38,19,8,0.00,0,0,0,'','https://www.amazon.com/Wonder-Forge-Masks-Matching-Game/dp/B01LOUV4TA/ref=sr_1_5?__mk_fr_FR=%C3%85M%C3%85%C5%BD%C3%95%C3%91&dchild=1&keywords=ncrtbooks&qid=1618826695&sr=8-5',4),
(40,17,0,0,0,11,13,0,NULL,0,'Description','Kap','Car','',0.00,0.00,'','','','','1920',0.00,'','','','','','','','','','','','Active','FAS 0000017',0,3,0,'insert','2021-04-27 02:20:02',0,'Optional,Optional,Input,Optional,Optional,Optional,Input,Input,Input','Type,Thread Cutting Machine Screws,Thread Size,M1.4 x 0.2,Length,89,Head Type,Oval,Drive Type,combination,Pitch,M5 x 0.5,Test1,90,Test2,67,Test3,23','8418722535','','','select','','/uploaded_image/item_qrcode/8418722535.jpg',0,'ThreadSize,kilometre,Length,Millimeter,Test1,newton',0,0,0,0.00,0,0,0,NULL,'',4),
(41,17,0,0,0,11,13,0,0,NULL,'Description','Kap','Car','',0.00,0.00,'','','','','1920',0.00,'','','','','','','','','','','','Active','FAS 0000017',0,3,0,'Activation','2021-04-27 02:20:02',0,'Optional,Optional,Input,Optional,Optional,Optional,Input,Input,Input','Type,Thread Cutting Machine Screws,Thread Size,M1.4 x 0.2,Length,89,Head Type,Oval,Drive Type,combination,Pitch,M5 x 0.5,Test1,90,Test2,67,Test3,23','8418722535',NULL,'','select','','/uploaded_image/item_qrcode/8418722535.jpg',0,'ThreadSize,kilometre,Length,Millimeter,Test1,newton',0,0,0,0.00,0,0,0,NULL,'',4),
(42,18,0,0,0,11,263,0,NULL,0,'Fast','Rana','Rana','',0.00,0.00,'','','','','121',0.00,'','','','','','/uploaded_image/ItemsFile/202104270150_DateSheet11121.xlsx','/uploaded_image/ItemsFile/202104270211_Compliance11121.docx','','/uploaded_image/ItemsFile/202104270203_certification11121.xlsx','/uploaded_image/ItemsFile/202104270154_Scrapping11121.xlsx','/uploaded_image/Items/202104270258_Permit111210.png,/uploaded_image/Items/202104270306_Permit111210.png,/uploaded_image/Items/202104270307_Permit111210.png,/uploaded_image/Items/202104270307_Permit111210.png','Active','FAS 0000018',0,3,0,'insert','2021-04-27 03:03:56',0,'','','1523300745','','','select','','/uploaded_image/item_qrcode/1523300745.jpg',0,'',0,0,0,0.00,0,0,0,NULL,'rana',4),
(43,18,0,0,0,11,263,0,0,NULL,'Fast','Rana','Rana','',0.00,0.00,'','','','','121',0.00,'','','','','','/uploaded_image/ItemsFile/202104270150_DateSheet11121.xlsx','/uploaded_image/ItemsFile/202104270211_Compliance11121.docx','','/uploaded_image/ItemsFile/202104270203_certification11121.xlsx','/uploaded_image/ItemsFile/202104270154_Scrapping11121.xlsx','/uploaded_image/Items/202104270258_Permit111210.png,/uploaded_image/Items/202104270306_Permit111210.png,/uploaded_image/Items/202104270307_Permit111210.png,/uploaded_image/Items/202104270307_Permit111210.png','Active','FAS 0000018',0,3,0,'Activation','2021-04-27 03:03:56',0,'','','1523300745',NULL,'','select','','/uploaded_image/item_qrcode/1523300745.jpg',0,'',0,0,0,0.00,0,0,0,NULL,'rana',4),
(44,18,0,0,0,11,263,0,0,NULL,'Fast','Rana','Rana','',0.00,0.00,'','','','','121',0.00,'','','','','','/uploaded_image/ItemsFile/202104270150_DateSheet11121.xlsx','/uploaded_image/ItemsFile/202104270211_Compliance11121.docx','','/uploaded_image/ItemsFile/202104270203_certification11121.xlsx','/uploaded_image/ItemsFile/202104270154_Scrapping11121.xlsx','/uploaded_image/Items/202104270258_Permit111210.png,/uploaded_image/Items/202104270306_Permit111210.png,/uploaded_image/Items/202104270307_Permit111210.png,/uploaded_image/Items/202104270307_Permit111210.png','Inactive','FAS 0000018',0,3,0,'Activation','2021-04-27 03:03:56',1,'','','1523300745',NULL,'','select','','/uploaded_image/item_qrcode/1523300745.jpg',0,'',0,0,0,0.00,0,0,0,NULL,'rana',4),
(45,16,0,0,0,11,13,0,0,NULL,'Description','Kap','Car','',0.00,0.00,'','','','','1919',0.00,'','','','','','','','','','','','Active','FAS 0000016',0,3,0,'Activation','2021-04-27 02:01:35',0,'Optional,Optional,Input,Optional,Optional,Optional,Input,Input,Input','Type,Thread Cutting Machine Screws,Thread Size,M1.4 x 0.2,Length,89,Head Type,Oval,Drive Type,combination,Pitch,M5 x 0.5,Test1,90,Test2,67,Test3,23','9800527009',NULL,'','select','','/uploaded_image/item_qrcode/9800527009.jpg',0,'ThreadSize,kilometre,Length,Millimeter,Test1,newton',0,0,0,0.00,0,0,0,NULL,'www',4),
(46,17,0,57,28,11,13,27,0,NULL,'Description','Kap','Car','Rana',30.00,65.00,'23','3903 30 9000','sdg','Af','1920',78.00,'34','df','df','df','dsgdg','','','','','','','Active','FAS 0000017',0,3,0,'Activation','2021-04-27 02:20:02',0,'Optional,Optional,Input,Optional,Optional,Optional,Input,Input,Input','Type,Thread Cutting Machine Screws,Thread Size,M1.4 x 0.2,Length,11,Head Type,Oval,Drive Type,combination,Pitch,M5 x 0.5,Test1,11,Test2,11,Test3,11','8418722535',NULL,'','select','','/uploaded_image/item_qrcode/8418722535.jpg',18,'Thread Size,kilometre,Length,Millimeter,Test1,newton',40,20,2,34.00,20,13,9,'EX-S','',4),
(47,18,0,0,0,11,263,0,0,NULL,'Fast','Rana','Rana','',0.00,0.00,'','','','','121',0.00,'','','','','','/uploaded_image/ItemsFile/202104270150_DateSheet11121.xlsx','/uploaded_image/ItemsFile/202104270211_Compliance11121.docx','','/uploaded_image/ItemsFile/202104270203_certification11121.xlsx','/uploaded_image/ItemsFile/202104270154_Scrapping11121.xlsx','/uploaded_image/Items/202104270258_Permit111210.png,/uploaded_image/Items/202104270306_Permit111210.png,/uploaded_image/Items/202104270307_Permit111210.png,/uploaded_image/Items/202104270307_Permit111210.png','Active','FAS 0000018',0,3,0,'Activation','2021-04-27 03:03:56',0,'','','1523300745',NULL,'','select','','/uploaded_image/item_qrcode/1523300745.jpg',0,'',0,0,0,0.00,0,0,0,NULL,'rana',4),
(48,18,0,0,0,11,263,0,0,NULL,'Fast','Rana','Rana','',0.00,0.00,'','','','','121',0.00,'','','','','','/uploaded_image/ItemsFile/202104270150_DateSheet11121.xlsx','/uploaded_image/ItemsFile/202104270211_Compliance11121.docx','','/uploaded_image/ItemsFile/202104270203_certification11121.xlsx','/uploaded_image/ItemsFile/202104270154_Scrapping11121.xlsx','/uploaded_image/Items/202104270258_Permit111210.png,/uploaded_image/Items/202104270306_Permit111210.png,/uploaded_image/Items/202104270307_Permit111210.png,/uploaded_image/Items/202104270307_Permit111210.png','Inactive','FAS 0000018',0,3,0,'Activation','2021-04-27 03:03:56',1,'','','1523300745',NULL,'','select','','/uploaded_image/item_qrcode/1523300745.jpg',0,'',0,0,0,0.00,0,0,0,NULL,'rana',4),
(49,10,0,0,0,11,13,0,0,NULL,'Desc-034','','','',0.00,0.00,'','','','','mpn-3478',0.00,'','','','','','','','','','','','Active','FAS 0000010',0,3,0,'Activation','2021-04-24 00:55:10',0,'Optional,Optional,Input,Optional,Optional,Optional,Input,Input,Input','Type,Machine Screws,Thread Size,M1.4 x 0.2,Length,78,Head Type,Truss,Drive Type,combination,Pitch,M2 x 0.25,Test1,90,Test2,hello,Test3,hi','2393975630',NULL,'','select','','/uploaded_image/item_qrcode/2393975630.jpg',0,'ThreadSize,Meter,Length,Meter,Test1,newton',0,0,0,0.00,0,0,0,NULL,'',4),
(50,18,0,0,0,11,263,0,0,NULL,'Fast','Rana','Rana','',0.00,0.00,'','','','','121',0.00,'','','','','','/uploaded_image/ItemsFile/202104270150_DateSheet11121.xlsx','/uploaded_image/ItemsFile/202104270211_Compliance11121.docx','','/uploaded_image/ItemsFile/202104270203_certification11121.xlsx','/uploaded_image/ItemsFile/202104270154_Scrapping11121.xlsx','/uploaded_image/Items/202104270258_Permit111210.png,/uploaded_image/Items/202104270306_Permit111210.png,/uploaded_image/Items/202104270307_Permit111210.png,/uploaded_image/Items/202104270307_Permit111210.png','Active','FAS 0000018',0,3,0,'Activation','2021-04-27 03:03:56',0,'','','1523300745',NULL,'','select','','/uploaded_image/item_qrcode/1523300745.jpg',0,'',0,0,0,0.00,0,0,0,NULL,'rana',4),
(51,15,0,0,0,11,13,0,0,NULL,'Description test','','','',0.00,0.00,'','','','','mpn-1234',0.00,'','','','','','','','','','','','Inactive','FAS 0000015',0,3,0,'Activation','2021-04-27 01:09:41',1,'Optional,Optional,Input,Optional,Optional,Optional,Input,Input,Input','Type,Wood Screws,Thread Size,M1.0 x 0.2,Length,89,Head Type,Oval,Drive Type,slotted,Pitch,M8 x 0.75,Test1,90,Test2,67,Test3,23','8135625263',NULL,'','select','','/uploaded_image/item_qrcode/8135625263.jpg',0,'ThreadSize,kilometre,Length,kilometre,Test1,newton',0,0,0,0.00,0,0,0,NULL,'',4),
(52,1,9,3,0,13,439,0,0,NULL,'Description','','','',98.00,0.00,'','7606 11 9000','https://www.alibaba.com/products/fastners/CID1459.html?spm=a2700.gallery_search_cps.galleryFilter.3.70853c742dJiZS&IndexArea=product_en&SearchScene=cps','','MPN-9078',0.00,'','','','','','/uploaded_image/ItemsFile/202104193333_DateSheet13mpn-9078.xlsx','/uploaded_image/ItemsFile/202104193338_Compliance13mpn-9078.xlsx','/uploaded_image/ItemsFile/202104193335_CAD13mpn-9078.Zip','/uploaded_image/ItemsFile/202104193338_certification13mpn-9078.pdf','/uploaded_image/ItemsFile/202104193337_Scrapping13mpn-9078.docx','/uploaded_image/Items/202104193610_Permit13mpn-90780.png','Active','DCC0000001',0,3,0,'Activation','2021-04-19 05:06:24',0,'','','9308159339',NULL,'','select','','/uploaded_image/item_qrcode/9308159339.jpg',7,'',38,19,8,0.00,0,0,0,'','https://www.amazon.com/Wonder-Forge-Masks-Matching-Game/dp/B01LOUV4TA/ref=sr_1_5?__mk_fr_FR=%C3%85M%C3%85%C5%BD%C3%95%C3%91&dchild=1&keywords=ncrtbooks&qid=1618826695&sr=8-5',4),
(53,1,9,3,0,13,439,0,0,NULL,'Description','','','',98.00,0.00,'','7606 11 9000','https://www.alibaba.com/products/fastners/CID1459.html?spm=a2700.gallery_search_cps.galleryFilter.3.70853c742dJiZS&IndexArea=product_en&SearchScene=cps','','MPN-9078',0.00,'','','','','','/uploaded_image/ItemsFile/202104193333_DateSheet13mpn-9078.xlsx','/uploaded_image/ItemsFile/202104193338_Compliance13mpn-9078.xlsx','/uploaded_image/ItemsFile/202104193335_CAD13mpn-9078.Zip','/uploaded_image/ItemsFile/202104193338_certification13mpn-9078.pdf','/uploaded_image/ItemsFile/202104193337_Scrapping13mpn-9078.docx','/uploaded_image/Items/202104193610_Permit13mpn-90780.png','Inactive','DCC0000001',0,3,0,'Activation','2021-04-19 05:06:24',1,'','','9308159339',NULL,'','select','','/uploaded_image/item_qrcode/9308159339.jpg',7,'',38,19,8,0.00,0,0,0,'','https://www.amazon.com/Wonder-Forge-Masks-Matching-Game/dp/B01LOUV4TA/ref=sr_1_5?__mk_fr_FR=%C3%85M%C3%85%C5%BD%C3%95%C3%91&dchild=1&keywords=ncrtbooks&qid=1618826695&sr=8-5',4),
(54,1,9,3,0,13,439,0,0,NULL,'Description','','','',98.00,0.00,'','7606 11 9000','https://www.alibaba.com/products/fastners/CID1459.html?spm=a2700.gallery_search_cps.galleryFilter.3.70853c742dJiZS&IndexArea=product_en&SearchScene=cps','','MPN-9078',0.00,'','','','','','/uploaded_image/ItemsFile/202104193333_DateSheet13mpn-9078.xlsx','/uploaded_image/ItemsFile/202104193338_Compliance13mpn-9078.xlsx','/uploaded_image/ItemsFile/202104193335_CAD13mpn-9078.Zip','/uploaded_image/ItemsFile/202104193338_certification13mpn-9078.pdf','/uploaded_image/ItemsFile/202104193337_Scrapping13mpn-9078.docx','/uploaded_image/Items/202104193610_Permit13mpn-90780.png','Active','DCC0000001',0,3,0,'Activation','2021-04-19 05:06:24',0,'','','9308159339',NULL,'','select','','/uploaded_image/item_qrcode/9308159339.jpg',7,'',38,19,8,0.00,0,0,0,'','https://www.amazon.com/Wonder-Forge-Masks-Matching-Game/dp/B01LOUV4TA/ref=sr_1_5?__mk_fr_FR=%C3%85M%C3%85%C5%BD%C3%95%C3%91&dchild=1&keywords=ncrtbooks&qid=1618826695&sr=8-5',4),
(55,3,0,0,0,11,13,0,0,NULL,'Description4','','','',0.00,0.00,'','','','','mpn-567',0.00,'','','','','','','','','','','','Active','FAS 0000003',0,3,0,'Activation','2021-04-23 02:28:48',0,'Optional,Optional,Input,Optional,Optional,Optional,Input,Input,Input','','8243100285',NULL,'','select','','/uploaded_image/item_qrcode/8243100285.jpg',0,'Length,Meter,Test1,newton',0,0,0,0.00,0,0,0,NULL,'',4),
(56,18,0,0,0,11,263,0,0,NULL,'Fast','Rana','Rana','',0.00,0.00,'','','','','121',0.00,'','','','','','/uploaded_image/ItemsFile/202104270150_DateSheet11121.xlsx','/uploaded_image/ItemsFile/202104270211_Compliance11121.docx','','/uploaded_image/ItemsFile/202104270203_certification11121.xlsx','/uploaded_image/ItemsFile/202104270154_Scrapping11121.xlsx','/uploaded_image/Items/202104270258_Permit111210.png,/uploaded_image/Items/202104270306_Permit111210.png,/uploaded_image/Items/202104270307_Permit111210.png,/uploaded_image/Items/202104270307_Permit111210.png','Inactive','FAS 0000018',0,3,0,'Activation','2021-04-27 03:03:56',1,'','','1523300745',NULL,'','select','','/uploaded_image/item_qrcode/1523300745.jpg',0,'',0,0,0,0.00,0,0,0,NULL,'rana',4),
(57,2,0,0,0,11,13,0,0,NULL,'Description3','','','',0.00,0.00,'','','','','MPN-12345',0.00,'','','','','','','','','','','/uploaded_image/Items/202104233851_Permit11mpn-123450.png','Inactive','FAS 0000002',0,3,0,'Activation','2021-04-23 02:09:02',1,'Optional,Optional,Input,Optional,Optional,Optional,Input,Input,Input','Type,Wood Screws,Thread Size,M1.0 x 0.2,Length,12,Head Type,Flat,Drive Type,Phillips and Frearson,Pitch,M1.0 x 0.2,Test1,123,Test2,9000,Test3,5677','5698428147',NULL,'','select','','/uploaded_image/item_qrcode/5698428147.jpg',0,'Thread Size,Meter,Length,Meter,Test1,newton',0,0,0,0.00,0,0,17,'S1','',4),
(58,3,0,0,0,11,13,0,0,NULL,'Description4','','','',0.00,0.00,'','','','','mpn-567',0.00,'','','','','','','','','','','','Inactive','FAS 0000003',0,3,0,'Activation','2021-04-23 02:28:48',1,'Optional,Optional,Input,Optional,Optional,Optional,Input,Input,Input','','8243100285',NULL,'','select','','/uploaded_image/item_qrcode/8243100285.jpg',0,'Length,Meter,Test1,newton',0,0,0,0.00,0,0,0,NULL,'',4),
(59,19,0,0,0,11,13,0,NULL,0,'Description 90','Apple','Apple','',0.00,0.00,'','','','','54',0.00,'','','','','','/uploaded_image/ItemsFile/202104272104_DateSheet1154.xlsx','/uploaded_image/ItemsFile/202104272116_Compliance1154.xlsx','','/uploaded_image/ItemsFile/202104272114_certification1154.xlsx','/uploaded_image/ItemsFile/202104272112_Scrapping1154.xlsx','/uploaded_image/Items/202104272155_Permit11540.png,/uploaded_image/Items/202104272201_Permit11540.png,/uploaded_image/Items/202104272201_Permit11540.png,/uploaded_image/Items/202104272201_Permit11540.png,/uploaded_image/Items/202104272202_Permit11540.png','Active','FAS 0000019',0,3,0,'insert','2021-04-27 06:22:18',0,'Optional,Optional,Input,Optional,Optional,Optional,Input,Input,Input','Type,Wood Screws,Thread Size,M9 x 1,Length,12,Head Type,Slotted Hex Washer,Drive Type,Square,Pitch,M6 x 0.75,Test1,12,Test2,67,Test3,23','7906234677','','','select','','/uploaded_image/item_qrcode/7906234677.jpg',0,'ThreadSize,kilometre,Length,Meter,Test1,newton',0,0,0,0.00,0,0,0,NULL,'apple',4),
(60,19,0,0,0,11,13,0,0,NULL,'Description 90','Apple','Apple','',0.00,0.00,'','','','','54',0.00,'','','','','','/uploaded_image/ItemsFile/202104272104_DateSheet1154.xlsx','/uploaded_image/ItemsFile/202104272116_Compliance1154.xlsx','','/uploaded_image/ItemsFile/202104272114_certification1154.xlsx','/uploaded_image/ItemsFile/202104272112_Scrapping1154.xlsx','/uploaded_image/Items/202104272155_Permit11540.png,/uploaded_image/Items/202104272201_Permit11540.png,/uploaded_image/Items/202104272201_Permit11540.png,/uploaded_image/Items/202104272201_Permit11540.png,/uploaded_image/Items/202104272202_Permit11540.png','Active','FAS 0000019',0,3,0,'Activation','2021-04-27 06:22:18',0,'Optional,Optional,Input,Optional,Optional,Optional,Input,Input,Input','Type,Wood Screws,Thread Size,M9 x 1,Length,12,Head Type,Slotted Hex Washer,Drive Type,Square,Pitch,M6 x 0.75,Test1,12,Test2,67,Test3,23','7906234677',NULL,'','select','','/uploaded_image/item_qrcode/7906234677.jpg',0,'ThreadSize,kilometre,Length,Meter,Test1,newton',0,0,0,0.00,0,0,0,NULL,'apple',4),
(61,1,9,3,0,13,439,0,0,NULL,'Description','','','',98.00,0.00,'','7606 11 9000','https://www.alibaba.com/products/fastners/CID1459.html?spm=a2700.gallery_search_cps.galleryFilter.3.70853c742dJiZS&IndexArea=product_en&SearchScene=cps','','MPN-9078',0.00,'','','','','','/uploaded_image/ItemsFile/202104193333_DateSheet13mpn-9078.xlsx','/uploaded_image/ItemsFile/202104193338_Compliance13mpn-9078.xlsx','/uploaded_image/ItemsFile/202104193335_CAD13mpn-9078.Zip','/uploaded_image/ItemsFile/202104193338_certification13mpn-9078.pdf','/uploaded_image/ItemsFile/202104193337_Scrapping13mpn-9078.docx','/uploaded_image/Items/202104193610_Permit13mpn-90780.png','Inactive','DCC0000001',0,3,0,'Activation','2021-04-19 05:06:24',1,'','','9308159339',NULL,'','select','','/uploaded_image/item_qrcode/9308159339.jpg',7,'',38,19,8,0.00,0,0,0,'','https://www.amazon.com/Wonder-Forge-Masks-Matching-Game/dp/B01LOUV4TA/ref=sr_1_5?__mk_fr_FR=%C3%85M%C3%85%C5%BD%C3%95%C3%91&dchild=1&keywords=ncrtbooks&qid=1618826695&sr=8-5',4),
(62,10,0,0,0,11,13,0,0,NULL,'Desc-034','','','',0.00,0.00,'','','','','mpn-3478',0.00,'','','','','','','','','','','','Inactive','FAS 0000010',0,3,0,'Activation','2021-04-24 00:55:10',1,'Optional,Optional,Input,Optional,Optional,Optional,Input,Input,Input','Type,Machine Screws,Thread Size,M1.4 x 0.2,Length,78,Head Type,Truss,Drive Type,combination,Pitch,M2 x 0.25,Test1,90,Test2,hello,Test3,hi','2393975630',NULL,'','select','','/uploaded_image/item_qrcode/2393975630.jpg',0,'ThreadSize,Meter,Length,Meter,Test1,newton',0,0,0,0.00,0,0,0,NULL,'',4),
(63,16,0,0,0,11,13,0,0,NULL,'Description','Kap','Car','',0.00,0.00,'','','','','1919',0.00,'','','','','','','','','','','','Inactive','FAS 0000016',0,3,0,'Activation','2021-04-27 02:01:35',1,'Optional,Optional,Input,Optional,Optional,Optional,Input,Input,Input','Type,Thread Cutting Machine Screws,Thread Size,M1.4 x 0.2,Length,89,Head Type,Oval,Drive Type,combination,Pitch,M5 x 0.5,Test1,90,Test2,67,Test3,23','9800527009',NULL,'','select','','/uploaded_image/item_qrcode/9800527009.jpg',0,'ThreadSize,kilometre,Length,Millimeter,Test1,newton',0,0,0,0.00,0,0,0,NULL,'www',4),
(64,17,0,57,28,11,13,27,0,NULL,'Description','Kap','Car','Rana',30.00,65.00,'23','3903 30 9000','sdg','Af','1920',78.00,'34','df','df','df','dsgdg','','','','','','','Inactive','FAS 0000017',0,3,0,'Activation','2021-04-27 02:20:02',1,'Optional,Optional,Input,Optional,Optional,Optional,Input,Input,Input','Type,Thread Cutting Machine Screws,Thread Size,M1.4 x 0.2,Length,11,Head Type,Oval,Drive Type,combination,Pitch,M5 x 0.5,Test1,11,Test2,11,Test3,11','8418722535',NULL,'','select','','/uploaded_image/item_qrcode/8418722535.jpg',18,'Thread Size,kilometre,Length,Millimeter,Test1,newton',40,20,2,34.00,20,13,9,'EX-S','',4),
(65,16,0,0,0,11,13,0,0,NULL,'Description','Kap','Car','',0.00,0.00,'','','','','1919',0.00,'','','','','','','','','','','','Active','FAS 0000016',0,3,0,'Activation','2021-04-27 02:01:35',0,'Optional,Optional,Input,Optional,Optional,Optional,Input,Input,Input','Type,Thread Cutting Machine Screws,Thread Size,M1.4 x 0.2,Length,89,Head Type,Oval,Drive Type,combination,Pitch,M5 x 0.5,Test1,90,Test2,67,Test3,23','9800527009',NULL,'','select','','/uploaded_image/item_qrcode/9800527009.jpg',0,'ThreadSize,kilometre,Length,Millimeter,Test1,newton',0,0,0,0.00,0,0,0,NULL,'www',4),
(66,16,0,0,0,11,13,0,0,NULL,'Description','Kap','Car','',0.00,0.00,'','','','','1919',0.00,'','','','','','','','','','','','Inactive','FAS 0000016',0,3,0,'Activation','2021-04-27 02:01:35',1,'Optional,Optional,Input,Optional,Optional,Optional,Input,Input,Input','Type,Thread Cutting Machine Screws,Thread Size,M1.4 x 0.2,Length,89,Head Type,Oval,Drive Type,combination,Pitch,M5 x 0.5,Test1,90,Test2,67,Test3,23','9800527009',NULL,'','select','','/uploaded_image/item_qrcode/9800527009.jpg',0,'ThreadSize,kilometre,Length,Millimeter,Test1,newton',0,0,0,0.00,0,0,0,NULL,'www',4),
(67,20,0,0,0,13,439,0,NULL,0,'Data','Tata','Brand','',0.00,0.00,'','','','','12',0.00,'','','','','','','','','','','/uploaded_image/Items/202104273956_Permit13120.png,/uploaded_image/Items/202104274019_Permit13120.png,/uploaded_image/Items/202104274020_Permit13120.png,/uploaded_image/Items/202104274021_Permit13120.png','Active','DCC 0000020',0,3,0,'insert','2021-04-27 07:40:27',0,'','','2281406915','','','select','','/uploaded_image/item_qrcode/2281406915.jpg',0,'',0,0,0,0.00,0,0,0,NULL,'www',4),
(68,21,0,0,0,19,60,0,NULL,0,'Desc 121','Alto','Aple','',0.00,0.00,'','','','','65',0.00,'','','','','','','','','','','','Inactive','CON 0000021',0,3,0,'insert','2021-04-27 07:44:52',0,'','','1100109368','','','select','','/uploaded_image/item_qrcode/1100109368.jpg',0,'',0,0,0,0.00,0,0,0,NULL,'www.data.com',4),
(69,1,9,3,0,13,439,0,0,NULL,'Description','','','',98.00,0.00,'','7606 11 9000','https://www.alibaba.com/products/fastners/CID1459.html?spm=a2700.gallery_search_cps.galleryFilter.3.70853c742dJiZS&IndexArea=product_en&SearchScene=cps','','MPN-9078',0.00,'','','','','','/uploaded_image/ItemsFile/202104193333_DateSheet13mpn-9078.xlsx','/uploaded_image/ItemsFile/202104193338_Compliance13mpn-9078.xlsx','/uploaded_image/ItemsFile/202104193335_CAD13mpn-9078.Zip','/uploaded_image/ItemsFile/202104193338_certification13mpn-9078.pdf','/uploaded_image/ItemsFile/202104193337_Scrapping13mpn-9078.docx','/uploaded_image/Items/202104193610_Permit13mpn-90780.png','Active','DCC0000001',0,3,0,'Activation','2021-04-19 05:06:24',0,'','','9308159339',NULL,'','select','','/uploaded_image/item_qrcode/9308159339.jpg',7,'',38,19,8,0.00,0,0,0,'','https://www.amazon.com/Wonder-Forge-Masks-Matching-Game/dp/B01LOUV4TA/ref=sr_1_5?__mk_fr_FR=%C3%85M%C3%85%C5%BD%C3%95%C3%91&dchild=1&keywords=ncrtbooks&qid=1618826695&sr=8-5',4),
(70,1,9,3,0,13,439,0,0,NULL,'Description','','','',98.00,0.00,'','7606 11 9000','https://www.alibaba.com/products/fastners/CID1459.html?spm=a2700.gallery_search_cps.galleryFilter.3.70853c742dJiZS&IndexArea=product_en&SearchScene=cps','','MPN-9078',0.00,'','','','','','/uploaded_image/ItemsFile/202104193333_DateSheet13mpn-9078.xlsx','/uploaded_image/ItemsFile/202104193338_Compliance13mpn-9078.xlsx','/uploaded_image/ItemsFile/202104193335_CAD13mpn-9078.Zip','/uploaded_image/ItemsFile/202104193338_certification13mpn-9078.pdf','/uploaded_image/ItemsFile/202104193337_Scrapping13mpn-9078.docx','/uploaded_image/Items/202104193610_Permit13mpn-90780.png','Inactive','DCC0000001',0,3,0,'Activation','2021-04-19 05:06:24',1,'','','9308159339',NULL,'','select','','/uploaded_image/item_qrcode/9308159339.jpg',7,'',38,19,8,0.00,0,0,0,'','https://www.amazon.com/Wonder-Forge-Masks-Matching-Game/dp/B01LOUV4TA/ref=sr_1_5?__mk_fr_FR=%C3%85M%C3%85%C5%BD%C3%95%C3%91&dchild=1&keywords=ncrtbooks&qid=1618826695&sr=8-5',4),
(71,21,0,0,0,19,60,0,0,NULL,'Desc 121','Alto','Aple','',0.00,0.00,'','','','','65',0.00,'','','','','','','','','','','','Inactive','CON 0000021',0,3,0,'Activation','2021-04-27 07:44:52',0,'','','1100109368',NULL,'','select','','/uploaded_image/item_qrcode/1100109368.jpg',0,'',0,0,0,0.00,0,0,0,NULL,'www.data.com',4),
(72,21,0,0,0,19,60,0,0,NULL,'Desc 121','Alto','Aple','',0.00,0.00,'','','','','65',0.00,'','','','','','','','','','','','Active','CON 0000021',0,3,0,'Activation','2021-04-27 07:44:52',0,'','','1100109368',NULL,'','select','','/uploaded_image/item_qrcode/1100109368.jpg',0,'',0,0,0,0.00,0,0,0,NULL,'www.data.com',4),
(73,21,0,0,0,19,60,0,0,NULL,'Desc 121','Alto','Aple','',0.00,0.00,'','','','','65',0.00,'','','','','','','','','','','','Inactive','CON 0000021',0,3,0,'Activation','2021-04-27 07:44:52',1,'','','1100109368',NULL,'','select','','/uploaded_image/item_qrcode/1100109368.jpg',0,'',0,0,0,0.00,0,0,0,NULL,'www.data.com',4),
(74,21,0,0,0,19,60,0,0,NULL,'Desc 121','Alto','Aple','',0.00,0.00,'','','','','65',0.00,'','','','','','','','','','','','Active','CON 0000021',0,3,0,'Activation','2021-04-27 07:44:52',0,'','','1100109368',NULL,'','select','','/uploaded_image/item_qrcode/1100109368.jpg',0,'',0,0,0,0.00,0,0,0,NULL,'www.data.com',4),
(75,1,9,3,0,13,439,0,0,NULL,'Description','','','',98.00,0.00,'','7606 11 9000','https://www.alibaba.com/products/fastners/CID1459.html?spm=a2700.gallery_search_cps.galleryFilter.3.70853c742dJiZS&IndexArea=product_en&SearchScene=cps','','MPN-9078',0.00,'','','','','','/uploaded_image/ItemsFile/202104193333_DateSheet13mpn-9078.xlsx','/uploaded_image/ItemsFile/202104193338_Compliance13mpn-9078.xlsx','/uploaded_image/ItemsFile/202104193335_CAD13mpn-9078.Zip','/uploaded_image/ItemsFile/202104193338_certification13mpn-9078.pdf','/uploaded_image/ItemsFile/202104193337_Scrapping13mpn-9078.docx','/uploaded_image/Items/202104193610_Permit13mpn-90780.png','Active','DCC0000001',0,3,0,'Activation','2021-04-19 05:06:24',0,'','','9308159339',NULL,'','select','','/uploaded_image/item_qrcode/9308159339.jpg',7,'',38,19,8,0.00,0,0,0,'','https://www.amazon.com/Wonder-Forge-Masks-Matching-Game/dp/B01LOUV4TA/ref=sr_1_5?__mk_fr_FR=%C3%85M%C3%85%C5%BD%C3%95%C3%91&dchild=1&keywords=ncrtbooks&qid=1618826695&sr=8-5',NULL),
(76,2,0,0,0,11,13,0,0,NULL,'Description3','','','',0.00,0.00,'','','','','MPN-12345',0.00,'','','','','','','','','','','/uploaded_image/Items/202104233851_Permit11mpn-123450.png','Active','FAS 0000002',0,3,0,'Activation','2021-04-23 02:09:02',0,'Optional,Optional,Input,Optional,Optional,Optional,Input,Input,Input','Type,Wood Screws,Thread Size,M1.0 x 0.2,Length,12,Head Type,Flat,Drive Type,Phillips and Frearson,Pitch,M1.0 x 0.2,Test1,123,Test2,9000,Test3,5677','5698428147',NULL,'','select','','/uploaded_image/item_qrcode/5698428147.jpg',0,'Thread Size,Meter,Length,Meter,Test1,newton',0,0,0,0.00,0,0,17,'S1','',NULL),
(77,1,9,3,0,13,439,0,0,NULL,'Description','','','',98.00,0.00,'','7606 11 9000','https://www.alibaba.com/products/fastners/CID1459.html?spm=a2700.gallery_search_cps.galleryFilter.3.70853c742dJiZS&IndexArea=product_en&SearchScene=cps','','MPN-9078',0.00,'','','','','','/uploaded_image/ItemsFile/202104193333_DateSheet13mpn-9078.xlsx','/uploaded_image/ItemsFile/202104193338_Compliance13mpn-9078.xlsx','/uploaded_image/ItemsFile/202104193335_CAD13mpn-9078.Zip','/uploaded_image/ItemsFile/202104193338_certification13mpn-9078.pdf','/uploaded_image/ItemsFile/202104193337_Scrapping13mpn-9078.docx','/uploaded_image/Items/202104193610_Permit13mpn-90780.png','Inactive','DCC0000001',0,3,0,'Activation','2021-04-19 05:06:24',1,'','','9308159339',NULL,'','select','','/uploaded_image/item_qrcode/9308159339.jpg',7,'',38,19,8,0.00,0,0,0,'','https://www.amazon.com/Wonder-Forge-Masks-Matching-Game/dp/B01LOUV4TA/ref=sr_1_5?__mk_fr_FR=%C3%85M%C3%85%C5%BD%C3%95%C3%91&dchild=1&keywords=ncrtbooks&qid=1618826695&sr=8-5',NULL),
(78,2,0,0,0,11,13,0,0,NULL,'Description3','','','',0.00,0.00,'','','','','MPN-12345',0.00,'','','','','','','','','','','/uploaded_image/Items/202104233851_Permit11mpn-123450.png','Inactive','FAS 0000002',0,3,0,'Activation','2021-04-23 02:09:02',1,'Optional,Optional,Input,Optional,Optional,Optional,Input,Input,Input','Type,Wood Screws,Thread Size,M1.0 x 0.2,Length,12,Head Type,Flat,Drive Type,Phillips and Frearson,Pitch,M1.0 x 0.2,Test1,123,Test2,9000,Test3,5677','5698428147',NULL,'','select','','/uploaded_image/item_qrcode/5698428147.jpg',0,'Thread Size,Meter,Length,Meter,Test1,newton',0,0,0,0.00,0,0,17,'S1','',NULL),
(79,21,0,0,0,19,60,0,0,NULL,'Desc 121','Alto','Aple','',0.00,0.00,'','','','','65',0.00,'','','','','','','','','','','','Active','CON 0000021',0,3,0,'Activation','2021-04-27 07:44:52',0,'','','1100109368',NULL,'','select','','/uploaded_image/item_qrcode/1100109368.jpg',0,'',0,0,0,0.00,17,12,21,'ST90','www.data.com',NULL),
(80,1,9,3,0,13,439,0,0,NULL,'Description','','','',98.00,0.00,'','7606 11 9000','https://www.alibaba.com/products/fastners/CID1459.html?spm=a2700.gallery_search_cps.galleryFilter.3.70853c742dJiZS&IndexArea=product_en&SearchScene=cps','','MPN-9078',0.00,'','','','','','/uploaded_image/ItemsFile/202104193333_DateSheet13mpn-9078.xlsx','/uploaded_image/ItemsFile/202104193338_Compliance13mpn-9078.xlsx','/uploaded_image/ItemsFile/202104193335_CAD13mpn-9078.Zip','/uploaded_image/ItemsFile/202104193338_certification13mpn-9078.pdf','/uploaded_image/ItemsFile/202104193337_Scrapping13mpn-9078.docx','/uploaded_image/Items/202104193610_Permit13mpn-90780.png','Active','DCC0000001',0,3,0,'Activation','2021-04-19 05:06:24',0,'','','9308159339',NULL,'','select','','/uploaded_image/item_qrcode/9308159339.jpg',7,'',38,19,8,0.00,0,0,0,'','https://www.amazon.com/Wonder-Forge-Masks-Matching-Game/dp/B01LOUV4TA/ref=sr_1_5?__mk_fr_FR=%C3%85M%C3%85%C5%BD%C3%95%C3%91&dchild=1&keywords=ncrtbooks&qid=1618826695&sr=8-5',NULL),
(81,1,9,3,0,13,439,0,0,NULL,'Description','','','',98.00,0.00,'','7606 11 9000','https://www.alibaba.com/products/fastners/CID1459.html?spm=a2700.gallery_search_cps.galleryFilter.3.70853c742dJiZS&IndexArea=product_en&SearchScene=cps','','MPN-9078',0.00,'','','','','','/uploaded_image/ItemsFile/202104193333_DateSheet13mpn-9078.xlsx','/uploaded_image/ItemsFile/202104193338_Compliance13mpn-9078.xlsx','/uploaded_image/ItemsFile/202104193335_CAD13mpn-9078.Zip','/uploaded_image/ItemsFile/202104193338_certification13mpn-9078.pdf','/uploaded_image/ItemsFile/202104193337_Scrapping13mpn-9078.docx','/uploaded_image/Items/202104193610_Permit13mpn-90780.png','Inactive','DCC0000001',0,3,0,'Activation','2021-04-19 05:06:24',1,'','','9308159339',NULL,'','select','','/uploaded_image/item_qrcode/9308159339.jpg',7,'',38,19,8,0.00,0,0,0,'','https://www.amazon.com/Wonder-Forge-Masks-Matching-Game/dp/B01LOUV4TA/ref=sr_1_5?__mk_fr_FR=%C3%85M%C3%85%C5%BD%C3%95%C3%91&dchild=1&keywords=ncrtbooks&qid=1618826695&sr=8-5',NULL),
(82,21,0,0,0,19,60,0,0,NULL,'Desc 121','Alto','Aple','',0.00,0.00,'','','','','65',0.00,'','','','','','','','','','','','Inactive','CON 0000021',0,3,0,'Activation','2021-04-27 07:44:52',1,'','','1100109368',NULL,'','select','','/uploaded_image/item_qrcode/1100109368.jpg',0,'',0,0,0,0.00,17,12,21,'ST90','www.data.com',NULL),
(83,1,9,3,0,13,439,0,0,NULL,'Description','','','',98.00,0.00,'','7606 11 9000','https://www.alibaba.com/products/fastners/CID1459.html?spm=a2700.gallery_search_cps.galleryFilter.3.70853c742dJiZS&IndexArea=product_en&SearchScene=cps','','MPN-9078',0.00,'','','','','','/uploaded_image/ItemsFile/202104193333_DateSheet13mpn-9078.xlsx','/uploaded_image/ItemsFile/202104193338_Compliance13mpn-9078.xlsx','/uploaded_image/ItemsFile/202104193335_CAD13mpn-9078.Zip','/uploaded_image/ItemsFile/202104193338_certification13mpn-9078.pdf','/uploaded_image/ItemsFile/202104193337_Scrapping13mpn-9078.docx','/uploaded_image/Items/202104193610_Permit13mpn-90780.png','Active','DCC0000001',0,3,0,'Activation','2021-04-19 05:06:24',0,'','','9308159339',NULL,'','select','','/uploaded_image/item_qrcode/9308159339.jpg',7,'',38,19,8,0.00,0,0,0,'','https://www.amazon.com/Wonder-Forge-Masks-Matching-Game/dp/B01LOUV4TA/ref=sr_1_5?__mk_fr_FR=%C3%85M%C3%85%C5%BD%C3%95%C3%91&dchild=1&keywords=ncrtbooks&qid=1618826695&sr=8-5',NULL),
(84,1,9,3,0,13,439,0,0,NULL,'Description','','','',98.00,0.00,'','7606 11 9000','https://www.alibaba.com/products/fastners/CID1459.html?spm=a2700.gallery_search_cps.galleryFilter.3.70853c742dJiZS&IndexArea=product_en&SearchScene=cps','','MPN-9078',0.00,'','','','','','/uploaded_image/ItemsFile/202104193333_DateSheet13mpn-9078.xlsx','/uploaded_image/ItemsFile/202104193338_Compliance13mpn-9078.xlsx','/uploaded_image/ItemsFile/202104193335_CAD13mpn-9078.Zip','/uploaded_image/ItemsFile/202104193338_certification13mpn-9078.pdf','/uploaded_image/ItemsFile/202104193337_Scrapping13mpn-9078.docx','/uploaded_image/Items/202104193610_Permit13mpn-90780.png','Inactive','DCC0000001',0,3,0,'Activation','2021-04-19 05:06:24',1,'','','9308159339',NULL,'','select','','/uploaded_image/item_qrcode/9308159339.jpg',7,'',38,19,8,0.00,0,0,0,'','https://www.amazon.com/Wonder-Forge-Masks-Matching-Game/dp/B01LOUV4TA/ref=sr_1_5?__mk_fr_FR=%C3%85M%C3%85%C5%BD%C3%95%C3%91&dchild=1&keywords=ncrtbooks&qid=1618826695&sr=8-5',NULL),
(85,9,0,0,0,11,19,0,0,NULL,'Description test 90','','','',0.00,0.00,'','','','','mpn test 956',0.00,'','','','','','','','','','','','Active','FAS 0000009',0,3,0,'Activation','2021-04-24 00:43:03',0,'Optional,Optional,Optional,Optional,Optional,Input','Thread Size-External,M1.1 x 0.2,Thread Size - Internal,M1.4 x 0.2,Sub Type,Female-Female Standoff,Type,Hex Standoffs,Material,Stainless Steel 304,TotalLength,98','4311170061',NULL,'','select','','/uploaded_image/item_qrcode/4311170061.jpg',0,'Thread  Size-External,Meter,ThreadSize-Internal,Meter,TotalLength,Millimeter',0,0,0,0.00,0,0,0,NULL,'',NULL),
(86,9,0,0,0,11,19,0,0,NULL,'Description test 90','','','',0.00,0.00,'','','','','mpn test 956',0.00,'','','','','','','','','','','','Inactive','FAS 0000009',0,3,0,'Activation','2021-04-24 00:43:03',1,'Optional,Optional,Optional,Optional,Optional,Input','Thread Size-External,M1.1 x 0.2,Thread Size - Internal,M1.4 x 0.2,Sub Type,Female-Female Standoff,Type,Hex Standoffs,Material,Stainless Steel 304,TotalLength,98','4311170061',NULL,'','select','','/uploaded_image/item_qrcode/4311170061.jpg',0,'Thread  Size-External,Meter,ThreadSize-Internal,Meter,TotalLength,Millimeter',0,0,0,0.00,0,0,0,NULL,'',NULL),
(87,22,0,0,0,11,13,0,NULL,0,'Description 90','','','',0.00,0.00,'','','','','mpn-3891',0.00,'','','','','','','','','','','','Active','FAS 0000022',0,3,0,'insert','2021-05-06 00:55:45',0,'Optional,Optional,Input,Optional,Optional,Optional,Input,Input,Input','Type,Machine Screws,Thread Size,M1.4 x 0.2,Length,90,Head Type,Oval,Drive Type,combination,Pitch,M5 x 0.5,Test1,90,Test2,67,Test3,23','2732350325','','','select','','/uploaded_image/item_qrcode/2732350325.jpg',0,'ThreadSize,kilometre,Length,Millimeter,Test1,newton',0,0,0,0.00,0,0,0,NULL,'',NULL),
(88,23,0,0,0,11,13,0,NULL,0,'Description 90','','','',0.00,0.00,'','','','','mpn-3892',0.00,'','','','','','','','','','','','Active','FAS 0000023',0,3,0,'insert','2021-05-06 00:57:23',0,'Optional,Optional,Input,Optional,Optional,Optional,Input,Input,Input','Type,Machine Screws,Thread Size,M1.4 x 0.2,Length,90,Head Type,Oval,Drive Type,combination,Pitch,M5 x 0.5,Test1,90,Test2,67,Test3,23','3183834959','','','select','','/uploaded_image/item_qrcode/3183834959.jpg',0,'ThreadSize,kilometre,Length,Millimeter,Test1,newton',0,0,0,0.00,0,0,0,NULL,'',NULL),
(89,24,0,0,0,11,13,0,NULL,0,'Description 90','','','',0.00,0.00,'','','','','mpn-3893',0.00,'','','','','','','','','','','','Active','FAS 0000024',0,3,0,'insert','2021-05-06 01:05:21',0,'Optional,Optional,Input,Optional,Optional,Optional,Input,Input,Input','Type,Machine Screws,Thread Size,M1.4 x 0.2,Length,90,Head Type,Oval,Drive Type,combination,Pitch,M5 x 0.5,Test1,90,Test2,67,Test3,23','3528388363','','','select','','/uploaded_image/item_qrcode/3528388363.jpg',0,'ThreadSize,kilometre,Length,Millimeter,Test1,newton',0,0,0,0.00,0,0,0,NULL,'',NULL),
(90,25,0,0,0,11,13,0,NULL,0,'Description 90','','','',0.00,0.00,'','','','','mpn-3899',0.00,'','','','','','','','','','','','Active','FAS 0000025',0,3,0,'insert','2021-05-06 01:25:55',0,'Optional,Optional,Input,Optional,Optional,Optional,Input,Input,Input','Type,Machine Screws,Thread Size,M1.4 x 0.2,Length,90,Head Type,Oval,Drive Type,combination,Pitch,M5 x 0.5,Test1,90,Test2,67,Test3,23','1554142827','','','select','','/uploaded_image/item_qrcode/1554142827.jpg',0,'ThreadSize,Millimeter,Length,Millimeter,Test1,newton',0,0,0,0.00,0,0,0,NULL,'',NULL),
(91,25,0,0,0,11,13,0,0,NULL,'Description 90','','','',0.00,0.00,'','','','','mpn-3899',0.00,'','','','','','','','','','','','Active','FAS 0000025',0,3,0,'Activation','2021-05-06 01:25:55',0,'Optional,Optional,Input,Optional,Optional,Optional,Input,Input,Input','Type,Machine Screws,Thread Size,M1.4 x 0.2,Length,90,Head Type,Oval,Drive Type,combination,Pitch,M5 x 0.5,Test1,90,Test2,67,Test3,23','1554142827',NULL,'','select','','/uploaded_image/item_qrcode/1554142827.jpg',0,'ThreadSize,Millimeter,Length,Millimeter,Test1,newton',0,0,0,0.00,0,0,0,NULL,'',NULL),
(92,25,0,0,0,11,13,0,0,NULL,'Description 90','','','',0.00,0.00,'','','','','MPN-3899',0.00,'','','','','','','','','','','','Active','FAS 0000025',0,3,0,'Activation','2021-05-06 01:25:55',0,'Optional,Optional,Input,Optional,Optional,Optional,Input,Input,Input','Type,Machine Screws,Thread Size,M1.4 x 0.2,Length,90,Head Type,Oval,Drive Type,combination,Pitch,M5 x 0.5,Test1,90,Test2,67,Test3,23','1554142827',NULL,'','select','','/uploaded_image/item_qrcode/1554142827.jpg',0,'Thread Size,kilometre,Length,Millimeter,Test1,newton',0,0,0,0.00,0,0,0,'','',0),
(93,25,0,0,0,11,13,0,0,NULL,'Description 90','','','',0.00,0.00,'','','','','MPN-3899',0.00,'','','','','','','','','','','','Active','FAS 0000025',0,3,0,'Activation','2021-05-06 01:25:55',0,'Optional,Optional,Input,Optional,Optional,Optional,Input,Input,Input','Type,Machine Screws,Thread Size,M1.4 x 0.2,Length,90,Head Type,Oval,Drive Type,combination,Pitch,M5 x 0.5,Test1,90,Test2,67,Test3,23','1554142827',NULL,'','select','','/uploaded_image/item_qrcode/1554142827.jpg',0,'Thread Size,kilometre,Length,Millimeter,Test1,newton',0,0,0,0.00,0,0,0,'','',0),
(94,25,0,0,0,11,13,0,0,NULL,'Description 90','','','',0.00,0.00,'','','','','MPN-3899',0.00,'','','','','','','','','','','','Active','FAS 0000025',0,3,0,'Activation','2021-05-06 01:25:55',0,'Optional,Optional,Input,Optional,Optional,Optional,Input,Input,Input','Type,Machine Screws,Thread Size,M1.4 x 0.2,Length,90,Head Type,Oval,Drive Type,combination,Pitch,M5 x 0.5,Test1,90,Test2,67,Test3,23','1554142827',NULL,'','select','','/uploaded_image/item_qrcode/1554142827.jpg',0,'Thread Size,Meter,Length,Millimeter,Test1,newton',0,0,0,0.00,0,0,0,'','',0),
(95,25,0,0,26,11,13,0,0,NULL,'Description 90','','','',0.00,0.00,'','','','','MPN-3899',0.00,'','','','','','','','','','','','Active','FAS 0000025',0,3,0,'Activation','2021-05-06 01:25:55',0,'Optional,Optional,Input,Optional,Optional,Optional,Input,Input,Input','Type,Machine Screws,Thread Size,M1.4 x 0.2,Length,90,Head Type,Oval,Drive Type,combination,Pitch,M5 x 0.5,Test1,90,Test2,67,Test3,23','1554142827',NULL,'','select','','/uploaded_image/item_qrcode/1554142827.jpg',0,'Thread Size,Meter,Length,Millimeter,Test1,newton',0,0,0,0.00,0,0,0,'','',0),
(96,25,0,16,26,11,13,0,0,NULL,'Description 90','','','',0.00,0.00,'','','','','MPN-3899',0.00,'','','','','','','','','','','','Active','FAS 0000025',0,3,0,'Activation','2021-05-06 01:25:55',0,'Optional,Optional,Input,Optional,Optional,Optional,Input,Input,Input','Type,Machine Screws,Thread Size,M1.4 x 0.2,Length,90,Head Type,Oval,Drive Type,combination,Pitch,M5 x 0.5,Test1,90,Test2,67,Test3,23','1554142827',NULL,'','select','','/uploaded_image/item_qrcode/1554142827.jpg',58,'Thread Size,Meter,Length,Millimeter,Test1,newton',12,6,0,0.00,17,9,7,'PS2','',0),
(97,25,0,16,26,11,13,0,0,NULL,'Description 90','','','',0.00,0.00,'','','','','MPN-3899',0.00,'','','','','','','','','','','','Active','FAS 0000025',0,3,0,'Activation','2021-05-06 01:25:55',0,'Optional,Optional,Input,Optional,Optional,Optional,Input,Input,Input','Type,Machine Screws,Thread Size,M1.4 x 0.2,Length,90,Head Type,Oval,Drive Type,combination,Pitch,M5 x 0.5,Test1,90,Test2,67,Test3,23','1554142827',NULL,'','select','','/uploaded_image/item_qrcode/1554142827.jpg',58,'Thread Size,Meter,Length,Millimeter,Test1,newton',12,6,0,0.00,17,9,7,'PS2','',0),
(98,26,0,0,0,11,13,0,NULL,0,'Description 90','','','',0.00,0.00,'','','','','MPN-38990',0.00,'','','','','','','','','','','','Active','FAS 0000026',0,3,0,'insert','2021-05-06 03:03:34',0,'Optional,Optional,Input,Optional,Optional,Optional,Input,Input,Input','Type,Machine Screws,Thread Size,M1.4 x 0.2,Length,90,Head Type,Oval,Drive Type,combination,Pitch,M5 x 0.5,Test1,90,Test2,67,Test3,23','8446741345','','','select','','/uploaded_image/item_qrcode/8446741345.jpg',0,'ThreadSize,Meter,Length,Meter,Test1,newton',0,0,0,0.00,0,0,0,NULL,'',NULL),
(99,27,0,0,0,19,60,0,NULL,0,'Desc 121','Alto','Aple','',0.00,0.00,'','','','','6578',0.00,'','','','','','','','','','','','Active','CON 0000027',0,3,0,'insert','2021-05-06 03:04:26',0,'','','3520487949','','','select','','/uploaded_image/item_qrcode/3520487949.jpg',0,'',0,0,0,0.00,0,0,0,NULL,'',NULL),
(100,28,0,0,0,11,13,0,NULL,0,'Description 90','','','',0.00,0.00,'','','','','MPN-38991',0.00,'','','','','','','','','','','','Active','FAS 0000028',0,3,0,'insert','2021-05-06 03:09:08',0,'Optional,Optional,Input,Optional,Optional,Optional,Input,Input,Input','Type,Machine Screws,Thread Size,M1.4 x 0.2,Length,90,Head Type,Flat,Drive Type,combination,Pitch,M5 x 0.5,Test1,90,Test2,67,Test3,23','2266738593','','','select','','/uploaded_image/item_qrcode/2266738593.jpg',0,'ThreadSize,Meter,Length,Meter,Test1,newton',0,0,0,0.00,0,0,0,NULL,'',NULL),
(101,29,0,0,0,11,13,0,NULL,0,'Description 90','','','',0.00,0.00,'','','','','MPN-38992',0.00,'','','','','','','','','','','','Active','FAS 0000029',0,3,0,'insert','2021-05-06 03:10:47',0,'Optional,Optional,Input,Optional,Optional,Optional,Input,Input,Input','Type,Machine Screws,Thread Size,M1.4 x 0.2,Length,90,Head Type,Oval,Drive Type,combination,Pitch,M6 x 0.75,Test1,90,Test2,67,Test3,23','8694166501','','','select','','/uploaded_image/item_qrcode/8694166501.jpg',0,'ThreadSize,Meter,Length,Meter,Test1,newton',0,0,0,0.00,0,0,0,NULL,'',NULL),
(102,30,0,0,0,11,13,0,NULL,0,'Description 90','','','',0.00,0.00,'','','','','MPN-38994',0.00,'','','','','','','','','','','','Active','FAS 0000030',0,3,0,'insert','2021-05-06 23:32:49',0,'Optional,Optional,Input,Optional,Optional,Optional,Input,Input,Input','Type,Sheet Metal Screws,Thread Size,M1.4 x 0.2,Length,90,Head Type,Oval,Drive Type,combination,Pitch,M6 x 0.75,Test1,90,Test2,67,Test3,23','1107115686','','','select','','/uploaded_image/item_qrcode/1107115686.jpg',0,'ThreadSize,Meter,Length,Meter,Test1,newton',0,0,0,0.00,0,0,0,NULL,'',NULL),
(103,31,0,0,0,11,13,0,NULL,0,'Description 90','','','',0.00,0.00,'','','','','MPN-3899422',0.00,'','','','','','','','','','','','Active','FAS 0000031',0,3,0,'insert','2021-05-06 23:51:52',0,'Optional,Optional,Input,Optional,Optional,Optional,Input,Input,Input','Type,Sheet Metal Screws,Thread Size,M1.4 x 0.2,Length,90,Head Type,Oval,Drive Type,combination,Pitch,M6 x 0.75,Test1,90,Test2,67,Test3,23','4160708280','','','select','','/uploaded_image/item_qrcode/4160708280.jpg',0,'ThreadSize,Meter,Length,kilometre,Test1,newton',0,0,0,0.00,0,0,0,NULL,'',NULL),
(104,32,0,0,0,11,13,0,NULL,0,'Description 90','','','',0.00,0.00,'','','','','MPN-123456',0.00,'','','','','','','','','','','','Active','FAS 0000032',0,3,0,'insert','2021-05-06 23:59:35',0,'Optional,Optional,Input,Optional,Optional,Optional,Input,Input,Input','Type,U-Bolts,Thread Size,M1.4 x 0.2,Length,90,Head Type,Oval,Drive Type,combination,Pitch,M6 x 0.75,Test1,90,Test2,67,Test3,23','8307230508','','','select','','/uploaded_image/item_qrcode/8307230508.jpg',0,'ThreadSize,Meter,Length,Meter,Test1,newton',0,0,0,0.00,0,0,0,NULL,'',NULL),
(105,33,0,0,0,11,13,0,NULL,0,'Description 90','Tata','Mi','',0.00,0.00,'','','','','MPN-616161',0.00,'','','','','','','','','','','','Active','FAS 0000033',0,3,0,'insert','2021-05-07 00:01:53',0,'Optional,Optional,Input,Optional,Optional,Optional,Input,Input,Input','Type,Thread Cutting Machine Screws,Thread Size,M1.4 x 0.2,Length,89,Head Type,Oval,Drive Type,combination,Pitch,M5 x 0.5,Test1,90,Test2,67,Test3,23','2628979836','','','select','','/uploaded_image/item_qrcode/2628979836.jpg',0,'ThreadSize,Millimeter,Length,Millimeter,Test1,newton',0,0,0,0.00,0,0,0,NULL,'',NULL),
(106,34,0,0,0,11,13,0,NULL,0,'Description 90','Tata','Mi','',0.00,0.00,'','','','','MPN-389089',0.00,'','','','','','','','','','','','Active','FAS 0000034',0,3,0,'insert','2021-05-07 00:04:23',0,'Optional,Optional,Input,Optional,Optional,Optional,Input,Input,Input','Type,Machine Screws,Thread Size,M1.4 x 0.2,Length,89,Head Type,Oval,Drive Type,combination,Pitch,M5 x 0.5,Test1,90,Test2,67,Test3,23','6210009489','','','select','','/uploaded_image/item_qrcode/6210009489.jpg',0,'ThreadSize,kilometre,Length,Millimeter,Test1,newton',0,0,0,0.00,0,0,0,NULL,'',NULL),
(107,35,0,0,0,11,21,0,NULL,0,'Design','Tata','Tata','',0.00,0.00,'','','','','56',0.00,'','','','','','','','','','','','Active','FAS 0000035',0,3,0,'insert','2021-05-07 00:17:48',0,'Optional,Optional,Optional,Input,Optional','Type,Sleeve,Thread Size,M6 x 0.75,Pitch,M7 x 0.75,ThickNess,12,Material,Stainless Steel 316','8607834256','','','select','','/uploaded_image/item_qrcode/8607834256.jpg',0,'ThreadSize,kilometre,ThickNess,kilometre',0,0,0,0.00,0,0,0,NULL,'',NULL),
(108,36,0,0,0,11,13,0,NULL,0,'Desc-034','','','',0.00,0.00,'','','','','mpn-347822',0.00,'','','','','','','','','','','','Active','FAS 0000036',0,3,0,'insert','2021-05-07 00:44:18',0,'Optional,Optional,Input,Optional,Optional,Optional,Input,Input,Input','Type,Machine Screws,Thread Size,M1.4 x 0.2,Length,78,Head Type,Truss,Drive Type,combination,Pitch,M2 x 0.25,Test1,90,Test2,hello,Test3,hi','5282306111','','','select','','/uploaded_image/item_qrcode/5282306111.jpg',0,'ThreadSize,kilometre,Length,Meter,Test1,newton',0,0,0,0.00,0,0,0,NULL,'',NULL),
(109,37,0,0,0,11,13,0,NULL,0,'Description','','','',0.00,0.00,'','','https://www.alibaba.com/product-detail/mdf-wood-screwd-fastners-screws-manufacturer_62570157659.html?spm=a2700.gallery_search_cps.normalList.13.424e3c74OVLL1a','','1234',0.00,'','','','','','','','','','','','Active','FAS 0000037',0,3,0,'insert','2021-05-07 00:51:19',0,'Optional,Optional,Input,Optional,Optional,Optional,Input,Input,Input','Type,Sheet Metal Screws,Thread Size,M1.6 x 0.2,Length,38mm,Head Type,Pan,Drive Type,socked,Pitch,M2 x 0.25,Test1,self drilling screw,Test2,#6,Test3,23','3515320143','','https://www.alibaba.com/product-detail/mdf-wood-screwd-fastners-screws-manufacturer_62570157659.html?spm=a2700.gallery_search_cps.normalList.13.424e3c74OVLL1a','single','','/uploaded_image/item_qrcode/3515320143.jpg',0,'ThreadSize,kilometre,Length,Meter,Test1,newton',0,0,0,0.00,0,0,0,NULL,'',NULL),
(110,38,0,0,0,19,167,0,NULL,0,'Cable connection','India','Tata','',0.00,0.00,'','','','','121',0.00,'','','','','','','','','','','','Active','CON 0000038',0,3,0,'insert','2021-05-07 00:53:39',0,'','','6809029511','','','select','','/uploaded_image/item_qrcode/6809029511.jpg',0,'',0,0,0,0.00,0,0,0,NULL,'',NULL),
(111,39,0,0,0,11,13,0,NULL,0,'Desc-034','','','',0.00,0.00,'','','','','mpn-347865',0.00,'','','','','','','','','','','','Active','FAS 0000039',0,3,0,'insert','2021-05-07 01:19:52',0,'Optional,Optional,Input,Optional,Optional,Optional,Input,Input,Input','Type,Machine Screws,Thread Size,M1.4 x 0.2,Length,78,Head Type,Truss,Drive Type,combination,Pitch,M2 x 0.25,Test1,90,Test2,hello,Test3,hi','9396363533','','','select','','/uploaded_image/item_qrcode/9396363533.jpg',0,'ThreadSize,Meter,Length,Millimeter,Test1,newton',0,0,0,0.00,0,0,0,NULL,'',NULL),
(112,10,0,0,0,11,13,0,NULL,0,'Desc-034','','','',0.00,0.00,'','','','',NULL,0.00,'','','','','','','','','','','','Active','FAS 0000010',0,3,0,'update','2021-04-24 00:55:10',0,'Optional,Optional,Input,Optional,Optional,Optional,Input,Input,Input','Type,Machine Screws,Thread Size,M1.4 x 0.2,Length,78,Head Type,Truss,Drive Type,combination,Pitch,M2 x 0.25,Test1,90,Test2,hello,Test3,hi','2393975630','','','select','','/uploaded_image/item_qrcode/2393975630.jpg',0,'Thread Size,Meter,Length,Meter,Test1,newton',0,0,0,0.00,0,0,0,NULL,'',4),
(113,40,0,0,0,11,13,0,NULL,0,'Description test','','','',0.00,0.00,'','','https://www.alibaba.com/product-detail/Fastener-Metric-Standard-Threading-Insert-Nut_60761268153.html?spm=a2700.galleryofferlist.normal_offer.d_image.7f0a4e102SkJCW&s=p','','7865',0.00,'','','','','','','','','','','','Active','FAS 0000040',0,3,0,'insert','2021-05-07 02:07:46',0,'Optional,Optional,Input,Optional,Optional,Optional,Input,Input,Input','Type,J-Bolts,Thread Size,M1.8 x 0.2,Length,89,Head Type,Oval,Drive Type,combination,Pitch,M7 x 0.75,Test1,90,Test2,67,Test3,23','1463248046','','https://www.alibaba.com/product-detail/Fastener-Metric-Standard-Threading-Insert-Nut_60761268153.html?spm=a2700.galleryofferlist.normal_offer.d_image.7f0a4e102SkJCW&s=p','single','','/uploaded_image/item_qrcode/1463248046.jpg',0,'ThreadSize,Meter,Length,kilometre,Test1,newton',0,0,0,0.00,0,0,0,NULL,'',NULL),
(114,1,9,3,0,13,439,0,NULL,0,'Description','','','',98.00,0.00,'','7606 11 9000','https://www.alibaba.com/products/fastners/CID1459.html?spm=a2700.gallery_search_cps.galleryFilter.3.70853c742dJiZS&IndexArea=product_en&SearchScene=cps','',NULL,0.00,'','','','','','/uploaded_image/ItemsFile/202104193333_DateSheet13mpn-9078.xlsx','/uploaded_image/ItemsFile/202104193338_Compliance13mpn-9078.xlsx','/uploaded_image/ItemsFile/202104193335_CAD13mpn-9078.Zip','/uploaded_image/ItemsFile/202104193338_certification13mpn-9078.pdf','/uploaded_image/ItemsFile/202104193337_Scrapping13mpn-9078.docx','/uploaded_image/Items/202104193610_Permit13mpn-90780.png','Active','DCC0000001',0,3,0,'update','2021-04-19 05:06:24',0,'','','9308159339','','','select','','/uploaded_image/item_qrcode/9308159339.jpg',7,'',38,19,8,0.00,0,0,0,'','https://www.amazon.com/Wonder-Forge-Masks-Matching-Game/dp/B01LOUV4TA/ref=sr_1_5?__mk_fr_FR=%C3%85M%C3%85%C5%BD%C3%95%C3%91&dchild=1&keywords=ncrtbooks&qid=1618826695&sr=8-5',4),
(115,1,9,3,0,13,439,0,NULL,0,'Description','','','',98.00,0.00,'','7606 11 9000','https://www.alibaba.com/products/fastners/CID1459.html?spm=a2700.gallery_search_cps.galleryFilter.3.70853c742dJiZS&IndexArea=product_en&SearchScene=cps','',NULL,0.00,'','','','','','/uploaded_image/ItemsFile/202104193333_DateSheet13mpn-9078.xlsx','/uploaded_image/ItemsFile/202104193338_Compliance13mpn-9078.xlsx','/uploaded_image/ItemsFile/202104193335_CAD13mpn-9078.Zip','/uploaded_image/ItemsFile/202104193338_certification13mpn-9078.pdf','/uploaded_image/ItemsFile/202104193337_Scrapping13mpn-9078.docx','/uploaded_image/Items/202104193610_Permit13mpn-90780.png','Active','DCC0000001',0,3,0,'update','2021-04-19 05:06:24',0,'','','9308159339','','','select','','/uploaded_image/item_qrcode/9308159339.jpg',7,'',38,19,8,0.00,0,0,0,'','https://www.amazon.com/Wonder-Forge-Masks-Matching-Game/dp/B01LOUV4TA/ref=sr_1_5?__mk_fr_FR=%C3%85M%C3%85%C5%BD%C3%95%C3%91&dchild=1&keywords=ncrtbooks&qid=1618826695&sr=8-5',0),
(116,41,0,0,0,11,13,0,NULL,0,'Description test','','','',0.00,0.00,'','','https://www.alibaba.com/product-detail/Fasteners-DIN933-Hex-Bolt-Screws-Hex_1600153207277.html?spm=a2700.galleryofferlist.normal_offer.d_image.791e4e10gIYirb&s=p','','m888',0.00,'','','','','','','','','','','','Active','FAS 0000041',0,3,0,'insert','2021-05-07 05:36:45',0,'Optional,Optional,Input,Optional,Optional,Optional,Input,Input,Input','Type,Elevator Bolts,Thread Size,M7 x 0.75,Length,35mm,70mm,Head Type,Hex Washer,Drive Type,combination,Pitch,M5 x 0.5,Test1,Rod Ends,Test2,M6,Test3,23','5002443694','','https://www.alibaba.com/product-detail/Fasteners-DIN933-Hex-Bolt-Screws-Hex_1600153207277.html?spm=a2700.galleryofferlist.normal_offer.d_image.791e4e10gIYirb&s=p','single','','/uploaded_image/item_qrcode/5002443694.jpg',0,'ThreadSize,Meter,Length,kilometre,Test1,newton',0,0,0,0.00,0,0,0,NULL,'',NULL),
(117,39,0,0,0,11,13,0,NULL,0,'Desc-034','','','',0.00,0.00,'','','','',NULL,0.00,'','','','','','','','','','','','Active','FAS 0000039',0,3,0,'update','2021-05-07 01:19:52',0,'Optional,Optional,Input,Optional,Optional,Optional,Input,Input,Input','Type,Machine Screws,Thread Size,M1.4 x 0.2,Length,78,Head Type,Truss,Drive Type,combination,Pitch,M2 x 0.25,Test1,90,Test2,hello,Test3,hi','9396363533','','','select','','/uploaded_image/item_qrcode/9396363533.jpg',0,'Thread Size,Meter,Length,Meter,Test1,newton',0,0,0,0.00,0,0,0,NULL,'',NULL),
(118,39,0,0,0,11,13,0,0,NULL,'Desc-034','','','',0.00,0.00,'','','','','MPN-389088',0.00,'','','','','','','','','','','','Active','FAS 0000039',0,3,0,'Activation','2021-05-07 01:19:52',0,'Optional,Optional,Input,Optional,Optional,Optional,Input,Input,Input','Type,Self Drilling SMS,Thread Size,M1.4 x 0.2,Length,78,Head Type,Truss,Drive Type,combination,Pitch,M2 x 0.25,Test1,90,Test2,hello,Test3,hi','9396363533',NULL,'','select','','/uploaded_image/item_qrcode/9396363533.jpg',0,'Thread Size,Meter,Length,Meter,Test1,newton',0,0,0,0.00,0,0,0,'','',0),
(119,39,0,0,0,11,13,0,0,NULL,'Desc-034','','','',0.00,0.00,'','','','','MPN-389088',0.00,'','','','','','','','','','','','Active','FAS 0000039',0,3,0,'Activation','2021-05-07 01:19:52',0,'Optional,Optional,Input,Optional,Optional,Optional,Input,Input,Input','Type,Self Drilling SMS,Thread Size,M1.4 x 0.2,Length,78,Head Type,Truss,Drive Type,combination,Pitch,M2 x 0.25,Test1,90,Test2,hello,Test3,hi','9396363533',NULL,'','select','','/uploaded_image/item_qrcode/9396363533.jpg',0,'Thread Size,Meter,Length,Meter,Test1,newton',0,0,0,0.00,0,0,0,'','',0),
(120,39,0,0,0,11,13,0,0,NULL,'Desc-034','','','',0.00,0.00,'','','','','MPN-389088',0.00,'','','','','','','','','','','','Active','FAS 0000039',0,3,0,'Activation','2021-05-07 01:19:52',0,'Optional,Optional,Input,Optional,Optional,Optional,Input,Input,Input','Type,Self Drilling SMS,Thread Size,M1.4 x 0.2,Length,78,Head Type,Truss,Drive Type,combination,Pitch,M2 x 0.25,Test1,90,Test2,hello,Test3,hi','9396363533',NULL,'','select','','/uploaded_image/item_qrcode/9396363533.jpg',0,'Thread Size,Meter,Length,Meter,Test1,newton',0,0,0,0.00,17,0,0,'','',0),
(121,36,0,0,0,11,13,0,0,NULL,'Desc-034','','','',0.00,0.00,'','','','','mpn-347822',0.00,'','','','','','','','','','','','Active','FAS 0000036',0,3,0,'Activation','2021-05-07 00:44:18',0,'Optional,Optional,Input,Optional,Optional,Optional,Input,Input,Input','Type,Machine Screws,Thread Size,M1.4 x 0.2,Length,78,Head Type,Truss,Drive Type,combination,Pitch,M2 x 0.25,Test1,90,Test2,hello,Test3,hi','5282306111',NULL,'','select','','/uploaded_image/item_qrcode/5282306111.jpg',0,'ThreadSize,kilometre,Length,Meter,Test1,newton',0,0,0,0.00,0,0,0,NULL,'',NULL),
(122,36,0,0,0,11,13,0,NULL,0,'Desc-034','','','',0.00,0.00,'','','','',NULL,0.00,'','','','','','','','','','','','Active','FAS 0000036',0,3,0,'update','2021-05-07 00:44:18',0,'Optional,Optional,Input,Optional,Optional,Optional,Input,Input,Input','Type,Machine Screws,Thread Size,M1.4 x 0.2,Length,78,Head Type,Truss,Drive Type,combination,Pitch,M2 x 0.25,Test1,90,Test2,hello,Test3,hi','5282306111','','','select','','/uploaded_image/item_qrcode/5282306111.jpg',0,'Thread Size,kilometre,Length,Meter,Test1,newton',0,0,0,0.00,0,0,0,'','',0),
(123,39,0,0,0,11,13,0,NULL,0,'Desc-034','','','',0.00,0.00,'','','','',NULL,0.00,'','','','','','','','','','','','Active','FAS 0000039',0,3,0,'update','2021-05-07 01:19:52',0,'Optional,Optional,Input,Optional,Optional,Optional,Input,Input,Input','Type,Self Drilling SMS,Thread Size,M1.4 x 0.2,Length,78,Head Type,Truss,Drive Type,combination,Pitch,M2 x 0.25,Test1,90,Test2,hello,Test3,hi','9396363533','','','select','','/uploaded_image/item_qrcode/9396363533.jpg',0,'',0,0,0,0.00,17,0,0,'','',0),
(124,34,0,0,0,11,13,0,0,NULL,'Description 90','Tata','Mi','',0.00,0.00,'','','','','MPN-389089',0.00,'','','','','','','','','','','','Active','FAS 0000034',0,3,0,'Activation','2021-05-07 00:04:23',0,'Optional,Optional,Input,Optional,Optional,Optional,Input,Input,Input','Type,Machine Screws,Thread Size,M1.4 x 0.2,Length,89,Head Type,Oval,Drive Type,combination,Pitch,M5 x 0.5,Test1,90,Test2,67,Test3,23','6210009489',NULL,'','select','','/uploaded_image/item_qrcode/6210009489.jpg',0,'ThreadSize,kilometre,Length,Millimeter,Test1,newton',0,0,0,0.00,0,0,0,NULL,'',NULL),
(125,34,0,0,0,11,13,0,NULL,0,'Description 90','Tata','Mi','',0.00,0.00,'','','','',NULL,0.00,'','','','','','','','','','','','Active','FAS 0000034',0,3,0,'update','2021-05-07 00:04:23',0,'Optional,Optional,Input,Optional,Optional,Optional,Input,Input,Input','Type,Machine Screws,Thread Size,M1.4 x 0.2,Length,89,Head Type,Oval,Drive Type,combination,Pitch,M5 x 0.5,Test1,90,Test2,67,Test3,23','6210009489','','','select','','/uploaded_image/item_qrcode/6210009489.jpg',0,'Thread Size,kilometre,Length,Millimeter,Test1,newton',0,0,0,0.00,0,0,0,'','',0),
(126,34,0,0,0,11,13,0,NULL,0,'Description 90','Tata','Mi','',0.00,0.00,'','','','',NULL,0.00,'','','','','','','','','','','','Active','FAS 0000034',0,3,0,'update','2021-05-07 00:04:23',0,'Optional,Optional,Input,Optional,Optional,Optional,Input,Input,Input','Type,Machine Screws,Thread Size,M1.4 x 0.2,Length,89,Head Type,Oval,Drive Type,combination,Pitch,M5 x 0.5,Test1,90,Test2,67,Test3,23','6210009489','','','select','','/uploaded_image/item_qrcode/6210009489.jpg',0,'Thread Size,kilometre,Length,Millimeter,Test1,newton',0,0,0,0.00,0,0,0,'','',0),
(127,34,0,0,0,11,13,0,NULL,0,'Description 90','Tata','Mi','',0.00,0.00,'','','','',NULL,0.00,'','','','','','','','','','','','Active','FAS 0000034',0,3,0,'update','2021-05-07 00:04:23',0,'Optional,Optional,Input,Optional,Optional,Optional,Input,Input,Input','Type,Machine Screws,Thread Size,M1.4 x 0.2,Length,89,Head Type,Oval,Drive Type,combination,Pitch,M5 x 0.5,Test1,90,Test2,67,Test3,23','6210009489','','','select','','/uploaded_image/item_qrcode/6210009489.jpg',0,'Thread Size,kilometre,Length,Millimeter,Test1,newton',0,0,0,0.00,0,0,0,'','',0),
(128,34,0,0,0,11,13,0,0,NULL,'Description 90','Tata','Mi','',0.00,0.00,'','','','','',0.00,'','','','','','','','','','','','Active','FAS 0000034',0,3,0,'Activation','2021-05-07 00:04:23',0,'Optional,Optional,Input,Optional,Optional,Optional,Input,Input,Input','Type,Machine Screws,Thread Size,M1.4 x 0.2,Length,89,Head Type,Oval,Drive Type,combination,Pitch,M5 x 0.5,Test1,90,Test2,67,Test3,23','6210009489',NULL,'','select','','/uploaded_image/item_qrcode/6210009489.jpg',0,'Thread Size,kilometre,Length,Millimeter,Test1,newton',0,0,0,0.00,0,0,0,'','',0),
(129,39,0,0,0,11,70,0,NULL,0,'Desc-034','','','',0.00,0.00,'','','','',NULL,0.00,'','','','','','','','','','','','Active','FAS 0000039',0,3,0,'update','2021-05-07 01:19:52',0,'',',undefined,,undefined,,undefined,,undefined,,undefined,,undefined,,undefined,,undefined,,undefined','9396363533','','','select','','/uploaded_image/item_qrcode/9396363533.jpg',0,'',0,0,0,0.00,17,0,0,'','',0),
(130,34,0,0,0,11,13,0,0,NULL,'','Tata','Mi','',0.00,0.00,'','','','','',0.00,'','','','','','','','','','','','Active','FAS 0000034',0,3,0,'Activation','2021-05-07 00:04:23',0,'Optional,Optional,Input,Optional,Optional,Optional,Input,Input,Input','Type,Machine Screws,Thread Size,M1.4 x 0.2,Length,89,Head Type,Oval,Drive Type,combination,Pitch,M5 x 0.5,Test1,90,Test2,67,Test3,23','6210009489',NULL,'','select','','/uploaded_image/item_qrcode/6210009489.jpg',0,'Thread Size,kilometre,Length,Millimeter,Test1,newton',0,0,0,0.00,0,0,0,'','',0),
(131,39,0,0,0,11,476,0,NULL,0,'Desc-034','','','',0.00,0.00,'','','','',NULL,0.00,'','','','','','','','','','','','Active','FAS 0000039',0,3,0,'update','2021-05-07 01:19:52',0,'','','9396363533','','','select','','/uploaded_image/item_qrcode/9396363533.jpg',0,'',0,0,0,0.00,17,0,0,'','',0),
(132,39,0,0,0,11,116,0,NULL,0,'Desc-034','','','',0.00,0.00,'','','','',NULL,0.00,'','','','','','','','','','','','Active','FAS 0000039',0,3,0,'update','2021-05-07 01:19:52',0,'','','9396363533','','','select','','/uploaded_image/item_qrcode/9396363533.jpg',0,'Length,kilometre',0,0,0,0.00,17,0,0,'','',0),
(133,39,0,0,0,11,22,0,NULL,0,'Desc-034','','','',0.00,0.00,'','','','',NULL,0.00,'','','','','','','','','','','','Active','FAS 0000039',0,3,0,'update','2021-05-07 01:19:52',0,'Optional,Input,Optional','Type,Cotter Pins and Wire Clips,Length,23,Material,Stainless Steel 316','9396363533','','','select','','/uploaded_image/item_qrcode/9396363533.jpg',0,'',0,0,0,0.00,17,0,0,'','',0),
(134,39,0,0,0,11,263,0,NULL,0,'Desc-034','','','',0.00,0.00,'','','','',NULL,0.00,'','','','','','','','','','','','Active','FAS 0000039',0,3,0,'update','2021-05-07 01:19:52',0,'','','9396363533','','','select','','/uploaded_image/item_qrcode/9396363533.jpg',0,'Length,Meter',0,0,0,0.00,17,0,0,'','',0),
(135,6,0,0,0,11,13,0,0,NULL,'Description test3','','','',0.00,0.00,'','','','','MPN TEST 09',0.00,'','','','','','','','','','','','Active','FAS 0000006',0,3,0,'Activation','2021-04-23 03:53:52',0,'Optional,Optional,Input,Optional,Optional,Optional,Input,Input,Input','Type,Thread Cutting Machine Screws,Thread Size,M1.1 x 0.2,Length,90,Head Type,Pan,Drive Type,socked,Pitch,M3 x 0.35,Test1,89,Test2,890,Test3,966','9633412288',NULL,'','select','','/uploaded_image/item_qrcode/9633412288.jpg',0,'ThreadSize,Millimeter,Length,Meter,Test1,newton',0,0,0,0.00,0,2,0,'','',4),
(136,1,9,3,0,13,439,0,NULL,0,'Description','','','',98.00,0.00,'','7606 11 9000','https://www.alibaba.com/products/fastners/CID1459.html?spm=a2700.gallery_search_cps.galleryFilter.3.70853c742dJiZS&IndexArea=product_en&SearchScene=cps','',NULL,0.00,'','','','','','/uploaded_image/ItemsFile/202104193333_DateSheet13mpn-9078.xlsx','/uploaded_image/ItemsFile/202104193338_Compliance13mpn-9078.xlsx','/uploaded_image/ItemsFile/202104193335_CAD13mpn-9078.Zip','/uploaded_image/ItemsFile/202104193338_certification13mpn-9078.pdf','/uploaded_image/ItemsFile/202104193337_Scrapping13mpn-9078.docx','/uploaded_image/Items/202104193610_Permit13mpn-90780.png','Active','DCC0000001',0,3,0,'update','2021-04-19 05:06:24',0,'','','9308159339','','','select','','/uploaded_image/item_qrcode/9308159339.jpg',7,'',38,19,8,0.00,0,0,0,'','https://www.amazon.com/Wonder-Forge-Masks-Matching-Game/dp/B01LOUV4TA/ref=sr_1_5?__mk_fr_FR=%C3%85M%C3%85%C5%BD%C3%95%C3%91&dchild=1&keywords=ncrtbooks&qid=1618826695&sr=8-5',0),
(137,41,0,0,0,11,13,0,NULL,0,'Description test','','','',0.00,0.00,'','','https://www.alibaba.com/product-detail/Fasteners-DIN933-Hex-Bolt-Screws-Hex_1600153207277.html?spm=a2700.galleryofferlist.normal_offer.d_image.791e4e10gIYirb&s=p','',NULL,0.00,'','','','','','','','','','','','Active','FAS 0000041',0,3,0,'update','2021-05-07 05:36:45',0,'Optional,Optional,Input,Optional,Optional,Optional,Input,Input,Input','Type,Elevator Bolts,Thread Size,M7 x 0.75,Length,35mm,70mm,Head Type,Hex Washer,Drive Type,combination,Pitch,M5 x 0.5,Test1,Rod Ends,Test2,M6,Test3,23','5002443694','','https://www.alibaba.com/product-detail/Fasteners-DIN933-Hex-Bolt-Screws-Hex_1600153207277.html?spm=a2700.galleryofferlist.normal_offer.d_image.791e4e10gIYirb&s=p','single','','/uploaded_image/item_qrcode/5002443694.jpg',0,'',0,0,0,0.00,0,0,0,NULL,'',NULL),
(138,42,0,0,0,11,21,0,NULL,0,'Desc-034','Tata','Mi','',0.00,0.00,'','','','','DESCRIPTION TEST',0.00,'','','','','','','','','','','','Active','FAS 0000042',0,3,0,'insert','2021-05-10 01:08:40',0,'Optional,Optional,Optional,Input,Optional','Type,Sleeve,Thread Size,M1.1 x 0.2,Pitch,M7 x 0.75,ThickNess,12,Material,Stainless Steel 316','5172145015','','','select','','/uploaded_image/item_qrcode/5172145015.jpg',0,'ThreadSize,kilometre,ThickNess,kilometre',0,0,0,0.00,0,0,0,NULL,'',NULL),
(139,43,0,0,0,11,22,0,NULL,0,'Desc-034','','','',0.00,0.00,'','','','','DESCRIPTION TEST',0.00,'','','','','','','','','','','','Active','FAS 0000043',0,3,0,'insert','2021-05-10 01:13:35',0,'Optional,Input,Optional','Type,Hitch Pins and Linch Pins,Length,67,Material,Stainless Steel 316','8965126997','','','select','','/uploaded_image/item_qrcode/8965126997.jpg',0,'Length,Millimeter',0,0,0,0.00,0,0,0,NULL,'',NULL),
(140,44,0,0,0,11,263,0,NULL,0,'Fast','','','',0.00,0.00,'','','','','1234',0.00,'','','','','','','','','','','','Active','FAS 0000044',0,3,0,'insert','2021-05-10 01:24:42',0,'','','9485386841','','','select','','/uploaded_image/item_qrcode/9485386841.jpg',0,'',0,0,0,0.00,0,0,0,NULL,'',NULL),
(141,45,0,0,0,13,439,0,NULL,0,'Description','','','',0.00,0.00,'','','','','MPN-567',0.00,'','','','','','','','','','','','Active','DCC 0000045',0,3,0,'insert','2021-05-10 01:38:15',0,'','','7447318494','','','select','','/uploaded_image/item_qrcode/7447318494.jpg',0,'',0,0,0,0.00,0,0,0,NULL,'',NULL),
(142,46,0,0,0,11,13,0,NULL,0,'Description89','','','',0.00,0.00,'','','','','mpn-09878',0.00,'','','','','','','','','','','','Active','FAS 0000046',0,3,0,'insert','2021-05-10 04:18:07',0,'Optional,Optional,Input,Optional,Optional,Optional,Input,Input,Input','Type,Wood Screws,Thread Size,M1.0 x 0.2,Length,12,Head Type,Flat,Drive Type,Phillips and Frearson,Pitch,M7 x 0.75,Test1,123,Test2,9000,Test3,5677','5486359808','','','select','','/uploaded_image/item_qrcode/5486359808.jpg',0,'ThreadSize,Meter,Length,Meter,Test1,newton',0,0,0,0.00,0,0,0,NULL,'',NULL),
(143,47,0,0,0,117,485,0,NULL,0,'Xyz','Xyz','Sandisk','',0.00,0.00,'','','','','1234-255',0.00,'','','','','','','','','','','','Active','ELE 0000047',0,3,0,'insert','2021-05-10 04:20:47',0,'','','5624042175','','','select','','/uploaded_image/item_qrcode/5624042175.jpg',0,'',0,0,0,0.00,0,0,0,NULL,'',NULL),
(144,48,0,0,0,11,22,0,NULL,0,'Desc-034','','','',0.00,0.00,'','','','','1234',0.00,'','','','','','','','','','','','Active','FAS 0000048',0,3,0,'insert','2021-05-10 04:45:52',0,'Optional,Input,Optional','Type,Spring Pins,Length,67,Material,Stainless Steel 316','2187893322','','','select','','/uploaded_image/item_qrcode/2187893322.jpg',0,'Length,Meter',0,0,0,0.00,0,0,0,NULL,'',NULL),
(145,1,9,3,0,13,439,0,0,NULL,'Description','','','',98.00,0.00,'','7606 11 9000','https://www.alibaba.com/products/fastners/CID1459.html?spm=a2700.gallery_search_cps.galleryFilter.3.70853c742dJiZS&IndexArea=product_en&SearchScene=cps','','MPN-12345',0.00,'','','','','','/uploaded_image/ItemsFile/202104193333_DateSheet13mpn-9078.xlsx','/uploaded_image/ItemsFile/202104193338_Compliance13mpn-9078.xlsx','/uploaded_image/ItemsFile/202104193335_CAD13mpn-9078.Zip','/uploaded_image/ItemsFile/202104193338_certification13mpn-9078.pdf','/uploaded_image/ItemsFile/202104193337_Scrapping13mpn-9078.docx','/uploaded_image/Items/202104193610_Permit13mpn-90780.png','Active','DCC0000001',0,3,0,'Activation','2021-04-19 05:06:24',0,'','','9308159339',NULL,'','select','','/uploaded_image/item_qrcode/9308159339.jpg',0,'',38,19,8,0.00,0,0,0,'','https://www.amazon.com/Wonder-Forge-Masks-Matching-Game/dp/B01LOUV4TA/ref=sr_1_5?__mk_fr_FR=%C3%85M%C3%85%C5%BD%C3%95%C3%91&dchild=1&keywords=ncrtbooks&qid=1618826695&sr=8-5',0),
(146,1,9,3,0,13,439,0,0,NULL,'Description3','','','',98.00,0.00,'','7606 11 9000','https://www.alibaba.com/products/fastners/CID1459.html?spm=a2700.gallery_search_cps.galleryFilter.3.70853c742dJiZS&IndexArea=product_en&SearchScene=cps','','MPN-12345',0.00,'','','','','','/uploaded_image/ItemsFile/202104193333_DateSheet13mpn-9078.xlsx','/uploaded_image/ItemsFile/202104193338_Compliance13mpn-9078.xlsx','/uploaded_image/ItemsFile/202104193335_CAD13mpn-9078.Zip','/uploaded_image/ItemsFile/202104193338_certification13mpn-9078.pdf','/uploaded_image/ItemsFile/202104193337_Scrapping13mpn-9078.docx','/uploaded_image/Items/202104193610_Permit13mpn-90780.png','Active','DCC0000001',0,3,0,'Activation','2021-04-19 05:06:24',0,'','','9308159339',NULL,'','select','','/uploaded_image/item_qrcode/9308159339.jpg',0,'',38,19,8,0.00,0,0,0,'','https://www.amazon.com/Wonder-Forge-Masks-Matching-Game/dp/B01LOUV4TA/ref=sr_1_5?__mk_fr_FR=%C3%85M%C3%85%C5%BD%C3%95%C3%91&dchild=1&keywords=ncrtbooks&qid=1618826695&sr=8-5',0),
(147,49,0,0,0,11,19,0,NULL,0,'Fzhzn','Fzn','Fn','',0.00,0.00,'','','','','zfn',0.00,'','','','','','','','','','','','Active','FAS 0000049',0,3,0,'insert','2021-05-11 00:27:44',0,'Optional,Optional,Optional,Optional,Optional,Input','Thread Size-External,M1.2 x 0.2,Thread Size - Internal,M1.0 x 0.2,Sub Type,Male-Female Standoff,Type,Round Standoffs,Material,Stainless Steel 304,TotalLength,ssdv','8863277654','','','select','','/uploaded_image/item_qrcode/8863277654.jpg',0,'ThreadSize-External,Millimeter,ThreadSize-Internal,Meter,TotalLength,kilometre',0,0,0,0.00,0,0,0,NULL,'',NULL),
(148,50,0,0,0,11,13,0,NULL,0,'Xfff','Ff','','',0.00,0.00,'','','','','ff',0.00,'','','','','','','','','','','','Active','FAS 0000050',0,3,0,'insert','2021-05-11 01:17:52',0,'Optional,Optional,Input,Optional,Optional,Optional,Input,Input,Input','Type,Machine Screws,Thread Size,M1.1 x 0.2,Length,length,Head Type,Oval,Drive Type,Phillips and Frearson,Pitch,M5.5 x 0.5,Test1,v,Test2,cv,Test3,v','1360388586','','','single','','/uploaded_image/item_qrcode/1360388586.jpg',0,'ThreadSize,Millimeter,Length,Meter,Test1,newton',0,0,0,0.00,0,0,0,NULL,'',NULL),
(149,1,9,3,0,13,439,0,0,NULL,'Description3','','','',98.00,0.00,'','7606 11 9000','https://www.alibaba.com/products/fastners/CID1459.html?spm=a2700.gallery_search_cps.galleryFilter.3.70853c742dJiZS&IndexArea=product_en&SearchScene=cps','','MPN-12345',0.00,'','','','','','/uploaded_image/ItemsFile/202104193333_DateSheet13mpn-9078.xlsx','/uploaded_image/ItemsFile/202104193338_Compliance13mpn-9078.xlsx','/uploaded_image/ItemsFile/202104193335_CAD13mpn-9078.Zip','/uploaded_image/ItemsFile/202104193338_certification13mpn-9078.pdf','/uploaded_image/ItemsFile/202104193337_Scrapping13mpn-9078.docx','/uploaded_image/Items/202104193610_Permit13mpn-90780.png','Active','DCC0000001',0,3,0,'Activation','2021-04-19 05:06:24',0,'','','9308159339',NULL,'','select','','/uploaded_image/item_qrcode/9308159339.jpg',0,'',38,19,8,0.00,0,0,0,'','https://www.amazon.com/Wonder-Forge-Masks-Matching-Game/dp/B01LOUV4TA/ref=sr_1_5?__mk_fr_FR=%C3%85M%C3%85%C5%BD%C3%95%C3%91&dchild=1&keywords=ncrtbooks&qid=1618826695&sr=8-5',NULL),
(150,1,9,3,0,13,439,0,0,NULL,'Description3','','','',98.00,0.00,'','7606 11 9000','https://www.alibaba.com/products/fastners/CID1459.html?spm=a2700.gallery_search_cps.galleryFilter.3.70853c742dJiZS&IndexArea=product_en&SearchScene=cps','','MPN-12345',0.00,'','','','','','/uploaded_image/ItemsFile/202104193333_DateSheet13mpn-9078.xlsx','/uploaded_image/ItemsFile/202104193338_Compliance13mpn-9078.xlsx','/uploaded_image/ItemsFile/202104193335_CAD13mpn-9078.Zip','/uploaded_image/ItemsFile/202104193338_certification13mpn-9078.pdf','/uploaded_image/ItemsFile/202104193337_Scrapping13mpn-9078.docx','/uploaded_image/Items/202104193610_Permit13mpn-90780.png','Inactive','DCC0000001',0,3,0,'Activation','2021-04-19 05:06:24',1,'','','9308159339',NULL,'','select','','/uploaded_image/item_qrcode/9308159339.jpg',0,'',38,19,8,0.00,0,0,0,'','https://www.amazon.com/Wonder-Forge-Masks-Matching-Game/dp/B01LOUV4TA/ref=sr_1_5?__mk_fr_FR=%C3%85M%C3%85%C5%BD%C3%95%C3%91&dchild=1&keywords=ncrtbooks&qid=1618826695&sr=8-5',NULL);

/*Table structure for table `m_itemalternate` */

DROP TABLE IF EXISTS `m_itemalternate`;

CREATE TABLE `m_itemalternate` (
  `alternateId` int(11) NOT NULL AUTO_INCREMENT,
  `itemId` int(11) DEFAULT NULL,
  `internalItemCode` varchar(20) DEFAULT NULL,
  `altManufacturingPartNumber` varchar(45) DEFAULT NULL,
  `altBrand` varchar(45) DEFAULT NULL,
  `altUrl` varchar(100) DEFAULT NULL,
  `userId` int(11) DEFAULT NULL,
  `transDate` datetime DEFAULT CURRENT_TIMESTAMP,
  `isApproved` int(11) DEFAULT '0',
  `approvedUserId` int(11) DEFAULT '0',
  `approvedDateTime` datetime DEFAULT NULL,
  `isDeleted` int(11) DEFAULT '0',
  `deleteDateTime` datetime DEFAULT NULL,
  `deleteUserId` int(11) DEFAULT '0',
  `updateCount` int(11) DEFAULT '0',
  `lastUpdateUserId` int(11) DEFAULT '0',
  `isActive` tinyint(1) DEFAULT '0',
  `activateDateTime` datetime DEFAULT NULL,
  `activateUserId` int(11) DEFAULT '0',
  PRIMARY KEY (`alternateId`)
) ENGINE=InnoDB AUTO_INCREMENT=9 DEFAULT CHARSET=utf8mb4;

/*Data for the table `m_itemalternate` */

insert  into `m_itemalternate`(`alternateId`,`itemId`,`internalItemCode`,`altManufacturingPartNumber`,`altBrand`,`altUrl`,`userId`,`transDate`,`isApproved`,`approvedUserId`,`approvedDateTime`,`isDeleted`,`deleteDateTime`,`deleteUserId`,`updateCount`,`lastUpdateUserId`,`isActive`,`activateDateTime`,`activateUserId`) values 
(1,1,'DCC0000001','mpn-09','brand1','flipkart.com',0,'2021-04-19 05:06:26',0,0,NULL,0,NULL,0,0,0,0,NULL,0),
(2,1,'DCC0000001','mpn-08','brand2','flipkart.com',0,'2021-04-19 05:06:27',0,0,NULL,0,NULL,0,0,0,0,NULL,0),
(3,11,'FAS 0000011','pm1','brand2','flipkart.com',0,'2021-04-24 02:53:58',0,0,NULL,0,NULL,0,0,0,0,NULL,0),
(4,11,'FAS 0000011','pn2','brand3','amazon.com',0,'2021-04-24 02:53:58',0,0,NULL,0,NULL,0,0,0,0,NULL,0),
(5,14,'DES 0000014','56','tata','www.flipkart.com',0,'2021-04-26 03:20:11',0,0,NULL,0,NULL,0,0,0,0,NULL,0),
(6,12,'FAS 0000012','123','tata','www.tata.com',0,'2021-04-27 00:58:06',0,0,NULL,0,NULL,0,0,0,0,NULL,0),
(7,17,'FAS 0000017','21','mi','mi',0,'2021-04-27 02:26:36',0,0,NULL,0,NULL,0,0,0,0,NULL,0),
(8,18,'FAS 0000018','21','rana','rara',0,'2021-04-27 03:03:56',0,0,NULL,0,NULL,0,0,0,0,NULL,0);

/*Table structure for table `m_itemalternate_log` */

DROP TABLE IF EXISTS `m_itemalternate_log`;

CREATE TABLE `m_itemalternate_log` (
  `logId` int(11) NOT NULL AUTO_INCREMENT,
  `alternateId` int(11) DEFAULT NULL,
  `itemId` int(11) DEFAULT NULL,
  `internalItemCode` varchar(20) DEFAULT NULL,
  `altManufacturingPartNumber` varchar(45) DEFAULT NULL,
  `altBrand` varchar(45) DEFAULT NULL,
  `altUrl` varchar(100) DEFAULT NULL,
  `isApproved` int(11) DEFAULT '0',
  `userId` int(11) DEFAULT NULL,
  `isDeleted` int(11) DEFAULT '0',
  `userAction` varchar(20) DEFAULT NULL,
  `transDate` datetime DEFAULT CURRENT_TIMESTAMP,
  `isActive` tinyint(1) DEFAULT '0',
  PRIMARY KEY (`logId`)
) ENGINE=InnoDB AUTO_INCREMENT=9 DEFAULT CHARSET=utf8mb4;

/*Data for the table `m_itemalternate_log` */

insert  into `m_itemalternate_log`(`logId`,`alternateId`,`itemId`,`internalItemCode`,`altManufacturingPartNumber`,`altBrand`,`altUrl`,`isApproved`,`userId`,`isDeleted`,`userAction`,`transDate`,`isActive`) values 
(1,1,1,'DCC0000001','mpn-09','brand1','flipkart.com',0,0,0,'insert','2021-04-19 05:06:26',0),
(2,2,1,'DCC0000001','mpn-08','brand2','flipkart.com',0,0,0,'insert','2021-04-19 05:06:27',0),
(3,3,11,'FAS 0000011','pm1','brand2','flipkart.com',0,0,0,'insert','2021-04-24 02:53:58',0),
(4,4,11,'FAS 0000011','pn2','brand3','amazon.com',0,0,0,'insert','2021-04-24 02:53:58',0),
(5,5,14,'DES 0000014','56','tata','www.flipkart.com',0,0,0,'insert','2021-04-26 03:20:11',0),
(6,6,12,'FAS 0000012','123','tata','www.tata.com',0,0,0,'insert','2021-04-27 00:58:06',0),
(7,7,17,'FAS 0000017','21','mi','mi',0,0,0,'insert','2021-04-27 02:26:36',0),
(8,8,18,'FAS 0000018','21','rana','rara',0,0,0,'insert','2021-04-27 03:03:56',0);

/*Table structure for table `m_itemrequestforapproval` */

DROP TABLE IF EXISTS `m_itemrequestforapproval`;

CREATE TABLE `m_itemrequestforapproval` (
  `requestId` int(11) NOT NULL AUTO_INCREMENT,
  `itemId` int(11) DEFAULT NULL,
  `internalItemCode` varchar(20) DEFAULT NULL,
  `itemManufacturingPartNumber` varchar(50) DEFAULT NULL,
  `requestDescription` varchar(500) DEFAULT NULL,
  `userId` int(11) DEFAULT NULL,
  `transDate` datetime DEFAULT CURRENT_TIMESTAMP,
  `isApproved` int(11) DEFAULT '0',
  `approvedUserId` int(11) DEFAULT '0',
  `approvedDateTime` datetime DEFAULT NULL,
  `isDeleted` int(11) DEFAULT '0',
  `deleteDateTime` datetime DEFAULT NULL,
  `deleteUserId` int(11) DEFAULT '0',
  `isActive` tinyint(1) DEFAULT '0',
  `activateDateTime` datetime DEFAULT NULL,
  `activateUserId` int(11) DEFAULT '0',
  `isReject` tinyint(4) DEFAULT '0',
  `rejectDattime` datetime DEFAULT NULL,
  `rejectUserId` int(11) DEFAULT NULL,
  PRIMARY KEY (`requestId`)
) ENGINE=InnoDB AUTO_INCREMENT=35 DEFAULT CHARSET=utf8mb4;

/*Data for the table `m_itemrequestforapproval` */

insert  into `m_itemrequestforapproval`(`requestId`,`itemId`,`internalItemCode`,`itemManufacturingPartNumber`,`requestDescription`,`userId`,`transDate`,`isApproved`,`approvedUserId`,`approvedDateTime`,`isDeleted`,`deleteDateTime`,`deleteUserId`,`isActive`,`activateDateTime`,`activateUserId`,`isReject`,`rejectDattime`,`rejectUserId`) values 
(1,1,'DCC0000001','mpn-9078','Update in store',3,'2021-04-21 00:43:25',1,3,'2021-05-10 00:58:15',0,NULL,0,0,NULL,0,0,'2021-04-21 07:53:47',3),
(2,6,'FAS 0000006','mpn test 09','Test',3,'2021-04-23 04:13:18',0,3,'2021-04-24 03:36:55',0,NULL,0,0,NULL,0,1,'2021-04-27 08:44:09',3),
(3,6,'FAS 0000006','MPN TEST 09','Test2',3,'2021-04-23 04:16:40',0,3,'2021-04-27 08:21:27',0,NULL,0,0,NULL,0,1,'2021-04-27 08:46:33',3),
(4,12,'FAS 0000012','mpn-38908','Update in store',3,'2021-04-24 03:03:16',0,3,'2021-04-27 08:56:13',0,NULL,0,0,NULL,0,1,'2021-04-27 08:56:26',3),
(5,12,'FAS 0000012','MPN-38908','12 no new data',3,'2021-04-27 00:23:45',0,0,NULL,0,NULL,0,0,NULL,0,1,'2021-04-27 08:49:38',3),
(6,12,'FAS 0000012','MPN-38908','Mi',3,'2021-04-27 00:38:29',0,3,'2021-04-27 07:59:30',0,NULL,0,0,NULL,0,1,'2021-04-27 08:52:31',3),
(7,12,'FAS 0000012','MPN-38908','Change some data',3,'2021-04-27 00:58:24',0,3,'2021-04-29 07:57:20',0,NULL,0,0,NULL,0,1,'2021-04-29 07:57:34',3),
(8,2,'FAS 0000002','mpn-12345','Dsd',3,'2021-04-27 01:27:53',0,0,NULL,0,NULL,0,0,NULL,0,1,'2021-04-27 08:43:30',3),
(9,17,'FAS 0000017','1920','Testing purpose value change',3,'2021-04-27 02:27:04',0,3,'2021-04-27 08:56:08',0,NULL,0,0,NULL,0,1,'2021-04-27 08:56:30',3),
(10,19,'FAS 0000019','54','Change data',3,'2021-04-27 06:26:20',0,3,'2021-04-27 08:56:05',0,NULL,0,0,NULL,0,1,'2021-04-27 08:56:34',3),
(11,21,'CON 0000021','65','Update in csm',3,'2021-04-28 01:06:51',1,3,'2021-05-05 20:27:56',0,NULL,0,0,NULL,0,0,NULL,NULL),
(12,21,'CON 0000021','65','Update in csm',3,'2021-04-28 01:06:52',1,3,'2021-04-29 07:56:53',0,NULL,0,0,NULL,0,0,NULL,NULL),
(13,25,'FAS 0000025','MPN-3899','Test update',3,'2021-05-06 01:52:32',0,0,NULL,0,NULL,0,0,NULL,0,0,NULL,NULL),
(14,25,'FAS 0000025','MPN-3899','Test2',3,'2021-05-06 01:55:08',0,0,NULL,0,NULL,0,0,NULL,0,0,NULL,NULL),
(15,25,'FAS 0000025','MPN-3899','Update in store',3,'2021-05-06 01:56:51',0,0,NULL,0,NULL,0,0,NULL,0,0,NULL,NULL),
(16,25,'FAS 0000025','MPN-3899','Test5',3,'2021-05-06 01:58:22',0,0,NULL,0,NULL,0,0,NULL,0,0,NULL,NULL),
(17,25,'FAS 0000025','MPN-3899','Test8',3,'2021-05-06 02:04:24',0,0,NULL,0,NULL,0,0,NULL,0,0,NULL,NULL),
(18,10,'FAS 0000010','mpn-3478','Update',3,'2021-05-07 01:25:55',0,0,NULL,0,NULL,0,0,NULL,0,0,NULL,NULL),
(19,1,'DCC0000001','MPN-9078','Xcx',3,'2021-05-07 03:21:55',1,3,'2021-05-15 07:48:57',0,NULL,0,0,NULL,0,0,NULL,NULL),
(20,1,'DCC0000001','MPN-9078','Xcx',3,'2021-05-07 03:21:57',1,3,'2021-05-15 07:55:55',0,NULL,0,0,NULL,0,0,NULL,NULL),
(21,1,'DCC0000001','MPN-9078','Dd',3,'2021-05-07 03:22:34',1,3,'2021-05-15 07:56:15',0,NULL,0,0,NULL,0,0,NULL,NULL),
(22,39,'FAS 0000039','mpn-347865','Sss',3,'2021-05-07 23:57:22',0,0,NULL,0,NULL,0,0,NULL,0,1,'2021-05-10 04:54:50',3),
(23,39,'FAS 0000039','mpn-347865','Mm',3,'2021-05-08 00:24:34',0,3,'2021-05-10 04:54:16',0,NULL,0,0,NULL,0,0,NULL,NULL),
(24,39,'FAS 0000039','mpn-347865','Yhy',3,'2021-05-08 00:26:10',0,0,NULL,0,NULL,0,0,NULL,0,0,NULL,NULL),
(25,39,'FAS 0000039','MPN-389088','Rack',3,'2021-05-08 00:41:23',0,0,NULL,0,NULL,0,0,NULL,0,0,NULL,NULL),
(26,39,'FAS 0000039','MPN-389088','Ddf',3,'2021-05-08 00:56:39',0,0,NULL,0,NULL,0,0,NULL,0,0,NULL,NULL),
(27,39,'FAS 0000039','MPN-389088','Bbb',3,'2021-05-08 01:12:16',0,0,NULL,0,NULL,0,0,NULL,0,0,NULL,NULL),
(28,39,'FAS 0000039','MPN-389088','Ddb',3,'2021-05-08 01:16:13',0,0,NULL,0,NULL,0,0,NULL,0,0,NULL,NULL),
(29,39,'FAS 0000039','MPN-389088','Ssss',3,'2021-05-08 01:27:47',0,0,NULL,0,NULL,0,0,NULL,0,0,NULL,NULL),
(30,39,'FAS 0000039','MPN-389088','Fvggg',3,'2021-05-08 01:28:46',0,0,NULL,0,NULL,0,0,NULL,0,0,NULL,NULL),
(31,39,'FAS 0000039','MPN-389088','Dhhh',3,'2021-05-08 01:29:15',0,0,NULL,0,NULL,0,0,NULL,0,1,'2021-05-10 23:21:24',3),
(32,39,'FAS 0000039','MPN-389088','Ffff',3,'2021-05-08 01:30:11',0,3,'2021-05-15 07:49:26',0,NULL,0,0,NULL,0,0,NULL,NULL),
(33,1,'DCC0000001','MPN-12345','Add',3,'2021-05-10 04:49:08',0,0,NULL,0,NULL,0,0,NULL,0,0,NULL,NULL),
(34,1,'DCC0000001','MPN-12345','Add',3,'2021-05-10 04:49:47',0,0,NULL,0,NULL,0,0,NULL,0,0,NULL,NULL);

/*Table structure for table `m_itemrequestforapproval_log` */

DROP TABLE IF EXISTS `m_itemrequestforapproval_log`;

CREATE TABLE `m_itemrequestforapproval_log` (
  `logId` int(11) NOT NULL AUTO_INCREMENT,
  `requestId` int(11) DEFAULT NULL,
  `itemId` int(11) DEFAULT NULL,
  `internalItemCode` varchar(20) DEFAULT NULL,
  `itemManufacturingPartNumber` varchar(50) DEFAULT NULL,
  `requestDescription` varchar(500) DEFAULT NULL,
  `isApproved` int(11) DEFAULT '0',
  `userId` int(11) DEFAULT NULL,
  `isDeleted` int(11) DEFAULT '0',
  `userAction` varchar(20) DEFAULT NULL,
  `transDate` datetime DEFAULT CURRENT_TIMESTAMP,
  `isActive` tinyint(1) DEFAULT '0',
  `isReject` tinyint(4) DEFAULT '0',
  `rejectDattime` datetime DEFAULT NULL,
  `rejectUserId` int(11) DEFAULT NULL,
  PRIMARY KEY (`logId`)
) ENGINE=InnoDB AUTO_INCREMENT=108 DEFAULT CHARSET=utf8mb4;

/*Data for the table `m_itemrequestforapproval_log` */

insert  into `m_itemrequestforapproval_log`(`logId`,`requestId`,`itemId`,`internalItemCode`,`itemManufacturingPartNumber`,`requestDescription`,`isApproved`,`userId`,`isDeleted`,`userAction`,`transDate`,`isActive`,`isReject`,`rejectDattime`,`rejectUserId`) values 
(1,1,1,'DCC0000001','mpn-9078','Update in store',0,3,0,'insert','2021-04-21 00:43:25',0,NULL,NULL,NULL),
(2,1,1,'DCC0000001','mpn-9078','Update in store',0,3,0,'Reject','2021-04-21 00:43:25',0,0,NULL,NULL),
(3,2,6,'FAS 0000006','mpn test 09','Test',0,3,0,'insert','2021-04-23 04:13:18',0,0,NULL,NULL),
(4,3,6,'FAS 0000006','MPN TEST 09','Test2',0,3,0,'insert','2021-04-23 04:16:40',0,0,NULL,NULL),
(5,2,6,'FAS 0000006','mpn test 09','Test',0,3,0,'approve','2021-04-23 04:13:18',0,0,NULL,NULL),
(6,4,12,'FAS 0000012','mpn-38908','Update in store',0,3,0,'insert','2021-04-24 03:03:16',0,0,NULL,NULL),
(7,4,12,'FAS 0000012','mpn-38908','Update in store',0,3,0,'approve','2021-04-24 03:03:16',0,0,NULL,NULL),
(8,3,6,'FAS 0000006','MPN TEST 09','Test2',0,3,0,'approve','2021-04-23 04:16:40',0,0,NULL,NULL),
(9,4,12,'FAS 0000012','mpn-38908','Update in store',1,3,0,'approve','2021-04-24 03:03:16',0,0,NULL,NULL),
(10,3,6,'FAS 0000006','MPN TEST 09','Test2',1,3,0,'approve','2021-04-23 04:16:40',0,0,NULL,NULL),
(11,2,6,'FAS 0000006','mpn test 09','Test',1,3,0,'approve','2021-04-23 04:13:18',0,0,NULL,NULL),
(12,2,6,'FAS 0000006','mpn test 09','Test',0,3,0,'Reject','2021-04-23 04:13:18',0,0,NULL,NULL),
(13,4,12,'FAS 0000012','mpn-38908','Update in store',0,3,0,'approve','2021-04-24 03:03:16',0,0,NULL,NULL),
(14,4,12,'FAS 0000012','mpn-38908','Update in store',1,3,0,'approve','2021-04-24 03:03:16',0,0,NULL,NULL),
(15,3,6,'FAS 0000006','MPN TEST 09','Test2',0,3,0,'approve','2021-04-23 04:16:40',0,0,NULL,NULL),
(16,4,12,'FAS 0000012','mpn-38908','Update in store',0,3,0,'approve','2021-04-24 03:03:16',0,0,NULL,NULL),
(17,4,12,'FAS 0000012','mpn-38908','Update in store',1,3,0,'approve','2021-04-24 03:03:16',0,0,NULL,NULL),
(18,4,12,'FAS 0000012','mpn-38908','Update in store',0,3,0,'approve','2021-04-24 03:03:16',0,0,NULL,NULL),
(19,4,12,'FAS 0000012','mpn-38908','Update in store',1,3,0,'approve','2021-04-24 03:03:16',0,0,NULL,NULL),
(20,5,12,'FAS 0000012','MPN-38908','12 no new data',0,3,0,'insert','2021-04-27 00:23:45',0,0,NULL,NULL),
(21,6,12,'FAS 0000012','MPN-38908','Mi',0,3,0,'insert','2021-04-27 00:38:29',0,0,NULL,NULL),
(22,5,12,'FAS 0000012','MPN-38908','12 no new data',0,3,0,'Reject','2021-04-27 00:23:45',0,0,NULL,NULL),
(23,7,12,'FAS 0000012','MPN-38908','Change some data',0,3,0,'insert','2021-04-27 00:58:24',0,0,NULL,NULL),
(24,8,2,'FAS 0000002','mpn-12345','Dsd',0,3,0,'insert','2021-04-27 01:27:53',0,0,NULL,NULL),
(25,9,17,'FAS 0000017','1920','Testing purpose value change',0,3,0,'insert','2021-04-27 02:27:04',0,0,NULL,NULL),
(26,8,2,'FAS 0000002','mpn-12345','Dsd',0,3,0,'Reject','2021-04-27 01:27:53',0,0,NULL,NULL),
(27,6,12,'FAS 0000012','MPN-38908','Mi',0,3,0,'approve','2021-04-27 00:38:29',0,0,NULL,NULL),
(28,10,19,'FAS 0000019','54','Change data',0,3,0,'insert','2021-04-27 06:26:20',0,0,NULL,NULL),
(29,10,19,'FAS 0000019','54','Change data',0,3,0,'Reject','2021-04-27 06:26:20',0,0,NULL,NULL),
(30,3,6,'FAS 0000006','MPN TEST 09','Test2',1,3,0,'approve','2021-04-23 04:16:40',0,0,NULL,NULL),
(31,9,17,'FAS 0000017','1920','Testing purpose value change',0,3,0,'approve','2021-04-27 02:27:04',0,0,NULL,NULL),
(32,7,12,'FAS 0000012','MPN-38908','Change some data',0,3,0,'Reject','2021-04-27 00:58:24',0,0,NULL,NULL),
(33,4,12,'FAS 0000012','mpn-38908','Update in store',0,3,0,'Reject','2021-04-24 03:03:16',0,0,NULL,NULL),
(34,9,17,'FAS 0000017','1920','Testing purpose value change',1,3,0,'approve','2021-04-27 02:27:04',0,0,NULL,NULL),
(35,3,6,'FAS 0000006','MPN TEST 09','Test2',0,3,0,'approve','2021-04-23 04:16:40',0,0,NULL,NULL),
(36,9,17,'FAS 0000017','1920','Testing purpose value change',0,3,0,'Reject','2021-04-27 02:27:04',0,0,NULL,NULL),
(37,6,12,'FAS 0000012','MPN-38908','Mi',1,3,0,'approve','2021-04-27 00:38:29',0,0,NULL,NULL),
(38,6,12,'FAS 0000012','MPN-38908','Mi',0,3,0,'Reject','2021-04-27 00:38:29',0,0,NULL,NULL),
(39,3,6,'FAS 0000006','MPN TEST 09','Test2',1,3,0,'approve','2021-04-23 04:16:40',0,0,NULL,NULL),
(40,3,6,'FAS 0000006','MPN TEST 09','Test2',0,3,0,'Reject','2021-04-23 04:16:40',0,0,NULL,NULL),
(41,1,1,'DCC0000001','mpn-9078','Update in store',0,3,0,'approve','2021-04-21 00:43:25',0,0,NULL,NULL),
(42,8,2,'FAS 0000002','mpn-12345','Dsd',0,3,0,'Reject','2021-04-27 01:27:53',0,0,NULL,NULL),
(43,2,6,'FAS 0000006','mpn test 09','Test',0,3,0,'Reject','2021-04-23 04:13:18',0,0,NULL,NULL),
(44,3,6,'FAS 0000006','MPN TEST 09','Test2',0,3,0,'Reject','2021-04-23 04:16:40',0,0,NULL,NULL),
(45,4,12,'FAS 0000012','mpn-38908','Update in store',0,3,0,'approve','2021-04-24 03:03:16',0,0,NULL,NULL),
(46,5,12,'FAS 0000012','MPN-38908','12 no new data',0,3,0,'Reject','2021-04-27 00:23:45',0,0,NULL,NULL),
(47,6,12,'FAS 0000012','MPN-38908','Mi',0,3,0,'Reject','2021-04-27 00:38:29',0,0,NULL,NULL),
(48,7,12,'FAS 0000012','MPN-38908','Change some data',0,3,0,'approve','2021-04-27 00:58:24',0,0,NULL,NULL),
(49,7,12,'FAS 0000012','MPN-38908','Change some data',1,3,0,'approve','2021-04-27 00:58:24',0,0,NULL,NULL),
(50,7,12,'FAS 0000012','MPN-38908','Change some data',0,3,0,'approve','2021-04-27 00:58:24',0,0,NULL,NULL),
(51,9,17,'FAS 0000017','1920','Testing purpose value change',0,3,0,'approve','2021-04-27 02:27:04',0,0,NULL,NULL),
(52,10,19,'FAS 0000019','54','Change data',0,3,0,'approve','2021-04-27 06:26:20',0,0,NULL,NULL),
(53,10,19,'FAS 0000019','54','Change data',1,3,0,'approve','2021-04-27 06:26:20',0,0,NULL,NULL),
(54,9,17,'FAS 0000017','1920','Testing purpose value change',1,3,0,'approve','2021-04-27 02:27:04',0,0,NULL,NULL),
(55,4,12,'FAS 0000012','mpn-38908','Update in store',1,3,0,'approve','2021-04-24 03:03:16',0,0,NULL,NULL),
(56,4,12,'FAS 0000012','mpn-38908','Update in store',0,3,0,'Reject','2021-04-24 03:03:16',0,0,NULL,NULL),
(57,9,17,'FAS 0000017','1920','Testing purpose value change',0,3,0,'Reject','2021-04-27 02:27:04',0,0,NULL,NULL),
(58,10,19,'FAS 0000019','54','Change data',0,3,0,'Reject','2021-04-27 06:26:20',0,0,NULL,NULL),
(59,11,21,'CON 0000021','65','Update in csm',0,3,0,'insert','2021-04-28 01:06:51',0,0,NULL,NULL),
(60,12,21,'CON 0000021','65','Update in csm',0,3,0,'insert','2021-04-28 01:06:52',0,0,NULL,NULL),
(61,11,21,'CON 0000021','65','Update in csm',0,3,0,'approve','2021-04-28 01:06:51',0,0,NULL,NULL),
(62,12,21,'CON 0000021','65','Update in csm',0,3,0,'approve','2021-04-28 01:06:52',0,0,NULL,NULL),
(63,1,1,'DCC0000001','mpn-9078','Update in store',1,3,0,'approve','2021-04-21 00:43:25',0,0,NULL,NULL),
(64,7,12,'FAS 0000012','MPN-38908','Change some data',1,3,0,'approve','2021-04-27 00:58:24',0,0,NULL,NULL),
(65,11,21,'CON 0000021','65','Update in csm',1,3,0,'approve','2021-04-28 01:06:51',0,0,NULL,NULL),
(66,7,12,'FAS 0000012','MPN-38908','Change some data',0,3,0,'Reject','2021-04-27 00:58:24',0,0,NULL,NULL),
(67,11,21,'CON 0000021','65','Update in csm',0,3,0,'approve','2021-04-28 01:06:51',0,0,NULL,NULL),
(68,13,25,'FAS 0000025','MPN-3899','Test update',0,3,0,'insert','2021-05-06 01:52:32',0,0,NULL,NULL),
(69,14,25,'FAS 0000025','MPN-3899','Test2',0,3,0,'insert','2021-05-06 01:55:08',0,0,NULL,NULL),
(70,15,25,'FAS 0000025','MPN-3899','Update in store',0,3,0,'insert','2021-05-06 01:56:51',0,0,NULL,NULL),
(71,16,25,'FAS 0000025','MPN-3899','Test5',0,3,0,'insert','2021-05-06 01:58:22',0,0,NULL,NULL),
(72,17,25,'FAS 0000025','MPN-3899','Test8',0,3,0,'insert','2021-05-06 02:04:24',0,0,NULL,NULL),
(73,18,10,'FAS 0000010','mpn-3478','Update',0,3,0,'insert','2021-05-07 01:25:55',0,0,NULL,NULL),
(74,19,1,'DCC0000001','MPN-9078','Xcx',0,3,0,'insert','2021-05-07 03:21:55',0,0,NULL,NULL),
(75,20,1,'DCC0000001','MPN-9078','Xcx',0,3,0,'insert','2021-05-07 03:21:57',0,0,NULL,NULL),
(76,21,1,'DCC0000001','MPN-9078','Dd',0,3,0,'insert','2021-05-07 03:22:34',0,0,NULL,NULL),
(77,22,39,'FAS 0000039','mpn-347865','Sss',0,3,0,'insert','2021-05-07 23:57:22',0,0,NULL,NULL),
(78,23,39,'FAS 0000039','mpn-347865','Mm',0,3,0,'insert','2021-05-08 00:24:34',0,0,NULL,NULL),
(79,24,39,'FAS 0000039','mpn-347865','Yhy',0,3,0,'insert','2021-05-08 00:26:10',0,0,NULL,NULL),
(80,25,39,'FAS 0000039','MPN-389088','Rack',0,3,0,'insert','2021-05-08 00:41:23',0,0,NULL,NULL),
(81,26,39,'FAS 0000039','MPN-389088','Ddf',0,3,0,'insert','2021-05-08 00:56:39',0,0,NULL,NULL),
(82,27,39,'FAS 0000039','MPN-389088','Bbb',0,3,0,'insert','2021-05-08 01:12:16',0,0,NULL,NULL),
(83,28,39,'FAS 0000039','MPN-389088','Ddb',0,3,0,'insert','2021-05-08 01:16:13',0,0,NULL,NULL),
(84,29,39,'FAS 0000039','MPN-389088','Ssss',0,3,0,'insert','2021-05-08 01:27:47',0,0,NULL,NULL),
(85,30,39,'FAS 0000039','MPN-389088','Fvggg',0,3,0,'insert','2021-05-08 01:28:46',0,0,NULL,NULL),
(86,31,39,'FAS 0000039','MPN-389088','Dhhh',0,3,0,'insert','2021-05-08 01:29:15',0,0,NULL,NULL),
(87,32,39,'FAS 0000039','MPN-389088','Ffff',0,3,0,'insert','2021-05-08 01:30:11',0,0,NULL,NULL),
(88,1,1,'DCC0000001','mpn-9078','Update in store',0,3,0,'approve','2021-04-21 00:43:25',0,0,NULL,NULL),
(89,19,1,'DCC0000001','MPN-9078','Xcx',0,3,0,'approve','2021-05-07 03:21:55',0,0,NULL,NULL),
(90,20,1,'DCC0000001','MPN-9078','Xcx',0,3,0,'approve','2021-05-07 03:21:57',0,0,NULL,NULL),
(91,33,1,'DCC0000001','MPN-12345','Add',0,3,0,'insert','2021-05-10 04:49:08',0,0,NULL,NULL),
(92,34,1,'DCC0000001','MPN-12345','Add',0,3,0,'insert','2021-05-10 04:49:47',0,0,NULL,NULL),
(93,21,1,'DCC0000001','MPN-9078','Dd',0,3,0,'approve','2021-05-07 03:22:34',0,0,NULL,NULL),
(94,23,39,'FAS 0000039','mpn-347865','Mm',0,3,0,'approve','2021-05-08 00:24:34',0,0,NULL,NULL),
(95,23,39,'FAS 0000039','mpn-347865','Mm',1,3,0,'approve','2021-05-08 00:24:34',0,0,NULL,NULL),
(96,21,1,'DCC0000001','MPN-9078','Dd',1,3,0,'approve','2021-05-07 03:22:34',0,0,NULL,NULL),
(97,22,39,'FAS 0000039','mpn-347865','Sss',0,3,0,'Reject','2021-05-07 23:57:22',0,0,NULL,NULL),
(98,20,1,'DCC0000001','MPN-9078','Xcx',1,3,0,'approve','2021-05-07 03:21:57',0,0,NULL,NULL),
(99,19,1,'DCC0000001','MPN-9078','Xcx',1,3,0,'approve','2021-05-07 03:21:55',0,0,NULL,NULL),
(100,32,39,'FAS 0000039','MPN-389088','Ffff',0,3,0,'approve','2021-05-08 01:30:11',0,0,NULL,NULL),
(101,31,39,'FAS 0000039','MPN-389088','Dhhh',0,3,0,'Reject','2021-05-08 01:29:15',0,0,NULL,NULL),
(102,19,1,'DCC0000001','MPN-9078','Xcx',0,3,0,'approve','2021-05-07 03:21:55',0,0,NULL,NULL),
(103,32,39,'FAS 0000039','MPN-389088','Ffff',1,3,0,'approve','2021-05-08 01:30:11',0,0,NULL,NULL),
(104,20,1,'DCC0000001','MPN-9078','Xcx',0,3,0,'approve','2021-05-07 03:21:57',0,0,NULL,NULL),
(105,20,1,'DCC0000001','MPN-9078','Xcx',1,3,0,'approve','2021-05-07 03:21:57',0,0,NULL,NULL),
(106,20,1,'DCC0000001','MPN-9078','Xcx',0,3,0,'approve','2021-05-07 03:21:57',0,0,NULL,NULL),
(107,21,1,'DCC0000001','MPN-9078','Dd',0,3,0,'approve','2021-05-07 03:22:34',0,0,NULL,NULL);

/*Table structure for table `m_itemtype` */

DROP TABLE IF EXISTS `m_itemtype`;

CREATE TABLE `m_itemtype` (
  `itemTypeId` int(11) NOT NULL AUTO_INCREMENT,
  `itemTypeCode` varchar(10) DEFAULT NULL,
  `itemTypeName` varchar(50) DEFAULT NULL,
  `userId` int(11) DEFAULT NULL,
  `transDate` datetime DEFAULT CURRENT_TIMESTAMP,
  `isApproved` int(11) DEFAULT '0',
  `approvedUserId` int(11) DEFAULT '0',
  `approvedDateTime` datetime DEFAULT NULL,
  `isDeleted` int(11) DEFAULT '0',
  `deleteDateTime` datetime DEFAULT NULL,
  `deleteUserId` int(11) DEFAULT '0',
  `updateCount` int(11) DEFAULT '0',
  `lastUpdateUserId` int(11) DEFAULT '0',
  `isActive` tinyint(1) DEFAULT '0',
  `activateDateTime` datetime DEFAULT NULL,
  `activateUserId` int(11) DEFAULT '0',
  `itemTypeUrl` varchar(200) DEFAULT NULL,
  PRIMARY KEY (`itemTypeId`)
) ENGINE=InnoDB AUTO_INCREMENT=165 DEFAULT CHARSET=utf8mb4;

/*Data for the table `m_itemtype` */

insert  into `m_itemtype`(`itemTypeId`,`itemTypeCode`,`itemTypeName`,`userId`,`transDate`,`isApproved`,`approvedUserId`,`approvedDateTime`,`isDeleted`,`deleteDateTime`,`deleteUserId`,`updateCount`,`lastUpdateUserId`,`isActive`,`activateDateTime`,`activateUserId`,`itemTypeUrl`) values 
(6,'F','Fixed Asset',0,'2020-09-12 20:07:52',1,3,'2020-10-06 14:46:53',0,NULL,0,0,0,0,NULL,0,'/ItemTypeImages/FixedAssets.jpg'),
(11,'F','Fastener',0,'2020-09-18 10:56:32',0,3,'2021-01-27 09:17:06',0,NULL,0,2,0,0,NULL,0,'/ItemTypeImages/Fastner.png'),
(12,'AC','Component',0,'2020-09-18 10:56:32',1,3,'2021-04-13 02:55:20',1,'2021-04-17 07:51:27',3,3,3,0,NULL,0,'/ItemTypeImages/ACComonent.png'),
(13,'DC','DC Component',0,'2020-09-18 10:56:32',1,3,'2020-10-27 09:38:21',0,NULL,0,1,3,0,NULL,0,'/ItemTypeImages/DCComponent.png'),
(14,'EC','Electronic Compnent',0,'2020-09-18 10:56:32',1,3,'2020-10-27 09:38:23',0,NULL,0,0,0,0,NULL,0,'/ItemTypeImages/ElectronicComponent.png'),
(15,'PC','Pneumatic Component',0,'2020-09-18 10:56:32',1,3,'2020-10-27 09:38:25',0,NULL,0,0,0,0,NULL,0,'/ItemTypeImages/pneumatic.png'),
(16,'MC','Motion Component',0,'2020-09-18 10:56:32',1,3,'2020-10-27 09:38:27',0,NULL,0,0,0,0,NULL,0,'/ItemTypeImages/MotionComponent.png'),
(17,'C','Cable',0,'2020-09-18 10:56:32',1,3,'2020-10-27 09:38:29',1,'2021-04-13 02:57:38',3,0,0,0,NULL,0,'/ItemTypeImages/Cable.png'),
(18,'HW','Hardware',0,'2020-09-18 10:56:32',1,3,'2020-10-27 09:38:31',1,'2021-04-17 08:15:00',3,0,0,0,NULL,0,'/ItemTypeImages/Hardware.png'),
(19,'C FOR','Connector',0,'2020-09-18 10:56:32',0,3,'2021-05-17 02:30:32',0,NULL,0,2,3,0,NULL,0,'/ItemTypeImages/connector.jpg'),
(20,'EP','Electronic Part',0,'2020-09-18 10:56:32',1,3,'2020-10-06 14:46:46',0,NULL,0,0,0,0,NULL,0,'/ItemTypeImages/ElectronicPart.jpg'),
(21,'CP','Computer Peripheral Devices',0,'2020-09-18 10:56:32',0,3,'2021-01-11 16:21:11',1,'2021-04-17 07:51:50',3,0,0,0,NULL,0,'/ItemTypeImages/ComputerPeripheral.jpg'),
(22,'O','Others',0,'2020-09-18 10:56:32',1,3,'2020-12-10 11:30:03',0,NULL,0,0,0,0,NULL,0,'/ItemTypeImages/Others.png'),
(23,'RF ','RF Component',0,'2020-09-28 19:39:26',1,3,'2020-12-10 11:30:11',0,NULL,0,1,0,0,NULL,0,'/ItemTypeImages/RFComponent.png'),
(24,'D','Designer',3,'2020-10-06 14:45:09',1,3,'2020-12-10 11:29:56',0,NULL,0,0,0,0,NULL,0,'/ItemTypeImages/Designer.png'),
(25,'C','Consumable ',3,'2020-10-06 14:52:43',0,0,NULL,0,'2020-10-06 14:52:59',3,0,0,0,NULL,0,NULL),
(26,'S','Sensor',3,'2020-10-23 11:09:45',0,0,NULL,0,'2020-10-23 11:14:33',3,0,0,0,NULL,0,NULL),
(27,'S','Spring',3,'2020-10-23 11:13:52',0,0,NULL,0,'2020-10-23 11:14:23',3,0,0,0,NULL,0,NULL),
(28,'P','Probe',10,'2020-10-26 18:55:19',0,0,NULL,0,'2020-10-26 18:55:27',10,0,0,0,NULL,0,NULL),
(29,'RM','Raw Material',3,'2020-10-27 19:16:56',1,3,'2020-12-10 11:30:06',0,NULL,0,1,3,0,NULL,0,'/ItemTypeImages/RawMeterial.png'),
(33,'SMD','Hardware - SMD',3,'2020-12-10 11:30:20',1,3,'2020-12-10 11:30:31',0,'2020-12-10 11:30:46',3,1,3,0,NULL,0,NULL),
(34,'HSC','Hardware - Structure Component',3,'2021-01-02 19:11:39',0,0,NULL,0,'2021-01-02 19:24:55',3,0,0,0,NULL,0,NULL),
(35,'PCB','PCB',3,'2021-01-02 19:22:59',0,0,NULL,0,'2021-01-02 19:24:59',3,0,0,0,NULL,0,NULL),
(36,'EH','Electronic Hardware',3,'2021-01-02 19:26:31',0,0,NULL,0,'2021-01-02 19:29:28',3,0,0,0,NULL,0,NULL),
(37,'R','Relay',3,'2021-01-02 19:29:38',0,0,NULL,0,'2021-01-02 19:30:54',3,0,0,0,NULL,0,NULL),
(38,'ML','Motion - Linear',3,'2021-01-02 19:31:12',1,0,'2021-01-04 10:06:03',0,NULL,0,1,3,0,NULL,0,'/ItemTypeImages/202101045706_itemtypeDemoDM.png'),
(39,'T','Tool',3,'2021-01-04 13:18:05',0,0,NULL,0,'2021-01-04 14:16:02',3,1,3,0,NULL,0,'/ItemTypeImages/202101041541_itemtypeItemtypeI.jpg'),
(40,'L','Label',3,'2021-01-04 14:22:12',1,3,'2021-01-04 14:22:25',1,'2021-04-28 02:30:31',3,0,0,0,NULL,0,'/ItemTypeImages/202101041541_itemtypeItemtypeI.jpg'),
(41,'MB','Motion - Belt',3,'2021-01-04 15:50:20',0,0,NULL,0,'2021-01-09 09:35:55',3,0,0,0,NULL,0,'/ItemTypeImages/202101045017_itemtypedemo1de.jpg'),
(42,'GC','Gender Changer',3,'2021-01-09 09:11:30',0,0,NULL,1,'2021-02-24 20:41:27',3,0,0,0,NULL,0,'/ItemTypeImages/202101091126_itemtypeN3ew12New.png'),
(43,'HF','Hardware - Fixture',3,'2021-01-18 13:44:06',0,0,NULL,0,'2021-01-18 14:45:58',3,0,0,0,NULL,0,'/ItemTypeImages/202101184403_itemtypeDemoItemTypeDI.png'),
(45,'PS','Power Supply',3,'2021-01-21 16:34:44',0,0,NULL,0,NULL,0,0,0,0,NULL,0,NULL),
(46,'O','Oring',3,'2021-01-21 19:19:00',0,0,NULL,0,'2021-01-21 22:51:47',3,0,0,0,NULL,0,NULL),
(47,'MC','Motion - Communication',3,'2021-01-21 21:11:17',1,3,'2021-01-21 21:13:09',0,'2021-01-21 22:52:02',3,0,0,0,NULL,0,NULL),
(48,'MM','Motion - Motor',3,'2021-01-21 21:14:02',0,0,NULL,0,'2021-01-21 22:51:55',3,0,0,0,NULL,0,NULL),
(49,'F','Fan',3,'2021-01-21 21:30:40',0,0,NULL,0,NULL,0,0,0,0,NULL,0,NULL),
(50,'TSP','Tester Spare Part',3,'2021-01-22 00:53:31',0,0,NULL,0,NULL,0,0,0,0,NULL,0,NULL),
(51,'A','Adaptor',3,'2021-01-22 06:40:51',0,0,NULL,1,'2021-04-13 02:56:31',3,0,0,0,NULL,0,NULL),
(52,'C','Camera',NULL,'2021-01-28 19:27:33',0,0,NULL,1,'2021-04-13 02:57:46',3,0,0,0,NULL,0,NULL),
(53,'PA','Power Adaptor',NULL,'2021-01-28 19:29:39',0,0,NULL,0,NULL,0,0,0,0,NULL,0,NULL),
(54,'GS','Gas Spring',NULL,'2021-01-28 19:32:29',0,0,NULL,0,NULL,0,0,0,0,NULL,0,NULL),
(55,'M','Motion',NULL,'2021-01-28 19:34:26',0,0,NULL,0,NULL,0,0,0,0,NULL,0,NULL),
(56,'MS','Micro Switch',NULL,'2021-01-28 19:36:28',0,0,NULL,0,NULL,0,0,0,0,NULL,0,NULL),
(57,'C','Converter',NULL,'2021-01-28 19:37:47',0,0,NULL,0,NULL,0,0,0,0,NULL,0,NULL),
(58,'ME','Motion - Electronic ',NULL,'2021-01-28 19:39:10',0,0,NULL,0,NULL,0,0,0,0,NULL,0,NULL),
(59,'TP','Test Probe',NULL,'2021-01-28 19:39:58',0,0,NULL,1,'2021-04-28 02:32:24',3,0,0,0,NULL,0,NULL),
(60,'ECH','Electronic Component - Heatsink',NULL,'2021-01-28 19:42:42',0,0,NULL,0,NULL,0,0,0,0,NULL,0,NULL),
(61,'ITEM','Item  type',3,'2021-02-17 22:19:04',0,0,NULL,1,'2021-02-17 22:20:59',3,1,3,0,NULL,0,'/ItemTypeImages/202102184857_itemtypeitemtypeitem.jpg'),
(62,'FFF','Cccff',3,'2021-04-02 09:57:17',1,3,'2021-04-02 09:57:40',1,'2021-04-02 09:57:59',3,1,3,0,NULL,0,'/ItemTypeImages/202104022710_itemtypecccfff.jpeg'),
(63,'CZXCX','Vvcbvb',3,'2021-04-03 05:13:58',0,0,NULL,1,'2021-04-03 05:14:29',3,0,0,0,NULL,0,''),
(64,'AR','VOLTER',3,'2021-04-06 05:42:44',0,0,NULL,1,'2021-04-06 05:43:13',3,0,0,0,NULL,0,'/ItemTypeImages/202104064238_itemtypeVOLTERAR.png'),
(65,'it','item type2',3,'2021-04-08 04:43:05',0,0,NULL,1,'2021-04-28 02:30:15',3,0,0,0,NULL,0,NULL),
(66,'FI','Field item type',3,'2021-04-08 05:06:23',0,0,NULL,1,'2021-04-28 02:33:23',3,0,0,0,NULL,0,NULL),
(67,'AA','HJ',3,'2021-04-13 02:54:39',1,3,'2021-04-13 02:55:06',1,'2021-04-28 02:29:18',3,0,0,0,NULL,0,''),
(68,'A','A1',3,'2021-04-13 02:58:18',0,0,NULL,1,'2021-04-14 03:08:40',3,1,3,0,NULL,0,''),
(69,'IT1','It2',0,'2021-04-13 09:10:41',0,0,NULL,1,'2021-04-28 02:29:39',3,0,0,0,NULL,0,NULL),
(70,'IT3','It4',0,'2021-04-13 09:10:42',0,0,NULL,1,'2021-04-28 02:29:57',3,0,0,0,NULL,0,NULL),
(71,'PAPA','Papa3',3,'2021-04-14 03:05:59',1,3,'2021-04-14 03:06:41',1,'2021-04-14 03:07:21',3,0,0,0,NULL,0,''),
(72,NULL,'TYPE1',0,'2021-04-14 05:15:21',0,0,NULL,1,'2021-04-28 02:32:40',3,0,0,0,NULL,0,NULL),
(73,'HAHA','Yaya',3,'2021-04-17 07:49:35',1,3,'2021-04-17 07:49:52',1,'2021-04-28 02:32:50',3,0,0,0,NULL,0,''),
(74,'kap','kapil',3,'2021-04-19 01:20:19',0,0,NULL,1,'2021-04-21 23:48:30',3,0,0,0,NULL,0,NULL),
(75,'rana','ranaji ram',3,'2021-04-19 01:23:18',0,0,NULL,1,'2021-04-28 02:31:13',3,0,0,0,NULL,0,NULL),
(76,'ADAPTOR123','Adp',3,'2021-04-19 01:28:16',1,3,'2021-05-20 09:01:27',0,NULL,0,11,3,0,NULL,0,'/ItemTypeImages/202104264004_itemtypeAdpAdp.png'),
(77,NULL,'IRON MAN',0,'2021-04-19 01:41:27',0,0,NULL,1,'2021-04-28 02:29:30',3,0,0,0,NULL,0,NULL),
(78,'ram','ravan',3,'2021-04-19 05:29:53',0,0,NULL,1,'2021-04-28 02:31:28',3,0,0,0,NULL,0,NULL),
(79,'COMPONENT','Component',3,'2021-04-19 06:12:31',0,0,NULL,0,NULL,0,2,3,0,NULL,0,'/ItemTypeImages/202104260321_itemtypeComponentComponent.png'),
(80,'kapil','gaga',3,'2021-04-20 05:53:01',0,0,NULL,1,'2021-04-21 23:48:22',3,0,0,0,NULL,0,NULL),
(81,'lalit','lt',3,'2021-04-20 05:57:35',0,0,NULL,1,'2021-04-28 02:30:40',3,0,0,0,NULL,0,NULL),
(82,'sitaram','sita',3,'2021-04-21 02:06:12',0,0,NULL,1,'2021-04-28 02:31:54',3,0,0,0,NULL,0,NULL),
(83,',BXSJBC',',nbcxjkH',3,'2021-04-21 02:06:54',0,0,NULL,1,'2021-04-22 06:36:22',3,3,3,0,NULL,0,'/ItemTypeImages/202104225448_itemtype%2cnbcxjkH%2cBXSJBC.png'),
(84,'SALONI','Singh',3,'2021-04-21 06:46:40',0,0,NULL,1,'2021-04-21 06:46:54',3,0,0,0,NULL,0,''),
(85,'HFHF','Hghv',3,'2021-04-21 07:28:31',0,0,NULL,1,'2021-04-28 02:29:02',3,0,0,0,NULL,0,''),
(88,'TEST KISHA','Test',3,'2021-04-21 07:29:27',0,0,NULL,1,'2021-04-28 02:32:13',3,0,0,0,NULL,0,''),
(89,'KISHAN','Kishan',3,'2021-04-21 07:29:51',0,0,NULL,1,'2021-04-28 02:30:24',3,0,0,0,NULL,0,''),
(90,'IT15','It24',0,'2021-04-22 03:21:47',0,0,NULL,1,'2021-04-28 02:29:46',3,0,0,0,NULL,0,NULL),
(91,'IT36','It45',0,'2021-04-22 03:21:48',0,0,NULL,1,'2021-04-28 02:30:06',3,0,0,0,NULL,0,NULL),
(92,'ADP KAP','Adoptor k',0,'2021-04-22 06:16:35',1,3,'2021-04-22 06:16:57',1,'2021-04-22 06:17:15',3,0,0,0,NULL,0,NULL),
(93,'FGFH','Gfh',3,'2021-04-22 06:45:59',0,0,NULL,1,'2021-04-28 02:28:37',3,0,0,0,NULL,0,'/ItemTypeImages/202104221541_itemtype.png'),
(94,'DDD','Sss',3,'2021-04-25 04:53:17',0,0,NULL,1,'2021-04-28 02:32:04',3,0,0,0,NULL,0,'/ItemTypeImages/202104252310_itemtypessssss.png'),
(95,'code111','code222',3,'2021-04-26 01:07:00',0,0,NULL,1,'2021-04-28 02:28:09',3,0,0,0,NULL,0,NULL),
(96,'ram','ram2',3,'2021-04-29 01:42:01',0,0,NULL,0,NULL,0,0,0,0,NULL,0,NULL),
(97,'kap','rana',3,'2021-04-29 01:42:36',0,0,NULL,0,NULL,0,0,0,0,NULL,0,NULL),
(98,'rana','kap',3,'2021-04-29 01:44:56',0,0,NULL,0,NULL,0,0,0,0,NULL,0,NULL),
(99,'mama','kaka',3,'2021-04-29 06:41:29',0,0,NULL,0,NULL,0,0,0,0,NULL,0,NULL),
(100,'itm21','item21',3,'2021-04-29 06:42:22',0,0,NULL,0,NULL,0,0,0,0,NULL,0,NULL),
(101,'21','Jjjjj',3,'2021-04-29 06:43:15',1,3,'2021-05-03 08:30:46',0,NULL,0,1,3,0,NULL,0,''),
(102,'sdfds','sdsfdsfdg',3,'2021-04-29 06:58:03',0,0,NULL,0,NULL,0,0,0,0,NULL,0,NULL),
(103,'616','616',3,'2021-04-30 00:44:08',0,0,NULL,1,'2021-05-03 08:31:15',3,0,0,0,NULL,0,NULL),
(104,'HEAT','HEATER',3,'2021-04-30 00:44:58',0,0,NULL,0,NULL,0,0,0,0,NULL,0,NULL),
(105,'RA','RAM',3,'2021-04-30 00:45:32',0,0,NULL,0,NULL,0,0,0,0,NULL,0,NULL),
(106,'MO','MOTO',3,'2021-04-30 00:47:45',0,0,NULL,0,NULL,0,0,0,0,NULL,0,NULL),
(107,'PAPA','Jat',3,'2021-05-03 08:26:58',1,3,'2021-05-03 08:27:14',0,NULL,0,1,3,0,NULL,0,'/ItemTypeImages/202105032656_itemtypelalalala.png'),
(108,'EURO','Zaz',0,'2021-05-03 08:29:57',0,0,NULL,0,NULL,0,1,3,0,NULL,0,''),
(109,'happy','happy',3,'2021-05-05 07:36:37',0,0,NULL,0,NULL,0,0,0,0,NULL,0,NULL),
(110,'nokia','nokia1',3,'2021-05-05 07:39:51',0,0,NULL,0,NULL,0,0,0,0,NULL,0,NULL),
(111,NULL,'RAVAN',0,'2021-05-05 07:46:10',0,0,NULL,0,NULL,0,0,0,0,NULL,0,NULL),
(112,'gaga','gaga',3,'2021-05-05 08:07:41',0,0,NULL,0,NULL,0,0,0,0,NULL,0,NULL),
(113,NULL,'YAMA',0,'2021-05-05 08:10:59',0,0,NULL,0,NULL,0,0,0,0,NULL,0,NULL),
(114,'gamaa','tara',3,'2021-05-05 08:20:37',0,0,NULL,0,NULL,0,0,0,0,NULL,0,NULL),
(115,'ropad','ropad',3,'2021-05-05 08:21:32',0,0,NULL,0,NULL,0,0,0,0,NULL,0,NULL),
(116,'poopoo','poopoo',3,'2021-05-05 08:22:44',0,0,NULL,0,NULL,0,0,0,0,NULL,0,NULL),
(117,'EDC','Electric Discharge Unit',3,'2021-05-10 04:15:00',0,0,NULL,0,NULL,0,0,0,0,NULL,0,'/ItemTypeImages/202105101456_itemtypeElectricDischargeUnitElectricDischargeUnit.png'),
(118,'Cup','Drinking cup',3,'2021-05-10 04:39:11',0,0,NULL,0,NULL,0,0,0,0,NULL,0,NULL),
(119,'ITEM1','Tn1',0,'2021-05-14 06:08:57',0,0,NULL,0,NULL,0,0,0,0,NULL,0,NULL),
(120,'ITEM2','Tn2',0,'2021-05-14 06:08:57',0,0,NULL,0,NULL,0,0,0,0,NULL,0,NULL),
(121,'ITEM3','Tn3',0,'2021-05-14 06:08:57',0,0,NULL,0,NULL,0,0,0,0,NULL,0,NULL),
(122,'ITEM4','Tn4',0,'2021-05-14 06:08:57',0,0,NULL,0,NULL,0,0,0,0,NULL,0,NULL),
(123,'ITEM5','Tn5',0,'2021-05-14 06:08:57',0,0,NULL,0,NULL,0,0,0,0,NULL,0,NULL),
(124,'ITEM6','Tn6',0,'2021-05-14 06:08:57',0,0,NULL,0,NULL,0,0,0,0,NULL,0,NULL),
(125,'ITEM7','Tn7',0,'2021-05-14 06:08:57',0,0,NULL,0,NULL,0,0,0,0,NULL,0,NULL),
(126,'ITEM8','Tn8',0,'2021-05-14 06:08:57',0,0,NULL,0,NULL,0,0,0,0,NULL,0,NULL),
(127,'ITEM9','Tn9',0,'2021-05-14 06:08:57',0,0,NULL,0,NULL,0,0,0,0,NULL,0,NULL),
(128,'ITEM10','Tn10',0,'2021-05-14 06:08:57',0,0,NULL,0,NULL,0,0,0,0,NULL,0,NULL),
(129,'ITEM11','Tn11',0,'2021-05-14 06:08:57',0,0,NULL,0,NULL,0,0,0,0,NULL,0,NULL),
(130,'ITEM12','Tn12',0,'2021-05-14 06:08:57',0,0,NULL,0,NULL,0,0,0,0,NULL,0,NULL),
(131,'ITEM13','Tn13',0,'2021-05-14 06:08:57',0,0,NULL,0,NULL,0,0,0,0,NULL,0,NULL),
(132,'ITEM14','Tn14',0,'2021-05-14 06:08:57',0,0,NULL,0,NULL,0,0,0,0,NULL,0,NULL),
(133,'ITEM15','Tn15',0,'2021-05-14 06:08:57',0,0,NULL,0,NULL,0,0,0,0,NULL,0,NULL),
(134,'ITEM16','Tn16',0,'2021-05-14 06:08:57',0,0,NULL,0,NULL,0,0,0,0,NULL,0,NULL),
(135,'ITEM17','Tn17',0,'2021-05-14 06:08:57',0,0,NULL,0,NULL,0,0,0,0,NULL,0,NULL),
(136,'ITEM18','Tn18',0,'2021-05-14 06:08:57',0,0,NULL,0,NULL,0,0,0,0,NULL,0,NULL),
(137,'ITEM19','Tn19',0,'2021-05-14 06:08:57',0,0,NULL,0,NULL,0,0,0,0,NULL,0,NULL),
(138,'ITEM20','Tn20',0,'2021-05-14 06:08:57',0,0,NULL,0,NULL,0,0,0,0,NULL,0,NULL),
(139,'ITEM21','Tn21',0,'2021-05-14 06:08:57',0,0,NULL,0,NULL,0,0,0,0,NULL,0,NULL),
(140,'ITEM22','Tn22',0,'2021-05-14 06:08:57',0,0,NULL,0,NULL,0,0,0,0,NULL,0,NULL),
(141,'ITEM23','Tn23',0,'2021-05-14 06:08:57',0,0,NULL,0,NULL,0,0,0,0,NULL,0,NULL),
(142,'ITEM24','Tn24',0,'2021-05-14 06:08:57',0,0,NULL,0,NULL,0,0,0,0,NULL,0,NULL),
(143,'ITEM25','Tn25',0,'2021-05-14 06:08:57',0,0,NULL,0,NULL,0,0,0,0,NULL,0,NULL),
(144,NULL,'ITEMTYPENAME1',0,'2021-05-16 23:22:12',0,0,NULL,0,NULL,0,0,0,0,NULL,0,NULL),
(145,NULL,'ItemTypeName2',0,'2021-05-16 23:22:12',0,0,NULL,0,NULL,0,0,0,0,NULL,0,NULL),
(146,NULL,'ItemTypeName3',0,'2021-05-16 23:22:12',0,0,NULL,0,NULL,0,0,0,0,NULL,0,NULL),
(147,NULL,'ItemTypeName4',0,'2021-05-16 23:22:12',0,0,NULL,0,NULL,0,0,0,0,NULL,0,NULL),
(148,NULL,'ItemTypeName5',0,'2021-05-16 23:22:12',0,0,NULL,0,NULL,0,0,0,0,NULL,0,NULL),
(149,NULL,'ItemTypeName6',0,'2021-05-16 23:22:12',0,0,NULL,0,NULL,0,0,0,0,NULL,0,NULL),
(150,NULL,'ItemTypeName7',0,'2021-05-16 23:22:12',0,0,NULL,0,NULL,0,0,0,0,NULL,0,NULL),
(151,NULL,'ItemTypeName8',0,'2021-05-16 23:22:12',0,0,NULL,0,NULL,0,0,0,0,NULL,0,NULL),
(152,NULL,'ItemTypeName9',0,'2021-05-16 23:22:12',0,0,NULL,0,NULL,0,0,0,0,NULL,0,NULL),
(153,NULL,'ItemTypeName10',0,'2021-05-16 23:22:12',0,0,NULL,0,NULL,0,0,0,0,NULL,0,NULL),
(154,NULL,'ItemTypeName11',0,'2021-05-16 23:22:12',0,0,NULL,0,NULL,0,0,0,0,NULL,0,NULL),
(155,NULL,'ItemTypeName12',0,'2021-05-16 23:22:12',0,0,NULL,0,NULL,0,0,0,0,NULL,0,NULL),
(156,NULL,'ItemTypeName13',0,'2021-05-16 23:22:12',0,0,NULL,0,NULL,0,0,0,0,NULL,0,NULL),
(157,NULL,'ItemTypeName14',0,'2021-05-16 23:22:12',0,0,NULL,0,NULL,0,0,0,0,NULL,0,NULL),
(158,NULL,'ItemTypeName15',0,'2021-05-16 23:22:12',0,0,NULL,0,NULL,0,0,0,0,NULL,0,NULL),
(159,NULL,'ItemTypeName16',0,'2021-05-16 23:22:12',0,0,NULL,0,NULL,0,0,0,0,NULL,0,NULL),
(160,NULL,'ItemTypeName17',0,'2021-05-16 23:22:12',0,0,NULL,0,NULL,0,0,0,0,NULL,0,NULL),
(161,NULL,'ItemTypeName18',0,'2021-05-16 23:22:12',0,0,NULL,0,NULL,0,0,0,0,NULL,0,NULL),
(162,NULL,'ItemTypeName19',0,'2021-05-16 23:22:12',0,0,NULL,0,NULL,0,0,0,0,NULL,0,NULL),
(163,NULL,'ItemTypeName20',0,'2021-05-16 23:22:13',0,0,NULL,0,NULL,0,0,0,0,NULL,0,NULL),
(164,'FI','ff',3,'2021-05-17 08:06:46',0,0,NULL,0,NULL,0,0,0,0,NULL,0,NULL);

/*Table structure for table `m_itemtype_log` */

DROP TABLE IF EXISTS `m_itemtype_log`;

CREATE TABLE `m_itemtype_log` (
  `logId` int(11) NOT NULL AUTO_INCREMENT,
  `itemTypeId` int(11) DEFAULT NULL,
  `itemTypeCode` varchar(10) DEFAULT NULL,
  `itemTypeName` varchar(50) DEFAULT NULL,
  `isApproved` int(11) DEFAULT '0',
  `userId` int(11) DEFAULT NULL,
  `isDeleted` int(11) DEFAULT '0',
  `userAction` varchar(20) DEFAULT NULL,
  `transDate` datetime DEFAULT CURRENT_TIMESTAMP,
  `isActive` tinyint(1) DEFAULT '0',
  `itemTypeUrl` varchar(200) DEFAULT NULL,
  PRIMARY KEY (`logId`)
) ENGINE=InnoDB AUTO_INCREMENT=274 DEFAULT CHARSET=utf8mb4;

/*Data for the table `m_itemtype_log` */

insert  into `m_itemtype_log`(`logId`,`itemTypeId`,`itemTypeCode`,`itemTypeName`,`isApproved`,`userId`,`isDeleted`,`userAction`,`transDate`,`isActive`,`itemTypeUrl`) values 
(13,6,'F','Fixed Asset',0,0,0,'insert','2020-09-12 20:07:52',0,NULL),
(14,7,'SD','Vsd',0,0,0,'insert','2020-09-12 20:08:08',0,NULL),
(15,7,'SD','Vsd',0,0,0,'update','2020-09-12 20:08:08',0,NULL),
(16,7,'SD','Vsd',0,0,0,'delete','2020-09-12 20:08:08',0,NULL),
(17,8,'RM','Raw Material',0,0,0,'insert','2020-09-12 20:08:45',0,NULL),
(18,8,'RM','Raw Material',0,0,0,'delete','2020-09-12 20:08:45',0,NULL),
(19,9,'G','Ggg',0,0,0,'insert','2020-09-14 12:11:44',0,NULL),
(20,9,'G','Ggg',0,0,0,'update','2020-09-14 12:11:44',0,NULL),
(21,9,'G','Ggg',0,0,0,'delete','2020-09-14 12:11:44',0,NULL),
(22,10,'ERTS','Erre',0,0,0,'insert','2020-09-17 19:03:30',0,NULL),
(23,10,'ERTS','Erre',0,0,0,'update','2020-09-17 19:03:30',0,NULL),
(24,10,'ERTS','Erre',0,0,0,'delete','2020-09-17 19:03:30',0,NULL),
(25,11,'F','Fastener',0,0,0,'update','2020-09-18 10:56:32',0,NULL),
(26,11,'F','	Fixed Asset',0,0,0,'update','2020-09-18 10:56:32',0,NULL),
(27,23,'FE','Fe',0,0,0,'insert','2020-09-28 19:39:26',0,NULL),
(28,23,'FE','Fe',0,0,0,'update','2020-09-28 19:39:26',0,NULL),
(29,12,'AC','AC Component',0,0,0,'update','2020-09-18 10:56:32',0,NULL),
(30,6,'F','Fixed Asset',0,0,0,'approve','2020-09-12 20:07:52',0,NULL),
(31,11,'F','Fastner',0,0,0,'approve','2020-09-18 10:56:32',0,NULL),
(32,11,'F','Fastner',1,0,0,'approve','2020-09-18 10:56:32',0,NULL),
(33,6,'F','Fixed Asset',1,0,0,'approve','2020-09-12 20:07:52',0,NULL),
(34,24,'D','Designer',0,3,0,'insert','2020-10-06 14:45:09',0,NULL),
(35,20,'EP','Electronic Part',0,0,0,'approve','2020-09-18 10:56:32',0,NULL),
(36,6,'F','Fixed Asset',0,0,0,'approve','2020-09-12 20:07:52',0,NULL),
(37,11,'F','Fastner',0,0,0,'approve','2020-09-18 10:56:32',0,NULL),
(38,12,'AC','AC Component',0,0,0,'approve','2020-09-18 10:56:32',0,NULL),
(39,13,'DC','DC Component',0,0,0,'update','2020-09-18 10:56:32',0,NULL),
(40,25,'KBH','Hjg',0,3,0,'insert','2020-10-06 14:52:43',0,NULL),
(41,25,'KBH','Hjg',0,3,0,'delete','2020-10-06 14:52:43',0,NULL),
(42,26,'43`','Fddg',0,3,0,'insert','2020-10-23 11:09:45',0,NULL),
(43,27,'DF','Dfdf',0,3,0,'insert','2020-10-23 11:13:52',0,NULL),
(44,27,'DF','Dfdf',0,3,0,'delete','2020-10-23 11:13:52',0,NULL),
(45,26,'43`','Fddg',0,3,0,'delete','2020-10-23 11:09:45',0,NULL),
(46,28,'SD','Sd',0,10,0,'insert','2020-10-26 18:55:19',0,NULL),
(47,28,'SD','Sd',0,10,0,'delete','2020-10-26 18:55:19',0,NULL),
(48,13,'DC','DC Component',0,0,0,'approve','2020-09-18 10:56:32',0,NULL),
(49,14,'EC','Electronic Component',0,0,0,'approve','2020-09-18 10:56:32',0,NULL),
(50,15,'PC','Pneumatic Component',0,0,0,'approve','2020-09-18 10:56:32',0,NULL),
(51,16,'MC','Motion Component',0,0,0,'approve','2020-09-18 10:56:32',0,NULL),
(52,17,'C','Cable',0,0,0,'approve','2020-09-18 10:56:32',0,NULL),
(53,18,'HW','Hardware',0,0,0,'approve','2020-09-18 10:56:32',0,NULL),
(54,29,'RM','RAW MATERIAL',0,3,0,'insert','2020-10-27 19:16:56',0,NULL),
(55,29,'RM','RAW MATERIAL',0,3,0,'update','2020-10-27 19:16:56',0,NULL),
(56,30,'dfdsf','dfsf',0,3,0,'insert','2020-10-28 19:52:28',0,NULL),
(57,31,'f1','f1',0,10,0,'insert','2020-10-28 20:04:54',0,NULL),
(58,32,'it1','it1',0,10,0,'insert','2020-10-28 21:27:32',0,NULL),
(59,21,'CP','Computer Peripheral',0,0,0,'approve','2020-09-18 10:56:32',0,NULL),
(60,19,'C','Connector',0,0,0,'approve','2020-09-18 10:56:32',0,NULL),
(61,24,'D','Designer',0,3,0,'approve','2020-10-06 14:45:09',0,NULL),
(62,22,'O','Others',0,0,0,'approve','2020-09-18 10:56:32',0,NULL),
(63,29,'RM','Raw Material',0,3,0,'approve','2020-10-27 19:16:56',0,NULL),
(64,23,'RF ','RF Component',0,0,0,'approve','2020-09-28 19:39:26',0,NULL),
(65,33,'HH','Ghg',0,3,0,'insert','2020-12-10 11:30:20',0,NULL),
(66,33,'HH','Ghg',0,3,0,'approve','2020-12-10 11:30:20',0,NULL),
(67,33,'HH','Ghg',0,3,0,'update','2020-12-10 11:30:20',0,NULL),
(68,33,'HHOOO','Ghg',0,3,0,'delete','2020-12-10 11:30:20',0,NULL),
(69,34,'DM','Demo',0,3,0,'insert','2021-01-02 19:11:39',0,NULL),
(70,35,'DM1','Demo11',0,3,0,'insert','2021-01-02 19:22:59',0,NULL),
(71,34,'DM','Demo',0,3,0,'delete','2021-01-02 19:11:39',0,NULL),
(72,35,'DM1','Demo11',0,3,0,'delete','2021-01-02 19:22:59',0,NULL),
(73,36,'DM','Demo',0,3,0,'insert','2021-01-02 19:26:31',0,NULL),
(74,36,'DM','Demo',0,3,0,'delete','2021-01-02 19:26:31',0,NULL),
(75,37,'DM','Demo',0,3,0,'insert','2021-01-02 19:29:38',0,NULL),
(76,37,'DM','Demo',0,3,0,'delete','2021-01-02 19:29:38',0,NULL),
(77,38,'DM','Demo',0,3,0,'insert','2021-01-02 19:31:12',0,NULL),
(78,38,'DM','Demo',0,3,0,'approve','2021-01-02 19:31:12',0,NULL),
(79,39,'I','Item type',0,3,0,'insert','2021-01-04 13:18:05',0,'/ItemTypeImages/202101041803_itemtypeitemtypei.png'),
(80,39,'I','Item type',0,3,0,'update','2021-01-04 13:18:05',0,'/ItemTypeImages/202101041803_itemtypeitemtypei.png'),
(81,39,'I','Item type',0,3,0,'delete','2021-01-04 13:18:05',0,NULL),
(82,40,'ITEM','Item type',0,3,0,'insert','2021-01-04 14:22:12',0,'/ItemTypeImages/202101041541_itemtypeItemtypeI.jpg'),
(83,40,'ITEM','Item type',0,3,0,'approve','2021-01-04 14:22:12',0,NULL),
(84,40,'ITEM','Item type',0,3,0,'delete','2021-01-04 14:22:12',0,NULL),
(85,40,'ITEM','Item type',0,3,0,'delete','2021-01-04 14:22:12',0,NULL),
(86,12,'AC','AC Component',0,0,0,'update','2020-09-18 10:56:32',0,'/ItemTypeImages/ACComonent.png'),
(87,38,'DM','Demo',0,3,0,'update','2021-01-02 19:31:12',0,NULL),
(88,41,'DE','Demo1',0,3,0,'insert','2021-01-04 15:50:20',0,'/ItemTypeImages/202101045017_itemtypedemo1de.jpg'),
(89,42,'NEW','N3ew12',0,3,0,'insert','2021-01-09 09:11:30',0,'/ItemTypeImages/202101091126_itemtypeN3ew12New.png'),
(90,42,'NEW','N3ew12',0,3,0,'delete','2021-01-09 09:11:30',0,NULL),
(91,41,'DE','Demo1',0,3,0,'delete','2021-01-04 15:50:20',0,NULL),
(92,12,'AC','AC Component',1,0,0,'approve','2020-09-18 10:56:32',0,NULL),
(93,21,'CP','Computer Peripheral',1,0,0,'approve','2020-09-18 10:56:32',0,NULL),
(94,61,'ITEM','Item  type',0,3,0,'insert','2021-02-17 22:19:04',0,'/ItemTypeImages/202102184857_itemtypeitemtypeitem.jpg'),
(95,61,'ITEM','Item  type',0,3,0,'update','2021-02-17 22:19:04',0,'/ItemTypeImages/202102184857_itemtypeitemtypeitem.jpg'),
(96,61,'ITEM','Item  type',0,3,0,'delete','2021-02-17 22:19:04',0,NULL),
(97,42,'GC','Gender Changer',0,3,0,'delete','2021-01-09 09:11:30',0,NULL),
(98,62,'FFF','Ccc',0,3,0,'insert','2021-04-02 09:57:17',0,'/ItemTypeImages/202104022710_itemtypecccfff.jpeg'),
(99,62,'FFF','Ccc',0,3,0,'approve','2021-04-02 09:57:17',0,NULL),
(100,62,'FFF','Ccc',0,3,0,'update','2021-04-02 09:57:17',0,'/ItemTypeImages/202104022710_itemtypecccfff.jpeg'),
(101,62,'FFF','Cccff',0,3,0,'delete','2021-04-02 09:57:17',0,NULL),
(102,63,'CZXCX','Vvcbvb',0,3,0,'insert','2021-04-03 05:13:58',0,''),
(103,63,'CZXCX','Vvcbvb',0,3,0,'delete','2021-04-03 05:13:58',0,NULL),
(104,64,'AR','VOLTER',0,3,0,'insert','2021-04-06 05:42:44',0,'/ItemTypeImages/202104064238_itemtypeVOLTERAR.png'),
(105,64,'AR','VOLTER',0,3,0,'delete','2021-04-06 05:42:44',0,NULL),
(106,65,'it','item type2',0,3,0,'insert','2021-04-08 04:43:05',0,NULL),
(107,66,'FI','Field item type',0,3,0,'insert','2021-04-08 05:06:23',0,NULL),
(108,67,'AA','HJ',0,3,0,'insert','2021-04-13 02:54:39',0,''),
(109,67,'AA','HJ',0,3,0,'approve','2021-04-13 02:54:39',0,NULL),
(110,12,'AC','AC Component',0,0,0,'approve','2020-09-18 10:56:32',0,NULL),
(111,12,'AC','AC Component',0,0,0,'update','2020-09-18 10:56:32',0,'/ItemTypeImages/ACComonent.png'),
(112,51,'A','Adaptor',0,3,0,'delete','2021-01-22 06:40:51',0,NULL),
(113,17,'C','Cable',0,0,0,'delete','2020-09-18 10:56:32',0,NULL),
(114,52,'C','Camera',0,NULL,0,'delete','2021-01-28 19:27:33',0,NULL),
(115,68,'A','A',0,3,0,'insert','2021-04-13 02:58:18',0,''),
(116,68,'A','A',0,3,0,'update','2021-04-13 02:58:18',0,''),
(117,69,'IT1','It2',0,0,0,'insert','2021-04-13 09:10:41',0,NULL),
(118,70,'IT3','It4',0,0,0,'insert','2021-04-13 09:10:42',0,NULL),
(119,71,'PAPA','Papa3',0,3,0,'insert','2021-04-14 03:05:59',0,''),
(120,71,'PAPA','Papa3',0,3,0,'approve','2021-04-14 03:05:59',0,NULL),
(121,71,'PAPA','Papa3',0,3,0,'delete','2021-04-14 03:05:59',0,NULL),
(122,68,'A','A1',0,3,0,'delete','2021-04-13 02:58:18',0,NULL),
(123,72,NULL,'TYPE1',0,0,0,'insert','2021-04-14 05:15:21',0,NULL),
(124,73,'HAHA','Yaya',0,3,0,'insert','2021-04-17 07:49:35',0,''),
(125,73,'HAHA','Yaya',0,3,0,'approve','2021-04-17 07:49:35',0,NULL),
(126,12,'AC','Component',0,0,0,'delete','2020-09-18 10:56:32',0,NULL),
(127,21,'CP','Computer Peripheral Devices',0,0,0,'delete','2020-09-18 10:56:32',0,NULL),
(128,19,'C','Connector',0,0,0,'update','2020-09-18 10:56:32',0,'/ItemTypeImages/connector.jpg'),
(129,18,'HW','Hardware',0,0,0,'delete','2020-09-18 10:56:32',0,NULL),
(130,74,'kap','kapil',0,3,0,'insert','2021-04-19 01:20:19',0,NULL),
(131,75,'rana','ranaji ram',0,3,0,'insert','2021-04-19 01:23:18',0,NULL),
(132,76,'adaptor123','adp',0,3,0,'insert','2021-04-19 01:28:16',0,NULL),
(133,77,NULL,'IRON MAN',0,0,0,'insert','2021-04-19 01:41:27',0,NULL),
(134,78,'ram','ravan',0,3,0,'insert','2021-04-19 05:29:53',0,NULL),
(135,79,'component','component',0,3,0,'insert','2021-04-19 06:12:31',0,NULL),
(136,80,'kapil','gaga',0,3,0,'insert','2021-04-20 05:53:01',0,NULL),
(137,81,'lalit','lt',0,3,0,'insert','2021-04-20 05:57:35',0,NULL),
(138,82,'sitaram','sita',0,3,0,'insert','2021-04-21 02:06:12',0,NULL),
(139,83,',bxsjBC',',nbcxjkH',0,3,0,'insert','2021-04-21 02:06:54',0,NULL),
(140,84,'SALONI','Singh',0,3,0,'insert','2021-04-21 06:46:40',0,''),
(141,84,'SALONI','Singh',0,3,0,'delete','2021-04-21 06:46:40',0,NULL),
(142,85,'HFHF','Hghv',0,3,0,'insert','2021-04-21 07:28:31',0,''),
(143,88,'TEST KISHA','Test',0,3,0,'insert','2021-04-21 07:29:27',0,''),
(144,89,'KISHAN','Kishan',0,3,0,'insert','2021-04-21 07:29:51',0,''),
(145,80,'kapil','gaga',0,3,0,'delete','2021-04-20 05:53:01',0,NULL),
(146,74,'kap','kapil',0,3,0,'delete','2021-04-19 01:20:19',0,NULL),
(147,90,'IT15','It24',0,0,0,'insert','2021-04-22 03:21:47',0,NULL),
(148,91,'IT36','It45',0,0,0,'insert','2021-04-22 03:21:48',0,NULL),
(149,92,'ADP KAP','Adoptor k',0,0,0,'insert','2021-04-22 06:16:35',0,NULL),
(150,92,'ADP KAP','Adoptor k',0,0,0,'approve','2021-04-22 06:16:35',0,NULL),
(151,92,'ADP KAP','Adoptor k',0,0,0,'delete','2021-04-22 06:16:35',0,NULL),
(152,83,',bxsjBC',',nbcxjkH',0,3,0,'update','2021-04-21 02:06:54',0,NULL),
(153,83,',BXSJBC',',nbcxjkH',0,3,0,'update','2021-04-21 02:06:54',0,'/ItemTypeImages/202104225058_itemtype%2cnbcxjkH%2cbxsjBC.png'),
(154,83,',BXSJBC',',nbcxjkH',0,3,0,'update','2021-04-21 02:06:54',0,'/ItemTypeImages/202104225122_itemtype%2cnbcxjkH%2cBXSJBC.png'),
(155,76,'adaptor123','adp',0,3,0,'update','2021-04-19 01:28:16',0,NULL),
(156,83,',BXSJBC',',nbcxjkH',0,3,0,'delete','2021-04-21 02:06:54',0,NULL),
(157,76,'ADAPTOR123','Adp',0,3,0,'update','2021-04-19 01:28:16',0,'/ItemTypeImages/202104220601_itemtypeadpadaptor123.png'),
(158,76,'ADAPTOR123','Adp',0,3,0,'update','2021-04-19 01:28:16',0,'/ItemTypeImages/202104220601_itemtypeadpadaptor123.png'),
(159,76,'ADAPTOR123','Adp',0,3,0,'update','2021-04-19 01:28:16',0,'/ItemTypeImages/202104220601_itemtypeadpadaptor123.png'),
(160,93,'FGFH','Gfh',0,3,0,'insert','2021-04-22 06:45:59',0,'/ItemTypeImages/202104221541_itemtype.png'),
(161,76,'ADAPTOR123','Adp',0,3,0,'update','2021-04-19 01:28:16',0,'/ItemTypeImages/202104220601_itemtypeadpadaptor123.png'),
(162,76,'ADAPTOR123','Adp',0,3,0,'update','2021-04-19 01:28:16',0,'/ItemTypeImages/202104221707_itemtypeAdpADAPTOR123.png'),
(163,76,'ADAPTOR123','Adp',0,3,0,'update','2021-04-19 01:28:16',0,'/ItemTypeImages/202104221707_itemtypeAdpADAPTOR123.png'),
(164,79,'component','component',0,3,0,'update','2021-04-19 06:12:31',0,NULL),
(165,94,'DDD','Sss',0,3,0,'insert','2021-04-25 04:53:17',0,'/ItemTypeImages/202104252310_itemtypessssss.png'),
(166,76,'ADAPTOR123','Adp',0,3,0,'update','2021-04-19 01:28:16',0,'/ItemTypeImages/202104252133_itemtypeAdpAdp.png'),
(167,95,'code111','code222',0,3,0,'insert','2021-04-26 01:07:00',0,NULL),
(168,76,'ADAPTOR123','Adp',0,3,0,'update','2021-04-19 01:28:16',0,'/ItemTypeImages/202104252133_itemtypeAdpAdp.png'),
(169,76,'ADAPTOR123','Adp',0,3,0,'update','2021-04-19 01:28:16',0,'/ItemTypeImages/202104252133_itemtypeAdpAdp.png'),
(170,76,'ADAPTOR123','Adp',0,3,0,'update','2021-04-19 01:28:16',0,'/ItemTypeImages/202104264004_itemtypeAdpAdp.png'),
(171,19,'C FOR','Connector',0,0,0,'update','2020-09-18 10:56:32',0,'/ItemTypeImages/connector.jpg'),
(172,79,'COMPONENT','Component',0,3,0,'update','2021-04-19 06:12:31',0,''),
(173,95,'code111','code222',0,3,0,'delete','2021-04-26 01:07:00',0,NULL),
(174,93,'FGFH','Gfh',0,3,0,'delete','2021-04-22 06:45:59',0,NULL),
(175,85,'HFHF','Hghv',0,3,0,'delete','2021-04-21 07:28:31',0,NULL),
(176,67,'AA','HJ',0,3,0,'delete','2021-04-13 02:54:39',0,NULL),
(177,77,NULL,'IRON MAN',0,0,0,'delete','2021-04-19 01:41:27',0,NULL),
(178,69,'IT1','It2',0,0,0,'delete','2021-04-13 09:10:41',0,NULL),
(179,90,'IT15','It24',0,0,0,'delete','2021-04-22 03:21:47',0,NULL),
(180,70,'IT3','It4',0,0,0,'delete','2021-04-13 09:10:42',0,NULL),
(181,91,'IT36','It45',0,0,0,'delete','2021-04-22 03:21:48',0,NULL),
(182,65,'it','item type2',0,3,0,'delete','2021-04-08 04:43:05',0,NULL),
(183,89,'KISHAN','Kishan',0,3,0,'delete','2021-04-21 07:29:51',0,NULL),
(184,40,'L','Label',0,3,0,'delete','2021-01-04 14:22:12',0,NULL),
(185,81,'lalit','lt',0,3,0,'delete','2021-04-20 05:57:35',0,NULL),
(186,75,'rana','ranaji ram',0,3,0,'delete','2021-04-19 01:23:18',0,NULL),
(187,78,'ram','ravan',0,3,0,'delete','2021-04-19 05:29:53',0,NULL),
(188,82,'sitaram','sita',0,3,0,'delete','2021-04-21 02:06:12',0,NULL),
(189,94,'DDD','Sss',0,3,0,'delete','2021-04-25 04:53:17',0,NULL),
(190,88,'TEST KISHA','Test',0,3,0,'delete','2021-04-21 07:29:27',0,NULL),
(191,59,'TP','Test Probe',0,NULL,0,'delete','2021-01-28 19:39:58',0,NULL),
(192,72,NULL,'TYPE1',0,0,0,'delete','2021-04-14 05:15:21',0,NULL),
(193,73,'HAHA','Yaya',0,3,0,'delete','2021-04-17 07:49:35',0,NULL),
(194,66,'FI','Field item type',0,3,0,'delete','2021-04-08 05:06:23',0,NULL),
(195,96,'ram','ram2',0,3,0,'insert','2021-04-29 01:42:01',0,NULL),
(196,97,'kap','rana',0,3,0,'insert','2021-04-29 01:42:36',0,NULL),
(197,98,'rana','kap',0,3,0,'insert','2021-04-29 01:44:56',0,NULL),
(198,99,'mama','kaka',0,3,0,'insert','2021-04-29 06:41:29',0,NULL),
(199,100,'itm21','item21',0,3,0,'insert','2021-04-29 06:42:22',0,NULL),
(200,101,'21','12',0,3,0,'insert','2021-04-29 06:43:15',0,NULL),
(201,102,'sdfds','sdsfdsfdg',0,3,0,'insert','2021-04-29 06:58:03',0,NULL),
(202,103,'616','616',0,3,0,'insert','2021-04-30 00:44:08',0,NULL),
(203,104,'HEAT','HEATER',0,3,0,'insert','2021-04-30 00:44:58',0,NULL),
(204,105,'RA','RAM',0,3,0,'insert','2021-04-30 00:45:32',0,NULL),
(205,106,'MO','MOTO',0,3,0,'insert','2021-04-30 00:47:45',0,NULL),
(206,107,'PAPA','Lala',0,3,0,'insert','2021-05-03 08:26:58',0,'/ItemTypeImages/202105032656_itemtypelalalala.png'),
(207,107,'PAPA','Lala',0,3,0,'approve','2021-05-03 08:26:58',0,NULL),
(208,107,'PAPA','Lala',0,3,0,'update','2021-05-03 08:26:58',0,'/ItemTypeImages/202105032656_itemtypelalalala.png'),
(209,108,'EURO','Zaz',0,0,0,'insert','2021-05-03 08:29:57',0,NULL),
(210,108,'EURO','Zaz',0,0,0,'update','2021-05-03 08:29:57',0,NULL),
(211,101,'21','12',0,3,0,'approve','2021-04-29 06:43:15',0,NULL),
(212,101,'21','12',0,3,0,'update','2021-04-29 06:43:15',0,NULL),
(213,103,'616','616',0,3,0,'delete','2021-04-30 00:44:08',0,NULL),
(214,109,'happy','happy',0,3,0,'insert','2021-05-05 07:36:37',0,NULL),
(215,110,'nokia','nokia1',0,3,0,'insert','2021-05-05 07:39:51',0,NULL),
(216,111,NULL,'RAVAN',0,0,0,'insert','2021-05-05 07:46:10',0,NULL),
(217,112,'gaga','gaga',0,3,0,'insert','2021-05-05 08:07:41',0,NULL),
(218,113,NULL,'YAMA',0,0,0,'insert','2021-05-05 08:10:59',0,NULL),
(219,114,'gamaa','tara',0,3,0,'insert','2021-05-05 08:20:37',0,NULL),
(220,115,'ropad','ropad',0,3,0,'insert','2021-05-05 08:21:32',0,NULL),
(221,116,'poopoo','poopoo',0,3,0,'insert','2021-05-05 08:22:44',0,NULL),
(222,117,'EDC','Electric Discharge Unit',0,3,0,'insert','2021-05-10 04:15:00',0,'/ItemTypeImages/202105101456_itemtypeElectricDischargeUnitElectricDischargeUnit.png'),
(223,118,'Cup','Drinking cup',0,3,0,'insert','2021-05-10 04:39:11',0,NULL),
(224,119,'ITEM1','Tn1',0,0,0,'insert','2021-05-14 06:08:57',0,NULL),
(225,120,'ITEM2','Tn2',0,0,0,'insert','2021-05-14 06:08:57',0,NULL),
(226,121,'ITEM3','Tn3',0,0,0,'insert','2021-05-14 06:08:57',0,NULL),
(227,122,'ITEM4','Tn4',0,0,0,'insert','2021-05-14 06:08:57',0,NULL),
(228,123,'ITEM5','Tn5',0,0,0,'insert','2021-05-14 06:08:57',0,NULL),
(229,124,'ITEM6','Tn6',0,0,0,'insert','2021-05-14 06:08:57',0,NULL),
(230,125,'ITEM7','Tn7',0,0,0,'insert','2021-05-14 06:08:57',0,NULL),
(231,126,'ITEM8','Tn8',0,0,0,'insert','2021-05-14 06:08:57',0,NULL),
(232,127,'ITEM9','Tn9',0,0,0,'insert','2021-05-14 06:08:57',0,NULL),
(233,128,'ITEM10','Tn10',0,0,0,'insert','2021-05-14 06:08:57',0,NULL),
(234,129,'ITEM11','Tn11',0,0,0,'insert','2021-05-14 06:08:57',0,NULL),
(235,130,'ITEM12','Tn12',0,0,0,'insert','2021-05-14 06:08:57',0,NULL),
(236,131,'ITEM13','Tn13',0,0,0,'insert','2021-05-14 06:08:57',0,NULL),
(237,132,'ITEM14','Tn14',0,0,0,'insert','2021-05-14 06:08:57',0,NULL),
(238,133,'ITEM15','Tn15',0,0,0,'insert','2021-05-14 06:08:57',0,NULL),
(239,134,'ITEM16','Tn16',0,0,0,'insert','2021-05-14 06:08:57',0,NULL),
(240,135,'ITEM17','Tn17',0,0,0,'insert','2021-05-14 06:08:57',0,NULL),
(241,136,'ITEM18','Tn18',0,0,0,'insert','2021-05-14 06:08:57',0,NULL),
(242,137,'ITEM19','Tn19',0,0,0,'insert','2021-05-14 06:08:57',0,NULL),
(243,138,'ITEM20','Tn20',0,0,0,'insert','2021-05-14 06:08:57',0,NULL),
(244,139,'ITEM21','Tn21',0,0,0,'insert','2021-05-14 06:08:57',0,NULL),
(245,140,'ITEM22','Tn22',0,0,0,'insert','2021-05-14 06:08:57',0,NULL),
(246,141,'ITEM23','Tn23',0,0,0,'insert','2021-05-14 06:08:57',0,NULL),
(247,142,'ITEM24','Tn24',0,0,0,'insert','2021-05-14 06:08:57',0,NULL),
(248,143,'ITEM25','Tn25',0,0,0,'insert','2021-05-14 06:08:57',0,NULL),
(249,76,'ADAPTOR123','Adp',0,3,0,'approve','2021-04-19 01:28:16',0,NULL),
(250,144,NULL,'ITEMTYPENAME1',0,0,0,'insert','2021-05-16 23:22:12',0,NULL),
(251,145,NULL,'ItemTypeName2',0,0,0,'insert','2021-05-16 23:22:12',0,NULL),
(252,146,NULL,'ItemTypeName3',0,0,0,'insert','2021-05-16 23:22:12',0,NULL),
(253,147,NULL,'ItemTypeName4',0,0,0,'insert','2021-05-16 23:22:12',0,NULL),
(254,148,NULL,'ItemTypeName5',0,0,0,'insert','2021-05-16 23:22:12',0,NULL),
(255,149,NULL,'ItemTypeName6',0,0,0,'insert','2021-05-16 23:22:12',0,NULL),
(256,150,NULL,'ItemTypeName7',0,0,0,'insert','2021-05-16 23:22:12',0,NULL),
(257,151,NULL,'ItemTypeName8',0,0,0,'insert','2021-05-16 23:22:12',0,NULL),
(258,152,NULL,'ItemTypeName9',0,0,0,'insert','2021-05-16 23:22:12',0,NULL),
(259,153,NULL,'ItemTypeName10',0,0,0,'insert','2021-05-16 23:22:12',0,NULL),
(260,154,NULL,'ItemTypeName11',0,0,0,'insert','2021-05-16 23:22:12',0,NULL),
(261,155,NULL,'ItemTypeName12',0,0,0,'insert','2021-05-16 23:22:12',0,NULL),
(262,156,NULL,'ItemTypeName13',0,0,0,'insert','2021-05-16 23:22:12',0,NULL),
(263,157,NULL,'ItemTypeName14',0,0,0,'insert','2021-05-16 23:22:12',0,NULL),
(264,158,NULL,'ItemTypeName15',0,0,0,'insert','2021-05-16 23:22:12',0,NULL),
(265,159,NULL,'ItemTypeName16',0,0,0,'insert','2021-05-16 23:22:12',0,NULL),
(266,160,NULL,'ItemTypeName17',0,0,0,'insert','2021-05-16 23:22:12',0,NULL),
(267,161,NULL,'ItemTypeName18',0,0,0,'insert','2021-05-16 23:22:12',0,NULL),
(268,162,NULL,'ItemTypeName19',0,0,0,'insert','2021-05-16 23:22:12',0,NULL),
(269,163,NULL,'ItemTypeName20',0,0,0,'insert','2021-05-16 23:22:13',0,NULL),
(270,76,'ADAPTOR123','Adp',1,3,0,'approve','2021-04-19 01:28:16',0,NULL),
(271,19,'C FOR','Connector',1,0,0,'approve','2020-09-18 10:56:32',0,NULL),
(272,164,'FI','ff',0,3,0,'insert','2021-05-17 08:06:46',0,NULL),
(273,76,'ADAPTOR123','Adp',0,3,0,'approve','2021-04-19 01:28:16',0,NULL);

/*Table structure for table `m_language` */

DROP TABLE IF EXISTS `m_language`;

CREATE TABLE `m_language` (
  `languageId` int(11) NOT NULL AUTO_INCREMENT,
  `languageName` varchar(100) DEFAULT NULL,
  `userId` int(11) DEFAULT NULL,
  `transDate` datetime DEFAULT CURRENT_TIMESTAMP,
  `isApproved` int(11) DEFAULT '0',
  `approvedUserId` int(11) DEFAULT '0',
  `approvedDateTime` datetime DEFAULT NULL,
  `isDeleted` int(11) DEFAULT '0',
  `deleteDateTime` datetime DEFAULT NULL,
  `deleteUserId` int(11) DEFAULT '0',
  `updateCount` int(11) DEFAULT '0',
  `lastUpdateUserId` int(11) DEFAULT '0',
  `isActive` tinyint(1) DEFAULT '0',
  `activateDateTime` datetime DEFAULT NULL,
  `activateUserId` int(11) DEFAULT '0',
  PRIMARY KEY (`languageId`)
) ENGINE=InnoDB AUTO_INCREMENT=130 DEFAULT CHARSET=utf8mb4;

/*Data for the table `m_language` */

insert  into `m_language`(`languageId`,`languageName`,`userId`,`transDate`,`isApproved`,`approvedUserId`,`approvedDateTime`,`isDeleted`,`deleteDateTime`,`deleteUserId`,`updateCount`,`lastUpdateUserId`,`isActive`,`activateDateTime`,`activateUserId`) values 
(1,'HINDI1',3,'2021-04-07 02:42:15',1,3,'2021-04-07 02:50:52',1,'2021-04-07 02:50:58',3,2,3,0,NULL,0),
(2,'HINDI',3,'2021-04-07 02:51:07',0,0,NULL,1,'2021-05-10 00:34:09',3,0,0,0,NULL,0),
(3,'ENGLISH',3,'2021-04-07 02:51:16',0,0,NULL,1,'2021-04-12 02:39:50',3,0,0,0,NULL,0),
(4,'MALAYALAM',3,'2021-04-07 03:10:26',0,0,NULL,1,'2021-05-10 00:35:04',3,0,0,0,NULL,0),
(5,'PUNJABI',3,'2021-04-07 05:49:59',0,0,NULL,1,'2021-05-10 00:35:40',3,0,0,0,NULL,0),
(6,'HINDI 1',3,'2021-04-08 03:22:17',0,0,NULL,1,'2021-05-10 00:34:12',3,0,0,0,NULL,0),
(7,'ENGLISH 11',3,'2021-04-09 02:04:08',1,3,'2021-04-17 03:31:10',1,'2021-04-17 03:35:27',3,0,0,0,NULL,0),
(8,'ENGLISH 1111234',3,'2021-04-09 02:18:19',1,3,'2021-04-17 03:31:06',1,'2021-04-17 03:31:21',3,1,3,0,NULL,0),
(9,'telgu',0,'2021-04-10 08:38:24',0,0,NULL,1,'2021-05-10 00:36:12',3,0,0,0,NULL,0),
(10,'marathi',0,'2021-04-10 08:38:27',0,0,NULL,1,'2021-05-10 00:35:10',3,0,0,0,NULL,0),
(11,'AAAM',3,'2021-04-12 02:39:17',1,3,'2021-04-12 02:39:34',1,'2021-04-15 07:13:31',3,0,0,0,NULL,0),
(12,'JIO',3,'2021-04-12 05:46:14',0,0,NULL,1,'2021-05-10 00:34:31',3,0,0,0,NULL,0),
(13,'TAMGU',3,'2021-04-12 08:10:14',0,0,NULL,1,'2021-05-10 00:36:03',3,5,3,0,NULL,0),
(14,'L3',0,'2021-04-14 10:15:25',0,0,NULL,1,'2021-05-10 00:34:49',3,0,0,0,NULL,0),
(15,'FF',0,'2021-04-15 05:57:14',0,0,NULL,1,'2021-05-01 07:21:58',3,1,3,0,NULL,0),
(16,'Ln',0,'2021-04-15 06:07:45',0,0,NULL,1,'2021-05-10 00:34:59',3,0,0,0,NULL,0),
(17,'TELE',3,'2021-04-15 08:13:26',0,0,NULL,1,'2021-05-10 00:36:07',3,0,0,0,NULL,0),
(18,'Ravan',0,'2021-04-15 23:12:22',0,0,NULL,1,'2021-05-10 00:35:49',3,0,0,0,NULL,0),
(19,'Lapa',0,'2021-04-15 23:32:04',0,0,NULL,1,'2021-05-10 00:34:54',3,0,0,0,NULL,0),
(20,'ARABIC',3,'2021-04-16 06:13:27',0,0,NULL,1,'2021-04-17 03:25:17',3,0,0,0,NULL,0),
(21,'USER NAME',3,'2021-04-17 03:24:06',1,3,'2021-04-17 03:24:15',1,'2021-04-17 03:24:31',3,0,0,0,NULL,0),
(22,'AAAAAAAAAAAAAAA123',3,'2021-04-17 03:34:12',1,3,'2021-04-17 03:34:16',1,'2021-04-17 03:34:35',3,1,3,0,NULL,0),
(23,'INDIAN',0,'2021-04-22 06:20:22',0,0,NULL,1,'2021-05-10 00:34:17',3,0,0,0,NULL,0),
(24,'PAKI',0,'2021-04-22 06:20:22',0,0,NULL,1,'2021-05-10 00:35:20',3,0,0,0,NULL,0),
(25,'CHINA 1233',0,'2021-04-22 06:20:22',1,3,'2021-04-22 06:21:00',1,'2021-04-22 06:21:27',3,1,3,0,NULL,0),
(26,'KAPIL',3,'2021-04-22 23:35:47',0,0,NULL,1,'2021-05-10 00:34:45',3,0,0,0,NULL,0),
(27,'XFGHMDKMDU',3,'2021-04-22 23:37:26',0,0,NULL,1,'2021-05-10 00:36:21',3,0,0,0,NULL,0),
(28,'Philliohine',0,'2021-04-29 06:29:57',0,0,NULL,1,'2021-05-10 00:35:36',3,0,0,0,NULL,0),
(29,'Urdu',0,'2021-04-29 06:46:24',0,0,NULL,1,'2021-05-10 00:36:17',3,0,0,0,NULL,0),
(30,'BHOJPURI 21',0,'2021-04-29 06:46:24',1,3,'2021-05-01 07:21:44',1,'2021-05-10 00:34:04',3,1,3,0,NULL,0),
(31,'SINDHI',3,'2021-05-01 07:20:35',1,3,'2021-05-01 07:20:48',1,'2021-05-10 00:35:58',3,0,0,0,NULL,0),
(32,'JIO21',3,'2021-05-01 07:21:04',0,0,NULL,1,'2021-05-10 00:34:38',3,0,0,0,NULL,0),
(33,'Rampuri',0,'2021-05-01 07:22:57',0,0,NULL,1,'2021-05-10 00:35:44',3,0,0,0,NULL,0),
(34,'NAP',3,'2021-05-01 07:35:00',0,0,NULL,1,'2021-05-10 00:35:15',3,0,0,0,NULL,0),
(35,'Sind',0,'2021-05-01 07:40:27',0,0,NULL,1,'2021-05-10 00:35:53',3,0,0,0,NULL,0),
(36,'Pap',0,'2021-05-01 07:51:48',0,0,NULL,1,'2021-05-10 00:35:32',3,0,0,0,NULL,0),
(37,'INDUUU',3,'2021-05-03 00:46:13',0,0,NULL,1,'2021-05-10 00:34:24',3,0,0,0,NULL,0),
(38,'LANGUAGENAME001',0,'2021-05-12 05:06:13',0,0,NULL,0,NULL,0,1,3,0,NULL,0),
(39,'LanguageName2',0,'2021-05-12 05:06:13',0,0,NULL,0,NULL,0,0,0,0,NULL,0),
(40,'LanguageName3',0,'2021-05-12 05:06:13',0,0,NULL,0,NULL,0,0,0,0,NULL,0),
(41,'LanguageName4',0,'2021-05-12 05:06:13',0,0,NULL,0,NULL,0,0,0,0,NULL,0),
(42,'LanguageName5',0,'2021-05-12 05:06:13',0,0,NULL,0,NULL,0,0,0,0,NULL,0),
(43,'LanguageName6',0,'2021-05-12 05:06:14',0,0,NULL,0,NULL,0,0,0,0,NULL,0),
(44,'LanguageName7',0,'2021-05-12 05:06:14',0,0,NULL,0,NULL,0,0,0,0,NULL,0),
(45,'LanguageName8',0,'2021-05-12 05:06:14',0,0,NULL,0,NULL,0,0,0,0,NULL,0),
(46,'LanguageName9',0,'2021-05-12 05:06:14',0,0,NULL,0,NULL,0,0,0,0,NULL,0),
(47,'LanguageName10',0,'2021-05-12 05:06:14',0,0,NULL,0,NULL,0,0,0,0,NULL,0),
(48,'LanguageName11',0,'2021-05-12 05:06:14',0,0,NULL,0,NULL,0,0,0,0,NULL,0),
(49,'LanguageName12',0,'2021-05-12 05:06:14',0,0,NULL,0,NULL,0,0,0,0,NULL,0),
(50,'LanguageName13',0,'2021-05-12 05:06:14',0,0,NULL,0,NULL,0,0,0,0,NULL,0),
(51,'LanguageName14',0,'2021-05-12 05:06:14',0,0,NULL,0,NULL,0,0,0,0,NULL,0),
(52,'LanguageName15',0,'2021-05-12 05:06:14',0,0,NULL,0,NULL,0,0,0,0,NULL,0),
(53,'LanguageName16',0,'2021-05-12 05:06:14',0,0,NULL,0,NULL,0,0,0,0,NULL,0),
(54,'LanguageName17',0,'2021-05-12 05:06:14',0,0,NULL,0,NULL,0,0,0,0,NULL,0),
(55,'LanguageName18',0,'2021-05-12 05:06:14',0,0,NULL,0,NULL,0,0,0,0,NULL,0),
(56,'LanguageName19',0,'2021-05-12 05:06:14',0,0,NULL,0,NULL,0,0,0,0,NULL,0),
(57,'LanguageName20',0,'2021-05-12 05:06:14',0,0,NULL,0,NULL,0,0,0,0,NULL,0),
(58,'LanguageName21',0,'2021-05-12 05:06:14',0,0,NULL,0,NULL,0,0,0,0,NULL,0),
(59,'LanguageName22',0,'2021-05-12 05:06:14',0,0,NULL,0,NULL,0,0,0,0,NULL,0),
(60,'LanguageName23',0,'2021-05-12 05:06:14',0,0,NULL,0,NULL,0,0,0,0,NULL,0),
(61,'LanguageName24',0,'2021-05-12 05:06:14',0,0,NULL,0,NULL,0,0,0,0,NULL,0),
(62,'LanguageName25',0,'2021-05-12 05:06:14',0,0,NULL,0,NULL,0,0,0,0,NULL,0),
(63,'LanguageName26',0,'2021-05-12 05:06:14',0,0,NULL,0,NULL,0,0,0,0,NULL,0),
(64,'LanguageName27',0,'2021-05-12 05:06:14',0,0,NULL,0,NULL,0,0,0,0,NULL,0),
(65,'LanguageName28',0,'2021-05-12 05:06:14',0,0,NULL,0,NULL,0,0,0,0,NULL,0),
(66,'LanguageName29',0,'2021-05-12 05:06:14',0,0,NULL,0,NULL,0,0,0,0,NULL,0),
(67,'LanguageName30',0,'2021-05-12 05:06:14',0,0,NULL,0,NULL,0,0,0,0,NULL,0),
(68,'LanguageName31',0,'2021-05-12 05:06:14',0,0,NULL,0,NULL,0,0,0,0,NULL,0),
(69,'LanguageName32',0,'2021-05-12 05:06:14',0,0,NULL,0,NULL,0,0,0,0,NULL,0),
(70,'LanguageName33',0,'2021-05-12 05:06:14',0,0,NULL,0,NULL,0,0,0,0,NULL,0),
(71,'LanguageName34',0,'2021-05-12 05:06:14',0,0,NULL,0,NULL,0,0,0,0,NULL,0),
(72,'LanguageName35',0,'2021-05-12 05:06:14',0,0,NULL,0,NULL,0,0,0,0,NULL,0),
(73,'LanguageName36',0,'2021-05-12 05:06:14',0,0,NULL,0,NULL,0,0,0,0,NULL,0),
(74,'LanguageName37',0,'2021-05-12 05:06:14',0,0,NULL,0,NULL,0,0,0,0,NULL,0),
(75,'LanguageName38',0,'2021-05-12 05:06:14',0,0,NULL,0,NULL,0,0,0,0,NULL,0),
(76,'LanguageName39',0,'2021-05-12 05:06:14',0,0,NULL,0,NULL,0,0,0,0,NULL,0),
(77,'LanguageName40',0,'2021-05-12 05:06:14',0,0,NULL,0,NULL,0,0,0,0,NULL,0),
(78,'LanguageName41',0,'2021-05-12 05:06:14',0,0,NULL,0,NULL,0,0,0,0,NULL,0),
(79,'LanguageName42',0,'2021-05-12 05:06:14',0,0,NULL,0,NULL,0,0,0,0,NULL,0),
(80,'LanguageName43',0,'2021-05-12 05:06:14',0,0,NULL,0,NULL,0,0,0,0,NULL,0),
(81,'LanguageName44',0,'2021-05-12 05:06:14',0,0,NULL,0,NULL,0,0,0,0,NULL,0),
(82,'LanguageName45',0,'2021-05-12 05:06:14',0,0,NULL,0,NULL,0,0,0,0,NULL,0),
(83,'LanguageName46',0,'2021-05-12 05:06:14',0,0,NULL,0,NULL,0,0,0,0,NULL,0),
(84,'LanguageName47',0,'2021-05-12 05:06:14',0,0,NULL,0,NULL,0,0,0,0,NULL,0),
(85,'LanguageName48',0,'2021-05-12 05:06:14',0,0,NULL,0,NULL,0,0,0,0,NULL,0),
(86,'LanguageName49',0,'2021-05-12 05:06:14',0,0,NULL,0,NULL,0,0,0,0,NULL,0),
(87,'LanguageName50',0,'2021-05-12 05:06:14',0,0,NULL,0,NULL,0,0,0,0,NULL,0),
(88,'Language1',0,'2021-05-12 05:10:09',1,3,'2021-05-14 06:32:57',0,NULL,0,0,0,0,NULL,0),
(89,'Language2',0,'2021-05-12 05:10:10',0,0,NULL,0,NULL,0,0,0,0,NULL,0),
(90,'Language3',0,'2021-05-12 05:10:10',0,0,NULL,0,NULL,0,0,0,0,NULL,0),
(91,'Language4',0,'2021-05-12 05:10:10',0,0,NULL,0,NULL,0,0,0,0,NULL,0),
(92,'Language5',0,'2021-05-12 05:10:10',0,0,NULL,0,NULL,0,0,0,0,NULL,0),
(93,'Language6',0,'2021-05-12 05:10:10',0,0,NULL,0,NULL,0,0,0,0,NULL,0),
(94,'Language7',0,'2021-05-12 05:10:10',0,0,NULL,0,NULL,0,0,0,0,NULL,0),
(95,'Language8',0,'2021-05-12 05:10:10',0,0,NULL,0,NULL,0,0,0,0,NULL,0),
(96,'Language9',0,'2021-05-12 05:10:10',0,0,NULL,0,NULL,0,0,0,0,NULL,0),
(97,'Language10',0,'2021-05-12 05:10:10',1,3,'2021-05-15 06:27:41',0,NULL,0,0,0,0,NULL,0),
(98,'Language11',0,'2021-05-12 05:10:10',1,3,'2021-05-15 06:29:34',0,NULL,0,0,0,0,NULL,0),
(99,'Language12',0,'2021-05-12 05:10:10',1,3,'2021-05-15 06:33:55',0,NULL,0,0,0,0,NULL,0),
(100,'Language13',0,'2021-05-12 05:10:10',1,3,'2021-05-15 07:05:20',0,NULL,0,0,0,0,NULL,0),
(101,'Language14',0,'2021-05-12 05:10:10',1,3,'2021-05-15 07:07:21',0,NULL,0,0,0,0,NULL,0),
(102,'Language15',0,'2021-05-12 05:10:10',1,3,'2021-05-15 07:26:52',0,NULL,0,0,0,0,NULL,0),
(103,'Language16',0,'2021-05-12 05:10:10',1,3,'2021-05-15 07:30:32',0,NULL,0,0,0,0,NULL,0),
(104,'Language17',0,'2021-05-12 05:10:10',1,3,'2021-05-15 07:39:37',0,NULL,0,0,0,0,NULL,0),
(105,'Language18',0,'2021-05-12 05:10:10',0,0,NULL,0,NULL,0,0,0,0,NULL,0),
(106,'Language19',0,'2021-05-12 05:10:10',0,0,NULL,0,NULL,0,0,0,0,NULL,0),
(107,'Language20',0,'2021-05-12 05:10:10',0,0,NULL,0,NULL,0,0,0,0,NULL,0),
(108,'Language21',0,'2021-05-12 05:10:10',0,0,NULL,0,NULL,0,0,0,0,NULL,0),
(109,'Language22',0,'2021-05-12 05:10:10',0,0,NULL,0,NULL,0,0,0,0,NULL,0),
(110,'Language23',0,'2021-05-12 05:10:10',0,0,NULL,0,NULL,0,0,0,0,NULL,0),
(111,'Language24',0,'2021-05-12 05:10:10',0,0,NULL,0,NULL,0,0,0,0,NULL,0),
(112,'Language25',0,'2021-05-12 05:10:10',0,0,NULL,0,NULL,0,0,0,0,NULL,0),
(113,'Language26',0,'2021-05-12 05:10:11',0,0,NULL,0,NULL,0,0,0,0,NULL,0),
(114,'Language27',0,'2021-05-12 05:10:11',0,0,NULL,0,NULL,0,0,0,0,NULL,0),
(115,'Ff',0,'2021-05-12 23:57:07',1,3,'2021-05-20 09:06:18',0,NULL,0,0,0,0,NULL,0),
(116,'Ln1',0,'2021-05-17 06:26:34',0,0,NULL,0,NULL,0,0,0,0,NULL,0),
(117,'Ln2',0,'2021-05-17 06:26:38',0,0,NULL,0,NULL,0,0,0,0,NULL,0),
(118,'Ln3',0,'2021-05-17 06:26:40',0,0,NULL,0,NULL,0,0,0,0,NULL,0),
(119,'Ln4',0,'2021-05-17 06:26:46',0,0,NULL,0,NULL,0,0,0,0,NULL,0),
(120,'Ln5',0,'2021-05-17 06:26:52',0,0,NULL,0,NULL,0,0,0,0,NULL,0),
(121,'Ln6',0,'2021-05-17 06:26:58',0,0,NULL,0,NULL,0,0,0,0,NULL,0),
(122,'Ln7',0,'2021-05-17 06:27:02',0,0,NULL,0,NULL,0,0,0,0,NULL,0),
(123,'Ln8',0,'2021-05-17 06:27:05',0,0,NULL,0,NULL,0,0,0,0,NULL,0),
(124,'Ln9',0,'2021-05-17 06:27:07',0,0,NULL,0,NULL,0,0,0,0,NULL,0),
(125,'Ln10',0,'2021-05-17 06:27:10',0,0,NULL,0,NULL,0,0,0,0,NULL,0),
(126,'Ln11',0,'2021-05-17 06:27:13',0,0,NULL,0,NULL,0,0,0,0,NULL,0),
(127,'Ln12',0,'2021-05-17 06:27:15',0,0,NULL,0,NULL,0,0,0,0,NULL,0),
(128,'Ff1',0,'2021-05-17 07:11:14',1,3,'2021-05-20 23:22:39',0,NULL,0,0,0,0,NULL,0),
(129,'Ff2',0,'2021-05-17 07:11:24',0,0,NULL,0,NULL,0,0,0,0,NULL,0);

/*Table structure for table `m_language_log` */

DROP TABLE IF EXISTS `m_language_log`;

CREATE TABLE `m_language_log` (
  `logId` int(11) NOT NULL AUTO_INCREMENT,
  `languageId` int(11) DEFAULT NULL,
  `languageName` varchar(100) DEFAULT NULL,
  `isApproved` int(11) DEFAULT '0',
  `userId` int(11) DEFAULT NULL,
  `isDeleted` int(11) DEFAULT '0',
  `userAction` varchar(20) DEFAULT NULL,
  `transDate` datetime DEFAULT CURRENT_TIMESTAMP,
  `isActive` tinyint(1) DEFAULT '0',
  PRIMARY KEY (`logId`)
) ENGINE=InnoDB AUTO_INCREMENT=223 DEFAULT CHARSET=utf8mb4;

/*Data for the table `m_language_log` */

insert  into `m_language_log`(`logId`,`languageId`,`languageName`,`isApproved`,`userId`,`isDeleted`,`userAction`,`transDate`,`isActive`) values 
(22,1,'HINDI',0,3,0,'insert','2021-04-07 02:42:15',0),
(23,1,'HINDI',0,3,0,'update','2021-04-07 02:42:15',0),
(24,1,'HINDI',0,3,0,'update','2021-04-07 02:42:15',0),
(25,1,'HINDI1',0,3,0,'approve','2021-04-07 02:42:15',0),
(26,1,'HINDI1',1,3,0,'delete','2021-04-07 02:42:15',0),
(27,2,'HINDI',0,3,0,'insert','2021-04-07 02:51:07',0),
(28,3,'ENGLISH',0,3,0,'insert','2021-04-07 02:51:16',0),
(29,4,'MALAYALAM',0,3,0,'insert','2021-04-07 03:10:26',0),
(30,5,'PUNJABI',0,3,0,'insert','2021-04-07 05:49:59',0),
(31,6,'HINDI 1',0,3,0,'insert','2021-04-08 03:22:17',0),
(32,7,'ENGLISH 11',0,3,0,'insert','2021-04-09 02:04:08',0),
(33,8,'ENGLISH 1111',0,3,0,'insert','2021-04-09 02:18:19',0),
(34,9,'telgu',0,0,0,'insert','2021-04-10 08:38:24',0),
(35,10,'marathi',0,0,0,'insert','2021-04-10 08:38:27',0),
(36,11,'AAAM',0,3,0,'insert','2021-04-12 02:39:17',0),
(37,11,'AAAM',0,3,0,'approve','2021-04-12 02:39:17',0),
(38,3,'ENGLISH',0,3,0,'delete','2021-04-07 02:51:16',0),
(39,12,'JIO',0,3,0,'insert','2021-04-12 05:46:14',0),
(40,13,'FDDFF',0,3,0,'insert','2021-04-12 08:10:14',0),
(41,14,'L3',0,0,0,'insert','2021-04-14 10:15:25',0),
(42,15,'Ff',0,0,0,'insert','2021-04-15 05:57:14',0),
(43,16,'Ln',0,0,0,'insert','2021-04-15 06:07:45',0),
(44,11,'AAAM',1,3,0,'delete','2021-04-12 02:39:17',0),
(45,17,'TELE',0,3,0,'insert','2021-04-15 08:13:26',0),
(46,18,'Ravan',0,0,0,'insert','2021-04-15 23:12:22',0),
(47,19,'Lapa',0,0,0,'insert','2021-04-15 23:32:04',0),
(48,20,'ARABIC',0,3,0,'insert','2021-04-16 06:13:27',0),
(49,21,'USER NAME',0,3,0,'insert','2021-04-17 03:24:06',0),
(50,21,'USER NAME',0,3,0,'approve','2021-04-17 03:24:06',0),
(51,21,'USER NAME',1,3,0,'delete','2021-04-17 03:24:06',0),
(52,20,'ARABIC',0,3,0,'delete','2021-04-16 06:13:27',0),
(53,8,'ENGLISH 1111',0,3,0,'update','2021-04-09 02:18:19',0),
(54,8,'ENGLISH 1111234',0,3,0,'approve','2021-04-09 02:18:19',0),
(55,7,'ENGLISH 11',0,3,0,'approve','2021-04-09 02:04:08',0),
(56,8,'ENGLISH 1111234',1,3,0,'delete','2021-04-09 02:18:19',0),
(57,22,'AAAAAAAAAAAAAAA',0,3,0,'insert','2021-04-17 03:34:12',0),
(58,22,'AAAAAAAAAAAAAAA',0,3,0,'approve','2021-04-17 03:34:12',0),
(59,22,'AAAAAAAAAAAAAAA',0,3,0,'update','2021-04-17 03:34:12',0),
(60,22,'AAAAAAAAAAAAAAA123',1,3,0,'delete','2021-04-17 03:34:12',0),
(61,7,'ENGLISH 11',1,3,0,'delete','2021-04-09 02:04:08',0),
(62,23,'INDIAN',0,0,0,'insert','2021-04-22 06:20:22',0),
(63,24,'PAKI',0,0,0,'insert','2021-04-22 06:20:22',0),
(64,25,'CHINA',0,0,0,'insert','2021-04-22 06:20:22',0),
(65,25,'CHINA',0,0,0,'approve','2021-04-22 06:20:22',0),
(66,25,'CHINA',0,0,0,'update','2021-04-22 06:20:22',0),
(67,25,'CHINA 1233',1,0,0,'delete','2021-04-22 06:20:22',0),
(68,13,'FDDFF',0,3,0,'update','2021-04-12 08:10:14',0),
(69,26,'KAPIL',0,3,0,'insert','2021-04-22 23:35:47',0),
(70,27,'XFGHMDKMDU',0,3,0,'insert','2021-04-22 23:37:26',0),
(71,13,'farsiii',0,3,0,'update','2021-04-12 08:10:14',0),
(72,13,'farsiii',0,3,0,'update','2021-04-12 08:10:14',0),
(73,13,'farsiiiuy',0,3,0,'update','2021-04-12 08:10:14',0),
(74,15,'Ff',0,0,0,'update','2021-04-15 05:57:14',0),
(75,28,'Philliohine',0,0,0,'insert','2021-04-29 06:29:57',0),
(76,29,'Urdu',0,0,0,'insert','2021-04-29 06:46:24',0),
(77,30,'Bhojpuri',0,0,0,'insert','2021-04-29 06:46:24',0),
(78,13,'FARSIIIUY2',0,3,0,'update','2021-04-12 08:10:14',0),
(79,31,'SINDHI',0,3,0,'insert','2021-05-01 07:20:35',0),
(80,31,'SINDHI',0,3,0,'approve','2021-05-01 07:20:35',0),
(81,32,'JIO21',0,3,0,'insert','2021-05-01 07:21:04',0),
(82,30,'Bhojpuri',0,0,0,'update','2021-04-29 06:46:24',0),
(83,30,'BHOJPURI 21',0,0,0,'approve','2021-04-29 06:46:24',0),
(84,15,'FF',0,0,0,'delete','2021-04-15 05:57:14',0),
(85,33,'Rampuri',0,0,0,'insert','2021-05-01 07:22:57',0),
(86,34,'NAP',0,3,0,'insert','2021-05-01 07:35:00',0),
(87,35,'Sind',0,0,0,'insert','2021-05-01 07:40:27',0),
(88,36,'Pap',0,0,0,'insert','2021-05-01 07:51:48',0),
(89,37,'INDUUU',0,3,0,'insert','2021-05-03 00:46:13',0),
(90,30,'BHOJPURI 21',1,0,0,'delete','2021-04-29 06:46:24',0),
(91,2,'HINDI',0,3,0,'delete','2021-04-07 02:51:07',0),
(92,6,'HINDI 1',0,3,0,'delete','2021-04-08 03:22:17',0),
(93,23,'INDIAN',0,0,0,'delete','2021-04-22 06:20:22',0),
(94,37,'INDUUU',0,3,0,'delete','2021-05-03 00:46:13',0),
(95,12,'JIO',0,3,0,'delete','2021-04-12 05:46:14',0),
(96,32,'JIO21',0,3,0,'delete','2021-05-01 07:21:04',0),
(97,26,'KAPIL',0,3,0,'delete','2021-04-22 23:35:47',0),
(98,14,'L3',0,0,0,'delete','2021-04-14 10:15:25',0),
(99,19,'Lapa',0,0,0,'delete','2021-04-15 23:32:04',0),
(100,16,'Ln',0,0,0,'delete','2021-04-15 06:07:45',0),
(101,4,'MALAYALAM',0,3,0,'delete','2021-04-07 03:10:26',0),
(102,10,'marathi',0,0,0,'delete','2021-04-10 08:38:27',0),
(103,34,'NAP',0,3,0,'delete','2021-05-01 07:35:00',0),
(104,24,'PAKI',0,0,0,'delete','2021-04-22 06:20:22',0),
(105,36,'Pap',0,0,0,'delete','2021-05-01 07:51:48',0),
(106,28,'Philliohine',0,0,0,'delete','2021-04-29 06:29:57',0),
(107,5,'PUNJABI',0,3,0,'delete','2021-04-07 05:49:59',0),
(108,33,'Rampuri',0,0,0,'delete','2021-05-01 07:22:57',0),
(109,18,'Ravan',0,0,0,'delete','2021-04-15 23:12:22',0),
(110,35,'Sind',0,0,0,'delete','2021-05-01 07:40:27',0),
(111,31,'SINDHI',1,3,0,'delete','2021-05-01 07:20:35',0),
(112,13,'TAMGU',0,3,0,'delete','2021-04-12 08:10:14',0),
(113,17,'TELE',0,3,0,'delete','2021-04-15 08:13:26',0),
(114,9,'telgu',0,0,0,'delete','2021-04-10 08:38:24',0),
(115,29,'Urdu',0,0,0,'delete','2021-04-29 06:46:24',0),
(116,27,'XFGHMDKMDU',0,3,0,'delete','2021-04-22 23:37:26',0),
(117,38,'LanguageName1',0,0,0,'insert','2021-05-12 05:06:13',0),
(118,39,'LanguageName2',0,0,0,'insert','2021-05-12 05:06:13',0),
(119,40,'LanguageName3',0,0,0,'insert','2021-05-12 05:06:13',0),
(120,41,'LanguageName4',0,0,0,'insert','2021-05-12 05:06:13',0),
(121,42,'LanguageName5',0,0,0,'insert','2021-05-12 05:06:13',0),
(122,43,'LanguageName6',0,0,0,'insert','2021-05-12 05:06:14',0),
(123,44,'LanguageName7',0,0,0,'insert','2021-05-12 05:06:14',0),
(124,45,'LanguageName8',0,0,0,'insert','2021-05-12 05:06:14',0),
(125,46,'LanguageName9',0,0,0,'insert','2021-05-12 05:06:14',0),
(126,47,'LanguageName10',0,0,0,'insert','2021-05-12 05:06:14',0),
(127,48,'LanguageName11',0,0,0,'insert','2021-05-12 05:06:14',0),
(128,49,'LanguageName12',0,0,0,'insert','2021-05-12 05:06:14',0),
(129,50,'LanguageName13',0,0,0,'insert','2021-05-12 05:06:14',0),
(130,51,'LanguageName14',0,0,0,'insert','2021-05-12 05:06:14',0),
(131,52,'LanguageName15',0,0,0,'insert','2021-05-12 05:06:14',0),
(132,53,'LanguageName16',0,0,0,'insert','2021-05-12 05:06:14',0),
(133,54,'LanguageName17',0,0,0,'insert','2021-05-12 05:06:14',0),
(134,55,'LanguageName18',0,0,0,'insert','2021-05-12 05:06:14',0),
(135,56,'LanguageName19',0,0,0,'insert','2021-05-12 05:06:14',0),
(136,57,'LanguageName20',0,0,0,'insert','2021-05-12 05:06:14',0),
(137,58,'LanguageName21',0,0,0,'insert','2021-05-12 05:06:14',0),
(138,59,'LanguageName22',0,0,0,'insert','2021-05-12 05:06:14',0),
(139,60,'LanguageName23',0,0,0,'insert','2021-05-12 05:06:14',0),
(140,61,'LanguageName24',0,0,0,'insert','2021-05-12 05:06:14',0),
(141,62,'LanguageName25',0,0,0,'insert','2021-05-12 05:06:14',0),
(142,63,'LanguageName26',0,0,0,'insert','2021-05-12 05:06:14',0),
(143,64,'LanguageName27',0,0,0,'insert','2021-05-12 05:06:14',0),
(144,65,'LanguageName28',0,0,0,'insert','2021-05-12 05:06:14',0),
(145,66,'LanguageName29',0,0,0,'insert','2021-05-12 05:06:14',0),
(146,67,'LanguageName30',0,0,0,'insert','2021-05-12 05:06:14',0),
(147,68,'LanguageName31',0,0,0,'insert','2021-05-12 05:06:14',0),
(148,69,'LanguageName32',0,0,0,'insert','2021-05-12 05:06:14',0),
(149,70,'LanguageName33',0,0,0,'insert','2021-05-12 05:06:14',0),
(150,71,'LanguageName34',0,0,0,'insert','2021-05-12 05:06:14',0),
(151,72,'LanguageName35',0,0,0,'insert','2021-05-12 05:06:14',0),
(152,73,'LanguageName36',0,0,0,'insert','2021-05-12 05:06:14',0),
(153,74,'LanguageName37',0,0,0,'insert','2021-05-12 05:06:14',0),
(154,75,'LanguageName38',0,0,0,'insert','2021-05-12 05:06:14',0),
(155,76,'LanguageName39',0,0,0,'insert','2021-05-12 05:06:14',0),
(156,77,'LanguageName40',0,0,0,'insert','2021-05-12 05:06:14',0),
(157,78,'LanguageName41',0,0,0,'insert','2021-05-12 05:06:14',0),
(158,79,'LanguageName42',0,0,0,'insert','2021-05-12 05:06:14',0),
(159,80,'LanguageName43',0,0,0,'insert','2021-05-12 05:06:14',0),
(160,81,'LanguageName44',0,0,0,'insert','2021-05-12 05:06:14',0),
(161,82,'LanguageName45',0,0,0,'insert','2021-05-12 05:06:14',0),
(162,83,'LanguageName46',0,0,0,'insert','2021-05-12 05:06:14',0),
(163,84,'LanguageName47',0,0,0,'insert','2021-05-12 05:06:14',0),
(164,85,'LanguageName48',0,0,0,'insert','2021-05-12 05:06:14',0),
(165,86,'LanguageName49',0,0,0,'insert','2021-05-12 05:06:14',0),
(166,87,'LanguageName50',0,0,0,'insert','2021-05-12 05:06:14',0),
(167,38,'LanguageName1',0,0,0,'update','2021-05-12 05:06:13',0),
(168,88,'Language1',0,0,0,'insert','2021-05-12 05:10:09',0),
(169,89,'Language2',0,0,0,'insert','2021-05-12 05:10:10',0),
(170,90,'Language3',0,0,0,'insert','2021-05-12 05:10:10',0),
(171,91,'Language4',0,0,0,'insert','2021-05-12 05:10:10',0),
(172,92,'Language5',0,0,0,'insert','2021-05-12 05:10:10',0),
(173,93,'Language6',0,0,0,'insert','2021-05-12 05:10:10',0),
(174,94,'Language7',0,0,0,'insert','2021-05-12 05:10:10',0),
(175,95,'Language8',0,0,0,'insert','2021-05-12 05:10:10',0),
(176,96,'Language9',0,0,0,'insert','2021-05-12 05:10:10',0),
(177,97,'Language10',0,0,0,'insert','2021-05-12 05:10:10',0),
(178,98,'Language11',0,0,0,'insert','2021-05-12 05:10:10',0),
(179,99,'Language12',0,0,0,'insert','2021-05-12 05:10:10',0),
(180,100,'Language13',0,0,0,'insert','2021-05-12 05:10:10',0),
(181,101,'Language14',0,0,0,'insert','2021-05-12 05:10:10',0),
(182,102,'Language15',0,0,0,'insert','2021-05-12 05:10:10',0),
(183,103,'Language16',0,0,0,'insert','2021-05-12 05:10:10',0),
(184,104,'Language17',0,0,0,'insert','2021-05-12 05:10:10',0),
(185,105,'Language18',0,0,0,'insert','2021-05-12 05:10:10',0),
(186,106,'Language19',0,0,0,'insert','2021-05-12 05:10:10',0),
(187,107,'Language20',0,0,0,'insert','2021-05-12 05:10:10',0),
(188,108,'Language21',0,0,0,'insert','2021-05-12 05:10:10',0),
(189,109,'Language22',0,0,0,'insert','2021-05-12 05:10:10',0),
(190,110,'Language23',0,0,0,'insert','2021-05-12 05:10:10',0),
(191,111,'Language24',0,0,0,'insert','2021-05-12 05:10:10',0),
(192,112,'Language25',0,0,0,'insert','2021-05-12 05:10:10',0),
(193,113,'Language26',0,0,0,'insert','2021-05-12 05:10:11',0),
(194,114,'Language27',0,0,0,'insert','2021-05-12 05:10:11',0),
(195,115,'Ff',0,0,0,'insert','2021-05-12 23:57:07',0),
(196,88,'Language1',0,0,0,'approve','2021-05-12 05:10:09',0),
(197,115,'Ff',0,0,0,'approve','2021-05-12 23:57:07',0),
(198,97,'Language10',0,0,0,'approve','2021-05-12 05:10:10',0),
(199,98,'Language11',0,0,0,'approve','2021-05-12 05:10:10',0),
(200,99,'Language12',0,0,0,'approve','2021-05-12 05:10:10',0),
(201,100,'Language13',0,0,0,'approve','2021-05-12 05:10:10',0),
(202,101,'Language14',0,0,0,'approve','2021-05-12 05:10:10',0),
(203,102,'Language15',0,0,0,'approve','2021-05-12 05:10:10',0),
(204,103,'Language16',0,0,0,'approve','2021-05-12 05:10:10',0),
(205,104,'Language17',0,0,0,'approve','2021-05-12 05:10:10',0),
(206,115,'Ff',1,0,0,'approve','2021-05-12 23:57:07',0),
(207,116,'Ln1',0,0,0,'insert','2021-05-17 06:26:34',0),
(208,117,'Ln2',0,0,0,'insert','2021-05-17 06:26:38',0),
(209,118,'Ln3',0,0,0,'insert','2021-05-17 06:26:40',0),
(210,119,'Ln4',0,0,0,'insert','2021-05-17 06:26:46',0),
(211,120,'Ln5',0,0,0,'insert','2021-05-17 06:26:52',0),
(212,121,'Ln6',0,0,0,'insert','2021-05-17 06:26:58',0),
(213,122,'Ln7',0,0,0,'insert','2021-05-17 06:27:02',0),
(214,123,'Ln8',0,0,0,'insert','2021-05-17 06:27:05',0),
(215,124,'Ln9',0,0,0,'insert','2021-05-17 06:27:07',0),
(216,125,'Ln10',0,0,0,'insert','2021-05-17 06:27:10',0),
(217,126,'Ln11',0,0,0,'insert','2021-05-17 06:27:13',0),
(218,127,'Ln12',0,0,0,'insert','2021-05-17 06:27:15',0),
(219,128,'Ff1',0,0,0,'insert','2021-05-17 07:11:14',0),
(220,129,'Ff2',0,0,0,'insert','2021-05-17 07:11:24',0),
(221,115,'Ff',0,0,0,'approve','2021-05-12 23:57:07',0),
(222,128,'Ff1',0,0,0,'approve','2021-05-17 07:11:14',0);

/*Table structure for table `m_mainmenu` */

DROP TABLE IF EXISTS `m_mainmenu`;

CREATE TABLE `m_mainmenu` (
  `menuId` int(11) NOT NULL AUTO_INCREMENT,
  `menuName` varchar(50) DEFAULT NULL,
  `isDeleted` int(11) DEFAULT '0',
  `transDate` datetime DEFAULT CURRENT_TIMESTAMP,
  `icon` varchar(45) DEFAULT NULL,
  `sequence` int(11) DEFAULT NULL,
  PRIMARY KEY (`menuId`)
) ENGINE=InnoDB AUTO_INCREMENT=7 DEFAULT CHARSET=utf8mb4;

/*Data for the table `m_mainmenu` */

insert  into `m_mainmenu`(`menuId`,`menuName`,`isDeleted`,`transDate`,`icon`,`sequence`) values 
(2,'PMS Setting',0,'2020-09-04 14:17:05',NULL,1),
(4,'User',0,'2020-09-30 10:21:52',NULL,2),
(5,'Vendor',0,'2020-10-17 19:05:09',NULL,3),
(6,'Engineering',0,'2020-11-26 17:39:34',NULL,4);

/*Table structure for table `m_manageitem` */

DROP TABLE IF EXISTS `m_manageitem`;

CREATE TABLE `m_manageitem` (
  `manageitemId` int(11) NOT NULL AUTO_INCREMENT,
  `manageitemCode` varchar(10) DEFAULT NULL,
  `manageitemName` varchar(50) DEFAULT NULL,
  `userId` int(11) DEFAULT NULL,
  `transDate` datetime DEFAULT CURRENT_TIMESTAMP,
  `isApproved` int(11) DEFAULT '0',
  `approvedUserId` int(11) DEFAULT '0',
  `approvedDateTime` datetime DEFAULT NULL,
  `isDeleted` int(11) DEFAULT '0',
  `deleteDateTime` datetime DEFAULT NULL,
  `deleteUserId` int(11) DEFAULT '0',
  `updateCount` int(11) DEFAULT '0',
  `lastUpdateUserId` int(11) DEFAULT '0',
  `isActive` tinyint(1) DEFAULT '0',
  `activateDateTime` datetime DEFAULT NULL,
  `activateUserId` int(11) DEFAULT '0',
  PRIMARY KEY (`manageitemId`)
) ENGINE=InnoDB AUTO_INCREMENT=65 DEFAULT CHARSET=utf8mb4;

/*Data for the table `m_manageitem` */

insert  into `m_manageitem`(`manageitemId`,`manageitemCode`,`manageitemName`,`userId`,`transDate`,`isApproved`,`approvedUserId`,`approvedDateTime`,`isDeleted`,`deleteDateTime`,`deleteUserId`,`updateCount`,`lastUpdateUserId`,`isActive`,`activateDateTime`,`activateUserId`) values 
(12,'COD','Code1',NULL,'2020-09-26 11:10:22',0,3,'2021-05-17 02:34:41',0,NULL,0,0,0,0,NULL,0),
(13,'FT','Fastener Items',3,'2020-10-23 11:30:16',0,0,NULL,1,'2021-04-19 01:50:46',3,1,3,0,NULL,0),
(14,'xccc','xc',10,'2020-10-26 18:59:29',1,3,'2020-12-10 13:00:43',1,'2020-12-10 13:02:21',3,1,3,0,NULL,0),
(15,'m1','m17',10,'2020-10-28 20:05:16',1,3,'2021-04-19 02:23:55',0,NULL,0,1,3,0,NULL,0),
(16,'m1t','m1t',10,'2020-10-28 21:28:06',0,0,NULL,0,NULL,0,0,0,0,NULL,0),
(17,'m3','m79',3,'2021-02-17 22:30:40',1,3,'2021-02-17 22:30:47',1,'2021-02-17 22:31:02',3,1,3,0,NULL,0),
(18,'nnnn','vvv',3,'2021-04-02 10:02:39',1,3,'2021-04-02 10:02:47',1,'2021-04-02 10:03:01',3,1,3,0,NULL,0),
(19,'c vcb cv','vbvbnbv',3,'2021-04-03 05:19:00',1,3,'2021-04-03 05:19:09',1,'2021-04-03 05:19:14',3,0,0,0,NULL,0),
(20,'ROX','ML',3,'2021-04-06 06:48:34',0,0,NULL,1,'2021-04-06 06:48:46',3,0,0,0,NULL,0),
(21,'m12','m22',0,'2021-04-13 08:52:08',0,0,NULL,0,NULL,0,1,3,0,NULL,0),
(22,'m23','m346',0,'2021-04-13 08:52:09',1,3,'2021-04-25 03:19:29',0,NULL,0,1,3,0,NULL,0),
(23,'kapil rana','chauhan',3,'2021-04-19 01:50:11',1,3,'2021-04-19 01:50:16',1,'2021-04-19 01:50:26',3,0,0,0,NULL,0),
(24,'KAPIL34','Chauhan123',0,'2021-04-19 01:55:11',1,3,'2021-04-19 01:55:20',1,'2021-04-19 01:55:40',3,1,3,0,NULL,0),
(25,'JAMMU','Kashmir',0,'2021-04-19 02:23:08',1,3,'2021-04-19 02:23:27',1,'2021-04-19 02:23:36',3,0,0,0,NULL,0),
(26,'KAKA','Lala',0,'2021-04-22 05:14:02',0,0,NULL,0,NULL,0,0,0,0,NULL,0),
(27,'bgg','gy',3,'2021-04-26 10:11:33',0,3,'2021-05-17 02:34:45',0,NULL,0,0,0,0,NULL,0),
(28,'rs1','rs2',3,'2021-04-26 10:16:46',0,0,NULL,0,NULL,0,0,0,0,NULL,0),
(29,'tara','tata1',3,'2021-04-26 23:56:27',0,0,NULL,0,NULL,0,0,0,0,NULL,0),
(30,'api','master',3,'2021-05-05 08:12:11',1,3,'2021-05-05 08:12:18',0,NULL,0,0,0,0,NULL,0),
(31,'EARTH','Yama',0,'2021-05-05 08:17:17',1,3,'2021-05-05 08:18:06',0,NULL,0,0,0,0,NULL,0),
(35,'JAI1','Ra1',0,'2021-05-17 00:11:31',0,0,NULL,0,NULL,0,0,0,0,NULL,0),
(36,'JAI2','Ra2',0,'2021-05-17 00:11:31',0,0,NULL,0,NULL,0,0,0,0,NULL,0),
(37,'JAI3','Ra3',0,'2021-05-17 00:11:31',0,0,NULL,0,NULL,0,0,0,0,NULL,0),
(38,'JAI4','Ra4',0,'2021-05-17 00:11:31',0,0,NULL,0,NULL,0,0,0,0,NULL,0),
(39,'JAI5','Ra5',0,'2021-05-17 00:11:31',0,0,NULL,0,NULL,0,0,0,0,NULL,0),
(40,'JAI6','Ra6',0,'2021-05-17 00:11:31',0,0,NULL,0,NULL,0,0,0,0,NULL,0),
(41,'JAI7','Ra7',0,'2021-05-17 00:11:31',0,0,NULL,0,NULL,0,0,0,0,NULL,0),
(42,'JAI8','Ra8',0,'2021-05-17 00:11:32',0,0,NULL,0,NULL,0,0,0,0,NULL,0),
(43,'JAI9','Ra9',0,'2021-05-17 00:11:32',0,0,NULL,0,NULL,0,0,0,0,NULL,0),
(44,'JAI10','Ra10',0,'2021-05-17 00:11:32',0,0,NULL,0,NULL,0,0,0,0,NULL,0),
(45,'JAI11','Ra11',0,'2021-05-17 00:11:32',0,0,NULL,0,NULL,0,0,0,0,NULL,0),
(46,'JAI12','Ra12',0,'2021-05-17 00:11:32',0,0,NULL,0,NULL,0,0,0,0,NULL,0),
(47,'JAI13','Ra13',0,'2021-05-17 00:11:32',0,0,NULL,0,NULL,0,0,0,0,NULL,0),
(48,'JAI14','Ra14',0,'2021-05-17 00:11:32',0,0,NULL,0,NULL,0,0,0,0,NULL,0),
(49,'JAI15','Ra15',0,'2021-05-17 00:11:32',0,0,NULL,0,NULL,0,0,0,0,NULL,0),
(50,'JAI16','Ra16',0,'2021-05-17 00:11:32',0,0,NULL,0,NULL,0,0,0,0,NULL,0),
(51,'JAI17','Ra17',0,'2021-05-17 00:11:32',0,0,NULL,0,NULL,0,0,0,0,NULL,0),
(52,'JAI18','Ra18',0,'2021-05-17 00:11:32',0,0,NULL,0,NULL,0,0,0,0,NULL,0),
(53,'JAI19','Ra19',0,'2021-05-17 00:11:32',0,0,NULL,0,NULL,0,0,0,0,NULL,0),
(54,'JAI20','Ra20',0,'2021-05-17 00:11:32',0,0,NULL,0,NULL,0,0,0,0,NULL,0),
(55,'JAI21','Ra21',0,'2021-05-17 00:11:32',0,0,NULL,0,NULL,0,0,0,0,NULL,0),
(56,'JAI22','Ra22',0,'2021-05-17 00:11:32',0,0,NULL,0,NULL,0,0,0,0,NULL,0),
(57,'JAI23','Ra23',0,'2021-05-17 00:11:32',0,0,NULL,0,NULL,0,0,0,0,NULL,0),
(58,'JAI24','Ra24',0,'2021-05-17 00:11:32',0,0,NULL,0,NULL,0,0,0,0,NULL,0),
(59,'JAI25','Ra25',0,'2021-05-17 00:11:32',0,0,NULL,0,NULL,0,0,0,0,NULL,0),
(60,'JAI26','Ra26',0,'2021-05-17 00:11:32',0,0,NULL,0,NULL,0,0,0,0,NULL,0),
(61,'JAI27','Ra27',0,'2021-05-17 00:11:32',0,0,NULL,0,NULL,0,0,0,0,NULL,0),
(62,'JAI28','Ra28',0,'2021-05-17 00:11:32',0,0,NULL,0,NULL,0,0,0,0,NULL,0),
(63,'JAI29','Ra29',0,'2021-05-17 00:11:32',0,0,NULL,0,NULL,0,0,0,0,NULL,0),
(64,'JAI30','Ra30',0,'2021-05-17 00:11:32',0,0,NULL,0,NULL,0,0,0,0,NULL,0);

/*Table structure for table `m_manageitem_log` */

DROP TABLE IF EXISTS `m_manageitem_log`;

CREATE TABLE `m_manageitem_log` (
  `logId` int(11) NOT NULL AUTO_INCREMENT,
  `manageitemId` int(11) DEFAULT NULL,
  `manageitemCode` varchar(10) DEFAULT NULL,
  `manageitemName` varchar(50) DEFAULT NULL,
  `isApproved` int(11) DEFAULT '0',
  `userId` int(11) DEFAULT NULL,
  `isDeleted` int(11) DEFAULT '0',
  `userAction` varchar(20) DEFAULT NULL,
  `transDate` datetime DEFAULT CURRENT_TIMESTAMP,
  `isActive` tinyint(1) DEFAULT '0',
  PRIMARY KEY (`logId`)
) ENGINE=InnoDB AUTO_INCREMENT=83 DEFAULT CHARSET=utf8mb4;

/*Data for the table `m_manageitem_log` */

insert  into `m_manageitem_log`(`logId`,`manageitemId`,`manageitemCode`,`manageitemName`,`isApproved`,`userId`,`isDeleted`,`userAction`,`transDate`,`isActive`) values 
(8,13,'FT','Fastenet Items',0,3,0,'insert','2020-10-23 11:30:16',0),
(9,13,'FT','Fastenet Items',0,3,0,'update','2020-10-23 11:30:16',0),
(10,14,'xc','xc',0,10,0,'insert','2020-10-26 18:59:29',0),
(11,12,'COD','Code1',0,NULL,0,'approve','2020-09-26 11:10:22',0),
(12,15,'m1','m1',0,10,0,'insert','2020-10-28 20:05:16',0),
(13,16,'m1t','m1t',0,10,0,'insert','2020-10-28 21:28:06',0),
(14,14,'xc','xc',0,10,0,'approve','2020-10-26 18:59:29',0),
(15,14,'xc','xc',0,10,0,'update','2020-10-26 18:59:29',0),
(16,14,'xccc','xc',0,10,0,'delete','2020-10-26 18:59:29',0),
(17,17,'m3','m7',0,3,0,'insert','2021-02-17 22:30:40',0),
(18,17,'m3','m7',0,3,0,'approve','2021-02-17 22:30:40',0),
(19,17,'m3','m7',0,3,0,'update','2021-02-17 22:30:40',0),
(20,18,'nnnn','vvv',0,3,0,'insert','2021-04-02 10:02:39',0),
(21,18,'nnnn','vvv',0,3,0,'approve','2021-04-02 10:02:39',0),
(22,18,'nnnn','vvv',0,3,0,'update','2021-04-02 10:02:39',0),
(23,19,'c vcb cv','vbvbnbv',0,3,0,'insert','2021-04-03 05:19:00',0),
(24,19,'c vcb cv','vbvbnbv',0,3,0,'approve','2021-04-03 05:19:00',0),
(25,20,'ROX','ML',0,3,0,'insert','2021-04-06 06:48:34',0),
(26,21,'m12','m22',0,0,0,'insert','2021-04-13 08:52:08',0),
(27,22,'m23','m34',0,0,0,'insert','2021-04-13 08:52:09',0),
(28,23,'kapil rana','chauhan',0,3,0,'insert','2021-04-19 01:50:11',0),
(29,23,'kapil rana','chauhan',0,3,0,'approve','2021-04-19 01:50:11',0),
(30,24,'KAPIL','Chauhan',0,0,0,'insert','2021-04-19 01:55:11',0),
(31,24,'KAPIL','Chauhan',0,0,0,'approve','2021-04-19 01:55:11',0),
(32,24,'KAPIL','Chauhan',0,0,0,'update','2021-04-19 01:55:11',0),
(33,25,'JAMMU','Kashmir',0,0,0,'insert','2021-04-19 02:23:08',0),
(34,25,'JAMMU','Kashmir',0,0,0,'approve','2021-04-19 02:23:08',0),
(35,15,'m1','m1',0,10,0,'approve','2020-10-28 20:05:16',0),
(36,15,'m1','m1',0,10,0,'update','2020-10-28 20:05:16',0),
(37,26,'KAKA','Lala',0,0,0,'insert','2021-04-22 05:14:02',0),
(38,22,'m23','m34',0,0,0,'approve','2021-04-13 08:52:09',0),
(39,22,'m23','m34',0,0,0,'update','2021-04-13 08:52:09',0),
(40,21,'m12','m22',0,0,0,'update','2021-04-13 08:52:08',0),
(41,27,'bgg','gy',0,3,0,'insert','2021-04-26 10:11:33',0),
(42,28,'rs1','rs2',0,3,0,'insert','2021-04-26 10:16:46',0),
(43,29,'tara','tata1',0,3,0,'insert','2021-04-26 23:56:27',0),
(44,30,'api','master',0,3,0,'insert','2021-05-05 08:12:11',0),
(45,30,'api','master',0,3,0,'approve','2021-05-05 08:12:11',0),
(46,31,'EARTH','Yama',0,0,0,'insert','2021-05-05 08:17:17',0),
(47,31,'EARTH','Yama',0,0,0,'approve','2021-05-05 08:17:17',0),
(48,31,'EARTH','Yama',1,0,0,'approve','2021-05-05 08:17:17',0),
(49,31,'EARTH','Yama',0,0,0,'approve','2021-05-05 08:17:17',0),
(50,27,'bgg','gy',0,3,0,'approve','2021-04-26 10:11:33',0),
(51,35,'JAI1','Ra1',0,0,0,'insert','2021-05-17 00:11:31',0),
(52,36,'JAI2','Ra2',0,0,0,'insert','2021-05-17 00:11:31',0),
(53,37,'JAI3','Ra3',0,0,0,'insert','2021-05-17 00:11:31',0),
(54,38,'JAI4','Ra4',0,0,0,'insert','2021-05-17 00:11:31',0),
(55,39,'JAI5','Ra5',0,0,0,'insert','2021-05-17 00:11:31',0),
(56,40,'JAI6','Ra6',0,0,0,'insert','2021-05-17 00:11:31',0),
(57,41,'JAI7','Ra7',0,0,0,'insert','2021-05-17 00:11:31',0),
(58,42,'JAI8','Ra8',0,0,0,'insert','2021-05-17 00:11:32',0),
(59,43,'JAI9','Ra9',0,0,0,'insert','2021-05-17 00:11:32',0),
(60,44,'JAI10','Ra10',0,0,0,'insert','2021-05-17 00:11:32',0),
(61,45,'JAI11','Ra11',0,0,0,'insert','2021-05-17 00:11:32',0),
(62,46,'JAI12','Ra12',0,0,0,'insert','2021-05-17 00:11:32',0),
(63,47,'JAI13','Ra13',0,0,0,'insert','2021-05-17 00:11:32',0),
(64,48,'JAI14','Ra14',0,0,0,'insert','2021-05-17 00:11:32',0),
(65,49,'JAI15','Ra15',0,0,0,'insert','2021-05-17 00:11:32',0),
(66,50,'JAI16','Ra16',0,0,0,'insert','2021-05-17 00:11:32',0),
(67,51,'JAI17','Ra17',0,0,0,'insert','2021-05-17 00:11:32',0),
(68,52,'JAI18','Ra18',0,0,0,'insert','2021-05-17 00:11:32',0),
(69,53,'JAI19','Ra19',0,0,0,'insert','2021-05-17 00:11:32',0),
(70,54,'JAI20','Ra20',0,0,0,'insert','2021-05-17 00:11:32',0),
(71,55,'JAI21','Ra21',0,0,0,'insert','2021-05-17 00:11:32',0),
(72,56,'JAI22','Ra22',0,0,0,'insert','2021-05-17 00:11:32',0),
(73,57,'JAI23','Ra23',0,0,0,'insert','2021-05-17 00:11:32',0),
(74,58,'JAI24','Ra24',0,0,0,'insert','2021-05-17 00:11:32',0),
(75,59,'JAI25','Ra25',0,0,0,'insert','2021-05-17 00:11:32',0),
(76,60,'JAI26','Ra26',0,0,0,'insert','2021-05-17 00:11:32',0),
(77,61,'JAI27','Ra27',0,0,0,'insert','2021-05-17 00:11:32',0),
(78,62,'JAI28','Ra28',0,0,0,'insert','2021-05-17 00:11:32',0),
(79,63,'JAI29','Ra29',0,0,0,'insert','2021-05-17 00:11:32',0),
(80,64,'JAI30','Ra30',0,0,0,'insert','2021-05-17 00:11:32',0),
(81,12,'COD','Code1',1,NULL,0,'approve','2020-09-26 11:10:22',0),
(82,27,'bgg','gy',1,3,0,'approve','2021-04-26 10:11:33',0);

/*Table structure for table `m_materialcategory` */

DROP TABLE IF EXISTS `m_materialcategory`;

CREATE TABLE `m_materialcategory` (
  `materialCategoryId` int(11) NOT NULL AUTO_INCREMENT,
  `materialCategoryCode` varchar(10) DEFAULT NULL,
  `materialCategoryName` varchar(50) DEFAULT NULL,
  `userId` int(11) DEFAULT NULL,
  `transDate` datetime DEFAULT CURRENT_TIMESTAMP,
  `isApproved` int(11) DEFAULT '0',
  `approvedUserId` int(11) DEFAULT '0',
  `approvedDateTime` datetime DEFAULT NULL,
  `isDeleted` int(11) DEFAULT '0',
  `deleteDateTime` datetime DEFAULT NULL,
  `deleteUserId` int(11) DEFAULT '0',
  `updateCount` int(11) DEFAULT '0',
  `lastUpdateUserId` int(11) DEFAULT '0',
  `isActive` tinyint(1) DEFAULT '0',
  `activateDateTime` datetime DEFAULT NULL,
  `activateUserId` int(11) DEFAULT '0',
  PRIMARY KEY (`materialCategoryId`)
) ENGINE=InnoDB AUTO_INCREMENT=48 DEFAULT CHARSET=utf8mb4;

/*Data for the table `m_materialcategory` */

insert  into `m_materialcategory`(`materialCategoryId`,`materialCategoryCode`,`materialCategoryName`,`userId`,`transDate`,`isApproved`,`approvedUserId`,`approvedDateTime`,`isDeleted`,`deleteDateTime`,`deleteUserId`,`updateCount`,`lastUpdateUserId`,`isActive`,`activateDateTime`,`activateUserId`) values 
(1,'RM','Raw  Material 123',NULL,'2020-09-26 11:11:57',1,10,'2020-10-27 10:48:08',1,'2021-04-19 07:02:52',3,2,3,0,NULL,0),
(2,'MTRL','Mtrl Mast',3,'2020-10-23 11:34:12',0,0,NULL,1,'2020-10-23 11:34:24',3,0,0,0,NULL,0),
(3,'E&E','Electrical And  Electronics',3,'2020-10-23 11:36:53',1,3,'2021-04-19 07:15:01',1,'2021-04-19 07:15:08',3,0,0,0,NULL,0),
(4,'E&P8','Energy And  Power',3,'2020-10-23 11:37:14',0,3,'2021-05-17 02:36:25',0,NULL,0,1,3,0,NULL,0),
(5,'AM','Automative',3,'2020-10-23 11:37:29',0,0,NULL,0,NULL,0,1,3,0,NULL,0),
(6,'AS','AeroSpace',3,'2020-10-23 11:37:51',0,0,NULL,0,NULL,0,0,0,0,NULL,0),
(7,'NJJ','Xcs',10,'2020-10-26 19:00:25',0,0,NULL,0,NULL,0,0,0,0,NULL,0),
(8,'M1','M1',10,'2020-10-28 20:05:27',0,3,'2021-05-17 02:36:30',0,NULL,0,1,3,0,NULL,0),
(9,'mg1','mg1',10,'2020-10-28 21:28:19',0,0,NULL,1,'2020-12-10 13:02:38',3,0,0,0,NULL,0),
(10,'BB','Bbng',3,'2021-02-17 22:51:36',1,3,'2021-02-17 22:51:43',1,'2021-02-17 22:51:59',3,1,3,0,NULL,0),
(11,'AAA','Aaaaa',3,'2021-04-02 10:03:50',1,3,'2021-04-02 10:04:01',1,'2021-04-02 10:04:19',3,1,3,0,NULL,0),
(12,'BBBB','Vvv',3,'2021-04-03 05:21:08',1,3,'2021-04-03 05:23:09',1,'2021-04-03 05:23:14',3,0,0,0,NULL,0),
(13,'R12','Row Material',3,'2021-04-06 07:16:33',0,0,NULL,1,'2021-04-06 07:16:48',3,0,0,0,NULL,0),
(14,'','',0,'2021-04-13 07:08:33',0,0,NULL,1,'2021-04-13 07:09:22',3,0,0,0,NULL,0),
(15,'m3','m4',0,'2021-04-13 07:09:08',0,0,NULL,0,NULL,0,0,0,0,NULL,0),
(16,'MBBS','Doctor 12334445',3,'2021-04-19 06:58:01',1,3,'2021-04-19 06:58:12',1,'2021-04-19 07:02:29',3,1,3,0,NULL,0),
(17,'PAPAPA','Mamamama123',0,'2021-04-22 05:11:39',0,3,'2021-05-17 02:36:37',0,NULL,0,1,3,0,NULL,0),
(18,'EGYPT','Eg',3,'2021-04-30 05:12:50',0,0,NULL,0,NULL,0,0,0,0,NULL,0),
(19,'AR','Br',0,'2021-04-30 05:14:46',0,0,NULL,0,NULL,0,0,0,0,NULL,0),
(20,'F','Ar1',3,'2021-04-30 05:16:07',0,0,NULL,0,NULL,0,0,0,0,NULL,0),
(21,'WA','Wa1',0,'2021-04-30 06:10:36',0,0,NULL,0,NULL,0,0,0,0,NULL,0),
(22,'AS1','Asset',3,'2021-05-10 04:56:13',0,0,NULL,0,NULL,0,0,0,0,NULL,0),
(23,'MCC1','Mcn1',0,'2021-05-16 23:29:23',0,0,NULL,0,NULL,0,0,0,0,NULL,0),
(24,'MCC2','Mcn2',0,'2021-05-16 23:29:23',0,0,NULL,0,NULL,0,0,0,0,NULL,0),
(25,'MCC3','Mcn3',0,'2021-05-16 23:29:23',0,0,NULL,0,NULL,0,0,0,0,NULL,0),
(26,'MCC4','Mcn4',0,'2021-05-16 23:29:23',0,0,NULL,0,NULL,0,0,0,0,NULL,0),
(27,'MCC5','Mcn5',0,'2021-05-16 23:29:23',0,0,NULL,0,NULL,0,0,0,0,NULL,0),
(28,'MCC6','Mcn6',0,'2021-05-16 23:29:23',0,0,NULL,0,NULL,0,0,0,0,NULL,0),
(29,'MCC7','Mcn7',0,'2021-05-16 23:29:23',0,0,NULL,0,NULL,0,0,0,0,NULL,0),
(30,'MCC8','Mcn8',0,'2021-05-16 23:29:23',0,0,NULL,0,NULL,0,0,0,0,NULL,0),
(31,'MCC9','Mcn9',0,'2021-05-16 23:29:23',0,0,NULL,0,NULL,0,0,0,0,NULL,0),
(32,'MCC10','Mcn10',0,'2021-05-16 23:29:23',0,0,NULL,0,NULL,0,0,0,0,NULL,0),
(33,'MCC11','Mcn11',0,'2021-05-16 23:29:23',0,0,NULL,0,NULL,0,0,0,0,NULL,0),
(34,'MCC12','Mcn12',0,'2021-05-16 23:29:23',0,0,NULL,0,NULL,0,0,0,0,NULL,0),
(35,'MCC13','Mcn13',0,'2021-05-16 23:29:23',0,0,NULL,0,NULL,0,0,0,0,NULL,0),
(36,'MCC14','Mcn14',0,'2021-05-16 23:29:23',0,0,NULL,0,NULL,0,0,0,0,NULL,0),
(37,'MCC15','Mcn15',0,'2021-05-16 23:29:23',0,0,NULL,0,NULL,0,0,0,0,NULL,0),
(38,'MCC16','Mcn16',0,'2021-05-16 23:29:23',0,0,NULL,0,NULL,0,0,0,0,NULL,0),
(39,'MCC17','Mcn17',0,'2021-05-16 23:29:23',0,0,NULL,0,NULL,0,0,0,0,NULL,0),
(40,'MCC18','Mcn18',0,'2021-05-16 23:29:23',0,0,NULL,0,NULL,0,0,0,0,NULL,0),
(41,'MCC19','Mcn19',0,'2021-05-16 23:29:23',0,0,NULL,0,NULL,0,0,0,0,NULL,0),
(42,'MCC20','Mcn20',0,'2021-05-16 23:29:23',0,0,NULL,0,NULL,0,0,0,0,NULL,0),
(43,'MCC21','Mcn21',0,'2021-05-16 23:29:24',0,0,NULL,0,NULL,0,0,0,0,NULL,0),
(44,'MCC22','Mcn22',0,'2021-05-16 23:29:24',0,0,NULL,0,NULL,0,0,0,0,NULL,0),
(45,'MCC23','Mcn23',0,'2021-05-16 23:29:24',0,0,NULL,0,NULL,0,0,0,0,NULL,0),
(46,'MCC24','Mcn24',0,'2021-05-16 23:29:24',0,0,NULL,0,NULL,0,0,0,0,NULL,0),
(47,'MCC25','Mcn25',0,'2021-05-16 23:29:24',0,0,NULL,0,NULL,0,0,0,0,NULL,0);

/*Table structure for table `m_materialcategory_log` */

DROP TABLE IF EXISTS `m_materialcategory_log`;

CREATE TABLE `m_materialcategory_log` (
  `logId` int(11) NOT NULL AUTO_INCREMENT,
  `materialCategoryId` int(11) DEFAULT NULL,
  `materialCategoryCode` varchar(10) DEFAULT NULL,
  `materialCategoryName` varchar(50) DEFAULT NULL,
  `isApproved` int(11) DEFAULT '0',
  `userId` int(11) DEFAULT NULL,
  `isDeleted` int(11) DEFAULT '0',
  `userAction` varchar(20) DEFAULT NULL,
  `transDate` datetime DEFAULT CURRENT_TIMESTAMP,
  `isActive` tinyint(1) DEFAULT '0',
  PRIMARY KEY (`logId`)
) ENGINE=InnoDB AUTO_INCREMENT=78 DEFAULT CHARSET=utf8mb4;

/*Data for the table `m_materialcategory_log` */

insert  into `m_materialcategory_log`(`logId`,`materialCategoryId`,`materialCategoryCode`,`materialCategoryName`,`isApproved`,`userId`,`isDeleted`,`userAction`,`transDate`,`isActive`) values 
(1,2,'MTRL','Mtrl Mast',0,3,0,'insert','2020-10-23 11:34:12',0),
(2,2,'MTRL','Mtrl Mast',0,3,0,'delete','2020-10-23 11:34:12',0),
(3,1,'MC','Matererial1',0,NULL,0,'update','2020-09-26 11:11:57',0),
(4,3,'E&E','Electrical And  Electronics',0,3,0,'insert','2020-10-23 11:36:53',0),
(5,4,'E&P','Energy And  Power',0,3,0,'insert','2020-10-23 11:37:14',0),
(6,5,'AM','Automative',0,3,0,'insert','2020-10-23 11:37:29',0),
(7,6,'AS','AeroSpace',0,3,0,'insert','2020-10-23 11:37:51',0),
(8,7,'NJJ','Xcs',0,10,0,'insert','2020-10-26 19:00:25',0),
(9,1,'RM','Raw  Material',0,NULL,0,'approve','2020-09-26 11:11:57',0),
(10,8,'m1','m1',0,10,0,'insert','2020-10-28 20:05:27',0),
(11,9,'mg1','mg1',0,10,0,'insert','2020-10-28 21:28:19',0),
(12,9,'mg1','mg1',0,10,0,'delete','2020-10-28 21:28:19',0),
(13,8,'m1','m1',0,10,0,'update','2020-10-28 20:05:27',0),
(14,8,'M1','M1',0,10,0,'approve','2020-10-28 20:05:27',0),
(15,10,'BB','Bbn',0,3,0,'insert','2021-02-17 22:51:36',0),
(16,10,'BB','Bbn',0,3,0,'approve','2021-02-17 22:51:36',0),
(17,10,'BB','Bbn',0,3,0,'update','2021-02-17 22:51:36',0),
(18,10,'BB','Bbng',0,3,0,'delete','2021-02-17 22:51:36',0),
(19,11,'AAA','Aaaaa',0,3,0,'insert','2021-04-02 10:03:50',0),
(20,11,'AAA','Aaaaa',0,3,0,'approve','2021-04-02 10:03:50',0),
(21,11,'AAA','Aaaaa',0,3,0,'update','2021-04-02 10:03:50',0),
(22,11,'AAA','Aaaaa',0,3,0,'delete','2021-04-02 10:03:50',0),
(23,12,'BBBB','Vvv',0,3,0,'insert','2021-04-03 05:21:08',0),
(24,12,'BBBB','Vvv',0,3,0,'approve','2021-04-03 05:21:08',0),
(25,12,'BBBB','Vvv',0,3,0,'delete','2021-04-03 05:21:08',0),
(26,13,'R12','Row Material',0,3,0,'insert','2021-04-06 07:16:33',0),
(27,13,'R12','Row Material',0,3,0,'delete','2021-04-06 07:16:33',0),
(28,14,'','',0,0,0,'insert','2021-04-13 07:08:33',0),
(29,15,'m3','m4',0,0,0,'insert','2021-04-13 07:09:09',0),
(30,14,'','',0,0,0,'delete','2021-04-13 07:08:33',0),
(31,16,'MBBS','Doctor',0,3,0,'insert','2021-04-19 06:58:01',0),
(32,16,'MBBS','Doctor',0,3,0,'approve','2021-04-19 06:58:01',0),
(33,16,'MBBS','Doctor',0,3,0,'update','2021-04-19 06:58:01',0),
(34,16,'MBBS','Doctor 12334445',0,3,0,'delete','2021-04-19 06:58:01',0),
(35,1,'RM','Raw  Material',0,NULL,0,'update','2020-09-26 11:11:57',0),
(36,1,'RM','Raw  Material 123',0,NULL,0,'delete','2020-09-26 11:11:57',0),
(37,3,'E&E','Electrical And  Electronics',0,3,0,'approve','2020-10-23 11:36:53',0),
(38,3,'E&E','Electrical And  Electronics',0,3,0,'delete','2020-10-23 11:36:53',0),
(39,17,'PAPAPA','Mamamama',0,0,0,'insert','2021-04-22 05:11:39',0),
(40,17,'PAPAPA','Mamamama',0,0,0,'approve','2021-04-22 05:11:39',0),
(41,17,'PAPAPA','Mamamama',0,0,0,'update','2021-04-22 05:11:39',0),
(42,4,'E&P','Energy And  Power',0,3,0,'update','2020-10-23 11:37:14',0),
(43,5,'AM','Automative',0,3,0,'update','2020-10-23 11:37:29',0),
(44,18,'EGYPT','Eg',0,3,0,'insert','2021-04-30 05:12:50',0),
(45,19,'AR','Br',0,0,0,'insert','2021-04-30 05:14:46',0),
(46,20,'F','Ar1',0,3,0,'insert','2021-04-30 05:16:07',0),
(47,21,'WA','Wa1',0,0,0,'insert','2021-04-30 06:10:36',0),
(48,22,'AS1','Asset',0,3,0,'insert','2021-05-10 04:56:13',0),
(49,4,'E&P8','Energy And  Power',0,3,0,'approve','2020-10-23 11:37:14',0),
(50,23,'MCC1','Mcn1',0,0,0,'insert','2021-05-16 23:29:23',0),
(51,24,'MCC2','Mcn2',0,0,0,'insert','2021-05-16 23:29:23',0),
(52,25,'MCC3','Mcn3',0,0,0,'insert','2021-05-16 23:29:23',0),
(53,26,'MCC4','Mcn4',0,0,0,'insert','2021-05-16 23:29:23',0),
(54,27,'MCC5','Mcn5',0,0,0,'insert','2021-05-16 23:29:23',0),
(55,28,'MCC6','Mcn6',0,0,0,'insert','2021-05-16 23:29:23',0),
(56,29,'MCC7','Mcn7',0,0,0,'insert','2021-05-16 23:29:23',0),
(57,30,'MCC8','Mcn8',0,0,0,'insert','2021-05-16 23:29:23',0),
(58,31,'MCC9','Mcn9',0,0,0,'insert','2021-05-16 23:29:23',0),
(59,32,'MCC10','Mcn10',0,0,0,'insert','2021-05-16 23:29:23',0),
(60,33,'MCC11','Mcn11',0,0,0,'insert','2021-05-16 23:29:23',0),
(61,34,'MCC12','Mcn12',0,0,0,'insert','2021-05-16 23:29:23',0),
(62,35,'MCC13','Mcn13',0,0,0,'insert','2021-05-16 23:29:23',0),
(63,36,'MCC14','Mcn14',0,0,0,'insert','2021-05-16 23:29:23',0),
(64,37,'MCC15','Mcn15',0,0,0,'insert','2021-05-16 23:29:23',0),
(65,38,'MCC16','Mcn16',0,0,0,'insert','2021-05-16 23:29:23',0),
(66,39,'MCC17','Mcn17',0,0,0,'insert','2021-05-16 23:29:23',0),
(67,40,'MCC18','Mcn18',0,0,0,'insert','2021-05-16 23:29:23',0),
(68,41,'MCC19','Mcn19',0,0,0,'insert','2021-05-16 23:29:23',0),
(69,42,'MCC20','Mcn20',0,0,0,'insert','2021-05-16 23:29:23',0),
(70,43,'MCC21','Mcn21',0,0,0,'insert','2021-05-16 23:29:24',0),
(71,44,'MCC22','Mcn22',0,0,0,'insert','2021-05-16 23:29:24',0),
(72,45,'MCC23','Mcn23',0,0,0,'insert','2021-05-16 23:29:24',0),
(73,46,'MCC24','Mcn24',0,0,0,'insert','2021-05-16 23:29:24',0),
(74,47,'MCC25','Mcn25',0,0,0,'insert','2021-05-16 23:29:24',0),
(75,4,'E&P8','Energy And  Power',1,3,0,'approve','2020-10-23 11:37:14',0),
(76,8,'M1','M1',1,10,0,'approve','2020-10-28 20:05:27',0),
(77,17,'PAPAPA','Mamamama123',1,0,0,'approve','2021-04-22 05:11:39',0);

/*Table structure for table `m_message` */

DROP TABLE IF EXISTS `m_message`;

CREATE TABLE `m_message` (
  `messageId` int(11) NOT NULL AUTO_INCREMENT,
  `messageType` varchar(50) DEFAULT NULL,
  `messageDescription` varchar(500) DEFAULT NULL,
  `userId` int(11) DEFAULT NULL,
  `transDate` datetime DEFAULT CURRENT_TIMESTAMP,
  `isApproved` int(11) DEFAULT '0',
  `approvedUserId` int(11) DEFAULT '0',
  `approvedDateTime` datetime DEFAULT NULL,
  `isDeleted` int(11) DEFAULT '0',
  `deleteDateTime` datetime DEFAULT NULL,
  `deleteUserId` int(11) DEFAULT '0',
  `updateCount` int(11) DEFAULT '0',
  `lastUpdateUserId` int(11) DEFAULT '0',
  `isActive` tinyint(1) DEFAULT '0',
  `activateDateTime` datetime DEFAULT NULL,
  `activateUserId` int(11) DEFAULT '0',
  PRIMARY KEY (`messageId`)
) ENGINE=InnoDB AUTO_INCREMENT=248 DEFAULT CHARSET=utf8mb4;

/*Data for the table `m_message` */

insert  into `m_message`(`messageId`,`messageType`,`messageDescription`,`userId`,`transDate`,`isApproved`,`approvedUserId`,`approvedDateTime`,`isDeleted`,`deleteDateTime`,`deleteUserId`,`updateCount`,`lastUpdateUserId`,`isActive`,`activateDateTime`,`activateUserId`) values 
(247,'APPROVED','Your data has successfully update',3,'2021-05-10 04:54:25',0,0,NULL,0,NULL,0,0,0,0,NULL,0);

/*Table structure for table `m_message_log` */

DROP TABLE IF EXISTS `m_message_log`;

CREATE TABLE `m_message_log` (
  `logId` int(11) NOT NULL AUTO_INCREMENT,
  `messageId` int(11) DEFAULT NULL,
  `messageType` varchar(50) DEFAULT NULL,
  `messageDescription` varchar(500) DEFAULT NULL,
  `isApproved` int(11) DEFAULT '0',
  `userId` int(11) DEFAULT NULL,
  `isDeleted` int(11) DEFAULT '0',
  `userAction` varchar(20) DEFAULT NULL,
  `transDate` datetime DEFAULT CURRENT_TIMESTAMP,
  `isActive` tinyint(1) DEFAULT '0',
  PRIMARY KEY (`logId`)
) ENGINE=InnoDB AUTO_INCREMENT=61 DEFAULT CHARSET=utf8mb4;

/*Data for the table `m_message_log` */

insert  into `m_message_log`(`logId`,`messageId`,`messageType`,`messageDescription`,`isApproved`,`userId`,`isDeleted`,`userAction`,`transDate`,`isActive`) values 
(60,247,'APPROVED','Your data has successfully update',0,3,0,'insert','2021-05-10 04:54:25',0);

/*Table structure for table `m_priority` */

DROP TABLE IF EXISTS `m_priority`;

CREATE TABLE `m_priority` (
  `priorityId` int(11) NOT NULL AUTO_INCREMENT,
  `priorityName` varchar(50) DEFAULT NULL,
  `userId` int(11) DEFAULT NULL,
  `transDate` datetime DEFAULT CURRENT_TIMESTAMP,
  `isApproved` int(11) DEFAULT '0',
  `approvedUserId` int(11) DEFAULT '0',
  `approvedDateTime` datetime DEFAULT NULL,
  `isDeleted` int(11) DEFAULT '0',
  `deleteDateTime` datetime DEFAULT NULL,
  `deleteUserId` int(11) DEFAULT '0',
  `updateCount` int(11) DEFAULT '0',
  `lastUpdateUserId` int(11) DEFAULT '0',
  `isActive` tinyint(1) DEFAULT '0',
  `activateDateTime` datetime DEFAULT NULL,
  `activateUserId` int(11) DEFAULT '0',
  PRIMARY KEY (`priorityId`)
) ENGINE=InnoDB AUTO_INCREMENT=76 DEFAULT CHARSET=utf8mb4;

/*Data for the table `m_priority` */

insert  into `m_priority`(`priorityId`,`priorityName`,`userId`,`transDate`,`isApproved`,`approvedUserId`,`approvedDateTime`,`isDeleted`,`deleteDateTime`,`deleteUserId`,`updateCount`,`lastUpdateUserId`,`isActive`,`activateDateTime`,`activateUserId`) values 
(6,'High1',0,'2020-09-12 20:10:27',1,3,'2020-10-27 09:39:55',1,'2021-04-19 00:40:07',3,2,3,0,NULL,0),
(7,'Sdf',0,'2020-09-12 20:10:55',0,0,NULL,1,'2020-09-12 20:11:04',0,1,0,0,NULL,0),
(8,'Low',0,'2020-09-14 12:12:40',1,3,'2020-10-27 09:39:57',1,'2021-05-03 08:37:12',3,3,3,0,NULL,0),
(9,'Erwe',0,'2020-09-17 19:03:58',0,0,NULL,1,'2020-09-17 19:04:07',0,1,0,0,NULL,0),
(10,'High1',0,'2020-09-28 19:41:08',0,0,NULL,1,'2020-10-23 11:22:22',3,1,3,0,NULL,0),
(11,'Medium',3,'2020-10-06 11:28:18',0,3,'2021-05-17 02:31:54',0,NULL,0,1,3,0,NULL,0),
(12,'1',3,'2020-10-06 17:08:42',0,0,NULL,1,'2020-10-23 11:20:08',3,0,0,0,NULL,0),
(13,'2',3,'2020-10-06 17:08:48',0,0,NULL,1,'2020-10-23 11:20:13',3,0,0,0,NULL,0),
(14,'Fastener',10,'2020-10-16 16:11:24',0,0,NULL,1,'2020-10-23 11:22:35',3,0,0,0,NULL,0),
(15,'HeapSort',3,'2020-10-23 11:23:51',1,3,'2021-04-19 00:36:29',1,'2021-04-19 00:36:37',3,1,3,0,NULL,0),
(16,'SmoothSortr',3,'2020-10-23 11:24:14',0,0,NULL,0,NULL,0,1,3,0,NULL,0),
(17,'SelectionSort',3,'2020-10-23 11:24:41',0,0,NULL,0,NULL,0,0,0,0,NULL,0),
(18,'InsertionSort',3,'2020-10-23 11:24:52',0,0,NULL,1,'2021-04-19 00:40:12',3,0,0,0,NULL,0),
(19,'TreeSort',3,'2020-10-23 11:25:00',0,0,NULL,0,NULL,0,1,3,0,NULL,0),
(20,'Ds1',10,'2020-10-26 18:56:17',1,3,'2021-02-13 03:56:56',1,'2021-02-13 03:57:13',3,1,3,0,NULL,0),
(21,'Pri1',3,'2020-10-27 09:39:51',0,0,NULL,0,NULL,0,0,0,0,NULL,0),
(22,'Ty7ll',3,'2020-12-10 11:31:48',1,3,'2020-12-10 11:31:53',1,'2020-12-10 11:32:10',3,1,3,0,NULL,0),
(23,'Ll',3,'2021-02-13 03:57:22',0,0,NULL,1,'2021-02-13 03:57:35',3,0,0,0,NULL,0),
(24,'Fvgbcvv',3,'2021-04-02 09:59:26',1,3,'2021-04-02 09:59:33',1,'2021-04-02 09:59:48',3,1,3,0,NULL,0),
(25,'Cfcf',3,'2021-04-03 05:15:45',1,3,'2021-04-03 05:15:52',1,'2021-04-03 05:15:59',3,0,0,0,NULL,0),
(26,'High 33',3,'2021-04-06 05:58:25',1,3,'2021-04-06 05:59:08',1,'2021-04-06 05:59:18',3,1,3,0,NULL,0),
(27,'Heigh 33',3,'2021-04-06 05:59:38',0,0,NULL,1,'2021-04-19 00:36:49',3,0,0,0,NULL,0),
(28,'P1',0,'2021-04-14 01:32:37',1,3,'2021-05-14 07:24:33',0,NULL,0,0,0,0,NULL,0),
(29,'P2',0,'2021-04-14 01:32:39',0,0,NULL,0,NULL,0,0,0,0,NULL,0),
(30,'P3',0,'2021-04-14 01:32:40',0,0,NULL,0,NULL,0,0,0,0,NULL,0),
(31,'Ps',0,'2021-04-14 02:08:16',0,0,NULL,0,NULL,0,0,0,0,NULL,0),
(32,'Rana123',3,'2021-04-19 00:36:59',1,3,'2021-04-19 00:37:09',1,'2021-04-19 00:37:20',3,0,0,0,NULL,0),
(33,'Kapil rana 123',0,'2021-04-19 00:39:17',1,3,'2021-04-19 00:39:27',1,'2021-04-19 00:39:46',3,1,3,0,NULL,0),
(34,'Kapil rana 123',3,'2021-05-03 08:36:38',0,3,'2021-05-17 02:31:31',0,NULL,0,1,3,0,NULL,0),
(35,'Yhooo',0,'2021-05-03 08:38:03',0,0,NULL,0,NULL,0,0,0,0,NULL,0),
(36,'PriorityName1',0,'2021-05-14 06:13:19',0,0,NULL,0,NULL,0,0,0,0,NULL,0),
(37,'PriorityName2',0,'2021-05-14 06:13:19',0,0,NULL,0,NULL,0,0,0,0,NULL,0),
(38,'PriorityName3',0,'2021-05-14 06:13:19',0,0,NULL,0,NULL,0,0,0,0,NULL,0),
(39,'PriorityName4',0,'2021-05-14 06:13:19',0,0,NULL,0,NULL,0,0,0,0,NULL,0),
(40,'PriorityName5',0,'2021-05-14 06:13:19',0,0,NULL,0,NULL,0,0,0,0,NULL,0),
(41,'PriorityName6',0,'2021-05-14 06:13:19',0,0,NULL,0,NULL,0,0,0,0,NULL,0),
(42,'PriorityName7',0,'2021-05-14 06:13:19',0,0,NULL,0,NULL,0,0,0,0,NULL,0),
(43,'PriorityName8',0,'2021-05-14 06:13:19',0,0,NULL,0,NULL,0,0,0,0,NULL,0),
(44,'PriorityName9',0,'2021-05-14 06:13:19',0,0,NULL,0,NULL,0,0,0,0,NULL,0),
(45,'PriorityName10',0,'2021-05-14 06:13:19',0,0,NULL,0,NULL,0,0,0,0,NULL,0),
(46,'PriorityName11',0,'2021-05-14 06:13:19',0,0,NULL,0,NULL,0,0,0,0,NULL,0),
(47,'PriorityName12',0,'2021-05-14 06:13:19',0,0,NULL,0,NULL,0,0,0,0,NULL,0),
(48,'PriorityName13',0,'2021-05-14 06:13:19',0,0,NULL,0,NULL,0,0,0,0,NULL,0),
(49,'PriorityName14',0,'2021-05-14 06:13:19',0,0,NULL,0,NULL,0,0,0,0,NULL,0),
(50,'PriorityName15',0,'2021-05-14 06:13:19',0,0,NULL,0,NULL,0,0,0,0,NULL,0),
(51,'PriorityName16',0,'2021-05-14 06:13:19',0,0,NULL,0,NULL,0,0,0,0,NULL,0),
(52,'PriorityName17',0,'2021-05-14 06:13:19',0,0,NULL,0,NULL,0,0,0,0,NULL,0),
(53,'PriorityName18',0,'2021-05-14 06:13:19',0,0,NULL,0,NULL,0,0,0,0,NULL,0),
(54,'PriorityName19',0,'2021-05-14 06:13:19',0,0,NULL,0,NULL,0,0,0,0,NULL,0),
(55,'PriorityName20',0,'2021-05-14 06:13:19',0,0,NULL,0,NULL,0,0,0,0,NULL,0),
(56,'PriorityName21',0,'2021-05-14 06:13:19',0,0,NULL,0,NULL,0,0,0,0,NULL,0),
(57,'PriorityName22',0,'2021-05-14 06:13:19',0,0,NULL,0,NULL,0,0,0,0,NULL,0),
(58,'PriorityName23',0,'2021-05-14 06:13:19',0,0,NULL,0,NULL,0,0,0,0,NULL,0),
(59,'PriorityName24',0,'2021-05-14 06:13:19',0,0,NULL,0,NULL,0,0,0,0,NULL,0),
(60,'PriorityName25',0,'2021-05-14 06:13:19',0,0,NULL,0,NULL,0,0,0,0,NULL,0),
(61,'PriorityName26',0,'2021-05-14 06:13:19',0,0,NULL,0,NULL,0,0,0,0,NULL,0),
(62,'PriorityName27',0,'2021-05-14 06:13:19',0,0,NULL,0,NULL,0,0,0,0,NULL,0),
(63,'PriorityName28',0,'2021-05-14 06:13:19',0,0,NULL,0,NULL,0,0,0,0,NULL,0),
(64,'PriorityName29',0,'2021-05-14 06:13:19',0,0,NULL,0,NULL,0,0,0,0,NULL,0),
(65,'PriorityName30',0,'2021-05-14 06:13:19',0,0,NULL,0,NULL,0,0,0,0,NULL,0),
(66,'PriorityName31',0,'2021-05-14 06:13:19',0,0,NULL,0,NULL,0,0,0,0,NULL,0),
(67,'PriorityName32',0,'2021-05-14 06:13:19',0,0,NULL,0,NULL,0,0,0,0,NULL,0),
(68,'PriorityName33',0,'2021-05-14 06:13:19',0,0,NULL,0,NULL,0,0,0,0,NULL,0),
(69,'PriorityName34',0,'2021-05-14 06:13:19',0,0,NULL,0,NULL,0,0,0,0,NULL,0),
(70,'PriorityName35',0,'2021-05-14 06:13:19',0,0,NULL,0,NULL,0,0,0,0,NULL,0),
(71,'PriorityName36',0,'2021-05-14 06:13:19',0,0,NULL,0,NULL,0,0,0,0,NULL,0),
(72,'PriorityName37',0,'2021-05-14 06:13:19',0,0,NULL,0,NULL,0,0,0,0,NULL,0),
(73,'PriorityName38',0,'2021-05-14 06:13:19',0,0,NULL,0,NULL,0,0,0,0,NULL,0),
(74,'PriorityName39',0,'2021-05-14 06:13:19',0,0,NULL,0,NULL,0,0,0,0,NULL,0),
(75,'PriorityName40',0,'2021-05-14 06:13:19',0,0,NULL,0,NULL,0,0,0,0,NULL,0);

/*Table structure for table `m_priority_log` */

DROP TABLE IF EXISTS `m_priority_log`;

CREATE TABLE `m_priority_log` (
  `logId` int(11) NOT NULL AUTO_INCREMENT,
  `priorityId` int(11) DEFAULT NULL,
  `priorityName` varchar(50) DEFAULT NULL,
  `isApproved` int(11) DEFAULT '0',
  `userId` int(11) DEFAULT NULL,
  `isDeleted` int(11) DEFAULT '0',
  `userAction` varchar(20) DEFAULT NULL,
  `transDate` datetime DEFAULT CURRENT_TIMESTAMP,
  `isActive` tinyint(1) DEFAULT '0',
  PRIMARY KEY (`logId`)
) ENGINE=InnoDB AUTO_INCREMENT=143 DEFAULT CHARSET=utf8mb4;

/*Data for the table `m_priority_log` */

insert  into `m_priority_log`(`logId`,`priorityId`,`priorityName`,`isApproved`,`userId`,`isDeleted`,`userAction`,`transDate`,`isActive`) values 
(17,6,'High',0,0,0,'insert','2020-09-12 20:10:27',0),
(18,7,'Sdf',0,0,0,'insert','2020-09-12 20:10:55',0),
(19,7,'Sdf',0,0,0,'update','2020-09-12 20:10:55',0),
(20,7,'Sdf',0,0,0,'delete','2020-09-12 20:10:55',0),
(21,8,'Klhjg',0,0,0,'insert','2020-09-14 12:12:40',0),
(22,8,'Klhjg',0,0,0,'update','2020-09-14 12:12:40',0),
(23,9,'Erwe',0,0,0,'insert','2020-09-17 19:03:58',0),
(24,9,'Erwe',0,0,0,'update','2020-09-17 19:03:58',0),
(25,9,'Erwe',0,0,0,'delete','2020-09-17 19:03:58',0),
(26,8,'Klhjg67',0,0,0,'update','2020-09-14 12:12:40',0),
(27,10,'High1',0,0,0,'insert','2020-09-28 19:41:08',0),
(28,8,'Low',0,0,0,'approve','2020-09-14 12:12:40',0),
(29,8,'Low',1,0,0,'approve','2020-09-14 12:12:40',0),
(30,8,'Low',0,0,0,'update','2020-09-14 12:12:40',0),
(31,6,'High',0,0,0,'update','2020-09-12 20:10:27',0),
(32,10,'High1',0,0,0,'update','2020-09-28 19:41:08',0),
(33,6,'High',0,0,0,'approve','2020-09-12 20:10:27',0),
(34,6,'High',1,0,0,'approve','2020-09-12 20:10:27',0),
(35,11,'Medium',0,3,0,'insert','2020-10-06 11:28:18',0),
(36,11,'Medium',0,3,0,'update','2020-10-06 11:28:18',0),
(37,11,'Medium',0,3,0,'approve','2020-10-06 11:28:18',0),
(38,12,'1',0,3,0,'insert','2020-10-06 17:08:42',0),
(39,13,'2',0,3,0,'insert','2020-10-06 17:08:48',0),
(40,14,'Fastener',0,10,0,'insert','2020-10-16 16:11:24',0),
(41,12,'1',0,3,0,'delete','2020-10-06 17:08:42',0),
(42,13,'2',0,3,0,'delete','2020-10-06 17:08:48',0),
(43,10,'High1',0,0,0,'delete','2020-09-28 19:41:08',0),
(44,14,'Fastener',0,10,0,'delete','2020-10-16 16:11:24',0),
(45,15,'HeepSort',0,3,0,'insert','2020-10-23 11:23:51',0),
(46,15,'HeepSort',0,3,0,'update','2020-10-23 11:23:51',0),
(47,16,'SmoothSort',0,3,0,'insert','2020-10-23 11:24:14',0),
(48,17,'SelectionSort',0,3,0,'insert','2020-10-23 11:24:41',0),
(49,18,'InsertionSort',0,3,0,'insert','2020-10-23 11:24:52',0),
(50,19,'TreeSort',0,3,0,'insert','2020-10-23 11:25:00',0),
(51,20,'Ds',0,10,0,'insert','2020-10-26 18:56:17',0),
(52,21,'Pri1',0,3,0,'insert','2020-10-27 09:39:51',0),
(53,6,'High',0,0,0,'approve','2020-09-12 20:10:27',0),
(54,8,'Low',0,0,0,'approve','2020-09-14 12:12:40',0),
(55,6,'High',0,0,0,'update','2020-09-12 20:10:27',0),
(56,22,'Ty7',0,3,0,'insert','2020-12-10 11:31:48',0),
(57,22,'Ty7',0,3,0,'approve','2020-12-10 11:31:48',0),
(58,22,'Ty7',0,3,0,'update','2020-12-10 11:31:48',0),
(59,22,'Ty7ll',0,3,0,'delete','2020-12-10 11:31:48',0),
(60,20,'Ds',0,10,0,'approve','2020-10-26 18:56:17',0),
(61,20,'Ds',0,10,0,'update','2020-10-26 18:56:17',0),
(62,20,'Ds1',0,10,0,'delete','2020-10-26 18:56:17',0),
(63,23,'Ll',0,3,0,'insert','2021-02-13 03:57:22',0),
(64,23,'Ll',0,3,0,'delete','2021-02-13 03:57:22',0),
(65,24,'Fvgbcvv',0,3,0,'insert','2021-04-02 09:59:26',0),
(66,24,'Fvgbcvv',0,3,0,'approve','2021-04-02 09:59:26',0),
(67,24,'Fvgbcvv',0,3,0,'update','2021-04-02 09:59:26',0),
(68,24,'Fvgbcvv',0,3,0,'delete','2021-04-02 09:59:26',0),
(69,25,'Cfcf',0,3,0,'insert','2021-04-03 05:15:45',0),
(70,25,'Cfcf',0,3,0,'approve','2021-04-03 05:15:45',0),
(71,25,'Cfcf',0,3,0,'delete','2021-04-03 05:15:45',0),
(72,26,'High 2',0,3,0,'insert','2021-04-06 05:58:25',0),
(73,26,'High 2',0,3,0,'update','2021-04-06 05:58:25',0),
(74,26,'High 33',0,3,0,'approve','2021-04-06 05:58:25',0),
(75,26,'High 33',0,3,0,'delete','2021-04-06 05:58:25',0),
(76,27,'Heigh 33',0,3,0,'insert','2021-04-06 05:59:38',0),
(77,28,'P1',0,0,0,'insert','2021-04-14 01:32:37',0),
(78,29,'P2',0,0,0,'insert','2021-04-14 01:32:39',0),
(79,30,'P3',0,0,0,'insert','2021-04-14 01:32:40',0),
(80,31,'Ps',0,0,0,'insert','2021-04-14 02:08:16',0),
(81,15,'HeapSort',0,3,0,'approve','2020-10-23 11:23:51',0),
(82,15,'HeapSort',0,3,0,'delete','2020-10-23 11:23:51',0),
(83,27,'Heigh 33',0,3,0,'delete','2021-04-06 05:59:38',0),
(84,32,'Rana123',0,3,0,'insert','2021-04-19 00:36:59',0),
(85,32,'Rana123',0,3,0,'approve','2021-04-19 00:36:59',0),
(86,32,'Rana123',0,3,0,'delete','2021-04-19 00:36:59',0),
(87,33,'Kapil rana',0,0,0,'insert','2021-04-19 00:39:17',0),
(88,33,'Kapil rana',0,0,0,'approve','2021-04-19 00:39:17',0),
(89,33,'Kapil rana',0,0,0,'update','2021-04-19 00:39:17',0),
(90,33,'Kapil rana 123',0,0,0,'delete','2021-04-19 00:39:17',0),
(91,6,'High1',0,0,0,'delete','2020-09-12 20:10:27',0),
(92,18,'InsertionSort',0,3,0,'delete','2020-10-23 11:24:52',0),
(93,19,'TreeSort',0,3,0,'update','2020-10-23 11:25:00',0),
(94,16,'SmoothSort',0,3,0,'update','2020-10-23 11:24:14',0),
(95,34,'Kapil rana',0,3,0,'insert','2021-05-03 08:36:38',0),
(96,34,'Kapil rana',0,3,0,'approve','2021-05-03 08:36:38',0),
(97,34,'Kapil rana',0,3,0,'update','2021-05-03 08:36:38',0),
(98,8,'Low',0,0,0,'delete','2020-09-14 12:12:40',0),
(99,35,'Yhooo',0,0,0,'insert','2021-05-03 08:38:03',0),
(100,36,'PriorityName1',0,0,0,'insert','2021-05-14 06:13:19',0),
(101,37,'PriorityName2',0,0,0,'insert','2021-05-14 06:13:19',0),
(102,38,'PriorityName3',0,0,0,'insert','2021-05-14 06:13:19',0),
(103,39,'PriorityName4',0,0,0,'insert','2021-05-14 06:13:19',0),
(104,40,'PriorityName5',0,0,0,'insert','2021-05-14 06:13:19',0),
(105,41,'PriorityName6',0,0,0,'insert','2021-05-14 06:13:19',0),
(106,42,'PriorityName7',0,0,0,'insert','2021-05-14 06:13:19',0),
(107,43,'PriorityName8',0,0,0,'insert','2021-05-14 06:13:19',0),
(108,44,'PriorityName9',0,0,0,'insert','2021-05-14 06:13:19',0),
(109,45,'PriorityName10',0,0,0,'insert','2021-05-14 06:13:19',0),
(110,46,'PriorityName11',0,0,0,'insert','2021-05-14 06:13:19',0),
(111,47,'PriorityName12',0,0,0,'insert','2021-05-14 06:13:19',0),
(112,48,'PriorityName13',0,0,0,'insert','2021-05-14 06:13:19',0),
(113,49,'PriorityName14',0,0,0,'insert','2021-05-14 06:13:19',0),
(114,50,'PriorityName15',0,0,0,'insert','2021-05-14 06:13:19',0),
(115,51,'PriorityName16',0,0,0,'insert','2021-05-14 06:13:19',0),
(116,52,'PriorityName17',0,0,0,'insert','2021-05-14 06:13:19',0),
(117,53,'PriorityName18',0,0,0,'insert','2021-05-14 06:13:19',0),
(118,54,'PriorityName19',0,0,0,'insert','2021-05-14 06:13:19',0),
(119,55,'PriorityName20',0,0,0,'insert','2021-05-14 06:13:19',0),
(120,56,'PriorityName21',0,0,0,'insert','2021-05-14 06:13:19',0),
(121,57,'PriorityName22',0,0,0,'insert','2021-05-14 06:13:19',0),
(122,58,'PriorityName23',0,0,0,'insert','2021-05-14 06:13:19',0),
(123,59,'PriorityName24',0,0,0,'insert','2021-05-14 06:13:19',0),
(124,60,'PriorityName25',0,0,0,'insert','2021-05-14 06:13:19',0),
(125,61,'PriorityName26',0,0,0,'insert','2021-05-14 06:13:19',0),
(126,62,'PriorityName27',0,0,0,'insert','2021-05-14 06:13:19',0),
(127,63,'PriorityName28',0,0,0,'insert','2021-05-14 06:13:19',0),
(128,64,'PriorityName29',0,0,0,'insert','2021-05-14 06:13:19',0),
(129,65,'PriorityName30',0,0,0,'insert','2021-05-14 06:13:19',0),
(130,66,'PriorityName31',0,0,0,'insert','2021-05-14 06:13:19',0),
(131,67,'PriorityName32',0,0,0,'insert','2021-05-14 06:13:19',0),
(132,68,'PriorityName33',0,0,0,'insert','2021-05-14 06:13:19',0),
(133,69,'PriorityName34',0,0,0,'insert','2021-05-14 06:13:19',0),
(134,70,'PriorityName35',0,0,0,'insert','2021-05-14 06:13:19',0),
(135,71,'PriorityName36',0,0,0,'insert','2021-05-14 06:13:19',0),
(136,72,'PriorityName37',0,0,0,'insert','2021-05-14 06:13:19',0),
(137,73,'PriorityName38',0,0,0,'insert','2021-05-14 06:13:19',0),
(138,74,'PriorityName39',0,0,0,'insert','2021-05-14 06:13:19',0),
(139,75,'PriorityName40',0,0,0,'insert','2021-05-14 06:13:19',0),
(140,28,'P1',0,0,0,'approve','2021-04-14 01:32:37',0),
(141,34,'Kapil rana 123',1,3,0,'approve','2021-05-03 08:36:38',0),
(142,11,'Medium',1,3,0,'approve','2020-10-06 11:28:18',0);

/*Table structure for table `m_rack` */

DROP TABLE IF EXISTS `m_rack`;

CREATE TABLE `m_rack` (
  `rackId` int(11) NOT NULL AUTO_INCREMENT,
  `rackName` varchar(50) DEFAULT NULL,
  `userId` int(11) DEFAULT NULL,
  `transDate` datetime DEFAULT CURRENT_TIMESTAMP,
  `isApproved` int(11) DEFAULT '0',
  `approvedUserId` int(11) DEFAULT '0',
  `approvedDateTime` datetime DEFAULT NULL,
  `isDeleted` int(11) DEFAULT '0',
  `deleteDateTime` datetime DEFAULT NULL,
  `deleteUserId` int(11) DEFAULT '0',
  `updateCount` int(11) DEFAULT '0',
  `lastUpdateUserId` int(11) DEFAULT '0',
  `isActive` tinyint(1) DEFAULT '0',
  `activateDateTime` datetime DEFAULT NULL,
  `activateUserId` int(11) DEFAULT '0',
  `rackNumber` varchar(50) DEFAULT NULL,
  PRIMARY KEY (`rackId`)
) ENGINE=InnoDB AUTO_INCREMENT=47 DEFAULT CHARSET=utf8mb4;

/*Data for the table `m_rack` */

insert  into `m_rack`(`rackId`,`rackName`,`userId`,`transDate`,`isApproved`,`approvedUserId`,`approvedDateTime`,`isDeleted`,`deleteDateTime`,`deleteUserId`,`updateCount`,`lastUpdateUserId`,`isActive`,`activateDateTime`,`activateUserId`,`rackNumber`) values 
(1,'RACK12',3,'2021-02-17 22:53:12',1,3,'2021-02-17 22:53:18',1,'2021-02-17 22:53:32',3,1,3,0,NULL,0,NULL),
(2,'RACK1',3,'2021-02-25 08:12:15',1,3,'2021-04-03 05:23:43',1,'2021-04-03 05:23:50',3,0,0,0,NULL,0,NULL),
(3,'FDFF',3,'2021-04-02 10:05:03',1,3,'2021-04-02 10:05:16',1,'2021-04-02 10:05:23',3,1,3,0,NULL,0,NULL),
(4,'GBGBB',3,'2021-04-03 05:23:35',0,3,'2021-04-06 10:52:48',1,'2021-04-06 10:56:25',3,1,3,0,NULL,0,'bb'),
(5,'LLPQ',3,'2021-04-06 07:21:10',1,3,'2021-04-07 01:01:35',1,'2021-04-19 07:18:32',3,1,3,0,NULL,0,'2'),
(6,'RACK',3,'2021-04-06 10:59:00',0,0,NULL,1,'2021-04-19 07:29:08',3,0,0,0,NULL,0,'5'),
(7,'undefined',0,'2021-04-13 06:52:52',0,0,NULL,1,'2021-04-13 06:54:29',3,0,0,0,NULL,0,'r2'),
(8,'r3',0,'2021-04-13 06:52:53',0,0,NULL,1,'2021-04-13 06:54:34',3,0,0,0,NULL,0,'r4'),
(9,'undefined',0,'2021-04-13 06:54:54',0,0,NULL,1,'2021-04-13 06:55:08',3,0,0,0,NULL,0,'r2'),
(10,'r3',0,'2021-04-13 06:54:55',0,0,NULL,1,'2021-04-13 06:55:13',3,0,0,0,NULL,0,'r4'),
(11,'R1',0,'2021-04-13 06:55:45',1,3,'2021-04-20 23:51:10',0,NULL,0,2,3,0,NULL,0,'r2 kl'),
(12,'r3',0,'2021-04-13 06:55:46',0,0,NULL,0,NULL,0,0,0,0,NULL,0,'r4'),
(13,'KAPIL',3,'2021-04-19 07:16:59',1,3,'2021-04-19 07:17:03',1,'2021-04-19 07:17:18',3,0,0,0,NULL,0,'rana'),
(14,'RAVAN',3,'2021-04-19 07:18:46',1,3,'2021-04-19 07:19:24',1,'2021-04-19 07:19:31',3,2,3,0,NULL,0,'rana'),
(15,'STAR',3,'2021-04-19 07:20:07',0,0,NULL,0,NULL,0,0,0,0,NULL,0,'rocking'),
(16,'JK',3,'2021-04-19 07:20:18',1,3,'2021-04-19 07:20:35',1,'2021-04-21 02:03:19',3,5,3,0,NULL,0,'13'),
(17,'NUM',3,'2021-04-19 07:20:30',0,3,'2021-05-17 02:37:02',0,NULL,0,1,3,0,NULL,0,'number'),
(18,'PAPA',0,'2021-04-19 07:28:22',1,3,'2021-04-19 07:28:43',0,NULL,0,2,3,0,NULL,0,'mama1'),
(19,'Ssdfs',3,'2021-04-26 10:25:55',0,0,NULL,0,NULL,0,0,0,0,NULL,0,'dssfs'),
(20,'22',3,'2021-04-27 00:01:10',0,3,'2021-05-17 02:36:59',0,NULL,0,0,0,0,NULL,0,'kap'),
(21,'Kap',3,'2021-04-27 00:01:50',0,0,NULL,0,NULL,0,0,0,0,NULL,0,'21'),
(22,'rackName1',0,'2021-05-16 23:31:08',0,0,NULL,0,NULL,0,0,0,0,NULL,0,'rackNumber1'),
(23,'rackName2',0,'2021-05-16 23:31:08',0,0,NULL,0,NULL,0,0,0,0,NULL,0,'rackNumber2'),
(24,'rackName3',0,'2021-05-16 23:31:08',0,0,NULL,0,NULL,0,0,0,0,NULL,0,'rackNumber3'),
(25,'rackName4',0,'2021-05-16 23:31:08',0,0,NULL,0,NULL,0,0,0,0,NULL,0,'rackNumber4'),
(26,'rackName5',0,'2021-05-16 23:31:08',0,0,NULL,0,NULL,0,0,0,0,NULL,0,'rackNumber5'),
(27,'rackName6',0,'2021-05-16 23:31:08',0,0,NULL,0,NULL,0,0,0,0,NULL,0,'rackNumber6'),
(28,'rackName7',0,'2021-05-16 23:31:08',0,0,NULL,0,NULL,0,0,0,0,NULL,0,'rackNumber7'),
(29,'rackName8',0,'2021-05-16 23:31:08',0,0,NULL,0,NULL,0,0,0,0,NULL,0,'rackNumber8'),
(30,'rackName9',0,'2021-05-16 23:31:08',0,0,NULL,0,NULL,0,0,0,0,NULL,0,'rackNumber9'),
(31,'rackName10',0,'2021-05-16 23:31:08',0,0,NULL,0,NULL,0,0,0,0,NULL,0,'rackNumber10'),
(32,'rackName11',0,'2021-05-16 23:31:08',0,0,NULL,0,NULL,0,0,0,0,NULL,0,'rackNumber11'),
(33,'rackName12',0,'2021-05-16 23:31:08',0,0,NULL,0,NULL,0,0,0,0,NULL,0,'rackNumber12'),
(34,'rackName13',0,'2021-05-16 23:31:08',0,0,NULL,0,NULL,0,0,0,0,NULL,0,'rackNumber13'),
(35,'rackName14',0,'2021-05-16 23:31:08',0,0,NULL,0,NULL,0,0,0,0,NULL,0,'rackNumber14'),
(36,'rackName15',0,'2021-05-16 23:31:08',0,0,NULL,0,NULL,0,0,0,0,NULL,0,'rackNumber15'),
(37,'rackName16',0,'2021-05-16 23:31:08',0,0,NULL,0,NULL,0,0,0,0,NULL,0,'rackNumber16'),
(38,'rackName17',0,'2021-05-16 23:31:08',0,0,NULL,0,NULL,0,0,0,0,NULL,0,'rackNumber17'),
(39,'rackName18',0,'2021-05-16 23:31:08',0,0,NULL,0,NULL,0,0,0,0,NULL,0,'rackNumber18'),
(40,'rackName19',0,'2021-05-16 23:31:08',0,0,NULL,0,NULL,0,0,0,0,NULL,0,'rackNumber19'),
(41,'rackName20',0,'2021-05-16 23:31:08',0,0,NULL,0,NULL,0,0,0,0,NULL,0,'rackNumber20'),
(42,'rackName21',0,'2021-05-16 23:31:08',0,0,NULL,0,NULL,0,0,0,0,NULL,0,'rackNumber21'),
(43,'rackName22',0,'2021-05-16 23:31:08',0,0,NULL,0,NULL,0,0,0,0,NULL,0,'rackNumber22'),
(44,'rackName23',0,'2021-05-16 23:31:08',0,0,NULL,0,NULL,0,0,0,0,NULL,0,'rackNumber23'),
(45,'rackName24',0,'2021-05-16 23:31:09',0,0,NULL,0,NULL,0,0,0,0,NULL,0,'rackNumber24'),
(46,'rackName25',0,'2021-05-16 23:31:09',0,0,NULL,0,NULL,0,0,0,0,NULL,0,'rackNumber25');

/*Table structure for table `m_rack_log` */

DROP TABLE IF EXISTS `m_rack_log`;

CREATE TABLE `m_rack_log` (
  `logId` int(11) NOT NULL AUTO_INCREMENT,
  `rackId` int(11) DEFAULT NULL,
  `rackName` varchar(50) DEFAULT NULL,
  `isApproved` int(11) DEFAULT '0',
  `userId` int(11) DEFAULT NULL,
  `isDeleted` int(11) DEFAULT '0',
  `userAction` varchar(20) DEFAULT NULL,
  `transDate` datetime DEFAULT CURRENT_TIMESTAMP,
  `isActive` tinyint(1) DEFAULT '0',
  `rackNumber` varchar(50) DEFAULT NULL,
  PRIMARY KEY (`logId`)
) ENGINE=InnoDB AUTO_INCREMENT=93 DEFAULT CHARSET=utf8mb4;

/*Data for the table `m_rack_log` */

insert  into `m_rack_log`(`logId`,`rackId`,`rackName`,`isApproved`,`userId`,`isDeleted`,`userAction`,`transDate`,`isActive`,`rackNumber`) values 
(1,1,'RACK1',0,3,0,'insert','2021-02-17 22:53:12',0,NULL),
(2,1,'RACK1',0,3,0,'approve','2021-02-17 22:53:12',0,NULL),
(3,1,'RACK1',0,3,0,'update','2021-02-17 22:53:12',0,NULL),
(4,1,'RACK12',0,3,0,'delete','2021-02-17 22:53:12',0,NULL),
(5,2,'RACK1',0,3,0,'insert','2021-02-25 08:12:15',0,NULL),
(6,3,'FDFF',0,3,0,'insert','2021-04-02 10:05:03',0,NULL),
(7,3,'FDFF',0,3,0,'update','2021-04-02 10:05:03',0,NULL),
(8,3,'FDFF',0,3,0,'approve','2021-04-02 10:05:03',0,NULL),
(9,3,'FDFF',0,3,0,'delete','2021-04-02 10:05:03',0,NULL),
(10,4,'GBGBB',0,3,0,'insert','2021-04-03 05:23:35',0,NULL),
(11,4,'GBGBB',0,3,0,'approve','2021-04-03 05:23:35',0,NULL),
(12,2,'RACK1',0,3,0,'approve','2021-02-25 08:12:15',0,NULL),
(13,2,'RACK1',0,3,0,'delete','2021-02-25 08:12:15',0,NULL),
(14,5,'LLPQ',0,3,0,'insert','2021-04-06 07:21:10',0,NULL),
(15,5,'LLPQ',0,3,0,'approve','2021-04-06 07:21:10',0,NULL),
(16,4,'GBGBB',1,3,0,'approve','2021-04-03 05:23:35',0,NULL),
(17,4,'GBGBB',0,3,0,'update','2021-04-03 05:23:35',0,NULL),
(18,4,'GBGBB',0,3,0,'delete','2021-04-03 05:23:35',0,NULL),
(19,5,'LLPQ',1,3,0,'approve','2021-04-06 07:21:10',0,NULL),
(20,5,'LLPQ',0,3,0,'update','2021-04-06 07:21:10',0,NULL),
(21,6,'RACK',0,3,0,'insert','2021-04-06 10:59:00',0,'5'),
(22,5,'LLPQ',0,3,0,'approve','2021-04-06 07:21:10',0,NULL),
(23,7,'undefined',0,0,0,'insert','2021-04-13 06:52:52',0,'r2'),
(24,8,'r3',0,0,0,'insert','2021-04-13 06:52:53',0,'r4'),
(25,7,'undefined',0,0,0,'delete','2021-04-13 06:52:52',0,NULL),
(26,8,'r3',0,0,0,'delete','2021-04-13 06:52:53',0,NULL),
(27,9,'undefined',0,0,0,'insert','2021-04-13 06:54:54',0,'r2'),
(28,10,'r3',0,0,0,'insert','2021-04-13 06:54:55',0,'r4'),
(29,9,'undefined',0,0,0,'delete','2021-04-13 06:54:54',0,NULL),
(30,10,'r3',0,0,0,'delete','2021-04-13 06:54:55',0,NULL),
(31,11,'r1',0,0,0,'insert','2021-04-13 06:55:45',0,'r2'),
(32,12,'r3',0,0,0,'insert','2021-04-13 06:55:46',0,'r4'),
(33,13,'KAPIL',0,3,0,'insert','2021-04-19 07:16:59',0,'rana'),
(34,13,'KAPIL',0,3,0,'approve','2021-04-19 07:16:59',0,NULL),
(35,13,'KAPIL',0,3,0,'delete','2021-04-19 07:16:59',0,NULL),
(36,5,'LLPQ',0,3,0,'delete','2021-04-06 07:21:10',0,NULL),
(37,14,'RAVAN',0,3,0,'insert','2021-04-19 07:18:46',0,''),
(38,14,'RAVAN',0,3,0,'update','2021-04-19 07:18:46',0,''),
(39,14,'RAVAN',0,3,0,'update','2021-04-19 07:18:46',0,'ram'),
(40,14,'RAVAN',0,3,0,'approve','2021-04-19 07:18:46',0,NULL),
(41,14,'RAVAN',0,3,0,'delete','2021-04-19 07:18:46',0,NULL),
(42,15,'STAR',0,3,0,'insert','2021-04-19 07:20:07',0,'rocking'),
(43,16,'BABA',0,3,0,'insert','2021-04-19 07:20:18',0,'bobs'),
(44,17,'NUM,',0,3,0,'insert','2021-04-19 07:20:30',0,'number'),
(45,16,'BABA',0,3,0,'approve','2021-04-19 07:20:18',0,NULL),
(46,17,'NUM,',0,3,0,'approve','2021-04-19 07:20:30',0,NULL),
(47,18,'papa',0,0,0,'insert','2021-04-19 07:28:22',0,'mama'),
(48,18,'papa',0,0,0,'approve','2021-04-19 07:28:22',0,NULL),
(49,6,'RACK',0,3,0,'delete','2021-04-06 10:59:00',0,NULL),
(50,16,'BABA',0,3,0,'update','2021-04-19 07:20:18',0,'bobs'),
(51,16,'BABAS',0,3,0,'update','2021-04-19 07:20:18',0,''),
(52,16,'BABASS',0,3,0,'update','2021-04-19 07:20:18',0,'12'),
(53,11,'r1',0,0,0,'approve','2021-04-13 06:55:45',0,NULL),
(54,16,'BABASS',0,3,0,'update','2021-04-19 07:20:18',0,'13'),
(55,18,'papa',0,0,0,'update','2021-04-19 07:28:22',0,'mama'),
(56,11,'r1',0,0,0,'update','2021-04-13 06:55:45',0,'r2'),
(57,11,'R1',0,0,0,'update','2021-04-13 06:55:45',0,'r2 kl'),
(58,16,'BABASS',0,3,0,'update','2021-04-19 07:20:18',0,'13'),
(59,16,'JK',0,3,0,'delete','2021-04-19 07:20:18',0,NULL),
(60,17,'NUM,',0,3,0,'update','2021-04-19 07:20:30',0,'number'),
(61,18,'PAPA',0,0,0,'update','2021-04-19 07:28:22',0,'mama1'),
(62,19,'Ssdfs',0,3,0,'insert','2021-04-26 10:25:55',0,'dssfs'),
(63,20,'22',0,3,0,'insert','2021-04-27 00:01:10',0,'kap'),
(64,21,'Kap',0,3,0,'insert','2021-04-27 00:01:50',0,'21'),
(65,20,'22',0,3,0,'approve','2021-04-27 00:01:10',0,NULL),
(66,22,'rackName1',0,0,0,'insert','2021-05-16 23:31:08',0,'rackNumber1'),
(67,23,'rackName2',0,0,0,'insert','2021-05-16 23:31:08',0,'rackNumber2'),
(68,24,'rackName3',0,0,0,'insert','2021-05-16 23:31:08',0,'rackNumber3'),
(69,25,'rackName4',0,0,0,'insert','2021-05-16 23:31:08',0,'rackNumber4'),
(70,26,'rackName5',0,0,0,'insert','2021-05-16 23:31:08',0,'rackNumber5'),
(71,27,'rackName6',0,0,0,'insert','2021-05-16 23:31:08',0,'rackNumber6'),
(72,28,'rackName7',0,0,0,'insert','2021-05-16 23:31:08',0,'rackNumber7'),
(73,29,'rackName8',0,0,0,'insert','2021-05-16 23:31:08',0,'rackNumber8'),
(74,30,'rackName9',0,0,0,'insert','2021-05-16 23:31:08',0,'rackNumber9'),
(75,31,'rackName10',0,0,0,'insert','2021-05-16 23:31:08',0,'rackNumber10'),
(76,32,'rackName11',0,0,0,'insert','2021-05-16 23:31:08',0,'rackNumber11'),
(77,33,'rackName12',0,0,0,'insert','2021-05-16 23:31:08',0,'rackNumber12'),
(78,34,'rackName13',0,0,0,'insert','2021-05-16 23:31:08',0,'rackNumber13'),
(79,35,'rackName14',0,0,0,'insert','2021-05-16 23:31:08',0,'rackNumber14'),
(80,36,'rackName15',0,0,0,'insert','2021-05-16 23:31:08',0,'rackNumber15'),
(81,37,'rackName16',0,0,0,'insert','2021-05-16 23:31:08',0,'rackNumber16'),
(82,38,'rackName17',0,0,0,'insert','2021-05-16 23:31:08',0,'rackNumber17'),
(83,39,'rackName18',0,0,0,'insert','2021-05-16 23:31:08',0,'rackNumber18'),
(84,40,'rackName19',0,0,0,'insert','2021-05-16 23:31:08',0,'rackNumber19'),
(85,41,'rackName20',0,0,0,'insert','2021-05-16 23:31:08',0,'rackNumber20'),
(86,42,'rackName21',0,0,0,'insert','2021-05-16 23:31:08',0,'rackNumber21'),
(87,43,'rackName22',0,0,0,'insert','2021-05-16 23:31:08',0,'rackNumber22'),
(88,44,'rackName23',0,0,0,'insert','2021-05-16 23:31:08',0,'rackNumber23'),
(89,45,'rackName24',0,0,0,'insert','2021-05-16 23:31:09',0,'rackNumber24'),
(90,46,'rackName25',0,0,0,'insert','2021-05-16 23:31:09',0,'rackNumber25'),
(91,20,'22',1,3,0,'approve','2021-04-27 00:01:10',0,NULL),
(92,17,'NUM',1,3,0,'approve','2021-04-19 07:20:30',0,NULL);

/*Table structure for table `m_racknumber` */

DROP TABLE IF EXISTS `m_racknumber`;

CREATE TABLE `m_racknumber` (
  `racknumberId` int(11) NOT NULL AUTO_INCREMENT,
  `racknumberName` varchar(50) DEFAULT NULL,
  `userId` int(11) DEFAULT NULL,
  `transDate` datetime DEFAULT CURRENT_TIMESTAMP,
  `isApproved` int(11) DEFAULT '0',
  `approvedUserId` int(11) DEFAULT '0',
  `approvedDateTime` datetime DEFAULT NULL,
  `isDeleted` int(11) DEFAULT '0',
  `deleteDateTime` datetime DEFAULT NULL,
  `deleteUserId` int(11) DEFAULT '0',
  `updateCount` int(11) DEFAULT '0',
  `lastUpdateUserId` int(11) DEFAULT '0',
  `isActive` tinyint(1) DEFAULT '0',
  `activateDateTime` datetime DEFAULT NULL,
  `activateUserId` int(11) DEFAULT '0',
  PRIMARY KEY (`racknumberId`)
) ENGINE=InnoDB AUTO_INCREMENT=40 DEFAULT CHARSET=utf8mb4;

/*Data for the table `m_racknumber` */

insert  into `m_racknumber`(`racknumberId`,`racknumberName`,`userId`,`transDate`,`isApproved`,`approvedUserId`,`approvedDateTime`,`isDeleted`,`deleteDateTime`,`deleteUserId`,`updateCount`,`lastUpdateUserId`,`isActive`,`activateDateTime`,`activateUserId`) values 
(1,'RNB',3,'2021-02-17 22:53:57',1,3,'2021-02-17 22:54:02',1,'2021-02-17 22:54:16',3,1,3,0,NULL,0),
(2,'RACK NO-1',3,'2021-02-25 08:12:36',1,3,'2021-04-03 05:24:08',0,NULL,0,1,3,0,NULL,0),
(3,'CCVB',3,'2021-04-02 10:05:44',1,3,'2021-04-02 10:05:50',1,'2021-04-02 10:06:04',3,1,3,0,NULL,0),
(4,'RACK NO-2',3,'2021-04-06 07:22:55',1,3,'2021-04-06 07:27:09',0,NULL,0,0,0,0,NULL,0),
(5,'BIN3',3,'2021-04-06 08:52:32',1,3,'2021-04-06 08:52:42',1,'2021-04-06 08:52:47',3,1,3,0,NULL,0),
(6,'B14',0,'2021-04-14 01:15:43',1,3,'2021-05-17 02:38:09',0,NULL,0,2,3,0,NULL,0),
(7,'B2',0,'2021-04-14 01:15:44',0,0,NULL,0,NULL,0,0,0,0,NULL,0),
(8,'B3',0,'2021-04-14 01:15:47',0,0,NULL,0,NULL,0,0,0,0,NULL,0),
(9,'B4',0,'2021-04-14 01:15:50',0,0,NULL,0,NULL,0,0,0,0,NULL,0),
(10,'12456RANA',3,'2021-04-19 07:30:09',1,3,'2021-04-19 07:30:13',1,'2021-04-19 07:30:27',3,1,3,0,NULL,0),
(11,'123kapil',0,'2021-04-19 07:31:21',1,3,'2021-04-19 07:31:32',1,'2021-04-19 07:31:39',3,0,0,0,NULL,0),
(12,'BIN89',3,'2021-04-26 10:15:12',0,0,NULL,0,NULL,0,0,0,0,NULL,0),
(13,'1234',3,'2021-04-27 00:02:36',0,3,'2021-05-17 02:38:03',0,NULL,0,0,0,0,NULL,0),
(14,'HAP',3,'2021-04-27 00:02:48',0,0,NULL,0,NULL,0,0,0,0,NULL,0),
(15,'BinNumber123',0,'2021-05-16 23:32:17',0,0,NULL,0,NULL,0,0,0,0,NULL,0),
(16,'BinNumber124',0,'2021-05-16 23:32:17',0,0,NULL,0,NULL,0,0,0,0,NULL,0),
(17,'BinNumber125',0,'2021-05-16 23:32:17',0,0,NULL,0,NULL,0,0,0,0,NULL,0),
(18,'BinNumber126',0,'2021-05-16 23:32:17',0,0,NULL,0,NULL,0,0,0,0,NULL,0),
(19,'BinNumber127',0,'2021-05-16 23:32:17',0,0,NULL,0,NULL,0,0,0,0,NULL,0),
(20,'BinNumber128',0,'2021-05-16 23:32:17',0,0,NULL,0,NULL,0,0,0,0,NULL,0),
(21,'BinNumber129',0,'2021-05-16 23:32:17',0,0,NULL,0,NULL,0,0,0,0,NULL,0),
(22,'BinNumber130',0,'2021-05-16 23:32:17',0,0,NULL,0,NULL,0,0,0,0,NULL,0),
(23,'BinNumber131',0,'2021-05-16 23:32:17',0,0,NULL,0,NULL,0,0,0,0,NULL,0),
(24,'BinNumber132',0,'2021-05-16 23:32:17',0,0,NULL,0,NULL,0,0,0,0,NULL,0),
(25,'BinNumber133',0,'2021-05-16 23:32:17',0,0,NULL,0,NULL,0,0,0,0,NULL,0),
(26,'BinNumber134',0,'2021-05-16 23:32:17',0,0,NULL,0,NULL,0,0,0,0,NULL,0),
(27,'BinNumber135',0,'2021-05-16 23:32:17',0,0,NULL,0,NULL,0,0,0,0,NULL,0),
(28,'BinNumber136',0,'2021-05-16 23:32:17',0,0,NULL,0,NULL,0,0,0,0,NULL,0),
(29,'BinNumber137',0,'2021-05-16 23:32:17',0,0,NULL,0,NULL,0,0,0,0,NULL,0),
(30,'BinNumber138',0,'2021-05-16 23:32:17',0,0,NULL,0,NULL,0,0,0,0,NULL,0),
(31,'BinNumber139',0,'2021-05-16 23:32:17',0,0,NULL,0,NULL,0,0,0,0,NULL,0),
(32,'BinNumber140',0,'2021-05-16 23:32:17',0,0,NULL,0,NULL,0,0,0,0,NULL,0),
(33,'BinNumber141',0,'2021-05-16 23:32:17',0,0,NULL,0,NULL,0,0,0,0,NULL,0),
(34,'BinNumber142',0,'2021-05-16 23:32:17',0,0,NULL,0,NULL,0,0,0,0,NULL,0),
(35,'BinNumber143',0,'2021-05-16 23:32:17',0,0,NULL,0,NULL,0,0,0,0,NULL,0),
(36,'BinNumber144',0,'2021-05-16 23:32:17',0,0,NULL,0,NULL,0,0,0,0,NULL,0),
(37,'BinNumber145',0,'2021-05-16 23:32:17',0,0,NULL,0,NULL,0,0,0,0,NULL,0),
(38,'BinNumber146',0,'2021-05-16 23:32:17',0,0,NULL,0,NULL,0,0,0,0,NULL,0),
(39,'BinNumber147',0,'2021-05-16 23:32:17',0,0,NULL,0,NULL,0,0,0,0,NULL,0);

/*Table structure for table `m_racknumber_log` */

DROP TABLE IF EXISTS `m_racknumber_log`;

CREATE TABLE `m_racknumber_log` (
  `logId` int(11) NOT NULL AUTO_INCREMENT,
  `racknumberId` int(11) DEFAULT NULL,
  `racknumberName` varchar(50) DEFAULT NULL,
  `isApproved` int(11) DEFAULT '0',
  `userId` int(11) DEFAULT NULL,
  `isDeleted` int(11) DEFAULT '0',
  `userAction` varchar(20) DEFAULT NULL,
  `transDate` datetime DEFAULT CURRENT_TIMESTAMP,
  `isActive` tinyint(1) DEFAULT '0',
  `m_bank_logcol` varchar(45) DEFAULT NULL,
  PRIMARY KEY (`logId`)
) ENGINE=InnoDB AUTO_INCREMENT=64 DEFAULT CHARSET=utf8mb4;

/*Data for the table `m_racknumber_log` */

insert  into `m_racknumber_log`(`logId`,`racknumberId`,`racknumberName`,`isApproved`,`userId`,`isDeleted`,`userAction`,`transDate`,`isActive`,`m_bank_logcol`) values 
(1,1,'RN',0,3,0,'insert','2021-02-17 22:53:57',0,NULL),
(2,1,'RN',0,3,0,'approve','2021-02-17 22:53:57',0,NULL),
(3,1,'RN',0,3,0,'update','2021-02-17 22:53:57',0,NULL),
(4,1,'RNB',0,3,0,'delete','2021-02-17 22:53:57',0,NULL),
(5,2,'RACK NO-1',0,3,0,'insert','2021-02-25 08:12:36',0,NULL),
(6,3,'CCVB',0,3,0,'insert','2021-04-02 10:05:44',0,NULL),
(7,3,'CCVB',0,3,0,'approve','2021-04-02 10:05:44',0,NULL),
(8,3,'CCVB',0,3,0,'update','2021-04-02 10:05:44',0,NULL),
(9,3,'CCVB',0,3,0,'delete','2021-04-02 10:05:44',0,NULL),
(10,2,'RACK NO-1',0,3,0,'approve','2021-02-25 08:12:36',0,NULL),
(11,2,'RACK NO-1',0,3,0,'update','2021-02-25 08:12:36',0,NULL),
(12,4,'RACK NO-2',0,3,0,'insert','2021-04-06 07:22:55',0,NULL),
(13,4,'RACK NO-2',0,3,0,'approve','2021-04-06 07:22:55',0,NULL),
(14,5,'BIN3',0,3,0,'insert','2021-04-06 08:52:32',0,NULL),
(15,5,'BIN3',0,3,0,'update','2021-04-06 08:52:32',0,NULL),
(16,5,'BIN3',0,3,0,'approve','2021-04-06 08:52:32',0,NULL),
(17,5,'BIN3',0,3,0,'delete','2021-04-06 08:52:32',0,NULL),
(18,6,'B1',0,0,0,'insert','2021-04-14 01:15:43',0,NULL),
(19,7,'B2',0,0,0,'insert','2021-04-14 01:15:44',0,NULL),
(20,8,'B3',0,0,0,'insert','2021-04-14 01:15:47',0,NULL),
(21,9,'B4',0,0,0,'insert','2021-04-14 01:15:50',0,NULL),
(22,6,'B1',0,0,0,'approve','2021-04-14 01:15:43',0,NULL),
(23,6,'B1',1,0,0,'approve','2021-04-14 01:15:43',0,NULL),
(24,10,'12456',0,3,0,'insert','2021-04-19 07:30:09',0,NULL),
(25,10,'12456',0,3,0,'approve','2021-04-19 07:30:09',0,NULL),
(26,10,'12456',0,3,0,'update','2021-04-19 07:30:09',0,NULL),
(27,10,'12456RANA',0,3,0,'delete','2021-04-19 07:30:09',0,NULL),
(28,11,'123kapil',0,0,0,'insert','2021-04-19 07:31:21',0,NULL),
(29,11,'123kapil',0,0,0,'approve','2021-04-19 07:31:21',0,NULL),
(30,11,'123kapil',0,0,0,'delete','2021-04-19 07:31:21',0,NULL),
(31,6,'B1',0,0,0,'update','2021-04-14 01:15:43',0,NULL),
(32,6,'B1',0,0,0,'update','2021-04-14 01:15:43',0,NULL),
(33,12,'BIN89',0,3,0,'insert','2021-04-26 10:15:12',0,NULL),
(34,13,'1234',0,3,0,'insert','2021-04-27 00:02:36',0,NULL),
(35,14,'HAP',0,3,0,'insert','2021-04-27 00:02:48',0,NULL),
(36,13,'1234',0,3,0,'approve','2021-04-27 00:02:36',0,NULL),
(37,15,'BinNumber123',0,0,0,'insert','2021-05-16 23:32:17',0,NULL),
(38,16,'BinNumber124',0,0,0,'insert','2021-05-16 23:32:17',0,NULL),
(39,17,'BinNumber125',0,0,0,'insert','2021-05-16 23:32:17',0,NULL),
(40,18,'BinNumber126',0,0,0,'insert','2021-05-16 23:32:17',0,NULL),
(41,19,'BinNumber127',0,0,0,'insert','2021-05-16 23:32:17',0,NULL),
(42,20,'BinNumber128',0,0,0,'insert','2021-05-16 23:32:17',0,NULL),
(43,21,'BinNumber129',0,0,0,'insert','2021-05-16 23:32:17',0,NULL),
(44,22,'BinNumber130',0,0,0,'insert','2021-05-16 23:32:17',0,NULL),
(45,23,'BinNumber131',0,0,0,'insert','2021-05-16 23:32:17',0,NULL),
(46,24,'BinNumber132',0,0,0,'insert','2021-05-16 23:32:17',0,NULL),
(47,25,'BinNumber133',0,0,0,'insert','2021-05-16 23:32:17',0,NULL),
(48,26,'BinNumber134',0,0,0,'insert','2021-05-16 23:32:17',0,NULL),
(49,27,'BinNumber135',0,0,0,'insert','2021-05-16 23:32:17',0,NULL),
(50,28,'BinNumber136',0,0,0,'insert','2021-05-16 23:32:17',0,NULL),
(51,29,'BinNumber137',0,0,0,'insert','2021-05-16 23:32:17',0,NULL),
(52,30,'BinNumber138',0,0,0,'insert','2021-05-16 23:32:17',0,NULL),
(53,31,'BinNumber139',0,0,0,'insert','2021-05-16 23:32:17',0,NULL),
(54,32,'BinNumber140',0,0,0,'insert','2021-05-16 23:32:17',0,NULL),
(55,33,'BinNumber141',0,0,0,'insert','2021-05-16 23:32:17',0,NULL),
(56,34,'BinNumber142',0,0,0,'insert','2021-05-16 23:32:17',0,NULL),
(57,35,'BinNumber143',0,0,0,'insert','2021-05-16 23:32:17',0,NULL),
(58,36,'BinNumber144',0,0,0,'insert','2021-05-16 23:32:17',0,NULL),
(59,37,'BinNumber145',0,0,0,'insert','2021-05-16 23:32:17',0,NULL),
(60,38,'BinNumber146',0,0,0,'insert','2021-05-16 23:32:17',0,NULL),
(61,39,'BinNumber147',0,0,0,'insert','2021-05-16 23:32:17',0,NULL),
(62,13,'1234',1,3,0,'approve','2021-04-27 00:02:36',0,NULL),
(63,6,'B14',0,0,0,'approve','2021-04-14 01:15:43',0,NULL);

/*Table structure for table `m_salesgroup` */

DROP TABLE IF EXISTS `m_salesgroup`;

CREATE TABLE `m_salesgroup` (
  `salesGroupId` int(11) NOT NULL AUTO_INCREMENT,
  `salesGroupCode` varchar(10) DEFAULT NULL,
  `salesGroupName` varchar(50) DEFAULT NULL,
  `userId` int(11) DEFAULT NULL,
  `transDate` datetime DEFAULT CURRENT_TIMESTAMP,
  `isApproved` int(11) DEFAULT '0',
  `approvedUserId` int(11) DEFAULT '0',
  `approvedDateTime` datetime DEFAULT NULL,
  `isDeleted` int(11) DEFAULT '0',
  `deleteDateTime` datetime DEFAULT NULL,
  `deleteUserId` int(11) DEFAULT '0',
  `updateCount` int(11) DEFAULT '0',
  `lastUpdateUserId` int(11) DEFAULT '0',
  `isActive` tinyint(1) DEFAULT '0',
  `activateDateTime` datetime DEFAULT NULL,
  `activateUserId` int(11) DEFAULT '0',
  PRIMARY KEY (`salesGroupId`)
) ENGINE=InnoDB AUTO_INCREMENT=26 DEFAULT CHARSET=utf8mb4;

/*Data for the table `m_salesgroup` */

insert  into `m_salesgroup`(`salesGroupId`,`salesGroupCode`,`salesGroupName`,`userId`,`transDate`,`isApproved`,`approvedUserId`,`approvedDateTime`,`isDeleted`,`deleteDateTime`,`deleteUserId`,`updateCount`,`lastUpdateUserId`,`isActive`,`activateDateTime`,`activateUserId`) values 
(7,'1','General  123',0,'2020-09-12 20:13:42',1,3,'2021-04-03 05:25:17',1,'2021-04-19 23:10:07',3,4,3,0,NULL,0),
(8,'SDF','Fsd',0,'2020-09-12 20:14:02',0,0,NULL,1,'2020-09-12 20:14:11',0,1,0,0,NULL,0),
(9,'SD4','Sdf33',0,'2020-09-14 12:31:36',0,0,NULL,1,'2020-09-14 12:31:43',0,1,0,0,NULL,0),
(10,'RET','Ertert',0,'2020-09-17 19:04:24',0,0,NULL,1,'2020-09-17 19:04:35',0,1,0,0,NULL,0),
(11,'S2','Specific',0,'2020-09-24 16:48:03',1,3,'2021-04-03 05:25:20',0,NULL,0,4,3,0,NULL,0),
(12,'3','General33',0,'2020-09-28 19:50:40',0,0,NULL,1,'2020-10-23 11:39:49',3,1,0,0,NULL,0),
(13,'4','4',3,'2020-10-06 17:14:25',0,0,NULL,1,'2020-10-06 17:26:24',3,0,0,0,NULL,0),
(14,'5','5',3,'2020-10-06 17:26:13',0,0,NULL,1,'2020-10-06 17:26:19',3,0,0,0,NULL,0),
(15,'13','Saling',3,'2020-10-23 11:40:55',1,3,'2021-04-02 09:05:03',1,'2021-04-02 09:05:36',3,3,3,0,NULL,0),
(16,'XCXC','Dgdf',10,'2020-10-26 19:00:39',1,3,'2021-02-13 03:10:38',1,'2021-02-13 03:10:44',3,0,0,0,NULL,0),
(17,'BBBGH','Gffh',3,'2020-12-10 13:02:57',1,3,'2020-12-10 13:03:02',1,'2020-12-10 13:03:16',3,1,3,0,NULL,0),
(18,'XVCBC','Vv',3,'2021-04-02 10:07:27',0,0,NULL,1,'2021-04-02 10:07:33',3,0,0,0,NULL,0),
(19,'V1','Undefined 123',0,'2021-04-13 06:13:13',1,3,'2021-04-19 23:09:40',0,NULL,0,1,3,0,NULL,0),
(20,'V3','V4',0,'2021-04-13 06:13:14',1,3,'2021-04-19 23:09:48',1,'2021-04-19 23:14:01',3,0,0,0,NULL,0),
(21,'K123','Rana',3,'2021-04-19 23:10:24',1,3,'2021-04-19 23:10:32',1,'2021-04-19 23:10:43',3,0,0,0,NULL,0),
(22,'F45','Master',3,'2021-04-19 23:13:17',0,0,NULL,1,'2021-04-21 06:39:14',3,1,3,0,NULL,0),
(23,'P123','Uio',3,'2021-04-19 23:13:36',0,0,NULL,0,NULL,0,0,0,0,NULL,0),
(24,'RAM 321','Shyam 1234567889',3,'2021-04-20 01:26:39',1,3,'2021-05-14 06:33:36',0,NULL,0,2,3,0,NULL,0),
(25,'MASTER','Mastercode',0,'2021-04-21 06:34:07',0,3,'2021-05-17 02:39:41',0,NULL,0,1,3,0,NULL,0);

/*Table structure for table `m_salesgroup_log` */

DROP TABLE IF EXISTS `m_salesgroup_log`;

CREATE TABLE `m_salesgroup_log` (
  `logId` int(11) NOT NULL AUTO_INCREMENT,
  `salesGroupId` int(11) DEFAULT NULL,
  `salesGroupCode` varchar(10) DEFAULT NULL,
  `salesGroupName` varchar(50) DEFAULT NULL,
  `isApproved` int(11) DEFAULT '0',
  `userId` int(11) DEFAULT NULL,
  `isDeleted` int(11) DEFAULT '0',
  `userAction` varchar(20) DEFAULT NULL,
  `transDate` datetime DEFAULT CURRENT_TIMESTAMP,
  `isActive` tinyint(1) DEFAULT '0',
  PRIMARY KEY (`logId`)
) ENGINE=InnoDB AUTO_INCREMENT=87 DEFAULT CHARSET=utf8mb4;

/*Data for the table `m_salesgroup_log` */

insert  into `m_salesgroup_log`(`logId`,`salesGroupId`,`salesGroupCode`,`salesGroupName`,`isApproved`,`userId`,`isDeleted`,`userAction`,`transDate`,`isActive`) values 
(16,7,'1','General',0,0,0,'insert','2020-09-12 20:13:42',0),
(17,7,'1','General',0,0,0,'update','2020-09-12 20:13:42',0),
(18,8,'SDF','Fsd',0,0,0,'insert','2020-09-12 20:14:02',0),
(19,8,'SDF','Fsd',0,0,0,'update','2020-09-12 20:14:02',0),
(20,8,'SDF','Fsd',0,0,0,'delete','2020-09-12 20:14:02',0),
(21,9,'SD','Sdf',0,0,0,'insert','2020-09-14 12:31:36',0),
(22,9,'SD','Sdf',0,0,0,'update','2020-09-14 12:31:36',0),
(23,9,'SD4','Sdf33',0,0,0,'delete','2020-09-14 12:31:36',0),
(24,10,'RET','Ertert',0,0,0,'insert','2020-09-17 19:04:24',0),
(25,10,'RET','Ertert',0,0,0,'update','2020-09-17 19:04:24',0),
(26,10,'RET','Ertert',0,0,0,'delete','2020-09-17 19:04:24',0),
(27,11,'2','2',0,0,0,'insert','2020-09-24 16:48:03',0),
(28,11,'2','2',0,0,0,'update','2020-09-24 16:48:03',0),
(29,11,'2','2',0,0,0,'update','2020-09-24 16:48:03',0),
(30,12,'3','General33',0,0,0,'insert','2020-09-28 19:50:40',0),
(31,12,'3','General33',0,0,0,'update','2020-09-28 19:50:40',0),
(32,11,'2','Specific',0,0,0,'approve','2020-09-24 16:48:03',0),
(33,7,'1','General',0,0,0,'approve','2020-09-12 20:13:42',0),
(34,11,'2','Specific',1,0,0,'approve','2020-09-24 16:48:03',0),
(35,11,'2','Specific',0,0,0,'update','2020-09-24 16:48:03',0),
(36,13,'4','4',0,3,0,'insert','2020-10-06 17:14:25',0),
(37,14,'5','5',0,3,0,'insert','2020-10-06 17:26:13',0),
(38,14,'5','5',0,3,0,'delete','2020-10-06 17:26:13',0),
(39,13,'4','4',0,3,0,'delete','2020-10-06 17:14:25',0),
(40,12,'3','General33',0,0,0,'delete','2020-09-28 19:50:40',0),
(41,15,'3','Saling',0,3,0,'insert','2020-10-23 11:40:55',0),
(42,16,'XCXC','Dgdf',0,10,0,'insert','2020-10-26 19:00:39',0),
(43,17,'BBB','Gffh',0,3,0,'insert','2020-12-10 13:02:57',0),
(44,17,'BBB','Gffh',0,3,0,'approve','2020-12-10 13:02:57',0),
(45,17,'BBB','Gffh',0,3,0,'update','2020-12-10 13:02:57',0),
(46,17,'BBBGH','Gffh',0,3,0,'delete','2020-12-10 13:02:57',0),
(47,16,'XCXC','Dgdf',0,10,0,'approve','2020-10-26 19:00:39',0),
(48,16,'XCXC','Dgdf',0,10,0,'delete','2020-10-26 19:00:39',0),
(49,15,'3','Saling',0,3,0,'update','2020-10-23 11:40:55',0),
(50,15,'3','Saling1',0,3,0,'update','2020-10-23 11:40:55',0),
(51,7,'1','General',1,0,0,'approve','2020-09-12 20:13:42',0),
(52,15,'3','Saling',0,3,0,'approve','2020-10-23 11:40:55',0),
(53,7,'1','General',0,0,0,'update','2020-09-12 20:13:42',0),
(54,15,'3','Saling',0,3,0,'update','2020-10-23 11:40:55',0),
(55,15,'13','Saling',0,3,0,'delete','2020-10-23 11:40:55',0),
(56,18,'XVCBC','Vv',0,3,0,'insert','2021-04-02 10:07:27',0),
(57,18,'XVCBC','Vv',0,3,0,'delete','2021-04-02 10:07:27',0),
(58,7,'1','General',0,0,0,'approve','2020-09-12 20:13:42',0),
(59,11,'2','Specific',0,0,0,'approve','2020-09-24 16:48:03',0),
(60,7,'1','General',0,0,0,'update','2020-09-12 20:13:42',0),
(61,19,'V1','undefined',0,0,0,'insert','2021-04-13 06:13:13',0),
(62,20,'V3','V4',0,0,0,'insert','2021-04-13 06:13:14',0),
(63,19,'V1','undefined',0,0,0,'approve','2021-04-13 06:13:13',0),
(64,20,'V3','V4',0,0,0,'approve','2021-04-13 06:13:14',0),
(65,7,'1','General',0,0,0,'update','2020-09-12 20:13:42',0),
(66,7,'1','General  123',0,0,0,'delete','2020-09-12 20:13:42',0),
(67,21,'K123','Rana',0,3,0,'insert','2021-04-19 23:10:24',0),
(68,21,'K123','Rana',0,3,0,'approve','2021-04-19 23:10:24',0),
(69,21,'K123','Rana',0,3,0,'delete','2021-04-19 23:10:24',0),
(70,22,'F45','Jhgf',0,3,0,'insert','2021-04-19 23:13:18',0),
(71,23,'P123','Uio',0,3,0,'insert','2021-04-19 23:13:36',0),
(72,19,'V1','undefined',0,0,0,'update','2021-04-13 06:13:13',0),
(73,20,'V3','V4',0,0,0,'delete','2021-04-13 06:13:14',0),
(74,24,'RAM','Shyam',0,3,0,'insert','2021-04-20 01:26:39',0),
(75,24,'RAM','Shyam',0,3,0,'update','2021-04-20 01:26:39',0),
(76,24,'RAM','Shyam 1234567889',0,3,0,'approve','2021-04-20 01:26:39',0),
(77,24,'RAM','Shyam 1234567889',1,3,0,'approve','2021-04-20 01:26:39',0),
(78,24,'RAM','Shyam 1234567889',0,3,0,'update','2021-04-20 01:26:39',0),
(79,25,'MASTER','Mastercode',0,0,0,'insert','2021-04-21 06:34:07',0),
(80,25,'MASTER','Mastercode',0,0,0,'approve','2021-04-21 06:34:07',0),
(81,22,'F45','Jhgf',0,3,0,'update','2021-04-19 23:13:17',0),
(82,22,'F45','Master',0,3,0,'delete','2021-04-19 23:13:17',0),
(83,25,'MASTER','Mastercode',0,0,0,'update','2021-04-21 06:34:07',0),
(84,11,'2','Specific',0,0,0,'update','2020-09-24 16:48:03',0),
(85,24,'RAM 321','Shyam 1234567889',0,3,0,'approve','2021-04-20 01:26:39',0),
(86,25,'MASTER','Mastercode',1,0,0,'approve','2021-04-21 06:34:07',0);

/*Table structure for table `m_state` */

DROP TABLE IF EXISTS `m_state`;

CREATE TABLE `m_state` (
  `stateId` int(11) NOT NULL AUTO_INCREMENT,
  `countryId` int(11) DEFAULT NULL,
  `stateCode` varchar(10) DEFAULT NULL,
  `stateName` varchar(50) DEFAULT NULL,
  `gstCode` varchar(50) DEFAULT NULL,
  `unionTerritory` varchar(10) DEFAULT NULL,
  `userId` int(11) DEFAULT NULL,
  `transDate` datetime DEFAULT CURRENT_TIMESTAMP,
  `isApproved` int(11) DEFAULT '0',
  `approvedUserId` int(11) DEFAULT '0',
  `approvedDateTime` datetime DEFAULT NULL,
  `isDeleted` int(11) DEFAULT '0',
  `deleteDateTime` datetime DEFAULT NULL,
  `deleteUserId` int(11) DEFAULT '0',
  `updateCount` int(11) DEFAULT '0',
  `lastUpdateUserId` int(11) DEFAULT '0',
  `isActive` tinyint(1) DEFAULT '0',
  `activateDateTime` datetime DEFAULT NULL,
  `activateUserId` int(11) DEFAULT '0',
  PRIMARY KEY (`stateId`)
) ENGINE=InnoDB AUTO_INCREMENT=407 DEFAULT CHARSET=utf8mb4;

/*Data for the table `m_state` */

insert  into `m_state`(`stateId`,`countryId`,`stateCode`,`stateName`,`gstCode`,`unionTerritory`,`userId`,`transDate`,`isApproved`,`approvedUserId`,`approvedDateTime`,`isDeleted`,`deleteDateTime`,`deleteUserId`,`updateCount`,`lastUpdateUserId`,`isActive`,`activateDateTime`,`activateUserId`) values 
(1,151,NULL,NULL,NULL,NULL,NULL,'2020-11-10 15:58:58',0,0,NULL,1,'2021-05-10 00:51:06',3,2,0,0,NULL,0),
(2,151,'uhuuuuuu','Kedah','Click to edit',NULL,NULL,'2020-11-10 16:07:56',1,3,'2021-03-05 07:20:11',1,'2021-05-10 00:51:11',3,3,3,0,NULL,0),
(3,151,NULL,'Kelantan',NULL,NULL,NULL,'2020-11-10 16:07:56',0,0,NULL,1,'2021-05-10 00:50:05',3,0,0,0,NULL,0),
(4,151,NULL,'Melaka',NULL,NULL,NULL,'2020-11-10 16:07:56',0,0,NULL,1,'2021-05-10 00:50:09',3,0,0,0,NULL,0),
(5,151,NULL,'Negeri Sembilan',NULL,NULL,NULL,'2020-11-10 16:07:56',0,0,NULL,1,'2021-05-10 00:50:13',3,0,0,0,NULL,0),
(6,151,NULL,'Pahang',NULL,NULL,NULL,'2020-11-10 16:07:56',0,0,NULL,1,'2021-05-10 00:50:16',3,0,0,0,NULL,0),
(7,151,NULL,'Perak',NULL,NULL,NULL,'2020-11-10 16:07:56',0,0,NULL,1,'2021-05-10 00:50:20',3,0,0,0,NULL,0),
(8,151,'','Perlis','',NULL,NULL,'2020-11-10 16:07:56',1,3,'2021-02-13 01:01:40',1,'2021-05-10 00:50:23',3,1,3,0,NULL,0),
(9,151,NULL,NULL,NULL,NULL,NULL,'2020-11-10 16:07:56',1,3,'2021-03-05 07:19:52',1,'2021-05-10 00:50:28',3,2,0,0,NULL,0),
(10,151,'hhhhh','Sarawak','Click to edit',NULL,NULL,'2020-11-10 16:07:56',0,0,NULL,1,'2021-05-10 00:50:32',3,1,3,0,NULL,0),
(11,151,NULL,'Selangor',NULL,NULL,NULL,'2020-11-10 16:07:56',0,0,NULL,1,'2021-05-10 00:50:38',3,0,0,0,NULL,0),
(12,151,NULL,'Terengganu',NULL,NULL,NULL,'2020-11-10 16:07:56',0,0,NULL,1,'2021-05-10 00:50:46',3,0,0,0,NULL,0),
(13,151,NULL,'Kuala Lumpur',NULL,NULL,NULL,'2020-11-10 16:07:56',0,0,NULL,1,'2021-05-10 00:50:50',3,0,0,0,NULL,0),
(14,151,NULL,'Federal Territory of Labuan',NULL,NULL,NULL,'2020-11-10 16:07:56',0,0,NULL,1,'2021-05-10 00:50:54',3,0,0,0,NULL,0),
(15,151,NULL,'Sabah',NULL,NULL,NULL,'2020-11-10 16:07:56',1,3,'2021-02-13 01:01:33',1,'2021-05-10 00:50:58',3,0,0,0,NULL,0),
(16,151,NULL,'Putrajaya',NULL,NULL,NULL,'2020-11-10 16:07:56',0,0,NULL,1,'2021-05-10 00:51:03',3,0,0,0,NULL,0),
(17,101,NULL,'Click to edit',NULL,NULL,3,'2020-11-11 08:20:33',1,3,'2021-04-02 08:55:55',1,'2021-04-29 06:10:36',3,5,0,0,NULL,0),
(18,1,'RR','Fgfrgg','fgf',NULL,3,'2020-12-10 09:11:30',1,3,'2020-12-10 09:11:38',1,'2020-12-10 09:12:00',3,1,3,0,NULL,0),
(19,3,'','Oo0','',NULL,3,'2021-02-13 01:08:04',0,0,NULL,1,'2021-02-13 01:08:28',3,1,3,0,NULL,0),
(20,101,'123','UP','1234',NULL,3,'2021-04-02 07:10:54',0,0,NULL,0,NULL,0,1,3,0,NULL,0),
(21,4,'CCCC','Cccvvv','ff',NULL,3,'2021-04-02 10:10:14',0,0,NULL,1,'2021-04-02 10:10:23',3,0,0,0,NULL,0),
(22,60,'GFGJH','Hgfh','ytyu',NULL,3,'2021-04-03 03:07:49',1,3,'2021-04-03 03:08:16',1,'2021-04-03 03:08:25',3,0,0,0,NULL,0),
(23,101,NULL,NULL,NULL,NULL,3,'2021-04-05 05:03:11',0,0,NULL,1,'2021-04-29 06:11:25',3,2,0,0,NULL,0),
(24,0,'CC','Cop','Click to edit',NULL,3,'2021-04-05 05:52:44',0,0,NULL,0,NULL,0,4,3,0,NULL,0),
(25,243,NULL,NULL,NULL,NULL,3,'2021-04-07 01:35:07',0,0,NULL,1,'2021-05-10 00:51:50',3,9,0,0,NULL,0),
(26,5,'77','Johara','897330390',NULL,3,'2021-04-08 00:12:34',0,0,NULL,1,'2021-04-12 01:29:19',3,0,0,0,NULL,0),
(27,101,'87','SIKKAM','400',NULL,3,'2021-04-09 01:59:40',0,3,'2021-04-16 02:11:28',0,NULL,0,2,3,0,NULL,0),
(28,101,'76','Kap','12345678',NULL,3,'2021-04-12 01:27:55',1,3,'2021-04-12 01:29:05',0,NULL,0,2,3,0,NULL,0),
(29,0,'AA','Yam','Click to edit',NULL,3,'2021-04-12 01:35:14',0,3,'2021-04-15 06:53:34',0,NULL,0,1,3,0,NULL,0),
(30,274,'','Yt','',NULL,3,'2021-04-12 02:24:14',1,3,'2021-04-15 05:00:56',1,'2021-04-15 05:01:13',3,0,0,0,NULL,0),
(31,9,'','Qwe','',NULL,3,'2021-04-12 02:29:34',0,0,NULL,1,'2021-04-22 06:01:45',3,1,3,0,NULL,0),
(32,277,NULL,NULL,NULL,NULL,3,'2021-04-12 02:34:54',0,0,NULL,1,'2021-04-15 04:58:23',3,1,0,0,NULL,0),
(33,109,'JAP','Tokyo',NULL,NULL,3,'2021-04-12 05:57:45',0,0,NULL,1,'2021-04-16 02:17:45',3,0,0,0,NULL,0),
(34,278,'UP1','UTTER PRADESH1','UNDEFINED',NULL,0,'2021-04-12 06:19:54',0,0,NULL,1,'2021-04-12 06:20:34',3,0,0,0,NULL,0),
(35,0,'UP1','UTTER PRADESH1','UNDEFINED',NULL,0,'2021-04-12 06:22:51',0,0,NULL,0,NULL,0,1,3,0,NULL,0),
(36,0,NULL,'U',NULL,NULL,0,'2021-04-12 09:21:11',0,0,NULL,0,NULL,0,0,0,0,NULL,0),
(37,0,NULL,'',NULL,NULL,0,'2021-04-12 09:30:36',0,0,NULL,0,NULL,0,0,0,0,NULL,0),
(38,280,'Ma','DA','123',NULL,0,'2021-04-15 00:32:17',0,0,NULL,1,'2021-04-15 00:32:49',3,0,0,0,NULL,0),
(39,280,'Ma','DA','123',NULL,0,'2021-04-15 00:34:03',0,0,NULL,1,'2021-05-10 00:51:26',3,0,0,0,NULL,0),
(40,284,'Jaja','KAKA','HAHA',NULL,0,'2021-04-15 01:35:57',0,0,NULL,1,'2021-05-10 00:51:30',3,0,0,0,NULL,0),
(41,277,'Ram','HA','TATA',NULL,0,'2021-04-15 01:35:57',0,0,NULL,1,'2021-05-10 00:51:43',3,0,0,0,NULL,0),
(42,285,'MAMA','CAHA','PAPA',NULL,0,'2021-04-15 01:39:10',0,0,NULL,1,'2021-05-10 00:51:18',3,0,0,0,NULL,0),
(43,287,'Sun','SUNNN','98',NULL,0,'2021-04-15 04:57:54',0,0,NULL,1,'2021-04-15 04:58:13',3,0,0,0,NULL,0),
(44,287,'Sun','SUNNN','98',NULL,0,'2021-04-15 04:59:06',0,0,NULL,1,'2021-05-10 00:51:54',3,0,0,0,NULL,0),
(45,288,NULL,NULL,NULL,NULL,0,'2021-04-15 05:03:20',0,0,NULL,1,'2021-05-10 00:51:22',3,2,0,0,NULL,0),
(46,0,NULL,'Sunita',NULL,NULL,0,'2021-04-15 05:07:16',0,0,NULL,0,NULL,0,0,0,0,NULL,0),
(47,0,NULL,'YESH',NULL,NULL,0,'2021-04-15 06:24:47',0,0,NULL,0,NULL,0,0,0,0,NULL,0),
(48,0,'5485_KI','KJ','4587',NULL,3,'2021-04-16 02:14:03',0,0,NULL,0,NULL,0,4,3,0,NULL,0),
(49,304,NULL,'WULARIYA CITYrrr',NULL,NULL,3,'2021-04-16 02:17:24',0,0,NULL,1,'2021-05-10 00:52:01',3,9,0,0,NULL,0),
(50,289,NULL,'sumitpower',NULL,NULL,0,'2021-04-16 02:29:54',0,0,NULL,1,'2021-05-10 00:51:47',3,21,0,0,NULL,0),
(51,0,NULL,'Wugariyacity',NULL,NULL,0,'2021-04-16 02:54:14',0,0,NULL,0,NULL,0,0,0,0,NULL,0),
(52,180,NULL,NULL,NULL,NULL,3,'2021-04-16 03:06:13',0,0,NULL,1,'2021-04-29 06:34:14',3,1,0,0,NULL,0),
(53,0,NULL,'Ch',NULL,NULL,0,'2021-04-16 05:11:58',0,0,NULL,0,NULL,0,0,0,0,NULL,0),
(54,0,'sumit','NEPAL','NEP0987',NULL,0,'2021-04-17 00:50:51',0,0,NULL,0,NULL,0,1,3,0,NULL,0),
(55,320,NULL,'RANA dugp',NULL,NULL,0,'2021-04-17 02:31:10',0,0,NULL,1,'2021-05-10 00:51:57',3,5,0,0,NULL,0),
(56,15,'22222','Arubhaddd','arubha25454',NULL,3,'2021-04-22 11:27:32',0,0,NULL,1,'2021-05-10 00:51:34',3,2,3,0,NULL,0),
(57,101,NULL,'kanpur',NULL,NULL,3,'2021-04-23 11:53:41',0,0,NULL,1,'2021-04-29 06:10:40',3,10,0,0,NULL,0),
(58,101,'UP','Uttar pradesh','',NULL,3,'2021-04-24 05:56:43',0,0,NULL,1,'2021-04-29 06:11:20',3,0,0,0,NULL,0),
(59,326,'UP2','Utter pradesh','gst',NULL,0,'2021-04-24 11:17:40',0,0,NULL,1,'2021-05-10 00:49:31',3,1,3,0,NULL,0),
(60,327,'UP3','UTTER PRADESH3','FF',NULL,0,'2021-04-24 11:17:40',0,0,NULL,1,'2021-05-10 00:49:36',3,0,0,0,NULL,0),
(61,328,'UP4','UTTER PRADESH4','FF',NULL,0,'2021-04-24 11:17:40',0,0,NULL,1,'2021-05-10 00:49:41',3,0,0,0,NULL,0),
(62,329,'UP5','UTTER PRADESH5','FF',NULL,0,'2021-04-24 11:17:40',0,0,NULL,1,'2021-05-10 00:49:45',3,0,0,0,NULL,0),
(63,330,'UP6','UTTER PRADESH6','FF',NULL,0,'2021-04-24 11:17:40',0,0,NULL,1,'2021-05-10 00:49:48',3,0,0,0,NULL,0),
(64,331,'UP7','UTTER PRADESH7','FF',NULL,0,'2021-04-24 11:17:40',0,0,NULL,1,'2021-05-10 00:49:55',3,0,0,0,NULL,0),
(65,332,'UP8','UTTER PRADESH8','FF',NULL,0,'2021-04-24 11:17:40',0,0,NULL,1,'2021-05-10 00:49:58',3,0,0,0,NULL,0),
(66,333,'UP9','UTTER PRADESH9','FF',NULL,0,'2021-04-24 11:17:40',0,0,NULL,1,'2021-05-10 00:50:02',3,0,0,0,NULL,0),
(67,334,'UP10','UTTER PRADESH10','FF',NULL,0,'2021-04-24 11:17:40',0,0,NULL,1,'2021-05-01 01:26:06',3,0,0,0,NULL,0),
(68,180,'Qar200','DOHA','QAR4500',NULL,0,'2021-04-29 06:12:36',0,0,NULL,1,'2021-05-10 00:51:38',3,0,0,0,NULL,0),
(69,0,NULL,'B',NULL,NULL,0,'2021-04-29 06:23:51',0,0,NULL,0,NULL,0,0,0,0,NULL,0),
(70,0,NULL,'VASIGTONDC',NULL,NULL,0,'2021-04-29 06:45:06',0,0,NULL,0,NULL,0,0,0,0,NULL,0),
(71,13,'AST1','Mp2','4321',NULL,3,'2021-05-01 01:18:59',1,3,'2021-05-01 01:20:10',1,'2021-05-01 01:20:16',3,1,3,0,NULL,0),
(72,101,'UK','Utter prasesh','777',NULL,0,'2021-05-01 01:24:52',1,3,'2021-05-01 01:25:25',1,'2021-05-10 00:49:23',3,2,3,0,NULL,0),
(73,0,NULL,'UP21',NULL,NULL,0,'2021-05-01 07:08:22',0,0,NULL,0,NULL,0,0,0,0,NULL,0),
(74,345,'','UTTAR',NULL,NULL,3,'2021-05-01 07:11:23',0,0,NULL,1,'2021-05-10 00:49:18',3,0,0,0,NULL,0),
(75,347,'','Saharanpur',NULL,NULL,3,'2021-05-01 08:12:58',0,0,NULL,1,'2021-05-10 00:49:27',3,0,0,0,NULL,0),
(76,7,'JAJA','JAJA',NULL,NULL,3,'2021-05-03 01:35:20',0,0,NULL,1,'2021-05-10 00:49:13',3,0,0,0,NULL,0),
(77,350,'UP2','UTTER PRADESH2','FF',NULL,0,'2021-05-11 02:49:40',0,0,NULL,0,NULL,0,0,0,0,NULL,0),
(78,351,'UP3','UTTER PRADESH3','FF',NULL,0,'2021-05-11 02:49:42',0,0,NULL,0,NULL,0,0,0,0,NULL,0),
(79,352,'UP4','UTTER PRADESH4','FF',NULL,0,'2021-05-11 02:49:43',0,0,NULL,0,NULL,0,0,0,0,NULL,0),
(80,353,'UP5','UTTER PRADESH5','FF',NULL,0,'2021-05-11 02:49:45',0,0,NULL,0,NULL,0,0,0,0,NULL,0),
(81,354,'UP6','UTTER PRADESH6','FF',NULL,0,'2021-05-11 02:49:47',0,0,NULL,0,NULL,0,0,0,0,NULL,0),
(82,355,'UP7','UTTER PRADESH7','FF',NULL,0,'2021-05-11 02:49:49',0,0,NULL,0,NULL,0,0,0,0,NULL,0),
(83,356,'UP8','UTTER PRADESH8','FF',NULL,0,'2021-05-11 02:49:50',0,0,NULL,0,NULL,0,0,0,0,NULL,0),
(84,357,'UP9','UTTER PRADESH9','FF',NULL,0,'2021-05-11 02:49:52',0,0,NULL,0,NULL,0,0,0,0,NULL,0),
(85,358,'UP10','UTTER PRADESH10','FF',NULL,0,'2021-05-11 02:49:54',0,0,NULL,0,NULL,0,0,0,0,NULL,0),
(86,359,'32','DSAD','CV',NULL,0,'2021-05-11 03:40:34',0,0,NULL,0,NULL,0,0,0,0,NULL,0),
(87,360,'32','SD','XF',NULL,0,'2021-05-11 03:40:36',0,0,NULL,0,NULL,0,0,0,0,NULL,0),
(88,362,'UP11','UTTER PRADESH11','FF',NULL,0,'2021-05-11 04:42:16',0,0,NULL,0,NULL,0,0,0,0,NULL,0),
(89,363,'UP12','UTTER PRADESH12','FF',NULL,0,'2021-05-11 04:42:18',0,0,NULL,0,NULL,0,0,0,0,NULL,0),
(90,364,'UP13','UTTER PRADESH13','FF',NULL,0,'2021-05-11 04:42:20',0,0,NULL,0,NULL,0,0,0,0,NULL,0),
(91,365,'UP14','UTTER PRADESH14','FF',NULL,0,'2021-05-11 04:42:22',0,0,NULL,0,NULL,0,0,0,0,NULL,0),
(92,366,'UP15','UTTER PRADESH15','FF',NULL,0,'2021-05-11 04:42:24',0,0,NULL,0,NULL,0,0,0,0,NULL,0),
(93,367,'UP16','UTTER PRADESH16','FF',NULL,0,'2021-05-11 04:42:25',0,0,NULL,0,NULL,0,0,0,0,NULL,0),
(94,368,'UP17','UTTER PRADESH17','FF',NULL,0,'2021-05-11 04:42:27',0,0,NULL,0,NULL,0,0,0,0,NULL,0),
(95,369,'UP18','UTTER PRADESH18','FF',NULL,0,'2021-05-11 04:42:29',0,0,NULL,0,NULL,0,0,0,0,NULL,0),
(96,370,'UP19','UTTER PRADESH19','FF',NULL,0,'2021-05-11 04:42:31',0,0,NULL,0,NULL,0,0,0,0,NULL,0),
(97,371,'UP20','UTTER PRADESH20','FF',NULL,0,'2021-05-11 04:42:33',0,0,NULL,0,NULL,0,0,0,0,NULL,0),
(98,372,'UP21','UTTER PRADESH21','FF',NULL,0,'2021-05-11 04:42:35',0,0,NULL,0,NULL,0,0,0,0,NULL,0),
(99,373,'UP22','UTTER PRADESH22','FF',NULL,0,'2021-05-11 04:42:36',0,0,NULL,0,NULL,0,0,0,0,NULL,0),
(100,374,'UP23','UTTER PRADESH23','FF',NULL,0,'2021-05-11 04:42:38',0,0,NULL,0,NULL,0,0,0,0,NULL,0),
(101,375,'UP24','UTTER PRADESH24','FF',NULL,0,'2021-05-11 04:42:40',0,0,NULL,0,NULL,0,0,0,0,NULL,0),
(102,376,'UP25','UTTER PRADESH25','FF',NULL,0,'2021-05-11 04:42:42',0,0,NULL,0,NULL,0,0,0,0,NULL,0),
(103,377,'UP26','UTTER PRADESH26','FF',NULL,0,'2021-05-11 04:42:44',0,0,NULL,0,NULL,0,0,0,0,NULL,0),
(104,378,'UP27','UTTER PRADESH27','FF',NULL,0,'2021-05-11 04:42:45',0,0,NULL,0,NULL,0,0,0,0,NULL,0),
(105,379,'UP28','UTTER PRADESH28','FF',NULL,0,'2021-05-11 04:42:47',0,0,NULL,0,NULL,0,0,0,0,NULL,0),
(106,380,'UP29','UTTER PRADESH29','FF',NULL,0,'2021-05-11 04:42:49',0,0,NULL,0,NULL,0,0,0,0,NULL,0),
(107,381,'UP30','UTTER PRADESH30','FF',NULL,0,'2021-05-11 04:42:51',0,0,NULL,0,NULL,0,0,0,0,NULL,0),
(108,382,'UP31','UTTER PRADESH31','FF',NULL,0,'2021-05-11 04:42:53',0,0,NULL,0,NULL,0,0,0,0,NULL,0),
(109,383,'UP32','UTTER PRADESH32','FF',NULL,0,'2021-05-11 04:42:54',0,0,NULL,0,NULL,0,0,0,0,NULL,0),
(110,384,'UP33','UTTER PRADESH33','FF',NULL,0,'2021-05-11 04:42:56',0,0,NULL,0,NULL,0,0,0,0,NULL,0),
(111,385,'UP34','UTTER PRADESH34','FF',NULL,0,'2021-05-11 04:42:58',0,0,NULL,0,NULL,0,0,0,0,NULL,0),
(112,386,'UP35','UTTER PRADESH35','FF',NULL,0,'2021-05-11 04:43:00',0,0,NULL,0,NULL,0,0,0,0,NULL,0),
(113,387,'UP36','UTTER PRADESH36','FF',NULL,0,'2021-05-11 04:43:02',0,0,NULL,0,NULL,0,0,0,0,NULL,0),
(114,388,'UP37','UTTER PRADESH37','FF',NULL,0,'2021-05-11 04:43:04',0,0,NULL,0,NULL,0,0,0,0,NULL,0),
(115,389,'UP38','UTTER PRADESH38','FF',NULL,0,'2021-05-11 04:43:06',0,0,NULL,0,NULL,0,0,0,0,NULL,0),
(116,390,'UP39','UTTER PRADESH39','FF',NULL,0,'2021-05-11 04:43:07',0,0,NULL,0,NULL,0,0,0,0,NULL,0),
(117,391,'UP40','UTTER PRADESH40','FF',NULL,0,'2021-05-11 04:43:09',0,0,NULL,0,NULL,0,0,0,0,NULL,0),
(118,392,'UP41','UTTER PRADESH41','FF',NULL,0,'2021-05-11 04:43:11',0,0,NULL,0,NULL,0,0,0,0,NULL,0),
(119,393,'UP42','UTTER PRADESH42','FF',NULL,0,'2021-05-11 04:43:13',0,0,NULL,0,NULL,0,0,0,0,NULL,0),
(120,394,'UP43','UTTER PRADESH43','FF',NULL,0,'2021-05-11 04:43:14',0,0,NULL,0,NULL,0,0,0,0,NULL,0),
(121,395,'UP44','UTTER PRADESH44','FF',NULL,0,'2021-05-11 04:43:16',0,0,NULL,0,NULL,0,0,0,0,NULL,0),
(122,396,'UP45','UTTER PRADESH45','FF',NULL,0,'2021-05-11 04:43:18',0,0,NULL,0,NULL,0,0,0,0,NULL,0),
(123,397,'UP46','UTTER PRADESH46','FF',NULL,0,'2021-05-11 04:43:20',0,0,NULL,0,NULL,0,0,0,0,NULL,0),
(124,398,'UP47','UTTER PRADESH47','FF',NULL,0,'2021-05-11 04:43:22',0,0,NULL,0,NULL,0,0,0,0,NULL,0),
(125,399,'UP48','UTTER PRADESH48','FF',NULL,0,'2021-05-11 04:43:23',0,0,NULL,0,NULL,0,0,0,0,NULL,0),
(126,400,'UP49','UTTER PRADESH49','FF',NULL,0,'2021-05-11 04:43:25',0,0,NULL,0,NULL,0,0,0,0,NULL,0),
(127,401,'UP50','UTTER PRADESH50','FF',NULL,0,'2021-05-11 04:43:27',0,0,NULL,0,NULL,0,0,0,0,NULL,0),
(128,402,'UP51','UTTER PRADESH51','FF',NULL,0,'2021-05-11 04:43:29',0,0,NULL,0,NULL,0,0,0,0,NULL,0),
(129,403,'UP52','UTTER PRADESH52','FF',NULL,0,'2021-05-11 04:43:31',0,0,NULL,0,NULL,0,0,0,0,NULL,0),
(130,404,'UP53','UTTER PRADESH53','FF',NULL,0,'2021-05-11 04:43:33',0,0,NULL,0,NULL,0,0,0,0,NULL,0),
(131,405,'UP54','UTTER PRADESH54','FF',NULL,0,'2021-05-11 04:43:34',0,0,NULL,0,NULL,0,0,0,0,NULL,0),
(132,406,'UP55','UTTER PRADESH55','FF',NULL,0,'2021-05-11 04:43:36',0,0,NULL,0,NULL,0,0,0,0,NULL,0),
(133,407,'UP56','UTTER PRADESH56','FF',NULL,0,'2021-05-11 04:43:38',0,0,NULL,0,NULL,0,0,0,0,NULL,0),
(134,408,'UP57','UTTER PRADESH57','FF',NULL,0,'2021-05-11 04:43:40',0,0,NULL,0,NULL,0,0,0,0,NULL,0),
(135,409,'UP58','UTTER PRADESH58','FF',NULL,0,'2021-05-11 04:43:42',0,0,NULL,0,NULL,0,0,0,0,NULL,0),
(136,410,'UP59','UTTER PRADESH59','FF',NULL,0,'2021-05-11 04:43:44',0,0,NULL,0,NULL,0,0,0,0,NULL,0),
(137,411,'UP60','UTTER PRADESH60','FF',NULL,0,'2021-05-11 04:43:46',0,0,NULL,0,NULL,0,0,0,0,NULL,0),
(138,412,'UP61','UTTER PRADESH61','FF',NULL,0,'2021-05-11 04:43:48',0,0,NULL,0,NULL,0,0,0,0,NULL,0),
(139,413,'UP62','UTTER PRADESH62','FF',NULL,0,'2021-05-11 04:43:49',0,0,NULL,0,NULL,0,0,0,0,NULL,0),
(140,414,'UP63','UTTER PRADESH63','FF',NULL,0,'2021-05-11 04:43:51',0,0,NULL,0,NULL,0,0,0,0,NULL,0),
(141,415,'UP64','UTTER PRADESH64','FF',NULL,0,'2021-05-11 04:43:53',0,0,NULL,0,NULL,0,0,0,0,NULL,0),
(142,416,'UP65','UTTER PRADESH65','FF',NULL,0,'2021-05-11 04:43:55',0,0,NULL,0,NULL,0,0,0,0,NULL,0),
(143,417,'UP66','UTTER PRADESH66','FF',NULL,0,'2021-05-11 04:43:57',0,0,NULL,0,NULL,0,0,0,0,NULL,0),
(144,418,'UP67','UTTER PRADESH67','FF',NULL,0,'2021-05-11 04:43:59',0,0,NULL,0,NULL,0,0,0,0,NULL,0),
(145,419,'UP68','UTTER PRADESH68','FF',NULL,0,'2021-05-11 04:44:01',0,0,NULL,0,NULL,0,0,0,0,NULL,0),
(146,420,'UP69','UTTER PRADESH69','FF',NULL,0,'2021-05-11 04:44:03',0,0,NULL,0,NULL,0,0,0,0,NULL,0),
(147,421,'UP70','UTTER PRADESH70','FF',NULL,0,'2021-05-11 04:44:05',0,0,NULL,0,NULL,0,0,0,0,NULL,0),
(148,422,'UP71','UTTER PRADESH71','FF',NULL,0,'2021-05-11 04:44:07',0,0,NULL,0,NULL,0,0,0,0,NULL,0),
(149,423,'UP72','UTTER PRADESH72','FF',NULL,0,'2021-05-11 04:44:09',0,0,NULL,0,NULL,0,0,0,0,NULL,0),
(150,424,'UP73','UTTER PRADESH73','FF',NULL,0,'2021-05-11 04:44:11',0,0,NULL,0,NULL,0,0,0,0,NULL,0),
(151,425,'UP74','UTTER PRADESH74','FF',NULL,0,'2021-05-11 04:44:13',0,0,NULL,0,NULL,0,0,0,0,NULL,0),
(152,426,'UP75','UTTER PRADESH75','FF',NULL,0,'2021-05-11 04:44:14',0,0,NULL,0,NULL,0,0,0,0,NULL,0),
(153,427,'UP76','UTTER PRADESH76','FF',NULL,0,'2021-05-11 04:44:16',0,0,NULL,0,NULL,0,0,0,0,NULL,0),
(154,428,'UP77','UTTER PRADESH77','FF',NULL,0,'2021-05-11 04:44:18',0,0,NULL,0,NULL,0,0,0,0,NULL,0),
(155,429,'UP78','UTTER PRADESH78','FF',NULL,0,'2021-05-11 04:44:20',0,0,NULL,0,NULL,0,0,0,0,NULL,0),
(156,430,'UP79','UTTER PRADESH79','FF',NULL,0,'2021-05-11 04:44:22',0,0,NULL,0,NULL,0,0,0,0,NULL,0),
(157,431,'UP80','UTTER PRADESH80','FF',NULL,0,'2021-05-11 04:44:24',0,0,NULL,0,NULL,0,0,0,0,NULL,0),
(158,432,'UP81','UTTER PRADESH81','FF',NULL,0,'2021-05-11 04:44:25',0,0,NULL,0,NULL,0,0,0,0,NULL,0),
(159,433,'UP82','UTTER PRADESH82','FF',NULL,0,'2021-05-11 04:44:27',0,0,NULL,0,NULL,0,0,0,0,NULL,0),
(160,434,'UP83','UTTER PRADESH83','FF',NULL,0,'2021-05-11 04:44:29',0,0,NULL,0,NULL,0,0,0,0,NULL,0),
(161,435,'UP84','UTTER PRADESH84','FF',NULL,0,'2021-05-11 04:44:31',0,0,NULL,0,NULL,0,0,0,0,NULL,0),
(162,436,'UP85','UTTER PRADESH85','FF',NULL,0,'2021-05-11 04:44:33',0,0,NULL,0,NULL,0,0,0,0,NULL,0),
(163,437,'UP86','UTTER PRADESH86','FF',NULL,0,'2021-05-11 04:44:35',0,0,NULL,0,NULL,0,0,0,0,NULL,0),
(164,438,'UP87','UTTER PRADESH87','FF',NULL,0,'2021-05-11 04:44:37',0,0,NULL,0,NULL,0,0,0,0,NULL,0),
(165,439,'UP88','UTTER PRADESH88','FF',NULL,0,'2021-05-11 04:44:39',0,0,NULL,0,NULL,0,0,0,0,NULL,0),
(166,440,'UP89','UTTER PRADESH89','FF',NULL,0,'2021-05-11 04:44:40',0,0,NULL,0,NULL,0,0,0,0,NULL,0),
(167,441,'UP90','UTTER PRADESH90','FF',NULL,0,'2021-05-11 04:44:42',0,0,NULL,0,NULL,0,0,0,0,NULL,0),
(168,442,'UP91','UTTER PRADESH91','FF',NULL,0,'2021-05-11 04:44:44',0,0,NULL,0,NULL,0,0,0,0,NULL,0),
(169,443,'UP92','UTTER PRADESH92','FF',NULL,0,'2021-05-11 04:44:47',0,0,NULL,0,NULL,0,0,0,0,NULL,0),
(170,444,'UP93','UTTER PRADESH93','FF',NULL,0,'2021-05-11 04:44:49',0,0,NULL,0,NULL,0,0,0,0,NULL,0),
(171,445,'UP94','UTTER PRADESH94','FF',NULL,0,'2021-05-11 04:44:50',0,0,NULL,0,NULL,0,0,0,0,NULL,0),
(172,446,'UP95','UTTER PRADESH95','FF',NULL,0,'2021-05-11 04:44:52',0,0,NULL,0,NULL,0,0,0,0,NULL,0),
(173,447,'UP96','UTTER PRADESH96','FF',NULL,0,'2021-05-11 04:44:54',0,0,NULL,0,NULL,0,0,0,0,NULL,0),
(174,448,'UP97','UTTER PRADESH97','FF',NULL,0,'2021-05-11 04:44:56',0,0,NULL,0,NULL,0,0,0,0,NULL,0),
(175,449,'UP98','UTTER PRADESH98','FF',NULL,0,'2021-05-11 04:44:58',0,0,NULL,0,NULL,0,0,0,0,NULL,0),
(176,450,'UP99','UTTER PRADESH99','FF',NULL,0,'2021-05-11 04:45:00',0,0,NULL,0,NULL,0,0,0,0,NULL,0),
(177,451,'UP100','UTTER PRADESH100','FF',NULL,0,'2021-05-11 04:45:02',0,0,NULL,0,NULL,0,0,0,0,NULL,0),
(178,452,'UP101','UTTER PRADESH101','FF',NULL,0,'2021-05-11 04:45:04',0,0,NULL,0,NULL,0,0,0,0,NULL,0),
(179,453,'UP102','UTTER PRADESH102','FF',NULL,0,'2021-05-11 04:45:06',0,0,NULL,0,NULL,0,0,0,0,NULL,0),
(180,454,'UP103','UTTER PRADESH103','FF',NULL,0,'2021-05-11 04:45:07',0,0,NULL,0,NULL,0,0,0,0,NULL,0),
(181,455,'UP104','UTTER PRADESH104','FF',NULL,0,'2021-05-11 04:45:10',0,0,NULL,0,NULL,0,0,0,0,NULL,0),
(182,456,'UP105','UTTER PRADESH105','FF',NULL,0,'2021-05-11 04:45:12',0,0,NULL,0,NULL,0,0,0,0,NULL,0),
(183,457,'UP106','UTTER PRADESH106','FF',NULL,0,'2021-05-11 04:45:14',0,0,NULL,0,NULL,0,0,0,0,NULL,0),
(184,458,'UP107','UTTER PRADESH107','FF',NULL,0,'2021-05-11 04:45:16',0,0,NULL,0,NULL,0,0,0,0,NULL,0),
(185,459,'UP108','UTTER PRADESH108','FF',NULL,0,'2021-05-11 04:45:17',0,0,NULL,0,NULL,0,0,0,0,NULL,0),
(186,460,'UP109','UTTER PRADESH109','FF',NULL,0,'2021-05-11 04:45:19',0,0,NULL,0,NULL,0,0,0,0,NULL,0),
(187,461,'UP110','UTTER PRADESH110','FF',NULL,0,'2021-05-11 04:45:21',0,0,NULL,0,NULL,0,0,0,0,NULL,0),
(188,462,'UP111','UTTER PRADESH111','FF',NULL,0,'2021-05-11 04:45:23',0,0,NULL,0,NULL,0,0,0,0,NULL,0),
(189,463,'UP112','UTTER PRADESH112','FF',NULL,0,'2021-05-11 04:45:25',0,0,NULL,0,NULL,0,0,0,0,NULL,0),
(190,464,'UP113','UTTER PRADESH113','FF',NULL,0,'2021-05-11 04:45:26',0,0,NULL,0,NULL,0,0,0,0,NULL,0),
(191,465,'UP114','UTTER PRADESH114','FF',NULL,0,'2021-05-11 04:45:28',0,0,NULL,0,NULL,0,0,0,0,NULL,0),
(192,466,'UP115','UTTER PRADESH115','FF',NULL,0,'2021-05-11 04:45:30',0,0,NULL,0,NULL,0,0,0,0,NULL,0),
(193,467,'UP116','UTTER PRADESH116','FF',NULL,0,'2021-05-11 04:45:32',0,0,NULL,0,NULL,0,0,0,0,NULL,0),
(194,468,'UP117','UTTER PRADESH117','FF',NULL,0,'2021-05-11 04:45:34',0,0,NULL,0,NULL,0,0,0,0,NULL,0),
(195,469,'UP118','UTTER PRADESH118','FF',NULL,0,'2021-05-11 04:45:36',0,0,NULL,0,NULL,0,0,0,0,NULL,0),
(196,470,'UP119','UTTER PRADESH119','FF',NULL,0,'2021-05-11 04:45:38',0,0,NULL,0,NULL,0,0,0,0,NULL,0),
(197,471,'UP120','UTTER PRADESH120','FF',NULL,0,'2021-05-11 04:45:40',0,0,NULL,0,NULL,0,0,0,0,NULL,0),
(198,472,'UP121','UTTER PRADESH121','FF',NULL,0,'2021-05-11 04:45:41',0,0,NULL,0,NULL,0,0,0,0,NULL,0),
(199,473,'UP122','UTTER PRADESH122','FF',NULL,0,'2021-05-11 04:45:43',0,0,NULL,0,NULL,0,0,0,0,NULL,0),
(200,474,'UP123','UTTER PRADESH123','FF',NULL,0,'2021-05-11 04:45:45',0,0,NULL,0,NULL,0,0,0,0,NULL,0),
(201,475,'UP124','UTTER PRADESH124','FF',NULL,0,'2021-05-11 04:45:47',0,0,NULL,0,NULL,0,0,0,0,NULL,0),
(202,476,'UP125','UTTER PRADESH125','FF',NULL,0,'2021-05-11 04:45:48',0,0,NULL,0,NULL,0,0,0,0,NULL,0),
(203,477,'UP126','UTTER PRADESH126','FF',NULL,0,'2021-05-11 04:45:50',0,0,NULL,0,NULL,0,0,0,0,NULL,0),
(204,478,'UP127','UTTER PRADESH127','FF',NULL,0,'2021-05-11 04:45:52',0,0,NULL,0,NULL,0,0,0,0,NULL,0),
(205,479,'UP128','UTTER PRADESH128','FF',NULL,0,'2021-05-11 04:45:54',0,0,NULL,0,NULL,0,0,0,0,NULL,0),
(206,480,'UP129','UTTER PRADESH129','FF',NULL,0,'2021-05-11 04:45:56',0,0,NULL,0,NULL,0,0,0,0,NULL,0),
(207,481,'UP130','UTTER PRADESH130','FF',NULL,0,'2021-05-11 04:45:57',0,0,NULL,0,NULL,0,0,0,0,NULL,0),
(208,482,'UP131','UTTER PRADESH131','FF',NULL,0,'2021-05-11 04:45:59',0,0,NULL,0,NULL,0,0,0,0,NULL,0),
(209,483,'UP132','UTTER PRADESH132','FF',NULL,0,'2021-05-11 04:46:01',0,0,NULL,0,NULL,0,0,0,0,NULL,0),
(210,484,'UP133','UTTER PRADESH133','FF',NULL,0,'2021-05-11 04:46:03',0,0,NULL,0,NULL,0,0,0,0,NULL,0),
(211,485,'UP134','UTTER PRADESH134','FF',NULL,0,'2021-05-11 04:46:05',0,0,NULL,0,NULL,0,0,0,0,NULL,0),
(212,486,'UP135','UTTER PRADESH135','FF',NULL,0,'2021-05-11 04:46:07',0,0,NULL,0,NULL,0,0,0,0,NULL,0),
(213,487,'UP136','UTTER PRADESH136','FF',NULL,0,'2021-05-11 04:46:08',0,0,NULL,0,NULL,0,0,0,0,NULL,0),
(214,488,'UP137','UTTER PRADESH137','FF',NULL,0,'2021-05-11 04:46:10',0,0,NULL,0,NULL,0,0,0,0,NULL,0),
(215,489,'UP138','UTTER PRADESH138','FF',NULL,0,'2021-05-11 04:46:12',0,0,NULL,0,NULL,0,0,0,0,NULL,0),
(216,490,'UP139','UTTER PRADESH139','FF',NULL,0,'2021-05-11 04:46:14',0,0,NULL,0,NULL,0,0,0,0,NULL,0),
(217,491,'UP140','UTTER PRADESH140','FF',NULL,0,'2021-05-11 04:46:16',0,0,NULL,0,NULL,0,0,0,0,NULL,0),
(218,492,'UP141','UTTER PRADESH141','FF',NULL,0,'2021-05-11 04:46:18',0,0,NULL,0,NULL,0,0,0,0,NULL,0),
(219,493,'UP142','UTTER PRADESH142','FF',NULL,0,'2021-05-11 04:46:19',0,0,NULL,0,NULL,0,0,0,0,NULL,0),
(220,494,'UP143','UTTER PRADESH143','FF',NULL,0,'2021-05-11 04:46:21',0,0,NULL,0,NULL,0,0,0,0,NULL,0),
(221,495,'UP144','UTTER PRADESH144','FF',NULL,0,'2021-05-11 04:46:23',0,0,NULL,0,NULL,0,0,0,0,NULL,0),
(222,496,'UP145','UTTER PRADESH145','FF',NULL,0,'2021-05-11 04:46:25',0,0,NULL,0,NULL,0,0,0,0,NULL,0),
(223,497,'UP146','UTTER PRADESH146','FF',NULL,0,'2021-05-11 04:46:27',0,0,NULL,0,NULL,0,0,0,0,NULL,0),
(224,498,'UP147','UTTER PRADESH147','FF',NULL,0,'2021-05-11 04:46:29',0,0,NULL,0,NULL,0,0,0,0,NULL,0),
(225,499,'UP148','UTTER PRADESH148','FF',NULL,0,'2021-05-11 04:46:31',0,0,NULL,0,NULL,0,0,0,0,NULL,0),
(226,500,'UP149','UTTER PRADESH149','FF',NULL,0,'2021-05-11 04:46:33',0,0,NULL,0,NULL,0,0,0,0,NULL,0),
(227,501,'UP150','UTTER PRADESH150','FF',NULL,0,'2021-05-11 04:46:35',0,0,NULL,0,NULL,0,0,0,0,NULL,0),
(228,502,'UP151','UTTER PRADESH151','FF',NULL,0,'2021-05-11 04:46:37',0,0,NULL,0,NULL,0,0,0,0,NULL,0),
(229,503,'UP152','UTTER PRADESH152','FF',NULL,0,'2021-05-11 04:46:38',0,0,NULL,0,NULL,0,0,0,0,NULL,0),
(230,504,'UP153','UTTER PRADESH153','FF',NULL,0,'2021-05-11 04:46:40',0,0,NULL,0,NULL,0,0,0,0,NULL,0),
(231,505,'UP154','UTTER PRADESH154','FF',NULL,0,'2021-05-11 04:46:42',0,0,NULL,0,NULL,0,0,0,0,NULL,0),
(232,506,'UP155','UTTER PRADESH155','FF',NULL,0,'2021-05-11 04:46:44',0,0,NULL,0,NULL,0,0,0,0,NULL,0),
(233,507,'UP156','UTTER PRADESH156','FF',NULL,0,'2021-05-11 04:46:46',0,0,NULL,0,NULL,0,0,0,0,NULL,0),
(234,508,'UP157','UTTER PRADESH157','FF',NULL,0,'2021-05-11 04:46:47',0,0,NULL,0,NULL,0,0,0,0,NULL,0),
(235,509,'UP158','UTTER PRADESH158','FF',NULL,0,'2021-05-11 04:46:49',0,0,NULL,0,NULL,0,0,0,0,NULL,0),
(236,510,'UP159','UTTER PRADESH159','FF',NULL,0,'2021-05-11 04:46:51',0,0,NULL,0,NULL,0,0,0,0,NULL,0),
(237,511,'UP160','UTTER PRADESH160','FF',NULL,0,'2021-05-11 04:46:53',0,0,NULL,0,NULL,0,0,0,0,NULL,0),
(238,512,'UP161','UTTER PRADESH161','FF',NULL,0,'2021-05-11 04:46:55',0,0,NULL,0,NULL,0,0,0,0,NULL,0),
(239,513,'UP162','UTTER PRADESH162','FF',NULL,0,'2021-05-11 04:46:56',0,0,NULL,0,NULL,0,0,0,0,NULL,0),
(240,514,'UP163','UTTER PRADESH163','FF',NULL,0,'2021-05-11 04:46:58',0,0,NULL,0,NULL,0,0,0,0,NULL,0),
(241,515,'UP164','UTTER PRADESH164','FF',NULL,0,'2021-05-11 04:47:00',0,0,NULL,0,NULL,0,0,0,0,NULL,0),
(242,516,'UP165','UTTER PRADESH165','FF',NULL,0,'2021-05-11 04:47:02',0,0,NULL,0,NULL,0,0,0,0,NULL,0),
(243,517,'UP166','UTTER PRADESH166','FF',NULL,0,'2021-05-11 04:47:04',0,0,NULL,0,NULL,0,0,0,0,NULL,0),
(244,518,'UP167','UTTER PRADESH167','FF',NULL,0,'2021-05-11 04:47:06',0,0,NULL,0,NULL,0,0,0,0,NULL,0),
(245,519,'UP168','UTTER PRADESH168','FF',NULL,0,'2021-05-11 04:47:08',0,0,NULL,0,NULL,0,0,0,0,NULL,0),
(246,520,'UP169','UTTER PRADESH169','FF',NULL,0,'2021-05-11 04:47:09',0,0,NULL,0,NULL,0,0,0,0,NULL,0),
(247,521,'UP170','UTTER PRADESH170','FF',NULL,0,'2021-05-11 04:47:11',0,0,NULL,0,NULL,0,0,0,0,NULL,0),
(248,522,'UP171','UTTER PRADESH171','FF',NULL,0,'2021-05-11 04:47:13',0,0,NULL,0,NULL,0,0,0,0,NULL,0),
(249,523,'UP172','UTTER PRADESH172','FF',NULL,0,'2021-05-11 04:47:15',0,0,NULL,0,NULL,0,0,0,0,NULL,0),
(250,524,'UP173','UTTER PRADESH173','FF',NULL,0,'2021-05-11 04:47:17',0,0,NULL,0,NULL,0,0,0,0,NULL,0),
(251,525,'UP174','UTTER PRADESH174','FF',NULL,0,'2021-05-11 04:47:18',0,0,NULL,0,NULL,0,0,0,0,NULL,0),
(252,526,'UP175','UTTER PRADESH175','FF',NULL,0,'2021-05-11 04:47:20',0,0,NULL,0,NULL,0,0,0,0,NULL,0),
(253,527,'UP176','UTTER PRADESH176','FF',NULL,0,'2021-05-11 04:47:22',0,0,NULL,0,NULL,0,0,0,0,NULL,0),
(254,528,'UP177','UTTER PRADESH177','FF',NULL,0,'2021-05-11 04:47:24',0,0,NULL,0,NULL,0,0,0,0,NULL,0),
(255,529,'UP178','UTTER PRADESH178','FF',NULL,0,'2021-05-11 04:47:25',0,0,NULL,0,NULL,0,0,0,0,NULL,0),
(256,530,'UP179','UTTER PRADESH179','FF',NULL,0,'2021-05-11 04:47:27',0,0,NULL,0,NULL,0,0,0,0,NULL,0),
(257,531,'UP180','UTTER PRADESH180','FF',NULL,0,'2021-05-11 04:47:29',0,0,NULL,0,NULL,0,0,0,0,NULL,0),
(258,532,'UP181','UTTER PRADESH181','FF',NULL,0,'2021-05-11 04:47:31',0,0,NULL,0,NULL,0,0,0,0,NULL,0),
(259,533,'UP182','UTTER PRADESH182','FF',NULL,0,'2021-05-11 04:47:33',0,0,NULL,0,NULL,0,0,0,0,NULL,0),
(260,534,'UP183','UTTER PRADESH183','FF',NULL,0,'2021-05-11 04:47:35',0,0,NULL,0,NULL,0,0,0,0,NULL,0),
(261,535,'UP184','UTTER PRADESH184','FF',NULL,0,'2021-05-11 04:47:36',0,0,NULL,0,NULL,0,0,0,0,NULL,0),
(262,536,'UP185','UTTER PRADESH185','FF',NULL,0,'2021-05-11 04:47:38',0,0,NULL,0,NULL,0,0,0,0,NULL,0),
(263,537,'UP186','UTTER PRADESH186','FF',NULL,0,'2021-05-11 04:47:40',0,0,NULL,0,NULL,0,0,0,0,NULL,0),
(264,538,'UP187','UTTER PRADESH187','FF',NULL,0,'2021-05-11 04:47:42',0,0,NULL,0,NULL,0,0,0,0,NULL,0),
(265,539,'UP188','UTTER PRADESH188','FF',NULL,0,'2021-05-11 04:47:44',0,0,NULL,0,NULL,0,0,0,0,NULL,0),
(266,540,'UP189','UTTER PRADESH189','FF',NULL,0,'2021-05-11 04:47:46',0,0,NULL,0,NULL,0,0,0,0,NULL,0),
(267,541,'UP190','UTTER PRADESH190','FF',NULL,0,'2021-05-11 04:47:48',0,0,NULL,0,NULL,0,0,0,0,NULL,0),
(268,542,'UP191','UTTER PRADESH191','FF',NULL,0,'2021-05-11 04:47:50',0,0,NULL,0,NULL,0,0,0,0,NULL,0),
(269,543,'UP192','UTTER PRADESH192','FF',NULL,0,'2021-05-11 04:47:52',0,0,NULL,0,NULL,0,0,0,0,NULL,0),
(270,544,'UP193','UTTER PRADESH193','FF',NULL,0,'2021-05-11 04:47:54',0,0,NULL,0,NULL,0,0,0,0,NULL,0),
(271,545,'UP194','UTTER PRADESH194','FF',NULL,0,'2021-05-11 04:47:56',0,0,NULL,0,NULL,0,0,0,0,NULL,0),
(272,546,'UP195','UTTER PRADESH195','FF',NULL,0,'2021-05-11 04:47:58',0,0,NULL,0,NULL,0,0,0,0,NULL,0),
(273,547,'UP196','UTTER PRADESH196','FF',NULL,0,'2021-05-11 04:47:59',0,0,NULL,0,NULL,0,0,0,0,NULL,0),
(274,548,'UP197','UTTER PRADESH197','FF',NULL,0,'2021-05-11 04:48:01',0,0,NULL,0,NULL,0,0,0,0,NULL,0),
(275,549,'UP198','UTTER PRADESH198','FF',NULL,0,'2021-05-11 04:48:03',0,0,NULL,0,NULL,0,0,0,0,NULL,0),
(276,550,'UP199','UTTER PRADESH199','FF',NULL,0,'2021-05-11 04:48:05',0,0,NULL,0,NULL,0,0,0,0,NULL,0),
(277,551,'UP200','UTTER PRADESH200','FF',NULL,0,'2021-05-11 04:48:07',0,0,NULL,0,NULL,0,0,0,0,NULL,0),
(278,552,'UP201','UTTER PRADESH201','FF',NULL,0,'2021-05-11 04:48:09',0,0,NULL,0,NULL,0,0,0,0,NULL,0),
(279,553,'UP202','UTTER PRADESH202','FF',NULL,0,'2021-05-11 04:48:10',0,0,NULL,0,NULL,0,0,0,0,NULL,0),
(280,554,'UP203','UTTER PRADESH203','FF',NULL,0,'2021-05-11 04:48:12',0,0,NULL,0,NULL,0,0,0,0,NULL,0),
(281,555,'UP204','UTTER PRADESH204','FF',NULL,0,'2021-05-11 04:48:14',0,0,NULL,0,NULL,0,0,0,0,NULL,0),
(282,556,'UP205','UTTER PRADESH205','FF',NULL,0,'2021-05-11 04:48:16',0,0,NULL,0,NULL,0,0,0,0,NULL,0),
(283,557,'UP206','UTTER PRADESH206','FF',NULL,0,'2021-05-11 04:48:18',0,0,NULL,0,NULL,0,0,0,0,NULL,0),
(284,558,'UP207','UTTER PRADESH207','FF',NULL,0,'2021-05-11 04:48:19',0,0,NULL,0,NULL,0,0,0,0,NULL,0),
(285,559,'UP208','UTTER PRADESH208','FF',NULL,0,'2021-05-11 04:48:21',0,0,NULL,0,NULL,0,0,0,0,NULL,0),
(286,560,'UP209','UTTER PRADESH209','FF',NULL,0,'2021-05-11 04:48:23',0,0,NULL,0,NULL,0,0,0,0,NULL,0),
(287,561,'UP210','UTTER PRADESH210','FF',NULL,0,'2021-05-11 04:48:25',0,0,NULL,0,NULL,0,0,0,0,NULL,0),
(288,562,'UP211','UTTER PRADESH211','FF',NULL,0,'2021-05-11 04:48:27',0,0,NULL,0,NULL,0,0,0,0,NULL,0),
(289,563,'UP212','UTTER PRADESH212','FF',NULL,0,'2021-05-11 04:48:28',0,0,NULL,0,NULL,0,0,0,0,NULL,0),
(290,564,'UP213','UTTER PRADESH213','FF',NULL,0,'2021-05-11 04:48:30',0,0,NULL,0,NULL,0,0,0,0,NULL,0),
(291,565,'UP214','UTTER PRADESH214','FF',NULL,0,'2021-05-11 04:48:32',0,0,NULL,0,NULL,0,0,0,0,NULL,0),
(292,566,'UP215','UTTER PRADESH215','FF',NULL,0,'2021-05-11 04:48:34',0,0,NULL,0,NULL,0,0,0,0,NULL,0),
(293,567,'UP216','UTTER PRADESH216','FF',NULL,0,'2021-05-11 04:48:36',0,0,NULL,0,NULL,0,0,0,0,NULL,0),
(294,568,'UP217','UTTER PRADESH217','FF',NULL,0,'2021-05-11 04:48:38',0,0,NULL,0,NULL,0,0,0,0,NULL,0),
(295,569,'UP218','UTTER PRADESH218','FF',NULL,0,'2021-05-11 04:48:40',0,0,NULL,0,NULL,0,0,0,0,NULL,0),
(296,570,'UP219','UTTER PRADESH219','FF',NULL,0,'2021-05-11 04:48:42',0,0,NULL,0,NULL,0,0,0,0,NULL,0),
(297,571,'UP220','UTTER PRADESH220','FF',NULL,0,'2021-05-11 04:48:44',0,0,NULL,0,NULL,0,0,0,0,NULL,0),
(298,572,'UP221','UTTER PRADESH221','FF',NULL,0,'2021-05-11 04:48:46',0,0,NULL,0,NULL,0,0,0,0,NULL,0),
(299,573,'UP222','UTTER PRADESH222','FF',NULL,0,'2021-05-11 04:48:49',0,0,NULL,0,NULL,0,0,0,0,NULL,0),
(300,574,'UP223','UTTER PRADESH223','FF',NULL,0,'2021-05-11 04:48:51',0,0,NULL,0,NULL,0,0,0,0,NULL,0),
(301,575,'UP224','UTTER PRADESH224','FF',NULL,0,'2021-05-11 04:48:53',0,0,NULL,0,NULL,0,0,0,0,NULL,0),
(302,576,'UP225','UTTER PRADESH225','FF',NULL,0,'2021-05-11 04:48:54',0,0,NULL,0,NULL,0,0,0,0,NULL,0),
(303,577,'UP226','UTTER PRADESH226','FF',NULL,0,'2021-05-11 04:48:56',0,0,NULL,0,NULL,0,0,0,0,NULL,0),
(304,578,'UP227','UTTER PRADESH227','FF',NULL,0,'2021-05-11 04:48:58',0,0,NULL,0,NULL,0,0,0,0,NULL,0),
(305,604,'1','A','RR',NULL,0,'2021-05-12 04:54:11',1,3,'2021-05-14 06:30:49',1,'2021-05-23 23:46:33',3,0,0,0,NULL,0),
(306,606,'3','C','GG',NULL,0,'2021-05-12 04:54:11',0,0,NULL,0,NULL,0,0,0,0,NULL,0),
(307,607,'4','D','FF',NULL,0,'2021-05-12 04:54:11',0,0,NULL,0,NULL,0,0,0,0,NULL,0),
(308,608,'5','E','DD',NULL,0,'2021-05-12 04:54:11',0,0,NULL,0,NULL,0,0,0,0,NULL,0),
(309,609,'6','F','0A',NULL,0,'2021-05-12 04:54:11',0,0,NULL,0,NULL,0,0,0,0,NULL,0),
(310,610,'7','G','SS',NULL,0,'2021-05-12 04:54:11',0,0,NULL,0,NULL,0,0,0,0,NULL,0),
(311,611,'8','H','XX',NULL,0,'2021-05-12 04:54:11',0,0,NULL,0,NULL,0,0,0,0,NULL,0),
(312,612,'9','I','GF',NULL,0,'2021-05-12 04:54:11',0,0,NULL,0,NULL,0,0,0,0,NULL,0),
(313,613,'10','J','VVBB',NULL,0,'2021-05-12 04:54:11',1,3,'2021-05-20 23:35:37',0,NULL,0,0,0,0,NULL,0),
(314,614,'11','K','PP',NULL,0,'2021-05-12 04:54:11',0,3,'2021-05-20 23:54:19',0,NULL,0,0,0,0,NULL,0),
(315,615,'12','L','WW',NULL,0,'2021-05-12 04:54:11',0,0,NULL,0,NULL,0,0,0,0,NULL,0),
(316,616,'13','M','AA',NULL,0,'2021-05-12 04:54:11',1,3,'2021-05-20 23:54:22',0,NULL,0,0,0,0,NULL,0),
(317,617,'14','N','ZZ',NULL,0,'2021-05-12 04:54:11',0,0,NULL,0,NULL,0,0,0,0,NULL,0),
(318,618,'15','O','DDD',NULL,0,'2021-05-12 04:54:11',0,0,NULL,0,NULL,0,0,0,0,NULL,0),
(319,619,'16','P','CCC',NULL,0,'2021-05-12 04:54:11',0,0,NULL,0,NULL,0,0,0,0,NULL,0),
(320,620,'17','Q','WWWEE',NULL,0,'2021-05-12 04:54:11',1,3,'2021-05-17 00:58:35',0,NULL,0,0,0,0,NULL,0),
(321,621,'18','R','RRR',NULL,0,'2021-05-12 04:54:11',1,3,'2021-05-17 00:58:04',0,NULL,0,0,0,0,NULL,0),
(322,622,'19','S','GGG',NULL,0,'2021-05-12 04:54:12',0,0,NULL,0,NULL,0,0,0,0,NULL,0),
(323,623,'20','T','HHH',NULL,0,'2021-05-12 04:54:12',0,0,NULL,0,NULL,0,0,0,0,NULL,0),
(324,625,'22','V','BBBB',NULL,0,'2021-05-12 04:54:12',0,0,NULL,0,NULL,0,0,0,0,NULL,0),
(325,626,'23','W','RRRRRRR',NULL,0,'2021-05-12 04:54:12',0,0,NULL,0,NULL,0,0,0,0,NULL,0),
(326,627,'24','X','JJJJJJ',NULL,0,'2021-05-12 04:54:12',0,0,NULL,0,NULL,0,0,0,0,NULL,0),
(327,628,'25','Y','KKKKKK',NULL,0,'2021-05-12 04:54:12',0,0,NULL,0,NULL,0,0,0,0,NULL,0),
(328,629,'26','Z','OOOOO',NULL,0,'2021-05-12 04:54:12',0,0,NULL,0,NULL,0,0,0,0,NULL,0),
(329,630,'27','FF','CCCCC',NULL,0,'2021-05-12 04:54:12',0,0,NULL,0,NULL,0,0,0,0,NULL,0),
(330,631,'28','FFD','VVVV',NULL,0,'2021-05-12 04:54:12',0,0,NULL,0,NULL,0,0,0,0,NULL,0),
(331,632,'29','WER','ZZZZZ',NULL,0,'2021-05-12 04:54:12',0,0,NULL,0,NULL,0,0,0,0,NULL,0),
(332,633,'30','WESS','AAAQQ',NULL,0,'2021-05-12 04:54:12',0,0,NULL,0,NULL,0,0,0,0,NULL,0),
(333,0,NULL,'State1',NULL,NULL,0,'2021-05-12 04:59:34',0,0,NULL,0,NULL,0,0,0,0,NULL,0),
(334,0,NULL,'State2',NULL,NULL,0,'2021-05-12 04:59:34',0,0,NULL,0,NULL,0,0,0,0,NULL,0),
(335,0,NULL,'State3',NULL,NULL,0,'2021-05-12 04:59:34',0,0,NULL,0,NULL,0,0,0,0,NULL,0),
(336,0,NULL,'State4',NULL,NULL,0,'2021-05-12 04:59:34',0,0,NULL,0,NULL,0,0,0,0,NULL,0),
(337,0,NULL,'State5',NULL,NULL,0,'2021-05-12 04:59:34',0,0,NULL,0,NULL,0,0,0,0,NULL,0),
(338,0,NULL,'State6',NULL,NULL,0,'2021-05-12 04:59:34',0,0,NULL,0,NULL,0,0,0,0,NULL,0),
(339,0,NULL,'State7',NULL,NULL,0,'2021-05-12 04:59:34',0,0,NULL,0,NULL,0,0,0,0,NULL,0),
(340,0,NULL,'State8',NULL,NULL,0,'2021-05-12 04:59:34',0,0,NULL,0,NULL,0,0,0,0,NULL,0),
(341,0,NULL,'State9',NULL,NULL,0,'2021-05-12 04:59:34',0,0,NULL,0,NULL,0,0,0,0,NULL,0),
(342,0,NULL,'State10',NULL,NULL,0,'2021-05-12 04:59:34',0,0,NULL,0,NULL,0,0,0,0,NULL,0),
(343,0,NULL,'State11',NULL,NULL,0,'2021-05-12 04:59:34',0,0,NULL,0,NULL,0,0,0,0,NULL,0),
(344,0,NULL,'State12',NULL,NULL,0,'2021-05-12 04:59:34',0,0,NULL,0,NULL,0,0,0,0,NULL,0),
(345,0,NULL,'State13',NULL,NULL,0,'2021-05-12 04:59:34',0,0,NULL,0,NULL,0,0,0,0,NULL,0),
(346,0,NULL,'State14',NULL,NULL,0,'2021-05-12 04:59:34',0,0,NULL,0,NULL,0,0,0,0,NULL,0),
(347,0,NULL,'State15',NULL,NULL,0,'2021-05-12 04:59:34',0,0,NULL,0,NULL,0,0,0,0,NULL,0),
(348,0,NULL,'State16',NULL,NULL,0,'2021-05-12 04:59:34',0,0,NULL,0,NULL,0,0,0,0,NULL,0),
(349,0,NULL,'State17',NULL,NULL,0,'2021-05-12 04:59:34',0,0,NULL,0,NULL,0,0,0,0,NULL,0),
(350,0,NULL,'State18',NULL,NULL,0,'2021-05-12 04:59:34',0,0,NULL,0,NULL,0,0,0,0,NULL,0),
(351,0,NULL,'State19',NULL,NULL,0,'2021-05-12 04:59:34',0,0,NULL,0,NULL,0,0,0,0,NULL,0),
(352,0,NULL,'State20',NULL,NULL,0,'2021-05-12 04:59:34',0,0,NULL,0,NULL,0,0,0,0,NULL,0),
(353,0,NULL,'State21',NULL,NULL,0,'2021-05-12 04:59:34',0,0,NULL,0,NULL,0,0,0,0,NULL,0),
(354,0,NULL,'State22',NULL,NULL,0,'2021-05-12 04:59:34',0,0,NULL,0,NULL,0,0,0,0,NULL,0),
(355,0,NULL,'State23',NULL,NULL,0,'2021-05-12 04:59:34',0,0,NULL,0,NULL,0,0,0,0,NULL,0),
(356,0,NULL,'State24',NULL,NULL,0,'2021-05-12 04:59:34',0,0,NULL,0,NULL,0,0,0,0,NULL,0),
(357,0,NULL,'State25',NULL,NULL,0,'2021-05-12 04:59:34',0,0,NULL,0,NULL,0,0,0,0,NULL,0),
(358,0,NULL,'State26',NULL,NULL,0,'2021-05-12 04:59:34',0,0,NULL,0,NULL,0,0,0,0,NULL,0),
(359,0,NULL,'State27',NULL,NULL,0,'2021-05-12 04:59:34',0,0,NULL,0,NULL,0,0,0,0,NULL,0),
(360,0,NULL,'State28',NULL,NULL,0,'2021-05-12 04:59:34',0,0,NULL,0,NULL,0,0,0,0,NULL,0),
(361,0,NULL,'State29',NULL,NULL,0,'2021-05-12 04:59:35',0,0,NULL,0,NULL,0,0,0,0,NULL,0),
(362,0,NULL,'State30',NULL,NULL,0,'2021-05-12 04:59:35',0,0,NULL,0,NULL,0,0,0,0,NULL,0),
(363,0,NULL,'STATENAME1',NULL,NULL,0,'2021-05-12 05:03:38',0,0,NULL,0,NULL,0,0,0,0,NULL,0),
(364,0,NULL,'STATENAME2',NULL,NULL,0,'2021-05-12 05:03:38',0,0,NULL,0,NULL,0,0,0,0,NULL,0),
(365,0,NULL,'STATENAME3',NULL,NULL,0,'2021-05-12 05:03:38',0,0,NULL,0,NULL,0,0,0,0,NULL,0),
(366,0,NULL,'STATENAME4',NULL,NULL,0,'2021-05-12 05:03:38',0,0,NULL,0,NULL,0,0,0,0,NULL,0),
(367,0,NULL,'STATENAME5',NULL,NULL,0,'2021-05-12 05:03:39',0,0,NULL,0,NULL,0,0,0,0,NULL,0),
(368,0,NULL,'STATENAME6',NULL,NULL,0,'2021-05-12 05:03:39',0,0,NULL,0,NULL,0,0,0,0,NULL,0),
(369,0,NULL,'STATENAME7',NULL,NULL,0,'2021-05-12 05:03:39',0,0,NULL,0,NULL,0,0,0,0,NULL,0),
(370,0,NULL,'STATENAME8',NULL,NULL,0,'2021-05-12 05:03:39',0,0,NULL,0,NULL,0,0,0,0,NULL,0),
(371,0,NULL,'STATENAME9',NULL,NULL,0,'2021-05-12 05:03:39',0,0,NULL,0,NULL,0,0,0,0,NULL,0),
(372,0,NULL,'STATENAME10',NULL,NULL,0,'2021-05-12 05:03:39',0,0,NULL,0,NULL,0,0,0,0,NULL,0),
(373,0,NULL,'STATENAME11',NULL,NULL,0,'2021-05-12 05:03:39',0,0,NULL,0,NULL,0,0,0,0,NULL,0),
(374,0,NULL,'STATENAME12',NULL,NULL,0,'2021-05-12 05:03:39',0,0,NULL,0,NULL,0,0,0,0,NULL,0),
(375,0,NULL,'STATENAME13',NULL,NULL,0,'2021-05-12 05:03:39',0,0,NULL,0,NULL,0,0,0,0,NULL,0),
(376,0,NULL,'STATENAME14',NULL,NULL,0,'2021-05-12 05:03:39',0,0,NULL,0,NULL,0,0,0,0,NULL,0),
(377,0,NULL,'STATENAME15',NULL,NULL,0,'2021-05-12 05:03:39',0,0,NULL,0,NULL,0,0,0,0,NULL,0),
(378,0,NULL,'STATENAME16',NULL,NULL,0,'2021-05-12 05:03:39',0,0,NULL,0,NULL,0,0,0,0,NULL,0),
(379,0,NULL,'STATENAME17',NULL,NULL,0,'2021-05-12 05:03:39',0,0,NULL,0,NULL,0,0,0,0,NULL,0),
(380,0,NULL,'STATENAME18',NULL,NULL,0,'2021-05-12 05:03:39',0,0,NULL,0,NULL,0,0,0,0,NULL,0),
(381,0,NULL,'STATENAME19',NULL,NULL,0,'2021-05-12 05:03:39',0,0,NULL,0,NULL,0,0,0,0,NULL,0),
(382,0,NULL,'STATENAME20',NULL,NULL,0,'2021-05-12 05:03:39',0,0,NULL,0,NULL,0,0,0,0,NULL,0),
(383,0,NULL,'STATENAME21',NULL,NULL,0,'2021-05-12 05:03:39',0,0,NULL,0,NULL,0,0,0,0,NULL,0),
(384,0,NULL,'STATENAME22',NULL,NULL,0,'2021-05-12 05:03:39',0,0,NULL,0,NULL,0,0,0,0,NULL,0),
(385,0,NULL,'STATENAME23',NULL,NULL,0,'2021-05-12 05:03:39',0,0,NULL,0,NULL,0,0,0,0,NULL,0),
(386,0,NULL,'STATENAME24',NULL,NULL,0,'2021-05-12 05:03:39',0,0,NULL,0,NULL,0,0,0,0,NULL,0),
(387,0,NULL,'STATENAME25',NULL,NULL,0,'2021-05-12 05:03:39',0,0,NULL,0,NULL,0,0,0,0,NULL,0),
(388,0,NULL,'STATENAME26',NULL,NULL,0,'2021-05-12 05:03:39',0,0,NULL,0,NULL,0,0,0,0,NULL,0),
(389,0,NULL,'STATENAME27',NULL,NULL,0,'2021-05-12 05:03:39',0,0,NULL,0,NULL,0,0,0,0,NULL,0),
(390,0,NULL,'STATENAME28',NULL,NULL,0,'2021-05-12 05:03:39',0,0,NULL,0,NULL,0,0,0,0,NULL,0),
(391,0,NULL,'STATENAME29',NULL,NULL,0,'2021-05-12 05:03:39',0,0,NULL,0,NULL,0,0,0,0,NULL,0),
(392,0,NULL,'STATENAME30',NULL,NULL,0,'2021-05-12 05:03:39',0,0,NULL,0,NULL,0,0,0,0,NULL,0),
(393,0,NULL,'STATENAME31',NULL,NULL,0,'2021-05-12 05:03:39',0,0,NULL,0,NULL,0,0,0,0,NULL,0),
(394,0,NULL,'STATENAME32',NULL,NULL,0,'2021-05-12 05:03:39',0,0,NULL,0,NULL,0,0,0,0,NULL,0),
(395,0,NULL,'STATENAME33',NULL,NULL,0,'2021-05-12 05:03:39',0,0,NULL,0,NULL,0,0,0,0,NULL,0),
(396,0,NULL,'STATENAME34',NULL,NULL,0,'2021-05-12 05:03:39',0,0,NULL,0,NULL,0,0,0,0,NULL,0),
(397,0,NULL,'STATENAME35',NULL,NULL,0,'2021-05-12 05:03:39',0,0,NULL,0,NULL,0,0,0,0,NULL,0),
(398,0,NULL,'STATENAME36',NULL,NULL,0,'2021-05-12 05:03:39',0,0,NULL,0,NULL,0,0,0,0,NULL,0),
(399,0,NULL,'STATENAME37',NULL,NULL,0,'2021-05-12 05:03:39',0,0,NULL,0,NULL,0,0,0,0,NULL,0),
(400,0,NULL,'STATENAME38',NULL,NULL,0,'2021-05-12 05:03:39',0,0,NULL,0,NULL,0,0,0,0,NULL,0),
(401,0,NULL,'STATENAME39',NULL,NULL,0,'2021-05-12 05:03:39',0,0,NULL,0,NULL,0,0,0,0,NULL,0),
(402,0,NULL,'STATENAME40',NULL,NULL,0,'2021-05-12 05:03:39',0,0,NULL,0,NULL,0,0,0,0,NULL,0),
(403,581,'KUL','KUALA','1234',NULL,3,'2021-05-20 23:36:39',1,3,'2021-05-20 23:44:39',0,NULL,0,0,0,0,NULL,0),
(404,706,'PK','Ok111','1234',NULL,3,'2021-05-23 23:43:23',1,3,'2021-05-23 23:43:29',0,NULL,0,0,0,0,NULL,0),
(405,707,'PK111','TA','1234',NULL,0,'2021-05-23 23:46:07',0,0,NULL,0,NULL,0,0,0,0,NULL,0),
(406,708,'012UI','Ok12',NULL,NULL,3,'2021-05-24 00:12:34',0,0,NULL,0,NULL,0,0,0,0,NULL,0);

/*Table structure for table `m_state_log` */

DROP TABLE IF EXISTS `m_state_log`;

CREATE TABLE `m_state_log` (
  `logId` int(11) NOT NULL AUTO_INCREMENT,
  `stateId` int(11) DEFAULT NULL,
  `countryId` int(11) DEFAULT NULL,
  `stateCode` varchar(10) DEFAULT NULL,
  `stateName` varchar(50) DEFAULT NULL,
  `gstCode` varchar(50) DEFAULT NULL,
  `unionTerritory` varchar(10) DEFAULT NULL,
  `isApproved` int(11) DEFAULT '0',
  `userId` int(11) DEFAULT NULL,
  `isDeleted` int(11) DEFAULT '0',
  `userAction` varchar(20) DEFAULT NULL,
  `transDate` datetime DEFAULT CURRENT_TIMESTAMP,
  `isActive` tinyint(1) DEFAULT '0',
  PRIMARY KEY (`logId`)
) ENGINE=InnoDB AUTO_INCREMENT=607 DEFAULT CHARSET=utf8mb4;

/*Data for the table `m_state_log` */

insert  into `m_state_log`(`logId`,`stateId`,`countryId`,`stateCode`,`stateName`,`gstCode`,`unionTerritory`,`isApproved`,`userId`,`isDeleted`,`userAction`,`transDate`,`isActive`) values 
(1,1,2,'PN','PULAU PINANG','29',NULL,0,10,0,'insert','2020-10-26 18:30:48',0),
(2,1,2,'PN','PULAU PINANG','29',NULL,0,10,0,'update','2020-10-26 18:30:48',0),
(3,2,3,'UP','Utter pradesh','8907',NULL,0,3,0,'insert','2020-10-27 09:20:25',0),
(4,2,3,'UP','Utter pradesh','8907',NULL,0,3,0,'update','2020-10-27 09:20:25',0),
(5,1,2,'PN','PULAU PINANG','29',NULL,0,10,0,'approve','2020-10-26 18:30:48',0),
(6,2,3,'UP','Utter pradesh','89070',NULL,0,3,0,'approve','2020-10-27 09:20:25',0),
(7,17,101,'UP','Uttar Pradesh','90',NULL,0,3,0,'insert','2020-11-11 08:20:33',0),
(8,1,151,NULL,'Johor',NULL,NULL,0,NULL,0,'update','2020-11-10 15:58:58',0),
(9,18,1,'RR','Fgf','fgf',NULL,0,3,0,'insert','2020-12-10 09:11:30',0),
(10,18,1,'RR','Fgf','fgf',NULL,0,3,0,'approve','2020-12-10 09:11:30',0),
(11,18,1,'RR','Fgf','fgf',NULL,0,3,0,'update','2020-12-10 09:11:30',0),
(12,18,1,'RR','Fgfrgg','fgf',NULL,0,3,0,'delete','2020-12-10 09:11:30',0),
(13,15,151,NULL,'Sabah',NULL,NULL,0,NULL,0,'approve','2020-11-10 16:07:56',0),
(14,8,151,NULL,'Perlis',NULL,NULL,0,NULL,0,'approve','2020-11-10 16:07:56',0),
(15,8,151,NULL,'Perlis',NULL,NULL,0,NULL,0,'update','2020-11-10 16:07:56',0),
(16,19,3,'','Oo','',NULL,0,3,0,'insert','2021-02-13 01:08:04',0),
(17,19,3,'','Oo','',NULL,0,3,0,'update','2021-02-13 01:08:04',0),
(18,19,3,'','Oo0','',NULL,0,3,0,'delete','2021-02-13 01:08:04',0),
(19,9,151,NULL,'Pulau Pinang',NULL,NULL,0,NULL,0,'approve','2020-11-10 16:07:56',0),
(21,2,151,NULL,'Kedah',NULL,NULL,0,NULL,0,'approve','2020-11-10 16:07:56',0),
(22,20,101,'123','UP','1234',NULL,0,3,0,'insert','2021-04-02 07:10:54',0),
(23,17,101,'UP','Uttar Pradesh','90',NULL,0,3,0,'approve','2020-11-11 08:20:33',0),
(24,17,101,'UP','Uttar Pradesh','90',NULL,0,3,0,'update','2020-11-11 08:20:33',0),
(25,21,4,'CCCC','Cccvvv','ff',NULL,0,3,0,'insert','2021-04-02 10:10:14',0),
(26,21,4,'CCCC','Cccvvv','ff',NULL,0,3,0,'delete','2021-04-02 10:10:14',0),
(27,22,60,'GFGJH','Hgfh','ytyu',NULL,0,3,0,'insert','2021-04-03 03:07:49',0),
(28,22,60,'GFGJH','Hgfh','ytyu',NULL,0,3,0,'approve','2021-04-03 03:07:49',0),
(29,22,60,'GFGJH','Hgfh','ytyu',NULL,0,3,0,'delete','2021-04-03 03:07:49',0),
(30,23,101,'P','Panjab',NULL,NULL,0,3,0,'insert','2021-04-05 05:03:11',0),
(31,24,245,'CC','Cop',NULL,NULL,0,3,0,'insert','2021-04-05 05:52:44',0),
(32,25,243,'UPP','UTTER PRADESH','93',NULL,0,3,0,'insert','2021-04-07 01:35:07',0),
(33,26,5,'77','Johara','897330390',NULL,0,3,0,'insert','2021-04-08 00:12:34',0),
(34,27,13,'87','SIKKAM',NULL,NULL,0,3,0,'insert','2021-04-09 01:59:40',0),
(35,28,60,'76','Kap','12345678',NULL,0,3,0,'insert','2021-04-12 01:27:55',0),
(36,28,60,'76','Kap','12345678',NULL,0,3,0,'approve','2021-04-12 01:27:55',0),
(37,26,5,'77','Johara','897330390',NULL,0,3,0,'delete','2021-04-08 00:12:34',0),
(38,29,274,'AA','Yam',NULL,NULL,0,3,0,'insert','2021-04-12 01:35:14',0),
(39,30,274,'','Yt','',NULL,0,3,0,'insert','2021-04-12 02:24:14',0),
(40,31,20,'','Qwe',NULL,NULL,0,3,0,'insert','2021-04-12 02:29:34',0),
(41,32,277,'SUN','Sun',NULL,NULL,0,3,0,'insert','2021-04-12 02:34:54',0),
(42,33,109,'JAP','Tokyo',NULL,NULL,0,3,0,'insert','2021-04-12 05:57:45',0),
(43,34,278,'UP1','UTTER PRADESH1','UNDEFINED',NULL,0,0,0,'insert','2021-04-12 06:19:54',0),
(44,34,278,'UP1','UTTER PRADESH1','UNDEFINED',NULL,0,0,0,'delete','2021-04-12 06:19:54',0),
(45,35,278,'UP1','UTTER PRADESH1','UNDEFINED',NULL,0,0,0,'insert','2021-04-12 06:22:51',0),
(46,36,0,NULL,'U',NULL,NULL,0,0,0,'insert','2021-04-12 09:21:11',0),
(47,37,0,NULL,'',NULL,NULL,0,0,0,'insert','2021-04-12 09:30:36',0),
(48,38,280,'Ma','DA','123',NULL,0,0,0,'insert','2021-04-15 00:32:17',0),
(49,38,280,'Ma','DA','123',NULL,0,0,0,'delete','2021-04-15 00:32:17',0),
(50,39,280,'Ma','DA','123',NULL,0,0,0,'insert','2021-04-15 00:34:03',0),
(51,40,284,'Jaja','KAKA','HAHA',NULL,0,0,0,'insert','2021-04-15 01:35:57',0),
(52,41,277,'Ram','HA','TATA',NULL,0,0,0,'insert','2021-04-15 01:35:57',0),
(53,42,285,'MAMA','CAHA','PAPA',NULL,0,0,0,'insert','2021-04-15 01:39:10',0),
(54,43,287,'Sun','SUNNN','98',NULL,0,0,0,'insert','2021-04-15 04:57:54',0),
(55,43,287,'Sun','SUNNN','98',NULL,0,0,0,'delete','2021-04-15 04:57:54',0),
(56,32,277,'SUN','Sun',NULL,NULL,0,3,0,'delete','2021-04-12 02:34:54',0),
(57,44,287,'Sun','SUNNN','98',NULL,0,0,0,'insert','2021-04-15 04:59:06',0),
(58,30,274,'','Yt','',NULL,0,3,0,'approve','2021-04-12 02:24:14',0),
(59,30,274,'','Yt','',NULL,0,3,0,'delete','2021-04-12 02:24:14',0),
(60,45,0,NULL,'Mama',NULL,NULL,0,0,0,'insert','2021-04-15 05:03:20',0),
(61,46,0,NULL,'Sunita',NULL,NULL,0,0,0,'insert','2021-04-15 05:07:16',0),
(62,47,0,NULL,'YESH',NULL,NULL,0,0,0,'insert','2021-04-15 06:24:47',0),
(63,29,274,'AA','Yam',NULL,NULL,0,3,0,'approve','2021-04-12 01:35:14',0),
(64,29,274,'AA','Yam',NULL,NULL,1,3,0,'approve','2021-04-12 01:35:14',0),
(65,27,13,'87','SIKKAM',NULL,NULL,0,3,0,'approve','2021-04-09 01:59:40',0),
(66,27,13,'87','SIKKAM',NULL,NULL,1,3,0,'approve','2021-04-09 01:59:40',0),
(67,48,303,'5485_KI','KJKI','4587KIJU',NULL,0,3,0,'insert','2021-04-16 02:14:03',0),
(68,48,303,'5485_KI','KJKI','4587KIJU',NULL,0,3,0,'update','2021-04-16 02:14:03',0),
(69,48,303,'5485_KI','KJ','4587KIJU',NULL,0,3,0,'update','2021-04-16 02:14:03',0),
(70,48,109,'5485_KI','KJ','4587KIJU',NULL,0,3,0,'update','2021-04-16 02:14:03',0),
(71,49,304,'WUL_001','WULL','WULGARIYA_52542',NULL,0,3,0,'insert','2021-04-16 02:17:24',0),
(72,33,109,'JAP','Tokyo',NULL,NULL,0,3,0,'delete','2021-04-12 05:57:45',0),
(73,49,304,'WUL_001','WULL','WULGARIYA_52542',NULL,0,3,0,'update','2021-04-16 02:17:24',0),
(74,50,305,'0012_LOSS','AMERICA','WUL25487',NULL,0,0,0,'insert','2021-04-16 02:29:54',0),
(75,51,0,NULL,'Wugariyacity',NULL,NULL,0,0,0,'insert','2021-04-16 02:54:14',0),
(76,52,180,'QAR','Al thumama',NULL,NULL,0,3,0,'insert','2021-04-16 03:06:13',0),
(77,53,0,NULL,'Ch',NULL,NULL,0,0,0,'insert','2021-04-16 05:11:58',0),
(78,54,319,'Knd','NEPAL','NEP0987',NULL,0,0,0,'insert','2021-04-17 00:50:51',0),
(79,55,0,NULL,'RANA',NULL,NULL,0,0,0,'insert','2021-04-17 02:31:10',0),
(80,29,274,'AA','Yam',NULL,NULL,0,3,0,'update','2021-04-12 01:35:14',0),
(81,27,13,'87','SIKKAM',NULL,NULL,0,3,0,'update','2021-04-09 01:59:40',0),
(83,20,101,'123','UP','1234',NULL,0,3,0,'update','2021-04-02 07:10:54',0),
(84,35,278,'UP1','UTTER PRADESH1','UNDEFINED',NULL,0,0,0,'update','2021-04-12 06:22:51',0),
(85,31,20,'','Qwe',NULL,NULL,0,3,0,'update','2021-04-12 02:29:34',0),
(88,31,9,'','Qwe','',NULL,0,3,0,'delete','2021-04-12 02:29:34',0),
(91,24,245,'CC','Cop',NULL,NULL,0,3,0,'update','2021-04-05 05:52:44',0),
(92,24,0,'CC','Cop','Click to edit',NULL,0,3,0,'update','2021-04-05 05:52:44',0),
(93,24,0,'CC','Cop','Click to edit',NULL,0,3,0,'update','2021-04-05 05:52:44',0),
(94,24,0,'CC','Cop','Click to edit',NULL,0,3,0,'update','2021-04-05 05:52:44',0),
(95,25,243,'UPP','UTTER PRADESH','93',NULL,0,3,0,'update','2021-04-07 01:35:07',0),
(96,25,0,'UPP','UTTER PRADESH','93',NULL,0,3,0,'update','2021-04-07 01:35:07',0),
(97,25,0,'UPP','UTTER PRADESH','93',NULL,0,3,0,'update','2021-04-07 01:35:07',0),
(98,25,0,'UPP','UTTER PRADESH','93',NULL,0,3,0,'update','2021-04-07 01:35:07',0),
(99,25,0,'UPP','UTTER PRADESH','93',NULL,0,3,0,'update','2021-04-07 01:35:07',0),
(100,25,0,'UPP','UTTER PRADESH','93',NULL,0,3,0,'update','2021-04-07 01:35:07',0),
(101,23,101,'P','Panjab',NULL,NULL,0,3,0,'update','2021-04-05 05:03:11',0),
(102,17,101,'UP','Uttar Pradesh','90',NULL,0,3,0,'update','2020-11-11 08:20:33',0),
(103,48,109,'5485_KI','KJ','4587',NULL,0,3,0,'update','2021-04-16 02:14:03',0),
(104,54,319,'Knd','NEPAL','NEP0987',NULL,0,0,0,'update','2021-04-17 00:50:51',0),
(105,28,60,'76','Kap','12345678',NULL,0,3,0,'update','2021-04-12 01:27:55',0),
(106,28,60,'76','Kap','12345678',NULL,0,3,0,'update','2021-04-12 01:27:55',0),
(107,50,305,'0012_LOSS','AMERICA','WUL25487',NULL,0,0,0,'update','2021-04-16 02:29:54',0),
(108,50,305,'0012_LOSS','AMERICA','WUL25487',NULL,0,0,0,'update','2021-04-16 02:29:54',0),
(109,50,305,'iiiii','AMERICA','WUL25487',NULL,0,0,0,'update','2021-04-16 02:29:54',0),
(110,50,305,'iiiii','AMERICA44444','WUL25487',NULL,0,0,0,'update','2021-04-16 02:29:54',0),
(111,50,305,'iiiii','AMERICA44444','WUL2548752525',NULL,0,0,0,'update','2021-04-16 02:29:54',0),
(113,50,305,'iiiii','AMERICA44444','WUL2548752525',NULL,0,0,0,'update','2021-04-16 02:29:54',0),
(114,50,9,'IIIII','AMERICA44444','WUL2548752525',NULL,0,0,0,'update','2021-04-16 02:29:54',0),
(115,50,9,'IIIII','AMERICA44444','WUL2548752525',NULL,0,0,0,'update','2021-04-16 02:29:54',0),
(118,50,9,'IIIII','AMERICA44444','WUL2548752525',NULL,0,0,0,'update','2021-04-16 02:29:54',0),
(119,50,9,'sunff','AMERICA44444','WUL2548752525',NULL,0,0,0,'update','2021-04-16 02:29:54',0),
(120,10,151,NULL,'Sarawak',NULL,NULL,0,NULL,0,'update','2020-11-10 16:07:56',0),
(121,2,151,NULL,'Kedah',NULL,NULL,0,NULL,0,'update','2020-11-10 16:07:56',0),
(122,50,9,'sunff','sumitt','WUL2548752525',NULL,0,0,0,'update','2021-04-16 02:29:54',0),
(123,50,9,'sunff','sumitt','WUL2548752525',NULL,0,0,0,'update','2021-04-16 02:29:54',0),
(124,50,289,'SUNFF','Sumitt','WUL2548752525',NULL,0,0,0,'update','2021-04-16 02:29:54',0),
(125,50,289,'SUNFF','Sumitt','WUL2548752525',NULL,0,0,0,'update','2021-04-16 02:29:54',0),
(126,50,289,'SUNFF','Sumitt','WUL2548752525',NULL,0,0,0,'update','2021-04-16 02:29:54',0),
(127,50,289,'SUNFF','Sumitt','WUL2548752525',NULL,0,0,0,'update','2021-04-16 02:29:54',0),
(128,50,289,'SUNFF','Sumitt','WUL2548752525',NULL,0,0,0,'update','2021-04-16 02:29:54',0),
(129,50,289,'SUNFF','Sumitt','WUL2548752525',NULL,0,0,0,'update','2021-04-16 02:29:54',0),
(130,2,151,'uhuuuuuu','Kedah','Click to edit',NULL,0,NULL,0,'update','2020-11-10 16:07:56',0),
(131,2,151,'uhuuuuuu','Kedah','Click to edit',NULL,0,NULL,0,'update','2020-11-10 16:07:56',0),
(132,56,15,'2020','Arubhaddd','arubha25454',NULL,0,3,0,'insert','2021-04-22 11:27:32',0),
(133,56,15,'2020','Arubhaddd','arubha25454',NULL,0,3,0,'update','2021-04-22 11:27:32',0),
(134,56,15,'2020','Arubhaddd','arubha25454',NULL,0,3,0,'update','2021-04-22 11:27:32',0),
(135,25,0,'UPP','UTTER PRADESH','93',NULL,0,3,0,'update','2021-04-07 01:35:07',0),
(136,25,243,NULL,NULL,NULL,NULL,0,3,0,'update','2021-04-07 01:35:07',0),
(137,25,243,NULL,NULL,NULL,NULL,0,3,0,'update','2021-04-07 01:35:07',0),
(138,17,0,'UP','Uttar Pradesh','90',NULL,0,3,0,'update','2020-11-11 08:20:33',0),
(139,17,101,NULL,NULL,NULL,NULL,0,3,0,'update','2020-11-11 08:20:33',0),
(140,23,0,'P','Panjab','Click to edit',NULL,0,3,0,'update','2021-04-05 05:03:11',0),
(141,9,151,NULL,'Pulau Pinang',NULL,NULL,0,NULL,0,'update','2020-11-10 16:07:56',0),
(142,1,151,'','Johor','',NULL,0,NULL,0,'update','2020-11-10 15:58:58',0),
(143,9,151,NULL,NULL,NULL,NULL,0,NULL,0,'update','2020-11-10 16:07:56',0),
(144,45,0,NULL,'Mama',NULL,NULL,0,0,0,'update','2021-04-15 05:03:20',0),
(145,45,288,NULL,NULL,NULL,NULL,0,0,0,'update','2021-04-15 05:03:20',0),
(147,50,289,'SUNFF','Sumitt','WUL2548752525',NULL,0,0,0,'update','2021-04-16 02:29:54',0),
(148,52,180,'QAR','Al thumama',NULL,NULL,0,3,0,'update','2021-04-16 03:06:13',0),
(149,32,277,'SUN','Sun',NULL,NULL,0,3,1,'update','2021-04-12 02:34:54',0),
(150,50,289,'SUNFF','Sumitt','WUL2548752525',NULL,0,0,0,'update','2021-04-16 02:29:54',0),
(151,50,289,NULL,NULL,NULL,NULL,0,0,0,'update','2021-04-16 02:29:54',0),
(152,17,101,NULL,NULL,NULL,NULL,0,3,0,'update','2020-11-11 08:20:33',0),
(153,55,0,NULL,'RANA',NULL,NULL,0,0,0,'update','2021-04-17 02:31:10',0),
(154,55,320,NULL,'RANA',NULL,NULL,0,0,0,'update','2021-04-17 02:31:10',0),
(155,55,320,NULL,'RANA dugp',NULL,NULL,0,0,0,'update','2021-04-17 02:31:10',0),
(156,55,320,NULL,'RANA dugp',NULL,NULL,0,0,0,'update','2021-04-17 02:31:10',0),
(157,55,320,NULL,'RANA dugp',NULL,NULL,0,0,0,'update','2021-04-17 02:31:10',0),
(158,49,304,'WUL_001','WULARIYA CITY','WULGARIYA_52542',NULL,0,3,0,'update','2021-04-16 02:17:24',0),
(159,49,304,NULL,'WULARIYA CITY',NULL,NULL,0,3,0,'update','2021-04-16 02:17:24',0),
(160,49,304,NULL,'WULARIYA CITY',NULL,NULL,0,3,0,'update','2021-04-16 02:17:24',0),
(161,49,304,NULL,'WULARIYA CITYrrr',NULL,NULL,0,3,0,'update','2021-04-16 02:17:24',0),
(162,49,304,NULL,'WULARIYA CITYrrr',NULL,NULL,0,3,0,'update','2021-04-16 02:17:24',0),
(163,49,304,NULL,'WULARIYA CITYrrr',NULL,NULL,0,3,0,'update','2021-04-16 02:17:24',0),
(164,49,304,NULL,'WULARIYA CITYrrr',NULL,NULL,0,3,0,'update','2021-04-16 02:17:24',0),
(165,49,304,NULL,'WULARIYA CITYrrr',NULL,NULL,0,3,0,'update','2021-04-16 02:17:24',0),
(166,57,101,'LKO','Lucknow','lko25452',NULL,0,3,0,'insert','2021-04-23 11:53:41',0),
(167,57,101,'LKO','Lucknow','lko25452',NULL,0,3,0,'update','2021-04-23 11:53:41',0),
(168,57,101,NULL,'Lucknow',NULL,NULL,0,3,0,'update','2021-04-23 11:53:41',0),
(169,57,101,NULL,'Lucknow',NULL,NULL,0,3,0,'update','2021-04-23 11:53:41',0),
(170,57,101,NULL,'kanpur',NULL,NULL,0,3,0,'update','2021-04-23 11:53:41',0),
(171,57,101,NULL,'kanpur',NULL,NULL,0,3,0,'update','2021-04-23 11:53:41',0),
(172,57,101,NULL,'kanpur',NULL,NULL,0,3,0,'update','2021-04-23 11:53:41',0),
(173,57,101,NULL,'kanpur',NULL,NULL,0,3,0,'update','2021-04-23 11:53:41',0),
(174,57,101,NULL,'kanpur',NULL,NULL,0,3,0,'update','2021-04-23 11:53:41',0),
(175,57,101,NULL,'kanpur',NULL,NULL,0,3,0,'update','2021-04-23 11:53:41',0),
(176,57,101,NULL,'kanpur',NULL,NULL,0,3,0,'update','2021-04-23 11:53:41',0),
(186,58,101,'UP','Uttar pradesh','',NULL,0,3,0,'insert','2021-04-24 05:56:43',0),
(187,59,326,'UP2','UTTER PRADESH2','FF',NULL,0,0,0,'insert','2021-04-24 11:17:40',0),
(188,60,327,'UP3','UTTER PRADESH3','FF',NULL,0,0,0,'insert','2021-04-24 11:17:40',0),
(189,61,328,'UP4','UTTER PRADESH4','FF',NULL,0,0,0,'insert','2021-04-24 11:17:40',0),
(190,62,329,'UP5','UTTER PRADESH5','FF',NULL,0,0,0,'insert','2021-04-24 11:17:40',0),
(191,63,330,'UP6','UTTER PRADESH6','FF',NULL,0,0,0,'insert','2021-04-24 11:17:40',0),
(192,64,331,'UP7','UTTER PRADESH7','FF',NULL,0,0,0,'insert','2021-04-24 11:17:40',0),
(193,65,332,'UP8','UTTER PRADESH8','FF',NULL,0,0,0,'insert','2021-04-24 11:17:40',0),
(194,66,333,'UP9','UTTER PRADESH9','FF',NULL,0,0,0,'insert','2021-04-24 11:17:40',0),
(195,67,334,'UP10','UTTER PRADESH10','FF',NULL,0,0,0,'insert','2021-04-24 11:17:40',0),
(196,17,101,NULL,'Click to edit',NULL,NULL,0,3,0,'delete','2020-11-11 08:20:33',0),
(197,57,101,NULL,'kanpur',NULL,NULL,0,3,0,'delete','2021-04-23 11:53:41',0),
(198,58,101,'UP','Uttar pradesh','',NULL,0,3,0,'delete','2021-04-24 05:56:43',0),
(199,23,101,NULL,NULL,NULL,NULL,0,3,0,'delete','2021-04-05 05:03:11',0),
(200,68,180,'Qar200','DOHA','QAR4500',NULL,0,0,0,'insert','2021-04-29 06:12:37',0),
(201,69,0,NULL,'B',NULL,NULL,0,0,0,'insert','2021-04-29 06:23:51',0),
(202,52,180,NULL,NULL,NULL,NULL,0,3,0,'delete','2021-04-16 03:06:13',0),
(203,70,0,NULL,'VASIGTONDC',NULL,NULL,0,0,0,'insert','2021-04-29 06:45:06',0),
(204,71,13,'AST1','Mp1','4321',NULL,0,3,0,'insert','2021-05-01 01:18:59',0),
(205,71,13,'AST1','Mp1','4321',NULL,0,3,0,'approve','2021-05-01 01:18:59',0),
(206,71,13,'AST1','Mp1','4321',NULL,0,3,0,'update','2021-05-01 01:18:59',0),
(207,71,13,'AST1','Mp2','4321',NULL,1,3,0,'approve','2021-05-01 01:18:59',0),
(208,71,13,'AST1','Mp2','4321',NULL,0,3,0,'approve','2021-05-01 01:18:59',0),
(209,71,13,'AST1','Mp2','4321',NULL,0,3,0,'delete','2021-05-01 01:18:59',0),
(210,72,343,'Uk','UTTRAKHND2','777',NULL,0,0,0,'insert','2021-05-01 01:24:52',0),
(211,72,343,'Uk','UTTRAKHND2','777',NULL,0,0,0,'approve','2021-05-01 01:24:52',0),
(212,72,343,'Uk','UTTRAKHND2','777',NULL,1,0,0,'approve','2021-05-01 01:24:52',0),
(213,72,343,'Uk','UTTRAKHND2','777',NULL,0,0,0,'approve','2021-05-01 01:24:52',0),
(214,72,343,'Uk','UTTRAKHND2','777',NULL,0,0,0,'update','2021-05-01 01:24:52',0),
(215,67,334,'UP10','UTTER PRADESH10','FF',NULL,0,0,0,'delete','2021-04-24 11:17:40',0),
(216,59,326,'UP2','UTTER PRADESH2','FF',NULL,0,0,0,'update','2021-04-24 11:17:40',0),
(217,72,343,'UK POP','UTTRAKHND2','777',NULL,0,0,0,'update','2021-05-01 01:24:52',0),
(218,73,0,NULL,'UP21',NULL,NULL,0,0,0,'insert','2021-05-01 07:08:22',0),
(219,74,345,'','UTTAR',NULL,NULL,0,3,0,'insert','2021-05-01 07:11:23',0),
(220,75,347,'','Saharanpur',NULL,NULL,0,3,0,'insert','2021-05-01 08:12:58',0),
(221,76,7,'JAJA','JAJA',NULL,NULL,0,3,0,'insert','2021-05-03 01:35:20',0),
(222,76,7,'JAJA','JAJA',NULL,NULL,0,3,0,'delete','2021-05-03 01:35:20',0),
(223,74,345,'','UTTAR',NULL,NULL,0,3,0,'delete','2021-05-01 07:11:23',0),
(224,72,101,'UK','Utter prasesh','777',NULL,0,0,0,'delete','2021-05-01 01:24:52',0),
(225,75,347,'','Saharanpur',NULL,NULL,0,3,0,'delete','2021-05-01 08:12:58',0),
(226,59,326,'UP2','Utter pradesh','gst',NULL,0,0,0,'delete','2021-04-24 11:17:40',0),
(227,60,327,'UP3','UTTER PRADESH3','FF',NULL,0,0,0,'delete','2021-04-24 11:17:40',0),
(228,61,328,'UP4','UTTER PRADESH4','FF',NULL,0,0,0,'delete','2021-04-24 11:17:40',0),
(229,62,329,'UP5','UTTER PRADESH5','FF',NULL,0,0,0,'delete','2021-04-24 11:17:40',0),
(230,63,330,'UP6','UTTER PRADESH6','FF',NULL,0,0,0,'delete','2021-04-24 11:17:40',0),
(231,64,331,'UP7','UTTER PRADESH7','FF',NULL,0,0,0,'delete','2021-04-24 11:17:40',0),
(232,65,332,'UP8','UTTER PRADESH8','FF',NULL,0,0,0,'delete','2021-04-24 11:17:40',0),
(233,66,333,'UP9','UTTER PRADESH9','FF',NULL,0,0,0,'delete','2021-04-24 11:17:40',0),
(234,3,151,NULL,'Kelantan',NULL,NULL,0,NULL,0,'delete','2020-11-10 16:07:56',0),
(235,4,151,NULL,'Melaka',NULL,NULL,0,NULL,0,'delete','2020-11-10 16:07:56',0),
(236,5,151,NULL,'Negeri Sembilan',NULL,NULL,0,NULL,0,'delete','2020-11-10 16:07:56',0),
(237,6,151,NULL,'Pahang',NULL,NULL,0,NULL,0,'delete','2020-11-10 16:07:56',0),
(238,7,151,NULL,'Perak',NULL,NULL,0,NULL,0,'delete','2020-11-10 16:07:56',0),
(239,8,151,'','Perlis','',NULL,0,NULL,0,'delete','2020-11-10 16:07:56',0),
(240,9,151,NULL,NULL,NULL,NULL,0,NULL,0,'delete','2020-11-10 16:07:56',0),
(241,10,151,'hhhhh','Sarawak','Click to edit',NULL,0,NULL,0,'delete','2020-11-10 16:07:56',0),
(242,11,151,NULL,'Selangor',NULL,NULL,0,NULL,0,'delete','2020-11-10 16:07:56',0),
(243,12,151,NULL,'Terengganu',NULL,NULL,0,NULL,0,'delete','2020-11-10 16:07:56',0),
(244,13,151,NULL,'Kuala Lumpur',NULL,NULL,0,NULL,0,'delete','2020-11-10 16:07:56',0),
(245,14,151,NULL,'Federal Territory of Labuan',NULL,NULL,0,NULL,0,'delete','2020-11-10 16:07:56',0),
(246,15,151,NULL,'Sabah',NULL,NULL,0,NULL,0,'delete','2020-11-10 16:07:56',0),
(247,16,151,NULL,'Putrajaya',NULL,NULL,0,NULL,0,'delete','2020-11-10 16:07:56',0),
(248,1,151,NULL,NULL,NULL,NULL,0,NULL,0,'delete','2020-11-10 15:58:58',0),
(249,2,151,'uhuuuuuu','Kedah','Click to edit',NULL,0,NULL,0,'delete','2020-11-10 16:07:56',0),
(250,42,285,'MAMA','CAHA','PAPA',NULL,0,0,0,'delete','2021-04-15 01:39:10',0),
(251,45,288,NULL,NULL,NULL,NULL,0,0,0,'delete','2021-04-15 05:03:20',0),
(252,39,280,'Ma','DA','123',NULL,0,0,0,'delete','2021-04-15 00:34:03',0),
(253,40,284,'Jaja','KAKA','HAHA',NULL,0,0,0,'delete','2021-04-15 01:35:57',0),
(254,56,15,'22222','Arubhaddd','arubha25454',NULL,0,3,0,'delete','2021-04-22 11:27:32',0),
(255,68,180,'Qar200','DOHA','QAR4500',NULL,0,0,0,'delete','2021-04-29 06:12:36',0),
(256,41,277,'Ram','HA','TATA',NULL,0,0,0,'delete','2021-04-15 01:35:57',0),
(257,50,289,NULL,'sumitpower',NULL,NULL,0,0,0,'delete','2021-04-16 02:29:54',0),
(258,25,243,NULL,NULL,NULL,NULL,0,3,0,'delete','2021-04-07 01:35:07',0),
(259,44,287,'Sun','SUNNN','98',NULL,0,0,0,'delete','2021-04-15 04:59:06',0),
(260,55,320,NULL,'RANA dugp',NULL,NULL,0,0,0,'delete','2021-04-17 02:31:10',0),
(261,49,304,NULL,'WULARIYA CITYrrr',NULL,NULL,0,3,0,'delete','2021-04-16 02:17:24',0),
(262,27,101,'87','SIKKAM','Click to edit',NULL,0,3,0,'update','2021-04-09 01:59:40',0),
(263,77,350,'UP2','UTTER PRADESH2','FF',NULL,0,0,0,'insert','2021-05-11 02:49:40',0),
(264,78,351,'UP3','UTTER PRADESH3','FF',NULL,0,0,0,'insert','2021-05-11 02:49:42',0),
(265,79,352,'UP4','UTTER PRADESH4','FF',NULL,0,0,0,'insert','2021-05-11 02:49:43',0),
(266,80,353,'UP5','UTTER PRADESH5','FF',NULL,0,0,0,'insert','2021-05-11 02:49:45',0),
(267,81,354,'UP6','UTTER PRADESH6','FF',NULL,0,0,0,'insert','2021-05-11 02:49:47',0),
(268,82,355,'UP7','UTTER PRADESH7','FF',NULL,0,0,0,'insert','2021-05-11 02:49:49',0),
(269,83,356,'UP8','UTTER PRADESH8','FF',NULL,0,0,0,'insert','2021-05-11 02:49:50',0),
(270,84,357,'UP9','UTTER PRADESH9','FF',NULL,0,0,0,'insert','2021-05-11 02:49:52',0),
(271,85,358,'UP10','UTTER PRADESH10','FF',NULL,0,0,0,'insert','2021-05-11 02:49:54',0),
(272,86,359,'32','DSAD','CV',NULL,0,0,0,'insert','2021-05-11 03:40:34',0),
(273,87,360,'32','SD','XF',NULL,0,0,0,'insert','2021-05-11 03:40:36',0),
(274,88,362,'UP11','UTTER PRADESH11','FF',NULL,0,0,0,'insert','2021-05-11 04:42:16',0),
(275,89,363,'UP12','UTTER PRADESH12','FF',NULL,0,0,0,'insert','2021-05-11 04:42:18',0),
(276,90,364,'UP13','UTTER PRADESH13','FF',NULL,0,0,0,'insert','2021-05-11 04:42:20',0),
(277,91,365,'UP14','UTTER PRADESH14','FF',NULL,0,0,0,'insert','2021-05-11 04:42:22',0),
(278,92,366,'UP15','UTTER PRADESH15','FF',NULL,0,0,0,'insert','2021-05-11 04:42:24',0),
(279,93,367,'UP16','UTTER PRADESH16','FF',NULL,0,0,0,'insert','2021-05-11 04:42:25',0),
(280,94,368,'UP17','UTTER PRADESH17','FF',NULL,0,0,0,'insert','2021-05-11 04:42:27',0),
(281,95,369,'UP18','UTTER PRADESH18','FF',NULL,0,0,0,'insert','2021-05-11 04:42:29',0),
(282,96,370,'UP19','UTTER PRADESH19','FF',NULL,0,0,0,'insert','2021-05-11 04:42:31',0),
(283,97,371,'UP20','UTTER PRADESH20','FF',NULL,0,0,0,'insert','2021-05-11 04:42:33',0),
(284,98,372,'UP21','UTTER PRADESH21','FF',NULL,0,0,0,'insert','2021-05-11 04:42:35',0),
(285,99,373,'UP22','UTTER PRADESH22','FF',NULL,0,0,0,'insert','2021-05-11 04:42:36',0),
(286,100,374,'UP23','UTTER PRADESH23','FF',NULL,0,0,0,'insert','2021-05-11 04:42:38',0),
(287,101,375,'UP24','UTTER PRADESH24','FF',NULL,0,0,0,'insert','2021-05-11 04:42:40',0),
(288,102,376,'UP25','UTTER PRADESH25','FF',NULL,0,0,0,'insert','2021-05-11 04:42:42',0),
(289,103,377,'UP26','UTTER PRADESH26','FF',NULL,0,0,0,'insert','2021-05-11 04:42:44',0),
(290,104,378,'UP27','UTTER PRADESH27','FF',NULL,0,0,0,'insert','2021-05-11 04:42:45',0),
(291,105,379,'UP28','UTTER PRADESH28','FF',NULL,0,0,0,'insert','2021-05-11 04:42:47',0),
(292,106,380,'UP29','UTTER PRADESH29','FF',NULL,0,0,0,'insert','2021-05-11 04:42:49',0),
(293,107,381,'UP30','UTTER PRADESH30','FF',NULL,0,0,0,'insert','2021-05-11 04:42:51',0),
(294,108,382,'UP31','UTTER PRADESH31','FF',NULL,0,0,0,'insert','2021-05-11 04:42:53',0),
(295,109,383,'UP32','UTTER PRADESH32','FF',NULL,0,0,0,'insert','2021-05-11 04:42:54',0),
(296,110,384,'UP33','UTTER PRADESH33','FF',NULL,0,0,0,'insert','2021-05-11 04:42:56',0),
(297,111,385,'UP34','UTTER PRADESH34','FF',NULL,0,0,0,'insert','2021-05-11 04:42:58',0),
(298,112,386,'UP35','UTTER PRADESH35','FF',NULL,0,0,0,'insert','2021-05-11 04:43:00',0),
(299,113,387,'UP36','UTTER PRADESH36','FF',NULL,0,0,0,'insert','2021-05-11 04:43:02',0),
(300,114,388,'UP37','UTTER PRADESH37','FF',NULL,0,0,0,'insert','2021-05-11 04:43:04',0),
(301,115,389,'UP38','UTTER PRADESH38','FF',NULL,0,0,0,'insert','2021-05-11 04:43:06',0),
(302,116,390,'UP39','UTTER PRADESH39','FF',NULL,0,0,0,'insert','2021-05-11 04:43:07',0),
(303,117,391,'UP40','UTTER PRADESH40','FF',NULL,0,0,0,'insert','2021-05-11 04:43:09',0),
(304,118,392,'UP41','UTTER PRADESH41','FF',NULL,0,0,0,'insert','2021-05-11 04:43:11',0),
(305,119,393,'UP42','UTTER PRADESH42','FF',NULL,0,0,0,'insert','2021-05-11 04:43:13',0),
(306,120,394,'UP43','UTTER PRADESH43','FF',NULL,0,0,0,'insert','2021-05-11 04:43:14',0),
(307,121,395,'UP44','UTTER PRADESH44','FF',NULL,0,0,0,'insert','2021-05-11 04:43:16',0),
(308,122,396,'UP45','UTTER PRADESH45','FF',NULL,0,0,0,'insert','2021-05-11 04:43:18',0),
(309,123,397,'UP46','UTTER PRADESH46','FF',NULL,0,0,0,'insert','2021-05-11 04:43:20',0),
(310,124,398,'UP47','UTTER PRADESH47','FF',NULL,0,0,0,'insert','2021-05-11 04:43:22',0),
(311,125,399,'UP48','UTTER PRADESH48','FF',NULL,0,0,0,'insert','2021-05-11 04:43:23',0),
(312,126,400,'UP49','UTTER PRADESH49','FF',NULL,0,0,0,'insert','2021-05-11 04:43:25',0),
(313,127,401,'UP50','UTTER PRADESH50','FF',NULL,0,0,0,'insert','2021-05-11 04:43:27',0),
(314,128,402,'UP51','UTTER PRADESH51','FF',NULL,0,0,0,'insert','2021-05-11 04:43:29',0),
(315,129,403,'UP52','UTTER PRADESH52','FF',NULL,0,0,0,'insert','2021-05-11 04:43:31',0),
(316,130,404,'UP53','UTTER PRADESH53','FF',NULL,0,0,0,'insert','2021-05-11 04:43:33',0),
(317,131,405,'UP54','UTTER PRADESH54','FF',NULL,0,0,0,'insert','2021-05-11 04:43:34',0),
(318,132,406,'UP55','UTTER PRADESH55','FF',NULL,0,0,0,'insert','2021-05-11 04:43:36',0),
(319,133,407,'UP56','UTTER PRADESH56','FF',NULL,0,0,0,'insert','2021-05-11 04:43:38',0),
(320,134,408,'UP57','UTTER PRADESH57','FF',NULL,0,0,0,'insert','2021-05-11 04:43:40',0),
(321,135,409,'UP58','UTTER PRADESH58','FF',NULL,0,0,0,'insert','2021-05-11 04:43:42',0),
(322,136,410,'UP59','UTTER PRADESH59','FF',NULL,0,0,0,'insert','2021-05-11 04:43:44',0),
(323,137,411,'UP60','UTTER PRADESH60','FF',NULL,0,0,0,'insert','2021-05-11 04:43:46',0),
(324,138,412,'UP61','UTTER PRADESH61','FF',NULL,0,0,0,'insert','2021-05-11 04:43:48',0),
(325,139,413,'UP62','UTTER PRADESH62','FF',NULL,0,0,0,'insert','2021-05-11 04:43:49',0),
(326,140,414,'UP63','UTTER PRADESH63','FF',NULL,0,0,0,'insert','2021-05-11 04:43:51',0),
(327,141,415,'UP64','UTTER PRADESH64','FF',NULL,0,0,0,'insert','2021-05-11 04:43:53',0),
(328,142,416,'UP65','UTTER PRADESH65','FF',NULL,0,0,0,'insert','2021-05-11 04:43:55',0),
(329,143,417,'UP66','UTTER PRADESH66','FF',NULL,0,0,0,'insert','2021-05-11 04:43:57',0),
(330,144,418,'UP67','UTTER PRADESH67','FF',NULL,0,0,0,'insert','2021-05-11 04:43:59',0),
(331,145,419,'UP68','UTTER PRADESH68','FF',NULL,0,0,0,'insert','2021-05-11 04:44:01',0),
(332,146,420,'UP69','UTTER PRADESH69','FF',NULL,0,0,0,'insert','2021-05-11 04:44:03',0),
(333,147,421,'UP70','UTTER PRADESH70','FF',NULL,0,0,0,'insert','2021-05-11 04:44:05',0),
(334,148,422,'UP71','UTTER PRADESH71','FF',NULL,0,0,0,'insert','2021-05-11 04:44:07',0),
(335,149,423,'UP72','UTTER PRADESH72','FF',NULL,0,0,0,'insert','2021-05-11 04:44:09',0),
(336,150,424,'UP73','UTTER PRADESH73','FF',NULL,0,0,0,'insert','2021-05-11 04:44:11',0),
(337,151,425,'UP74','UTTER PRADESH74','FF',NULL,0,0,0,'insert','2021-05-11 04:44:13',0),
(338,152,426,'UP75','UTTER PRADESH75','FF',NULL,0,0,0,'insert','2021-05-11 04:44:14',0),
(339,153,427,'UP76','UTTER PRADESH76','FF',NULL,0,0,0,'insert','2021-05-11 04:44:16',0),
(340,154,428,'UP77','UTTER PRADESH77','FF',NULL,0,0,0,'insert','2021-05-11 04:44:18',0),
(341,155,429,'UP78','UTTER PRADESH78','FF',NULL,0,0,0,'insert','2021-05-11 04:44:20',0),
(342,156,430,'UP79','UTTER PRADESH79','FF',NULL,0,0,0,'insert','2021-05-11 04:44:22',0),
(343,157,431,'UP80','UTTER PRADESH80','FF',NULL,0,0,0,'insert','2021-05-11 04:44:24',0),
(344,158,432,'UP81','UTTER PRADESH81','FF',NULL,0,0,0,'insert','2021-05-11 04:44:25',0),
(345,159,433,'UP82','UTTER PRADESH82','FF',NULL,0,0,0,'insert','2021-05-11 04:44:27',0),
(346,160,434,'UP83','UTTER PRADESH83','FF',NULL,0,0,0,'insert','2021-05-11 04:44:29',0),
(347,161,435,'UP84','UTTER PRADESH84','FF',NULL,0,0,0,'insert','2021-05-11 04:44:31',0),
(348,162,436,'UP85','UTTER PRADESH85','FF',NULL,0,0,0,'insert','2021-05-11 04:44:33',0),
(349,163,437,'UP86','UTTER PRADESH86','FF',NULL,0,0,0,'insert','2021-05-11 04:44:35',0),
(350,164,438,'UP87','UTTER PRADESH87','FF',NULL,0,0,0,'insert','2021-05-11 04:44:37',0),
(351,165,439,'UP88','UTTER PRADESH88','FF',NULL,0,0,0,'insert','2021-05-11 04:44:39',0),
(352,166,440,'UP89','UTTER PRADESH89','FF',NULL,0,0,0,'insert','2021-05-11 04:44:40',0),
(353,167,441,'UP90','UTTER PRADESH90','FF',NULL,0,0,0,'insert','2021-05-11 04:44:42',0),
(354,168,442,'UP91','UTTER PRADESH91','FF',NULL,0,0,0,'insert','2021-05-11 04:44:44',0),
(355,169,443,'UP92','UTTER PRADESH92','FF',NULL,0,0,0,'insert','2021-05-11 04:44:47',0),
(356,170,444,'UP93','UTTER PRADESH93','FF',NULL,0,0,0,'insert','2021-05-11 04:44:49',0),
(357,171,445,'UP94','UTTER PRADESH94','FF',NULL,0,0,0,'insert','2021-05-11 04:44:50',0),
(358,172,446,'UP95','UTTER PRADESH95','FF',NULL,0,0,0,'insert','2021-05-11 04:44:52',0),
(359,173,447,'UP96','UTTER PRADESH96','FF',NULL,0,0,0,'insert','2021-05-11 04:44:54',0),
(360,174,448,'UP97','UTTER PRADESH97','FF',NULL,0,0,0,'insert','2021-05-11 04:44:56',0),
(361,175,449,'UP98','UTTER PRADESH98','FF',NULL,0,0,0,'insert','2021-05-11 04:44:58',0),
(362,176,450,'UP99','UTTER PRADESH99','FF',NULL,0,0,0,'insert','2021-05-11 04:45:00',0),
(363,177,451,'UP100','UTTER PRADESH100','FF',NULL,0,0,0,'insert','2021-05-11 04:45:02',0),
(364,178,452,'UP101','UTTER PRADESH101','FF',NULL,0,0,0,'insert','2021-05-11 04:45:04',0),
(365,179,453,'UP102','UTTER PRADESH102','FF',NULL,0,0,0,'insert','2021-05-11 04:45:06',0),
(366,180,454,'UP103','UTTER PRADESH103','FF',NULL,0,0,0,'insert','2021-05-11 04:45:07',0),
(367,181,455,'UP104','UTTER PRADESH104','FF',NULL,0,0,0,'insert','2021-05-11 04:45:10',0),
(368,182,456,'UP105','UTTER PRADESH105','FF',NULL,0,0,0,'insert','2021-05-11 04:45:12',0),
(369,183,457,'UP106','UTTER PRADESH106','FF',NULL,0,0,0,'insert','2021-05-11 04:45:14',0),
(370,184,458,'UP107','UTTER PRADESH107','FF',NULL,0,0,0,'insert','2021-05-11 04:45:16',0),
(371,185,459,'UP108','UTTER PRADESH108','FF',NULL,0,0,0,'insert','2021-05-11 04:45:17',0),
(372,186,460,'UP109','UTTER PRADESH109','FF',NULL,0,0,0,'insert','2021-05-11 04:45:19',0),
(373,187,461,'UP110','UTTER PRADESH110','FF',NULL,0,0,0,'insert','2021-05-11 04:45:21',0),
(374,188,462,'UP111','UTTER PRADESH111','FF',NULL,0,0,0,'insert','2021-05-11 04:45:23',0),
(375,189,463,'UP112','UTTER PRADESH112','FF',NULL,0,0,0,'insert','2021-05-11 04:45:25',0),
(376,190,464,'UP113','UTTER PRADESH113','FF',NULL,0,0,0,'insert','2021-05-11 04:45:26',0),
(377,191,465,'UP114','UTTER PRADESH114','FF',NULL,0,0,0,'insert','2021-05-11 04:45:28',0),
(378,192,466,'UP115','UTTER PRADESH115','FF',NULL,0,0,0,'insert','2021-05-11 04:45:30',0),
(379,193,467,'UP116','UTTER PRADESH116','FF',NULL,0,0,0,'insert','2021-05-11 04:45:32',0),
(380,194,468,'UP117','UTTER PRADESH117','FF',NULL,0,0,0,'insert','2021-05-11 04:45:34',0),
(381,195,469,'UP118','UTTER PRADESH118','FF',NULL,0,0,0,'insert','2021-05-11 04:45:36',0),
(382,196,470,'UP119','UTTER PRADESH119','FF',NULL,0,0,0,'insert','2021-05-11 04:45:38',0),
(383,197,471,'UP120','UTTER PRADESH120','FF',NULL,0,0,0,'insert','2021-05-11 04:45:40',0),
(384,198,472,'UP121','UTTER PRADESH121','FF',NULL,0,0,0,'insert','2021-05-11 04:45:41',0),
(385,199,473,'UP122','UTTER PRADESH122','FF',NULL,0,0,0,'insert','2021-05-11 04:45:43',0),
(386,200,474,'UP123','UTTER PRADESH123','FF',NULL,0,0,0,'insert','2021-05-11 04:45:45',0),
(387,201,475,'UP124','UTTER PRADESH124','FF',NULL,0,0,0,'insert','2021-05-11 04:45:47',0),
(388,202,476,'UP125','UTTER PRADESH125','FF',NULL,0,0,0,'insert','2021-05-11 04:45:48',0),
(389,203,477,'UP126','UTTER PRADESH126','FF',NULL,0,0,0,'insert','2021-05-11 04:45:50',0),
(390,204,478,'UP127','UTTER PRADESH127','FF',NULL,0,0,0,'insert','2021-05-11 04:45:52',0),
(391,205,479,'UP128','UTTER PRADESH128','FF',NULL,0,0,0,'insert','2021-05-11 04:45:54',0),
(392,206,480,'UP129','UTTER PRADESH129','FF',NULL,0,0,0,'insert','2021-05-11 04:45:56',0),
(393,207,481,'UP130','UTTER PRADESH130','FF',NULL,0,0,0,'insert','2021-05-11 04:45:57',0),
(394,208,482,'UP131','UTTER PRADESH131','FF',NULL,0,0,0,'insert','2021-05-11 04:45:59',0),
(395,209,483,'UP132','UTTER PRADESH132','FF',NULL,0,0,0,'insert','2021-05-11 04:46:01',0),
(396,210,484,'UP133','UTTER PRADESH133','FF',NULL,0,0,0,'insert','2021-05-11 04:46:03',0),
(397,211,485,'UP134','UTTER PRADESH134','FF',NULL,0,0,0,'insert','2021-05-11 04:46:05',0),
(398,212,486,'UP135','UTTER PRADESH135','FF',NULL,0,0,0,'insert','2021-05-11 04:46:07',0),
(399,213,487,'UP136','UTTER PRADESH136','FF',NULL,0,0,0,'insert','2021-05-11 04:46:08',0),
(400,214,488,'UP137','UTTER PRADESH137','FF',NULL,0,0,0,'insert','2021-05-11 04:46:10',0),
(401,215,489,'UP138','UTTER PRADESH138','FF',NULL,0,0,0,'insert','2021-05-11 04:46:12',0),
(402,216,490,'UP139','UTTER PRADESH139','FF',NULL,0,0,0,'insert','2021-05-11 04:46:14',0),
(403,217,491,'UP140','UTTER PRADESH140','FF',NULL,0,0,0,'insert','2021-05-11 04:46:16',0),
(404,218,492,'UP141','UTTER PRADESH141','FF',NULL,0,0,0,'insert','2021-05-11 04:46:18',0),
(405,219,493,'UP142','UTTER PRADESH142','FF',NULL,0,0,0,'insert','2021-05-11 04:46:19',0),
(406,220,494,'UP143','UTTER PRADESH143','FF',NULL,0,0,0,'insert','2021-05-11 04:46:21',0),
(407,221,495,'UP144','UTTER PRADESH144','FF',NULL,0,0,0,'insert','2021-05-11 04:46:23',0),
(408,222,496,'UP145','UTTER PRADESH145','FF',NULL,0,0,0,'insert','2021-05-11 04:46:25',0),
(409,223,497,'UP146','UTTER PRADESH146','FF',NULL,0,0,0,'insert','2021-05-11 04:46:27',0),
(410,224,498,'UP147','UTTER PRADESH147','FF',NULL,0,0,0,'insert','2021-05-11 04:46:29',0),
(411,225,499,'UP148','UTTER PRADESH148','FF',NULL,0,0,0,'insert','2021-05-11 04:46:31',0),
(412,226,500,'UP149','UTTER PRADESH149','FF',NULL,0,0,0,'insert','2021-05-11 04:46:33',0),
(413,227,501,'UP150','UTTER PRADESH150','FF',NULL,0,0,0,'insert','2021-05-11 04:46:35',0),
(414,228,502,'UP151','UTTER PRADESH151','FF',NULL,0,0,0,'insert','2021-05-11 04:46:37',0),
(415,229,503,'UP152','UTTER PRADESH152','FF',NULL,0,0,0,'insert','2021-05-11 04:46:38',0),
(416,230,504,'UP153','UTTER PRADESH153','FF',NULL,0,0,0,'insert','2021-05-11 04:46:40',0),
(417,231,505,'UP154','UTTER PRADESH154','FF',NULL,0,0,0,'insert','2021-05-11 04:46:42',0),
(418,232,506,'UP155','UTTER PRADESH155','FF',NULL,0,0,0,'insert','2021-05-11 04:46:44',0),
(419,233,507,'UP156','UTTER PRADESH156','FF',NULL,0,0,0,'insert','2021-05-11 04:46:46',0),
(420,234,508,'UP157','UTTER PRADESH157','FF',NULL,0,0,0,'insert','2021-05-11 04:46:47',0),
(421,235,509,'UP158','UTTER PRADESH158','FF',NULL,0,0,0,'insert','2021-05-11 04:46:49',0),
(422,236,510,'UP159','UTTER PRADESH159','FF',NULL,0,0,0,'insert','2021-05-11 04:46:51',0),
(423,237,511,'UP160','UTTER PRADESH160','FF',NULL,0,0,0,'insert','2021-05-11 04:46:53',0),
(424,238,512,'UP161','UTTER PRADESH161','FF',NULL,0,0,0,'insert','2021-05-11 04:46:55',0),
(425,239,513,'UP162','UTTER PRADESH162','FF',NULL,0,0,0,'insert','2021-05-11 04:46:56',0),
(426,240,514,'UP163','UTTER PRADESH163','FF',NULL,0,0,0,'insert','2021-05-11 04:46:58',0),
(427,241,515,'UP164','UTTER PRADESH164','FF',NULL,0,0,0,'insert','2021-05-11 04:47:00',0),
(428,242,516,'UP165','UTTER PRADESH165','FF',NULL,0,0,0,'insert','2021-05-11 04:47:02',0),
(429,243,517,'UP166','UTTER PRADESH166','FF',NULL,0,0,0,'insert','2021-05-11 04:47:04',0),
(430,244,518,'UP167','UTTER PRADESH167','FF',NULL,0,0,0,'insert','2021-05-11 04:47:06',0),
(431,245,519,'UP168','UTTER PRADESH168','FF',NULL,0,0,0,'insert','2021-05-11 04:47:08',0),
(432,246,520,'UP169','UTTER PRADESH169','FF',NULL,0,0,0,'insert','2021-05-11 04:47:09',0),
(433,247,521,'UP170','UTTER PRADESH170','FF',NULL,0,0,0,'insert','2021-05-11 04:47:11',0),
(434,248,522,'UP171','UTTER PRADESH171','FF',NULL,0,0,0,'insert','2021-05-11 04:47:13',0),
(435,249,523,'UP172','UTTER PRADESH172','FF',NULL,0,0,0,'insert','2021-05-11 04:47:15',0),
(436,250,524,'UP173','UTTER PRADESH173','FF',NULL,0,0,0,'insert','2021-05-11 04:47:17',0),
(437,251,525,'UP174','UTTER PRADESH174','FF',NULL,0,0,0,'insert','2021-05-11 04:47:18',0),
(438,252,526,'UP175','UTTER PRADESH175','FF',NULL,0,0,0,'insert','2021-05-11 04:47:20',0),
(439,253,527,'UP176','UTTER PRADESH176','FF',NULL,0,0,0,'insert','2021-05-11 04:47:22',0),
(440,254,528,'UP177','UTTER PRADESH177','FF',NULL,0,0,0,'insert','2021-05-11 04:47:24',0),
(441,255,529,'UP178','UTTER PRADESH178','FF',NULL,0,0,0,'insert','2021-05-11 04:47:25',0),
(442,256,530,'UP179','UTTER PRADESH179','FF',NULL,0,0,0,'insert','2021-05-11 04:47:27',0),
(443,257,531,'UP180','UTTER PRADESH180','FF',NULL,0,0,0,'insert','2021-05-11 04:47:29',0),
(444,258,532,'UP181','UTTER PRADESH181','FF',NULL,0,0,0,'insert','2021-05-11 04:47:31',0),
(445,259,533,'UP182','UTTER PRADESH182','FF',NULL,0,0,0,'insert','2021-05-11 04:47:33',0),
(446,260,534,'UP183','UTTER PRADESH183','FF',NULL,0,0,0,'insert','2021-05-11 04:47:35',0),
(447,261,535,'UP184','UTTER PRADESH184','FF',NULL,0,0,0,'insert','2021-05-11 04:47:36',0),
(448,262,536,'UP185','UTTER PRADESH185','FF',NULL,0,0,0,'insert','2021-05-11 04:47:38',0),
(449,263,537,'UP186','UTTER PRADESH186','FF',NULL,0,0,0,'insert','2021-05-11 04:47:40',0),
(450,264,538,'UP187','UTTER PRADESH187','FF',NULL,0,0,0,'insert','2021-05-11 04:47:42',0),
(451,265,539,'UP188','UTTER PRADESH188','FF',NULL,0,0,0,'insert','2021-05-11 04:47:44',0),
(452,266,540,'UP189','UTTER PRADESH189','FF',NULL,0,0,0,'insert','2021-05-11 04:47:46',0),
(453,267,541,'UP190','UTTER PRADESH190','FF',NULL,0,0,0,'insert','2021-05-11 04:47:48',0),
(454,268,542,'UP191','UTTER PRADESH191','FF',NULL,0,0,0,'insert','2021-05-11 04:47:50',0),
(455,269,543,'UP192','UTTER PRADESH192','FF',NULL,0,0,0,'insert','2021-05-11 04:47:52',0),
(456,270,544,'UP193','UTTER PRADESH193','FF',NULL,0,0,0,'insert','2021-05-11 04:47:54',0),
(457,271,545,'UP194','UTTER PRADESH194','FF',NULL,0,0,0,'insert','2021-05-11 04:47:56',0),
(458,272,546,'UP195','UTTER PRADESH195','FF',NULL,0,0,0,'insert','2021-05-11 04:47:58',0),
(459,273,547,'UP196','UTTER PRADESH196','FF',NULL,0,0,0,'insert','2021-05-11 04:47:59',0),
(460,274,548,'UP197','UTTER PRADESH197','FF',NULL,0,0,0,'insert','2021-05-11 04:48:01',0),
(461,275,549,'UP198','UTTER PRADESH198','FF',NULL,0,0,0,'insert','2021-05-11 04:48:03',0),
(462,276,550,'UP199','UTTER PRADESH199','FF',NULL,0,0,0,'insert','2021-05-11 04:48:05',0),
(463,277,551,'UP200','UTTER PRADESH200','FF',NULL,0,0,0,'insert','2021-05-11 04:48:07',0),
(464,278,552,'UP201','UTTER PRADESH201','FF',NULL,0,0,0,'insert','2021-05-11 04:48:09',0),
(465,279,553,'UP202','UTTER PRADESH202','FF',NULL,0,0,0,'insert','2021-05-11 04:48:10',0),
(466,280,554,'UP203','UTTER PRADESH203','FF',NULL,0,0,0,'insert','2021-05-11 04:48:12',0),
(467,281,555,'UP204','UTTER PRADESH204','FF',NULL,0,0,0,'insert','2021-05-11 04:48:14',0),
(468,282,556,'UP205','UTTER PRADESH205','FF',NULL,0,0,0,'insert','2021-05-11 04:48:16',0),
(469,283,557,'UP206','UTTER PRADESH206','FF',NULL,0,0,0,'insert','2021-05-11 04:48:18',0),
(470,284,558,'UP207','UTTER PRADESH207','FF',NULL,0,0,0,'insert','2021-05-11 04:48:19',0),
(471,285,559,'UP208','UTTER PRADESH208','FF',NULL,0,0,0,'insert','2021-05-11 04:48:21',0),
(472,286,560,'UP209','UTTER PRADESH209','FF',NULL,0,0,0,'insert','2021-05-11 04:48:23',0),
(473,287,561,'UP210','UTTER PRADESH210','FF',NULL,0,0,0,'insert','2021-05-11 04:48:25',0),
(474,288,562,'UP211','UTTER PRADESH211','FF',NULL,0,0,0,'insert','2021-05-11 04:48:27',0),
(475,289,563,'UP212','UTTER PRADESH212','FF',NULL,0,0,0,'insert','2021-05-11 04:48:28',0),
(476,290,564,'UP213','UTTER PRADESH213','FF',NULL,0,0,0,'insert','2021-05-11 04:48:30',0),
(477,291,565,'UP214','UTTER PRADESH214','FF',NULL,0,0,0,'insert','2021-05-11 04:48:32',0),
(478,292,566,'UP215','UTTER PRADESH215','FF',NULL,0,0,0,'insert','2021-05-11 04:48:34',0),
(479,293,567,'UP216','UTTER PRADESH216','FF',NULL,0,0,0,'insert','2021-05-11 04:48:36',0),
(480,294,568,'UP217','UTTER PRADESH217','FF',NULL,0,0,0,'insert','2021-05-11 04:48:38',0),
(481,295,569,'UP218','UTTER PRADESH218','FF',NULL,0,0,0,'insert','2021-05-11 04:48:40',0),
(482,296,570,'UP219','UTTER PRADESH219','FF',NULL,0,0,0,'insert','2021-05-11 04:48:42',0),
(483,297,571,'UP220','UTTER PRADESH220','FF',NULL,0,0,0,'insert','2021-05-11 04:48:44',0),
(484,298,572,'UP221','UTTER PRADESH221','FF',NULL,0,0,0,'insert','2021-05-11 04:48:46',0),
(485,299,573,'UP222','UTTER PRADESH222','FF',NULL,0,0,0,'insert','2021-05-11 04:48:49',0),
(486,300,574,'UP223','UTTER PRADESH223','FF',NULL,0,0,0,'insert','2021-05-11 04:48:51',0),
(487,301,575,'UP224','UTTER PRADESH224','FF',NULL,0,0,0,'insert','2021-05-11 04:48:53',0),
(488,302,576,'UP225','UTTER PRADESH225','FF',NULL,0,0,0,'insert','2021-05-11 04:48:54',0),
(489,303,577,'UP226','UTTER PRADESH226','FF',NULL,0,0,0,'insert','2021-05-11 04:48:56',0),
(490,304,578,'UP227','UTTER PRADESH227','FF',NULL,0,0,0,'insert','2021-05-11 04:48:58',0),
(491,305,604,'1','A','RR',NULL,0,0,0,'insert','2021-05-12 04:54:11',0),
(492,306,606,'3','C','GG',NULL,0,0,0,'insert','2021-05-12 04:54:11',0),
(493,307,607,'4','D','FF',NULL,0,0,0,'insert','2021-05-12 04:54:11',0),
(494,308,608,'5','E','DD',NULL,0,0,0,'insert','2021-05-12 04:54:11',0),
(495,309,609,'6','F','0A',NULL,0,0,0,'insert','2021-05-12 04:54:11',0),
(496,310,610,'7','G','SS',NULL,0,0,0,'insert','2021-05-12 04:54:11',0),
(497,311,611,'8','H','XX',NULL,0,0,0,'insert','2021-05-12 04:54:11',0),
(498,312,612,'9','I','GF',NULL,0,0,0,'insert','2021-05-12 04:54:11',0),
(499,313,613,'10','J','VVBB',NULL,0,0,0,'insert','2021-05-12 04:54:11',0),
(500,314,614,'11','K','PP',NULL,0,0,0,'insert','2021-05-12 04:54:11',0),
(501,315,615,'12','L','WW',NULL,0,0,0,'insert','2021-05-12 04:54:11',0),
(502,316,616,'13','M','AA',NULL,0,0,0,'insert','2021-05-12 04:54:11',0),
(503,317,617,'14','N','ZZ',NULL,0,0,0,'insert','2021-05-12 04:54:11',0),
(504,318,618,'15','O','DDD',NULL,0,0,0,'insert','2021-05-12 04:54:11',0),
(505,319,619,'16','P','CCC',NULL,0,0,0,'insert','2021-05-12 04:54:11',0),
(506,320,620,'17','Q','WWWEE',NULL,0,0,0,'insert','2021-05-12 04:54:11',0),
(507,321,621,'18','R','RRR',NULL,0,0,0,'insert','2021-05-12 04:54:11',0),
(508,322,622,'19','S','GGG',NULL,0,0,0,'insert','2021-05-12 04:54:12',0),
(509,323,623,'20','T','HHH',NULL,0,0,0,'insert','2021-05-12 04:54:12',0),
(510,324,625,'22','V','BBBB',NULL,0,0,0,'insert','2021-05-12 04:54:12',0),
(511,325,626,'23','W','RRRRRRR',NULL,0,0,0,'insert','2021-05-12 04:54:12',0),
(512,326,627,'24','X','JJJJJJ',NULL,0,0,0,'insert','2021-05-12 04:54:12',0),
(513,327,628,'25','Y','KKKKKK',NULL,0,0,0,'insert','2021-05-12 04:54:12',0),
(514,328,629,'26','Z','OOOOO',NULL,0,0,0,'insert','2021-05-12 04:54:12',0),
(515,329,630,'27','FF','CCCCC',NULL,0,0,0,'insert','2021-05-12 04:54:12',0),
(516,330,631,'28','FFD','VVVV',NULL,0,0,0,'insert','2021-05-12 04:54:12',0),
(517,331,632,'29','WER','ZZZZZ',NULL,0,0,0,'insert','2021-05-12 04:54:12',0),
(518,332,633,'30','WESS','AAAQQ',NULL,0,0,0,'insert','2021-05-12 04:54:12',0),
(519,333,0,NULL,'State1',NULL,NULL,0,0,0,'insert','2021-05-12 04:59:34',0),
(520,334,0,NULL,'State2',NULL,NULL,0,0,0,'insert','2021-05-12 04:59:34',0),
(521,335,0,NULL,'State3',NULL,NULL,0,0,0,'insert','2021-05-12 04:59:34',0),
(522,336,0,NULL,'State4',NULL,NULL,0,0,0,'insert','2021-05-12 04:59:34',0),
(523,337,0,NULL,'State5',NULL,NULL,0,0,0,'insert','2021-05-12 04:59:34',0),
(524,338,0,NULL,'State6',NULL,NULL,0,0,0,'insert','2021-05-12 04:59:34',0),
(525,339,0,NULL,'State7',NULL,NULL,0,0,0,'insert','2021-05-12 04:59:34',0),
(526,340,0,NULL,'State8',NULL,NULL,0,0,0,'insert','2021-05-12 04:59:34',0),
(527,341,0,NULL,'State9',NULL,NULL,0,0,0,'insert','2021-05-12 04:59:34',0),
(528,342,0,NULL,'State10',NULL,NULL,0,0,0,'insert','2021-05-12 04:59:34',0),
(529,343,0,NULL,'State11',NULL,NULL,0,0,0,'insert','2021-05-12 04:59:34',0),
(530,344,0,NULL,'State12',NULL,NULL,0,0,0,'insert','2021-05-12 04:59:34',0),
(531,345,0,NULL,'State13',NULL,NULL,0,0,0,'insert','2021-05-12 04:59:34',0),
(532,346,0,NULL,'State14',NULL,NULL,0,0,0,'insert','2021-05-12 04:59:34',0),
(533,347,0,NULL,'State15',NULL,NULL,0,0,0,'insert','2021-05-12 04:59:34',0),
(534,348,0,NULL,'State16',NULL,NULL,0,0,0,'insert','2021-05-12 04:59:34',0),
(535,349,0,NULL,'State17',NULL,NULL,0,0,0,'insert','2021-05-12 04:59:34',0),
(536,350,0,NULL,'State18',NULL,NULL,0,0,0,'insert','2021-05-12 04:59:34',0),
(537,351,0,NULL,'State19',NULL,NULL,0,0,0,'insert','2021-05-12 04:59:34',0),
(538,352,0,NULL,'State20',NULL,NULL,0,0,0,'insert','2021-05-12 04:59:34',0),
(539,353,0,NULL,'State21',NULL,NULL,0,0,0,'insert','2021-05-12 04:59:34',0),
(540,354,0,NULL,'State22',NULL,NULL,0,0,0,'insert','2021-05-12 04:59:34',0),
(541,355,0,NULL,'State23',NULL,NULL,0,0,0,'insert','2021-05-12 04:59:34',0),
(542,356,0,NULL,'State24',NULL,NULL,0,0,0,'insert','2021-05-12 04:59:34',0),
(543,357,0,NULL,'State25',NULL,NULL,0,0,0,'insert','2021-05-12 04:59:34',0),
(544,358,0,NULL,'State26',NULL,NULL,0,0,0,'insert','2021-05-12 04:59:34',0),
(545,359,0,NULL,'State27',NULL,NULL,0,0,0,'insert','2021-05-12 04:59:34',0),
(546,360,0,NULL,'State28',NULL,NULL,0,0,0,'insert','2021-05-12 04:59:34',0),
(547,361,0,NULL,'State29',NULL,NULL,0,0,0,'insert','2021-05-12 04:59:35',0),
(548,362,0,NULL,'State30',NULL,NULL,0,0,0,'insert','2021-05-12 04:59:35',0),
(549,363,0,NULL,'STATENAME1',NULL,NULL,0,0,0,'insert','2021-05-12 05:03:38',0),
(550,364,0,NULL,'STATENAME2',NULL,NULL,0,0,0,'insert','2021-05-12 05:03:38',0),
(551,365,0,NULL,'STATENAME3',NULL,NULL,0,0,0,'insert','2021-05-12 05:03:38',0),
(552,366,0,NULL,'STATENAME4',NULL,NULL,0,0,0,'insert','2021-05-12 05:03:38',0),
(553,367,0,NULL,'STATENAME5',NULL,NULL,0,0,0,'insert','2021-05-12 05:03:39',0),
(554,368,0,NULL,'STATENAME6',NULL,NULL,0,0,0,'insert','2021-05-12 05:03:39',0),
(555,369,0,NULL,'STATENAME7',NULL,NULL,0,0,0,'insert','2021-05-12 05:03:39',0),
(556,370,0,NULL,'STATENAME8',NULL,NULL,0,0,0,'insert','2021-05-12 05:03:39',0),
(557,371,0,NULL,'STATENAME9',NULL,NULL,0,0,0,'insert','2021-05-12 05:03:39',0),
(558,372,0,NULL,'STATENAME10',NULL,NULL,0,0,0,'insert','2021-05-12 05:03:39',0),
(559,373,0,NULL,'STATENAME11',NULL,NULL,0,0,0,'insert','2021-05-12 05:03:39',0),
(560,374,0,NULL,'STATENAME12',NULL,NULL,0,0,0,'insert','2021-05-12 05:03:39',0),
(561,375,0,NULL,'STATENAME13',NULL,NULL,0,0,0,'insert','2021-05-12 05:03:39',0),
(562,376,0,NULL,'STATENAME14',NULL,NULL,0,0,0,'insert','2021-05-12 05:03:39',0),
(563,377,0,NULL,'STATENAME15',NULL,NULL,0,0,0,'insert','2021-05-12 05:03:39',0),
(564,378,0,NULL,'STATENAME16',NULL,NULL,0,0,0,'insert','2021-05-12 05:03:39',0),
(565,379,0,NULL,'STATENAME17',NULL,NULL,0,0,0,'insert','2021-05-12 05:03:39',0),
(566,380,0,NULL,'STATENAME18',NULL,NULL,0,0,0,'insert','2021-05-12 05:03:39',0),
(567,381,0,NULL,'STATENAME19',NULL,NULL,0,0,0,'insert','2021-05-12 05:03:39',0),
(568,382,0,NULL,'STATENAME20',NULL,NULL,0,0,0,'insert','2021-05-12 05:03:39',0),
(569,383,0,NULL,'STATENAME21',NULL,NULL,0,0,0,'insert','2021-05-12 05:03:39',0),
(570,384,0,NULL,'STATENAME22',NULL,NULL,0,0,0,'insert','2021-05-12 05:03:39',0),
(571,385,0,NULL,'STATENAME23',NULL,NULL,0,0,0,'insert','2021-05-12 05:03:39',0),
(572,386,0,NULL,'STATENAME24',NULL,NULL,0,0,0,'insert','2021-05-12 05:03:39',0),
(573,387,0,NULL,'STATENAME25',NULL,NULL,0,0,0,'insert','2021-05-12 05:03:39',0),
(574,388,0,NULL,'STATENAME26',NULL,NULL,0,0,0,'insert','2021-05-12 05:03:39',0),
(575,389,0,NULL,'STATENAME27',NULL,NULL,0,0,0,'insert','2021-05-12 05:03:39',0),
(576,390,0,NULL,'STATENAME28',NULL,NULL,0,0,0,'insert','2021-05-12 05:03:39',0),
(577,391,0,NULL,'STATENAME29',NULL,NULL,0,0,0,'insert','2021-05-12 05:03:39',0),
(578,392,0,NULL,'STATENAME30',NULL,NULL,0,0,0,'insert','2021-05-12 05:03:39',0),
(579,393,0,NULL,'STATENAME31',NULL,NULL,0,0,0,'insert','2021-05-12 05:03:39',0),
(580,394,0,NULL,'STATENAME32',NULL,NULL,0,0,0,'insert','2021-05-12 05:03:39',0),
(581,395,0,NULL,'STATENAME33',NULL,NULL,0,0,0,'insert','2021-05-12 05:03:39',0),
(582,396,0,NULL,'STATENAME34',NULL,NULL,0,0,0,'insert','2021-05-12 05:03:39',0),
(583,397,0,NULL,'STATENAME35',NULL,NULL,0,0,0,'insert','2021-05-12 05:03:39',0),
(584,398,0,NULL,'STATENAME36',NULL,NULL,0,0,0,'insert','2021-05-12 05:03:39',0),
(585,399,0,NULL,'STATENAME37',NULL,NULL,0,0,0,'insert','2021-05-12 05:03:39',0),
(586,400,0,NULL,'STATENAME38',NULL,NULL,0,0,0,'insert','2021-05-12 05:03:39',0),
(587,401,0,NULL,'STATENAME39',NULL,NULL,0,0,0,'insert','2021-05-12 05:03:39',0),
(588,402,0,NULL,'STATENAME40',NULL,NULL,0,0,0,'insert','2021-05-12 05:03:39',0),
(589,313,613,'10','J','VVBB',NULL,0,0,0,'approve','2021-05-12 04:54:11',0),
(590,305,604,'1','A','RR',NULL,0,0,0,'approve','2021-05-12 04:54:11',0),
(591,314,614,'11','K','PP',NULL,0,0,0,'approve','2021-05-12 04:54:11',0),
(592,314,614,'11','K','PP',NULL,1,0,0,'approve','2021-05-12 04:54:11',0),
(593,321,621,'18','R','RRR',NULL,0,0,0,'approve','2021-05-12 04:54:11',0),
(594,320,620,'17','Q','WWWEE',NULL,0,0,0,'approve','2021-05-12 04:54:11',0),
(595,313,613,'10','J','VVBB',NULL,1,0,0,'approve','2021-05-12 04:54:11',0),
(596,313,613,'10','J','VVBB',NULL,0,0,0,'approve','2021-05-12 04:54:11',0),
(597,403,581,'KUL','KUALA','1234',NULL,0,3,0,'insert','2021-05-20 23:36:39',0),
(598,403,581,'KUL','KUALA','1234',NULL,0,3,0,'approve','2021-05-20 23:36:39',0),
(599,314,614,'11','K','PP',NULL,0,0,0,'approve','2021-05-12 04:54:11',0),
(600,314,614,'11','K','PP',NULL,1,0,0,'approve','2021-05-12 04:54:11',0),
(601,316,616,'13','M','AA',NULL,0,0,0,'approve','2021-05-12 04:54:11',0),
(602,404,706,'PK','Ok111','1234',NULL,0,3,0,'insert','2021-05-23 23:43:23',0),
(603,404,706,'PK','Ok111','1234',NULL,0,3,0,'approve','2021-05-23 23:43:23',0),
(604,405,707,'PK111','TA','1234',NULL,0,0,0,'insert','2021-05-23 23:46:07',0),
(605,305,604,'1','A','RR',NULL,0,0,0,'delete','2021-05-12 04:54:11',0),
(606,406,708,'012UI','Ok12',NULL,NULL,0,3,0,'insert','2021-05-24 00:12:34',0);

/*Table structure for table `m_storelocation` */

DROP TABLE IF EXISTS `m_storelocation`;

CREATE TABLE `m_storelocation` (
  `storelocationId` int(11) NOT NULL AUTO_INCREMENT,
  `storelocationName` varchar(50) DEFAULT NULL,
  `storelocationCode` varchar(20) DEFAULT NULL,
  `userId` int(11) DEFAULT NULL,
  `transDate` datetime DEFAULT CURRENT_TIMESTAMP,
  `isApproved` int(11) DEFAULT '0',
  `approvedUserId` int(11) DEFAULT '0',
  `approvedDateTime` datetime DEFAULT NULL,
  `isDeleted` int(11) DEFAULT '0',
  `deleteDateTime` datetime DEFAULT NULL,
  `deleteUserId` int(11) DEFAULT '0',
  `updateCount` int(11) DEFAULT '0',
  `lastUpdateUserId` int(11) DEFAULT '0',
  `isActive` tinyint(1) DEFAULT '0',
  `activateDateTime` datetime DEFAULT NULL,
  `activateUserId` int(11) DEFAULT '0',
  PRIMARY KEY (`storelocationId`)
) ENGINE=InnoDB AUTO_INCREMENT=88 DEFAULT CHARSET=utf8mb4;

/*Data for the table `m_storelocation` */

insert  into `m_storelocation`(`storelocationId`,`storelocationName`,`storelocationCode`,`userId`,`transDate`,`isApproved`,`approvedUserId`,`approvedDateTime`,`isDeleted`,`deleteDateTime`,`deleteUserId`,`updateCount`,`lastUpdateUserId`,`isActive`,`activateDateTime`,`activateUserId`) values 
(1,'Store1','S',3,'2021-01-15 18:37:06',1,3,'2021-01-15 18:37:15',0,NULL,0,1,3,0,NULL,0),
(2,'Gg','KK',3,'2021-01-15 18:40:35',0,0,NULL,1,'2021-01-15 18:40:43',3,0,0,0,NULL,0),
(3,'Store 2','SC 2',3,'2021-01-15 19:47:25',0,0,NULL,0,NULL,0,0,0,0,NULL,0),
(4,'RAW MATERIAL','RM',NULL,'2021-01-16 12:07:43',0,0,NULL,0,NULL,0,0,0,0,NULL,0),
(5,'WIP-1 STD PART ','WIP-1',NULL,'2021-01-16 12:07:43',0,0,NULL,0,NULL,0,0,0,0,NULL,0),
(6,'WIP 2','WIP-2',NULL,'2021-01-16 12:07:43',0,0,NULL,0,NULL,0,0,0,0,NULL,0),
(7,'PACKING STORE','PS2',NULL,'2021-01-16 12:07:43',0,0,NULL,0,NULL,0,1,3,0,NULL,0),
(8,'FINISHED GOOD STORE','FGS',NULL,'2021-01-16 12:07:43',0,3,'2021-05-17 02:38:46',0,NULL,0,0,0,0,NULL,0),
(9,'EX- STOCK','EX-S',NULL,'2021-01-16 12:07:43',0,3,'2021-05-17 02:38:42',0,NULL,0,2,3,0,NULL,0),
(10,'SEMI FINISHED GOOD','SFG',NULL,'2021-01-16 12:07:43',0,0,NULL,0,NULL,0,0,0,0,NULL,0),
(11,'Vvbm','VV',3,'2021-02-17 22:54:46',1,3,'2021-02-17 22:54:58',1,'2021-02-17 22:55:20',3,1,3,0,NULL,0),
(12,'Nbn,k','VVGBVBJ',3,'2021-04-02 10:06:24',1,3,'2021-04-02 10:06:32',1,'2021-04-02 10:07:01',3,1,3,0,NULL,0),
(13,'RAW MAT-22','LLGM',3,'2021-04-06 07:28:35',0,0,NULL,0,NULL,0,0,0,0,NULL,0),
(14,'CODING','EXX-155',3,'2021-04-06 07:34:55',1,3,'2021-04-06 07:35:02',1,'2021-04-19 07:33:23',3,0,0,0,NULL,0),
(15,'LOX','LX-11',3,'2021-04-07 01:08:23',0,0,NULL,0,NULL,0,0,0,0,NULL,0),
(16,'','',0,'2021-04-13 05:55:22',0,0,NULL,1,'2021-04-19 07:32:51',3,0,0,0,NULL,0),
(17,'S2','S1',0,'2021-04-13 05:55:26',0,0,NULL,0,NULL,0,0,0,0,NULL,0),
(18,'S4','S3',0,'2021-04-13 05:55:29',0,0,NULL,0,NULL,0,0,0,0,NULL,0),
(19,'Rana','KAPIL',3,'2021-04-19 07:33:05',0,0,NULL,0,NULL,0,0,0,0,NULL,0),
(20,'Tata','IOT',3,'2021-04-19 07:35:25',0,0,NULL,1,'2021-04-19 07:42:34',3,0,0,0,NULL,0),
(21,'Ko99','ST90',3,'2021-04-26 10:12:22',0,0,NULL,0,NULL,0,0,0,0,NULL,0),
(22,'Hsn','HS',3,'2021-04-27 02:27:30',1,3,'2021-05-14 07:27:38',0,NULL,0,0,0,0,NULL,0),
(23,'StoreName1','STORECODE1',0,'2021-05-16 23:33:29',0,0,NULL,0,NULL,0,0,0,0,NULL,0),
(24,'StoreName2','STORECODE2',0,'2021-05-16 23:33:29',0,0,NULL,0,NULL,0,0,0,0,NULL,0),
(25,'StoreName3','STORECODE3',0,'2021-05-16 23:33:29',0,0,NULL,0,NULL,0,0,0,0,NULL,0),
(26,'StoreName4','STORECODE4',0,'2021-05-16 23:33:29',0,0,NULL,0,NULL,0,0,0,0,NULL,0),
(27,'StoreName5','STORECODE5',0,'2021-05-16 23:33:29',0,0,NULL,0,NULL,0,0,0,0,NULL,0),
(28,'StoreName6','STORECODE6',0,'2021-05-16 23:33:29',0,0,NULL,0,NULL,0,0,0,0,NULL,0),
(29,'StoreName7','STORECODE7',0,'2021-05-16 23:33:29',0,0,NULL,0,NULL,0,0,0,0,NULL,0),
(30,'StoreName8','STORECODE8',0,'2021-05-16 23:33:29',0,0,NULL,0,NULL,0,0,0,0,NULL,0),
(31,'Sn1','SC1',0,'2021-05-16 23:38:10',0,0,NULL,0,NULL,0,0,0,0,NULL,0),
(32,'Sn2','SC2',0,'2021-05-16 23:38:10',0,0,NULL,0,NULL,0,0,0,0,NULL,0),
(33,'Sn3','SC3',0,'2021-05-16 23:38:10',0,0,NULL,0,NULL,0,0,0,0,NULL,0),
(34,'Sn4','SC4',0,'2021-05-16 23:38:10',0,0,NULL,0,NULL,0,0,0,0,NULL,0),
(35,'Sn5','SC5',0,'2021-05-16 23:38:11',0,0,NULL,0,NULL,0,0,0,0,NULL,0),
(36,'Sn6','SC6',0,'2021-05-16 23:38:11',0,0,NULL,0,NULL,0,0,0,0,NULL,0),
(37,'Sn7','SC7',0,'2021-05-16 23:38:11',0,0,NULL,0,NULL,0,0,0,0,NULL,0),
(38,'Sn8','SC8',0,'2021-05-16 23:38:11',0,0,NULL,0,NULL,0,0,0,0,NULL,0),
(39,'Sn9','SC9',0,'2021-05-16 23:38:11',0,0,NULL,0,NULL,0,0,0,0,NULL,0),
(40,'Sn10','SC10',0,'2021-05-16 23:38:11',0,0,NULL,0,NULL,0,0,0,0,NULL,0),
(41,'StoreName9','STORECODE9',0,'2021-05-16 23:44:58',0,0,NULL,0,NULL,0,0,0,0,NULL,0),
(42,'StoreName10','STORECODE10',0,'2021-05-16 23:44:58',0,0,NULL,0,NULL,0,0,0,0,NULL,0),
(43,'StoreName11','STORECODE11',0,'2021-05-16 23:44:58',0,0,NULL,0,NULL,0,0,0,0,NULL,0),
(44,'StoreName12','STORECODE12',0,'2021-05-16 23:44:58',0,0,NULL,0,NULL,0,0,0,0,NULL,0),
(45,'StoreName13','STORECODE13',0,'2021-05-16 23:44:58',0,0,NULL,0,NULL,0,0,0,0,NULL,0),
(46,'StoreName14','STORECODE14',0,'2021-05-16 23:44:58',0,0,NULL,0,NULL,0,0,0,0,NULL,0),
(47,'StoreName15','STORECODE15',0,'2021-05-16 23:44:58',0,0,NULL,0,NULL,0,0,0,0,NULL,0),
(48,'StoreName16','STORECODE16',0,'2021-05-16 23:44:58',0,0,NULL,0,NULL,0,0,0,0,NULL,0),
(49,'StoreName17','STORECODE17',0,'2021-05-16 23:44:58',0,0,NULL,0,NULL,0,0,0,0,NULL,0),
(50,'StoreName18','STORECODE18',0,'2021-05-16 23:44:58',0,0,NULL,0,NULL,0,0,0,0,NULL,0),
(51,'StoreName19','STORECODE19',0,'2021-05-16 23:44:58',0,0,NULL,0,NULL,0,0,0,0,NULL,0),
(52,'StoreName20','STORECODE20',0,'2021-05-16 23:44:58',0,0,NULL,0,NULL,0,0,0,0,NULL,0),
(53,'StoreName21','STORECODE21',0,'2021-05-16 23:44:58',0,0,NULL,0,NULL,0,0,0,0,NULL,0),
(54,'StoreName22','STORECODE22',0,'2021-05-16 23:44:58',0,0,NULL,0,NULL,0,0,0,0,NULL,0),
(55,'StoreName23','STORECODE23',0,'2021-05-16 23:44:58',0,0,NULL,0,NULL,0,0,0,0,NULL,0),
(56,'StoreName24','STORECODE24',0,'2021-05-16 23:44:58',0,0,NULL,0,NULL,0,0,0,0,NULL,0),
(57,'StoreName25','STORECODE25',0,'2021-05-16 23:44:58',0,0,NULL,0,NULL,0,0,0,0,NULL,0),
(58,'Luck1','HAPP1',0,'2021-05-16 23:47:14',0,0,NULL,0,NULL,0,0,0,0,NULL,0),
(59,'Luck2','HAPP2',0,'2021-05-16 23:47:14',0,0,NULL,0,NULL,0,0,0,0,NULL,0),
(60,'Luck3','HAPP3',0,'2021-05-16 23:47:14',0,0,NULL,0,NULL,0,0,0,0,NULL,0),
(61,'Luck4','HAPP4',0,'2021-05-16 23:47:14',0,0,NULL,0,NULL,0,0,0,0,NULL,0),
(62,'Luck5','HAPP5',0,'2021-05-16 23:47:14',0,0,NULL,0,NULL,0,0,0,0,NULL,0),
(63,'Luck6','HAPP6',0,'2021-05-16 23:47:14',0,0,NULL,0,NULL,0,0,0,0,NULL,0),
(64,'Luck7','HAPP7',0,'2021-05-16 23:47:14',0,0,NULL,0,NULL,0,0,0,0,NULL,0),
(65,'Luck8','HAPP8',0,'2021-05-16 23:47:14',0,0,NULL,0,NULL,0,0,0,0,NULL,0),
(66,'Luck9','HAPP9',0,'2021-05-16 23:47:14',0,0,NULL,0,NULL,0,0,0,0,NULL,0),
(67,'Luck10','HAPP10',0,'2021-05-16 23:47:14',0,0,NULL,0,NULL,0,0,0,0,NULL,0),
(68,'Luck11','HAPP11',0,'2021-05-16 23:47:14',0,0,NULL,0,NULL,0,0,0,0,NULL,0),
(69,'Luck12','HAPP12',0,'2021-05-16 23:47:14',0,0,NULL,0,NULL,0,0,0,0,NULL,0),
(70,'Luck13','HAPP13',0,'2021-05-16 23:47:14',0,0,NULL,0,NULL,0,0,0,0,NULL,0),
(71,'Luck14','HAPP14',0,'2021-05-16 23:47:14',0,0,NULL,0,NULL,0,0,0,0,NULL,0),
(72,'Luck15','HAPP15',0,'2021-05-16 23:47:15',0,0,NULL,0,NULL,0,0,0,0,NULL,0),
(73,'Luck16','HAPP16',0,'2021-05-16 23:47:15',0,0,NULL,0,NULL,0,0,0,0,NULL,0),
(74,'Luck17','HAPP17',0,'2021-05-16 23:47:15',0,0,NULL,0,NULL,0,0,0,0,NULL,0),
(75,'Luck18','HAPP18',0,'2021-05-16 23:47:15',0,0,NULL,0,NULL,0,0,0,0,NULL,0),
(76,'Luck19','HAPP19',0,'2021-05-16 23:47:15',0,0,NULL,0,NULL,0,0,0,0,NULL,0),
(77,'Luck20','HAPP20',0,'2021-05-16 23:47:15',0,0,NULL,0,NULL,0,0,0,0,NULL,0),
(78,'Luck21','HAPP21',0,'2021-05-16 23:47:15',0,0,NULL,0,NULL,0,0,0,0,NULL,0),
(79,'Luck22','HAPP22',0,'2021-05-16 23:47:15',0,0,NULL,0,NULL,0,0,0,0,NULL,0),
(80,'Luck23','HAPP23',0,'2021-05-16 23:47:15',0,0,NULL,0,NULL,0,0,0,0,NULL,0),
(81,'Luck24','HAPP24',0,'2021-05-16 23:47:15',0,0,NULL,0,NULL,0,0,0,0,NULL,0),
(82,'Luck25','HAPP25',0,'2021-05-16 23:47:15',0,0,NULL,0,NULL,0,0,0,0,NULL,0),
(83,'Luck26','HAPP26',0,'2021-05-16 23:47:15',0,0,NULL,0,NULL,0,0,0,0,NULL,0),
(84,'Luck27','HAPP27',0,'2021-05-16 23:47:15',0,0,NULL,0,NULL,0,0,0,0,NULL,0),
(85,'Luck28','HAPP28',0,'2021-05-16 23:47:15',0,0,NULL,0,NULL,0,0,0,0,NULL,0),
(86,'Luck29','HAPP29',0,'2021-05-16 23:47:15',0,0,NULL,0,NULL,0,0,0,0,NULL,0),
(87,'Luck30','HAPP30',0,'2021-05-16 23:47:15',0,0,NULL,0,NULL,0,0,0,0,NULL,0);

/*Table structure for table `m_storelocation_log` */

DROP TABLE IF EXISTS `m_storelocation_log`;

CREATE TABLE `m_storelocation_log` (
  `logId` int(11) NOT NULL AUTO_INCREMENT,
  `storelocationId` int(11) DEFAULT NULL,
  `storelocationName` varchar(50) DEFAULT NULL,
  `storelocationCode` varchar(20) DEFAULT NULL,
  `isApproved` int(11) DEFAULT '0',
  `userId` int(11) DEFAULT NULL,
  `isDeleted` int(11) DEFAULT '0',
  `userAction` varchar(20) DEFAULT NULL,
  `transDate` datetime DEFAULT CURRENT_TIMESTAMP,
  `isActive` tinyint(1) DEFAULT '0',
  `m_bank_logcol` varchar(45) DEFAULT NULL,
  PRIMARY KEY (`logId`)
) ENGINE=InnoDB AUTO_INCREMENT=96 DEFAULT CHARSET=utf8mb4;

/*Data for the table `m_storelocation_log` */

insert  into `m_storelocation_log`(`logId`,`storelocationId`,`storelocationName`,`storelocationCode`,`isApproved`,`userId`,`isDeleted`,`userAction`,`transDate`,`isActive`,`m_bank_logcol`) values 
(1,11,'Vvb','VV',0,3,0,'insert','2021-02-17 22:54:46',0,NULL),
(2,11,'Vvb','VV',0,3,0,'approve','2021-02-17 22:54:46',0,NULL),
(3,11,'Vvb','VV',0,3,0,'update','2021-02-17 22:54:46',0,NULL),
(4,11,'Vvbm','VV',0,3,0,'delete','2021-02-17 22:54:46',0,NULL),
(5,12,'Nbn,k','VVGBVBJ',0,3,0,'insert','2021-04-02 10:06:24',0,NULL),
(6,12,'Nbn,k','VVGBVBJ',0,3,0,'approve','2021-04-02 10:06:24',0,NULL),
(7,12,'Nbn,k','VVGBVBJ',0,3,0,'update','2021-04-02 10:06:24',0,NULL),
(8,12,'Nbn,k','VVGBVBJ',0,3,0,'delete','2021-04-02 10:06:24',0,NULL),
(9,9,'EX- STOCK','EX-S',0,NULL,0,'approve','2021-01-16 12:07:43',0,NULL),
(10,8,'FINISHED GOOD STORE','FGS',0,NULL,0,'approve','2021-01-16 12:07:43',0,NULL),
(11,9,'EX- STOCK','EX-S',0,NULL,0,'update','2021-01-16 12:07:43',0,NULL),
(12,13,'RAW MAT-22','LLGM',0,3,0,'insert','2021-04-06 07:28:35',0,NULL),
(13,14,'CODING','EXX-155',0,3,0,'insert','2021-04-06 07:34:55',0,NULL),
(14,14,'CODING','EXX-155',0,3,0,'approve','2021-04-06 07:34:55',0,NULL),
(15,15,'LOX','LX-11',0,3,0,'insert','2021-04-07 01:08:23',0,NULL),
(16,16,'','',0,0,0,'insert','2021-04-13 05:55:22',0,NULL),
(17,17,'S2','S1',0,0,0,'insert','2021-04-13 05:55:26',0,NULL),
(18,18,'S4','S3',0,0,0,'insert','2021-04-13 05:55:29',0,NULL),
(19,16,'','',0,0,0,'delete','2021-04-13 05:55:22',0,NULL),
(20,19,'Rana','KAPIL',0,3,0,'insert','2021-04-19 07:33:05',0,NULL),
(21,14,'CODING','EXX-155',0,3,0,'delete','2021-04-06 07:34:55',0,NULL),
(22,20,'Tata','IOT',0,3,0,'insert','2021-04-19 07:35:25',0,NULL),
(23,20,'Tata','IOT',0,3,0,'delete','2021-04-19 07:35:25',0,NULL),
(24,9,'EX- STOCK','EX-S',0,NULL,0,'update','2021-01-16 12:07:43',0,NULL),
(25,7,'PACKING STORE','PS',0,NULL,0,'update','2021-01-16 12:07:43',0,NULL),
(26,21,'Ko99','ST90',0,3,0,'insert','2021-04-26 10:12:22',0,NULL),
(27,22,'Hsn','HS',0,3,0,'insert','2021-04-27 02:27:30',0,NULL),
(28,22,'Hsn','HS',0,3,0,'approve','2021-04-27 02:27:30',0,NULL),
(29,23,'StoreName1','STORECODE1',0,0,0,'insert','2021-05-16 23:33:29',0,NULL),
(30,24,'StoreName2','STORECODE2',0,0,0,'insert','2021-05-16 23:33:29',0,NULL),
(31,25,'StoreName3','STORECODE3',0,0,0,'insert','2021-05-16 23:33:29',0,NULL),
(32,26,'StoreName4','STORECODE4',0,0,0,'insert','2021-05-16 23:33:29',0,NULL),
(33,27,'StoreName5','STORECODE5',0,0,0,'insert','2021-05-16 23:33:29',0,NULL),
(34,28,'StoreName6','STORECODE6',0,0,0,'insert','2021-05-16 23:33:29',0,NULL),
(35,29,'StoreName7','STORECODE7',0,0,0,'insert','2021-05-16 23:33:29',0,NULL),
(36,30,'StoreName8','STORECODE8',0,0,0,'insert','2021-05-16 23:33:29',0,NULL),
(37,31,'Sn1','SC1',0,0,0,'insert','2021-05-16 23:38:10',0,NULL),
(38,32,'Sn2','SC2',0,0,0,'insert','2021-05-16 23:38:10',0,NULL),
(39,33,'Sn3','SC3',0,0,0,'insert','2021-05-16 23:38:10',0,NULL),
(40,34,'Sn4','SC4',0,0,0,'insert','2021-05-16 23:38:10',0,NULL),
(41,35,'Sn5','SC5',0,0,0,'insert','2021-05-16 23:38:11',0,NULL),
(42,36,'Sn6','SC6',0,0,0,'insert','2021-05-16 23:38:11',0,NULL),
(43,37,'Sn7','SC7',0,0,0,'insert','2021-05-16 23:38:11',0,NULL),
(44,38,'Sn8','SC8',0,0,0,'insert','2021-05-16 23:38:11',0,NULL),
(45,39,'Sn9','SC9',0,0,0,'insert','2021-05-16 23:38:11',0,NULL),
(46,40,'Sn10','SC10',0,0,0,'insert','2021-05-16 23:38:11',0,NULL),
(47,41,'StoreName9','STORECODE9',0,0,0,'insert','2021-05-16 23:44:58',0,NULL),
(48,42,'StoreName10','STORECODE10',0,0,0,'insert','2021-05-16 23:44:58',0,NULL),
(49,43,'StoreName11','STORECODE11',0,0,0,'insert','2021-05-16 23:44:58',0,NULL),
(50,44,'StoreName12','STORECODE12',0,0,0,'insert','2021-05-16 23:44:58',0,NULL),
(51,45,'StoreName13','STORECODE13',0,0,0,'insert','2021-05-16 23:44:58',0,NULL),
(52,46,'StoreName14','STORECODE14',0,0,0,'insert','2021-05-16 23:44:58',0,NULL),
(53,47,'StoreName15','STORECODE15',0,0,0,'insert','2021-05-16 23:44:58',0,NULL),
(54,48,'StoreName16','STORECODE16',0,0,0,'insert','2021-05-16 23:44:58',0,NULL),
(55,49,'StoreName17','STORECODE17',0,0,0,'insert','2021-05-16 23:44:58',0,NULL),
(56,50,'StoreName18','STORECODE18',0,0,0,'insert','2021-05-16 23:44:58',0,NULL),
(57,51,'StoreName19','STORECODE19',0,0,0,'insert','2021-05-16 23:44:58',0,NULL),
(58,52,'StoreName20','STORECODE20',0,0,0,'insert','2021-05-16 23:44:58',0,NULL),
(59,53,'StoreName21','STORECODE21',0,0,0,'insert','2021-05-16 23:44:58',0,NULL),
(60,54,'StoreName22','STORECODE22',0,0,0,'insert','2021-05-16 23:44:58',0,NULL),
(61,55,'StoreName23','STORECODE23',0,0,0,'insert','2021-05-16 23:44:58',0,NULL),
(62,56,'StoreName24','STORECODE24',0,0,0,'insert','2021-05-16 23:44:58',0,NULL),
(63,57,'StoreName25','STORECODE25',0,0,0,'insert','2021-05-16 23:44:58',0,NULL),
(64,58,'Luck1','HAPP1',0,0,0,'insert','2021-05-16 23:47:14',0,NULL),
(65,59,'Luck2','HAPP2',0,0,0,'insert','2021-05-16 23:47:14',0,NULL),
(66,60,'Luck3','HAPP3',0,0,0,'insert','2021-05-16 23:47:14',0,NULL),
(67,61,'Luck4','HAPP4',0,0,0,'insert','2021-05-16 23:47:14',0,NULL),
(68,62,'Luck5','HAPP5',0,0,0,'insert','2021-05-16 23:47:14',0,NULL),
(69,63,'Luck6','HAPP6',0,0,0,'insert','2021-05-16 23:47:14',0,NULL),
(70,64,'Luck7','HAPP7',0,0,0,'insert','2021-05-16 23:47:14',0,NULL),
(71,65,'Luck8','HAPP8',0,0,0,'insert','2021-05-16 23:47:14',0,NULL),
(72,66,'Luck9','HAPP9',0,0,0,'insert','2021-05-16 23:47:14',0,NULL),
(73,67,'Luck10','HAPP10',0,0,0,'insert','2021-05-16 23:47:14',0,NULL),
(74,68,'Luck11','HAPP11',0,0,0,'insert','2021-05-16 23:47:14',0,NULL),
(75,69,'Luck12','HAPP12',0,0,0,'insert','2021-05-16 23:47:14',0,NULL),
(76,70,'Luck13','HAPP13',0,0,0,'insert','2021-05-16 23:47:14',0,NULL),
(77,71,'Luck14','HAPP14',0,0,0,'insert','2021-05-16 23:47:15',0,NULL),
(78,72,'Luck15','HAPP15',0,0,0,'insert','2021-05-16 23:47:15',0,NULL),
(79,73,'Luck16','HAPP16',0,0,0,'insert','2021-05-16 23:47:15',0,NULL),
(80,74,'Luck17','HAPP17',0,0,0,'insert','2021-05-16 23:47:15',0,NULL),
(81,75,'Luck18','HAPP18',0,0,0,'insert','2021-05-16 23:47:15',0,NULL),
(82,76,'Luck19','HAPP19',0,0,0,'insert','2021-05-16 23:47:15',0,NULL),
(83,77,'Luck20','HAPP20',0,0,0,'insert','2021-05-16 23:47:15',0,NULL),
(84,78,'Luck21','HAPP21',0,0,0,'insert','2021-05-16 23:47:15',0,NULL),
(85,79,'Luck22','HAPP22',0,0,0,'insert','2021-05-16 23:47:15',0,NULL),
(86,80,'Luck23','HAPP23',0,0,0,'insert','2021-05-16 23:47:15',0,NULL),
(87,81,'Luck24','HAPP24',0,0,0,'insert','2021-05-16 23:47:15',0,NULL),
(88,82,'Luck25','HAPP25',0,0,0,'insert','2021-05-16 23:47:15',0,NULL),
(89,83,'Luck26','HAPP26',0,0,0,'insert','2021-05-16 23:47:15',0,NULL),
(90,84,'Luck27','HAPP27',0,0,0,'insert','2021-05-16 23:47:15',0,NULL),
(91,85,'Luck28','HAPP28',0,0,0,'insert','2021-05-16 23:47:15',0,NULL),
(92,86,'Luck29','HAPP29',0,0,0,'insert','2021-05-16 23:47:15',0,NULL),
(93,87,'Luck30','HAPP30',0,0,0,'insert','2021-05-16 23:47:15',0,NULL),
(94,9,'EX- STOCK','EX-S',1,NULL,0,'approve','2021-01-16 12:07:43',0,NULL),
(95,8,'FINISHED GOOD STORE','FGS',1,NULL,0,'approve','2021-01-16 12:07:43',0,NULL);

/*Table structure for table `m_subitemtype` */

DROP TABLE IF EXISTS `m_subitemtype`;

CREATE TABLE `m_subitemtype` (
  `subitemtypeId` int(11) NOT NULL AUTO_INCREMENT,
  `itemtypeId` int(11) DEFAULT NULL,
  `subitemtypeName` varchar(50) DEFAULT NULL,
  `userId` int(11) DEFAULT NULL,
  `transDate` datetime DEFAULT CURRENT_TIMESTAMP,
  `isApproved` int(11) DEFAULT '0',
  `approvedUserId` int(11) DEFAULT '0',
  `approvedDateTime` datetime DEFAULT NULL,
  `isDeleted` int(11) DEFAULT '0',
  `deleteDateTime` datetime DEFAULT NULL,
  `deleteUserId` int(11) DEFAULT '0',
  `updateCount` int(11) DEFAULT '0',
  `lastUpdateUserId` int(11) DEFAULT '0',
  `isActive` tinyint(1) DEFAULT '0',
  `activateDateTime` datetime DEFAULT NULL,
  `activateUserId` int(11) DEFAULT '0',
  PRIMARY KEY (`subitemtypeId`)
) ENGINE=InnoDB AUTO_INCREMENT=507 DEFAULT CHARSET=utf8mb4;

/*Data for the table `m_subitemtype` */

insert  into `m_subitemtype`(`subitemtypeId`,`itemtypeId`,`subitemtypeName`,`userId`,`transDate`,`isApproved`,`approvedUserId`,`approvedDateTime`,`isDeleted`,`deleteDateTime`,`deleteUserId`,`updateCount`,`lastUpdateUserId`,`isActive`,`activateDateTime`,`activateUserId`) values 
(13,11,'SCREW',NULL,'2020-09-19 19:39:45',1,10,'2020-10-27 10:47:44',0,NULL,0,1,3,0,NULL,0),
(14,11,'NUT',NULL,'2020-09-19 19:39:45',0,0,'2020-11-25 14:49:04',0,NULL,0,1,3,0,NULL,0),
(15,12,'CIRCUIT BREAKER',NULL,'2020-09-19 19:39:45',0,0,NULL,0,NULL,0,1,3,0,NULL,0),
(16,12,'LIGHT',NULL,'2020-09-19 19:39:45',0,0,NULL,0,NULL,0,1,3,0,NULL,0),
(17,12,'FUSE',NULL,'2020-09-19 19:39:45',0,0,NULL,0,NULL,0,1,3,0,NULL,0),
(18,11,'WASHER',3,'2020-10-22 15:10:02',0,0,NULL,0,NULL,0,0,0,0,NULL,0),
(19,11,'Standoff',3,'2020-10-22 15:10:20',0,0,NULL,0,NULL,0,0,0,0,NULL,0),
(20,11,'Circlip',3,'2020-10-22 15:10:41',0,0,NULL,0,NULL,0,0,0,0,NULL,0),
(21,11,'Bush',3,'2020-10-22 15:10:56',0,0,NULL,0,NULL,0,0,0,0,NULL,0),
(22,11,'Pins',3,'2020-10-22 15:11:08',0,0,NULL,0,'2020-10-23 11:28:54',3,0,0,0,NULL,0),
(28,29,'Ffffccc',3,'2020-12-10 13:00:18',0,0,NULL,1,'2020-12-10 13:00:35',3,1,3,0,NULL,0),
(29,17,'CABLE',3,'2020-12-11 09:55:47',0,0,NULL,0,NULL,0,1,3,0,NULL,0),
(30,13,'ENCODER',3,'2020-12-11 09:57:21',0,0,NULL,0,NULL,0,1,3,0,NULL,0),
(31,6,'Machinery and Equipment',3,'2020-12-11 10:01:06',0,0,NULL,0,NULL,0,0,0,0,NULL,0),
(32,12,'TERMINAL BLOCK',3,'2020-12-22 11:48:00',0,0,NULL,0,NULL,0,0,0,0,NULL,0),
(33,13,'SOLENOID',3,'2020-12-22 11:48:49',0,0,NULL,0,NULL,0,0,0,0,NULL,0),
(34,13,'FAN',3,'2020-12-22 11:49:11',0,0,NULL,0,NULL,0,0,0,0,NULL,0),
(35,13,'LIGHT',3,'2020-12-22 11:49:27',0,0,NULL,0,NULL,0,0,0,0,NULL,0),
(36,14,'FUSE',3,'2020-12-22 11:49:55',0,0,NULL,0,NULL,0,0,0,0,NULL,0),
(37,14,'HEAT SINK',3,'2020-12-22 11:50:13',0,0,NULL,0,NULL,0,0,0,0,NULL,0),
(38,14,'RESISTORS',3,'2020-12-22 11:50:34',0,0,NULL,0,NULL,0,0,0,0,NULL,0),
(39,14,'CAPACITOR',3,'2020-12-22 11:51:06',0,0,NULL,0,NULL,0,0,0,0,NULL,0),
(40,14,'INDUCTORS',3,'2020-12-22 11:51:28',0,0,NULL,0,NULL,0,0,0,0,NULL,0),
(41,14,'RELAYS',3,'2020-12-22 11:51:49',0,0,NULL,0,NULL,0,0,0,0,NULL,0),
(42,14,'IC',3,'2020-12-22 11:52:07',0,0,NULL,0,NULL,0,0,0,0,NULL,0),
(43,14,'PERF BOARD',3,'2020-12-22 11:52:29',0,0,NULL,0,NULL,0,0,0,0,NULL,0),
(44,14,'REGULATOR',3,'2020-12-22 11:52:58',0,0,NULL,0,NULL,0,0,0,0,NULL,0),
(45,14,'POTENTIOMETERS',3,'2020-12-22 11:53:20',0,0,NULL,0,NULL,0,0,0,0,NULL,0),
(46,14,'TRANSFORMNERS',3,'2020-12-22 11:53:47',0,0,NULL,0,NULL,0,0,0,0,NULL,0),
(47,14,'DIODES',3,'2020-12-22 11:54:06',0,0,NULL,0,NULL,0,0,0,0,NULL,0),
(48,14,'TRANSISITORS',3,'2020-12-22 11:54:28',0,0,NULL,0,NULL,0,0,0,0,NULL,0),
(49,14,'RECTIFIERS',3,'2020-12-22 11:54:46',0,0,NULL,0,NULL,0,0,0,0,NULL,0),
(50,14,'CRYSTAL OSCILLATORS',3,'2020-12-22 11:55:05',0,0,NULL,0,NULL,0,0,0,0,NULL,0),
(51,14,'SWITCHES',3,'2020-12-22 11:55:23',0,0,NULL,0,NULL,0,0,0,0,NULL,0),
(52,14,'SENSORS',3,'2020-12-22 11:58:14',0,0,NULL,0,NULL,0,0,0,0,NULL,0),
(53,14,'SOLENOID',3,'2020-12-22 11:58:32',0,0,NULL,0,NULL,0,0,0,0,NULL,0),
(54,18,'CABLE GLANDS',3,'2020-12-22 11:59:38',0,0,NULL,0,NULL,0,0,0,0,NULL,0),
(55,18,'DIN RAIL',3,'2020-12-22 11:59:59',0,0,NULL,0,NULL,0,0,0,0,NULL,0),
(56,18,'DIN RAIL ADAPTER',3,'2020-12-22 12:00:16',0,0,NULL,0,NULL,0,0,0,0,NULL,0),
(57,18,'E BOX',3,'2020-12-22 12:00:32',0,0,NULL,0,NULL,0,0,0,0,NULL,0),
(58,18,'FAN FILTER UNIT',3,'2020-12-22 12:00:49',0,0,NULL,0,NULL,0,0,0,0,NULL,0),
(59,19,'ADAPTER',3,'2020-12-22 12:01:20',0,0,NULL,0,NULL,0,0,0,0,NULL,0),
(60,19,'BANANA PLUG',3,'2020-12-22 12:01:36',0,0,NULL,0,NULL,0,0,0,0,NULL,0),
(61,19,'CONTACT',3,'2020-12-22 12:01:59',0,0,NULL,0,NULL,0,0,0,0,NULL,0),
(62,19,'D SUB CONNECTOR',3,'2020-12-22 12:02:16',0,0,NULL,0,NULL,0,0,0,0,NULL,0),
(63,19,'FERRULE',3,'2020-12-22 12:02:35',0,0,NULL,0,NULL,0,0,0,0,NULL,0),
(64,19,'LUGS',3,'2020-12-22 12:02:52',0,0,NULL,0,NULL,0,0,0,0,NULL,0),
(65,19,'FIBER OPTIC PLUG AND SOCKET',3,'2020-12-22 12:03:07',0,0,NULL,0,NULL,0,0,0,0,NULL,0),
(66,19,'HEADER CONNECTOR',3,'2020-12-22 12:03:23',0,0,NULL,0,NULL,0,0,0,0,NULL,0),
(67,19,'PROBE',3,'2020-12-22 12:03:37',0,0,NULL,0,NULL,0,0,0,0,NULL,0),
(68,20,'CAMERA',3,'2020-12-22 12:10:29',0,0,NULL,0,NULL,0,0,0,0,NULL,0),
(69,20,'PLC',3,'2020-12-22 12:10:49',0,0,NULL,0,NULL,0,0,0,0,NULL,0),
(70,20,'DRIVER',3,'2020-12-22 12:11:11',0,0,NULL,0,NULL,0,0,0,0,NULL,0),
(71,20,'DISPLAY',3,'2020-12-22 12:11:28',0,0,NULL,0,NULL,0,0,0,0,NULL,0),
(72,20,'D-LINK',3,'2020-12-22 12:11:46',0,0,NULL,0,NULL,0,0,0,0,NULL,0),
(73,20,'EMBEDDED PC',3,'2020-12-22 12:12:04',0,0,NULL,0,NULL,0,0,0,0,NULL,0),
(74,20,'ENERGY METER',3,'2020-12-22 12:12:20',0,0,NULL,0,NULL,0,0,0,0,NULL,0),
(75,20,'EQUIPMENT',3,'2020-12-22 12:13:12',0,0,NULL,0,NULL,0,0,0,0,NULL,0),
(76,20,'ETHER CAT TERMINAL AND COUPLER',3,'2020-12-22 12:13:33',0,0,NULL,0,NULL,0,0,0,0,NULL,0),
(77,20,'FACE SCANNER',3,'2020-12-22 12:13:54',0,0,NULL,0,NULL,0,0,0,0,NULL,0),
(78,20,'FAN',3,'2020-12-22 12:14:09',0,0,NULL,0,NULL,0,0,0,0,NULL,0),
(79,20,'HMI',3,'2020-12-22 12:14:26',0,0,NULL,0,NULL,0,0,0,0,NULL,0),
(80,20,'HUBS',3,'2020-12-22 12:14:44',0,0,NULL,0,NULL,0,0,0,0,NULL,0),
(81,20,'LED ANALYSER',3,'2020-12-22 12:14:59',0,0,NULL,0,NULL,0,0,0,0,NULL,0),
(82,20,'MICROCONTROLLER',3,'2020-12-22 12:15:15',0,0,NULL,0,NULL,0,0,0,0,NULL,0),
(83,21,'Keyboard',3,'2020-12-22 12:15:37',0,0,NULL,0,NULL,0,0,0,0,NULL,0),
(84,21,'Mouse',3,'2020-12-22 12:15:57',0,0,NULL,0,NULL,0,0,0,0,NULL,0),
(85,21,'Touch screen',3,'2020-12-22 12:16:24',0,0,NULL,0,NULL,0,0,0,0,NULL,0),
(86,21,'Pen tablet',3,'2020-12-22 12:16:45',0,0,NULL,0,NULL,0,0,0,0,NULL,0),
(87,21,'Joystick',3,'2020-12-22 12:17:08',0,0,NULL,0,NULL,0,0,0,0,NULL,0),
(88,21,'MIDI keyboard',3,'2020-12-22 12:17:31',0,0,NULL,0,NULL,0,0,0,0,NULL,0),
(89,21,'Scanner',3,'2020-12-22 12:17:50',0,0,NULL,0,NULL,0,0,0,0,NULL,0),
(90,21,'Digital camera',3,'2020-12-22 12:18:06',0,0,NULL,0,NULL,0,0,0,0,NULL,0),
(91,21,'Video camera',3,'2020-12-22 12:18:24',0,0,NULL,0,NULL,0,0,0,0,NULL,0),
(92,21,'Microphone',3,'2020-12-22 12:18:41',0,0,NULL,0,NULL,0,0,0,0,NULL,0),
(93,21,'Monitor',3,'2020-12-22 12:18:57',0,0,NULL,0,NULL,0,0,0,0,NULL,0),
(94,21,'Projector',3,'2020-12-22 12:19:13',0,0,NULL,0,NULL,0,0,0,0,NULL,0),
(95,21,'TV screen',3,'2020-12-22 12:19:27',0,0,NULL,0,NULL,0,0,0,0,NULL,0),
(96,21,'Printer',3,'2020-12-22 12:19:40',0,0,NULL,0,NULL,0,0,0,0,NULL,0),
(97,21,'Plotter',3,'2020-12-22 12:19:59',0,0,NULL,0,NULL,0,0,0,0,NULL,0),
(98,21,'Speakers',3,'2020-12-22 12:20:18',0,0,NULL,0,NULL,0,0,0,0,NULL,0),
(99,21,'EXTERNAL HARDDISK',3,'2020-12-22 12:20:39',0,0,NULL,0,NULL,0,0,0,0,NULL,0),
(100,21,'Digital camcorders',3,'2020-12-22 12:20:57',0,0,NULL,0,NULL,0,0,0,0,NULL,0),
(101,21,'Digital mixers',3,'2020-12-22 12:21:12',0,0,NULL,0,NULL,0,0,0,0,NULL,0),
(102,21,'MIDIequipment',3,'2020-12-22 12:21:26',0,0,NULL,0,NULL,0,0,0,0,NULL,0),
(103,23,'RF CONNECTOR',3,'2020-12-22 12:21:47',0,0,NULL,0,NULL,0,0,0,0,NULL,0),
(104,12,'FAN',3,'2020-12-31 13:40:07',0,0,NULL,0,NULL,0,0,0,0,NULL,0),
(105,13,'Sensor',3,'2020-12-31 13:44:22',0,0,NULL,0,NULL,0,0,0,0,NULL,0),
(106,34,'MAGNET',3,'2021-01-02 19:12:11',0,0,NULL,1,'2021-01-02 19:27:34',3,0,0,0,NULL,0),
(107,36,'Connector',3,'2021-01-02 19:27:03',0,0,NULL,1,'2021-01-02 19:27:43',3,0,0,0,NULL,0),
(108,38,'Connector/Linear Rail',3,'2021-01-02 19:31:44',0,0,NULL,0,NULL,0,0,0,0,NULL,0),
(109,40,'LABEL',3,'2021-01-04 14:22:52',0,0,NULL,1,'2021-01-04 14:27:57',3,0,0,0,NULL,0),
(110,41,'PULLEY',3,'2021-01-09 09:27:26',0,0,NULL,1,'2021-01-09 09:35:55',3,0,0,0,NULL,0),
(111,41,'BELT',3,'2021-01-09 09:27:40',0,0,NULL,1,'2021-01-09 09:35:55',3,0,0,0,NULL,0),
(112,41,'GEARS',3,'2021-01-09 09:27:49',0,0,NULL,1,'2021-01-09 09:35:55',3,0,0,0,NULL,0),
(113,43,'Others/connector',3,'2021-01-18 13:44:52',0,0,NULL,0,NULL,0,0,0,0,NULL,0),
(114,43,'Others/Detector',3,'2021-01-18 13:45:01',0,0,NULL,0,NULL,0,0,0,0,NULL,0),
(115,17,'WIRE',3,'2021-01-21 16:14:41',0,0,NULL,0,NULL,0,0,0,0,NULL,0),
(116,17,'USB CABLE',3,'2021-01-21 16:24:48',0,0,NULL,0,NULL,0,0,0,0,NULL,0),
(117,16,'Sub item of motion comp',3,'2021-01-21 19:18:40',0,0,NULL,0,NULL,0,0,0,0,NULL,0),
(118,23,'ADAPTER',NULL,'2021-01-29 11:38:14',0,0,NULL,0,NULL,0,0,0,0,NULL,0),
(119,23,'CONNECTOR',NULL,'2021-01-29 11:39:03',0,0,NULL,0,NULL,0,0,0,0,NULL,0),
(120,23,'PROBE',NULL,'2021-01-29 11:41:09',0,0,NULL,0,NULL,0,0,0,0,NULL,0),
(121,23,'CLIP',NULL,'2021-01-29 11:41:51',0,0,NULL,0,NULL,0,0,0,0,NULL,0),
(122,23,'ATTENUATOR',NULL,'2021-01-29 11:43:02',0,0,NULL,0,NULL,0,0,0,0,NULL,0),
(123,23,'CABLE',NULL,'2021-01-29 11:46:22',0,0,NULL,0,NULL,0,0,0,0,NULL,0),
(124,23,'PLUG',NULL,'2021-01-29 11:47:18',0,0,NULL,0,NULL,0,0,0,0,NULL,0),
(125,23,'GASKETS',NULL,'2021-01-29 11:51:05',0,0,NULL,0,NULL,0,0,0,0,NULL,0),
(126,17,'CONNECTOR',NULL,'2021-01-29 11:52:37',0,0,NULL,0,NULL,0,0,0,0,NULL,0),
(127,21,'ADAPTER',NULL,'2021-01-29 11:54:26',0,0,NULL,0,NULL,0,0,0,0,NULL,0),
(128,23,'PIN',NULL,'2021-01-29 12:05:23',0,0,NULL,0,NULL,0,0,0,0,NULL,0),
(129,23,'POWER SPLITTER ',NULL,'2021-01-29 12:08:17',0,0,NULL,0,NULL,0,0,0,0,NULL,0),
(130,23,'Connector/Adapter',NULL,'2021-01-29 12:16:40',0,0,NULL,0,NULL,0,0,0,0,NULL,0),
(131,23,'EMC Components/Connector',NULL,'2021-01-29 12:19:18',0,0,NULL,0,NULL,0,0,0,0,NULL,0),
(132,23,'Assembly Technique/Adapter',NULL,'2021-01-29 12:20:06',0,0,NULL,0,NULL,0,0,0,0,NULL,0),
(133,23,'CONNECTOR / TERMINAL ',NULL,'2021-01-29 12:21:55',0,0,NULL,0,NULL,0,0,0,0,NULL,0),
(134,23,'E96',NULL,'2021-01-29 12:26:46',0,0,NULL,0,NULL,0,0,0,0,NULL,0),
(135,23,'VIISION PARTS/CAMERA PARTS',NULL,'2021-01-29 12:32:01',0,0,NULL,0,NULL,0,0,0,0,NULL,0),
(136,17,'Connector/Plug',NULL,'2021-01-29 12:38:51',0,0,NULL,0,NULL,0,0,0,0,NULL,0),
(137,110,'Jaat',NULL,'2021-01-29 12:41:06',1,3,'2021-05-05 07:40:33',0,NULL,0,1,3,0,NULL,0),
(138,17,'Others/Pin',NULL,'2021-01-29 12:41:42',0,0,NULL,0,NULL,0,0,0,0,NULL,0),
(139,17,'NYLON',NULL,'2021-01-29 12:42:27',0,0,NULL,0,NULL,0,0,0,0,NULL,0),
(140,17,'LATCH',NULL,'2021-01-29 12:43:30',0,0,NULL,0,NULL,0,0,0,0,NULL,0),
(141,17,'Others/Spring',NULL,'2021-01-29 12:44:20',0,0,NULL,0,NULL,0,0,0,0,NULL,0),
(142,17,'PLUG',NULL,'2021-01-29 12:45:18',0,0,NULL,0,NULL,0,0,0,0,NULL,0),
(143,17,'Others/Dielectric of paper and plastic',NULL,'2021-01-29 12:48:17',0,0,NULL,0,NULL,0,0,0,0,NULL,0),
(144,17,'Others',NULL,'2021-01-29 12:48:58',0,0,NULL,0,NULL,0,0,0,0,NULL,0),
(145,17,'Others/Lead/bare wire',NULL,'2021-01-29 12:50:47',0,0,NULL,0,NULL,0,0,0,0,NULL,0),
(146,17,'Others/Detector',NULL,'2021-01-29 12:52:04',0,0,NULL,0,NULL,0,0,0,0,NULL,0),
(147,17,'Others/Cable tie',NULL,'2021-01-29 12:53:04',0,0,NULL,0,NULL,0,0,0,0,NULL,0),
(148,17,'Others/Header',NULL,'2021-01-29 12:54:02',0,0,NULL,0,NULL,0,0,0,0,NULL,0),
(149,17,'POWER CORD',NULL,'2021-01-29 13:01:16',0,0,NULL,0,NULL,0,0,0,0,NULL,0),
(150,17,'BELT',NULL,'2021-01-29 13:04:16',0,0,NULL,0,NULL,0,0,0,0,NULL,0),
(151,17,'ELECTRICAL',NULL,'2021-01-29 13:06:30',0,0,NULL,0,NULL,0,0,0,0,NULL,0),
(152,17,'Power Supply',NULL,'2021-01-29 13:09:35',0,0,NULL,0,NULL,0,0,0,0,NULL,0),
(153,17,'FOAM',NULL,'2021-01-29 13:10:19',0,0,NULL,0,NULL,0,0,0,0,NULL,0),
(154,17,'CABLE/WIRE',NULL,'2021-01-29 13:14:22',0,0,NULL,0,NULL,0,0,0,0,NULL,0),
(155,17,'Tubing/Sleeving',NULL,'2021-01-29 13:15:50',0,0,NULL,0,NULL,0,0,0,0,NULL,0),
(156,17,'Tubing',NULL,'2021-01-29 13:16:47',0,0,NULL,0,NULL,0,0,0,0,NULL,0),
(157,19,'CONNECTOR',NULL,'2021-01-29 13:22:41',0,0,NULL,0,NULL,0,0,0,0,NULL,0),
(158,19,'PIN',NULL,'2021-01-29 13:25:27',0,0,NULL,0,NULL,0,0,0,0,NULL,0),
(159,19,'CONNECTOR / TERMINAL ',NULL,'2021-01-29 13:25:58',0,0,NULL,0,NULL,0,0,0,0,NULL,0),
(160,19,'CONNECTOR/HEADER',NULL,'2021-01-29 13:26:55',0,0,NULL,0,NULL,0,0,0,0,NULL,0),
(161,19,'CONNECTOR/SOCKET',NULL,'2021-01-29 13:29:48',0,0,NULL,0,NULL,0,0,0,0,NULL,0),
(162,19,'HEADER',NULL,'2021-01-29 13:36:56',0,0,NULL,0,NULL,0,0,0,0,NULL,0),
(163,19,'Connector/Pin',NULL,'2021-01-29 13:38:52',0,0,NULL,0,NULL,0,0,0,0,NULL,0),
(164,19,'Connector/Adapter',NULL,'2021-01-29 13:41:00',0,0,NULL,0,NULL,0,0,0,0,NULL,0),
(165,19,'SOCKET',NULL,'2021-01-29 13:42:05',0,0,NULL,0,NULL,0,0,0,0,NULL,0),
(166,19,'EMC Components/Connector',NULL,'2021-01-29 13:42:32',0,0,NULL,0,NULL,0,0,0,0,NULL,0),
(167,19,'CABLE',NULL,'2021-01-29 13:43:27',0,0,NULL,0,NULL,0,0,0,0,NULL,0),
(168,19,'Connector/Gasket',NULL,'2021-01-29 13:45:24',0,0,NULL,0,NULL,0,0,0,0,NULL,0),
(169,19,'Connector/Detector',NULL,'2021-01-29 13:47:29',0,0,NULL,0,NULL,0,0,0,0,NULL,0),
(170,19,'Assembly Technique',NULL,'2021-01-29 13:48:56',0,0,NULL,0,NULL,0,0,0,0,NULL,0),
(171,19,'Connector/Solder Bar',NULL,'2021-01-29 13:53:11',0,0,NULL,0,NULL,0,0,0,0,NULL,0),
(172,19,'Connector/Plug',NULL,'2021-01-29 13:57:26',0,0,NULL,0,NULL,0,0,0,0,NULL,0),
(173,19,'EMC Components/Connector',NULL,'2021-01-29 13:59:00',0,0,NULL,0,NULL,0,0,0,0,NULL,0),
(174,19,'Assembly Technique/Socket',NULL,'2021-01-29 14:00:08',0,0,NULL,0,NULL,0,0,0,0,NULL,0),
(175,19,'Signal&Communications/Socket',NULL,'2021-01-29 14:00:49',0,0,NULL,0,NULL,0,0,0,0,NULL,0),
(176,19,'Signal&Communication/ Connector',NULL,'2021-01-29 14:01:22',0,0,NULL,0,NULL,0,0,0,0,NULL,0),
(177,19,'Assembly Technique/Pin',NULL,'2021-01-29 14:03:02',0,0,NULL,0,NULL,0,0,0,0,NULL,0),
(178,19,'USB',NULL,'2021-01-29 14:05:50',0,0,NULL,0,NULL,0,0,0,0,NULL,0),
(179,19,'Connector/Pcb',NULL,'2021-01-29 14:06:18',0,0,NULL,0,NULL,0,0,0,0,NULL,0),
(180,19,'Others/Fasterner',NULL,'2021-01-29 14:08:41',0,0,NULL,0,NULL,0,0,0,0,NULL,0),
(181,19,'Others/Bracket/EMI Bracket',NULL,'2021-01-29 14:09:53',0,0,NULL,0,NULL,0,0,0,0,NULL,0),
(182,19,'Others',NULL,'2021-01-29 14:10:58',0,0,NULL,0,NULL,0,0,0,0,NULL,0),
(183,19,'Others/Dielectric of paper and plastic',NULL,'2021-01-29 14:12:37',0,0,NULL,0,NULL,0,0,0,0,NULL,0),
(184,19,'Others/Connector',NULL,'2021-01-29 14:13:57',0,0,NULL,0,NULL,0,0,0,0,NULL,0),
(185,19,'Others/Metal Clip',NULL,'2021-01-29 14:14:39',0,0,NULL,0,NULL,0,0,0,0,NULL,0),
(186,19,'COVER',NULL,'2021-01-29 14:15:21',0,0,NULL,0,NULL,0,0,0,0,NULL,0),
(187,19,'MOTOR',NULL,'2021-01-29 14:18:34',0,0,NULL,0,NULL,0,0,0,0,NULL,0),
(188,19,'SEMICONDUCTOR',NULL,'2021-01-29 14:20:52',0,0,NULL,0,NULL,0,0,0,0,NULL,0),
(189,19,'RESISTORS',NULL,'2021-01-29 14:21:40',0,0,NULL,0,NULL,0,0,0,0,NULL,0),
(190,19,'DIODE',NULL,'2021-01-29 14:22:10',0,0,NULL,0,NULL,0,0,0,0,NULL,0),
(191,14,'EDGE PROTECTOR BOARD ',NULL,'2021-01-29 15:23:58',0,0,NULL,0,NULL,0,0,0,0,NULL,0),
(192,14,'SERVICE',NULL,'2021-01-29 15:26:27',0,0,NULL,0,NULL,0,0,0,0,NULL,0),
(193,14,'CONNECTOR',NULL,'2021-01-29 15:29:27',0,0,NULL,0,NULL,0,0,0,0,NULL,0),
(194,14,'Connector/Adapter',NULL,'2021-01-29 15:31:31',0,0,NULL,0,NULL,0,0,0,0,NULL,0),
(195,14,'Connector/Switch',NULL,'2021-01-29 15:32:10',0,0,NULL,0,NULL,0,0,0,0,NULL,0),
(196,14,'Connector/Valve-solenoid',NULL,'2021-01-29 15:32:37',0,0,NULL,0,NULL,0,0,0,0,NULL,0),
(197,14,'EMC Components/Resistor',NULL,'2021-01-29 15:35:06',0,0,NULL,0,NULL,0,0,0,0,NULL,0),
(198,14,'EMC Components/Fixed Capacitor',NULL,'2021-01-29 15:35:48',0,0,NULL,0,NULL,0,0,0,0,NULL,0),
(199,14,'EMC Components/Connector',NULL,'2021-01-29 15:37:01',0,0,NULL,0,NULL,0,0,0,0,NULL,0),
(200,14,'EMC Components/Ceramic Dielectric,Single Layer',NULL,'2021-01-29 15:37:23',0,0,NULL,0,NULL,0,0,0,0,NULL,0),
(201,14,'Switches/Switch',NULL,'2021-01-29 15:39:33',0,0,NULL,0,NULL,0,0,0,0,NULL,0),
(202,14,'Switches/Fuse Switches and Switch Fuses',NULL,'2021-01-29 15:40:07',0,0,NULL,0,NULL,0,0,0,0,NULL,0),
(203,14,'Switches/Detector',NULL,'2021-01-29 15:41:19',0,0,NULL,0,NULL,0,0,0,0,NULL,0),
(204,14,'EMC Components/Fuse',NULL,'2021-01-29 15:44:32',0,0,NULL,0,NULL,0,0,0,0,NULL,0),
(205,14,'LED/Diode',NULL,'2021-01-29 15:46:15',0,0,NULL,0,NULL,0,0,0,0,NULL,0),
(206,14,'LED/Service',NULL,'2021-01-29 15:47:05',0,0,NULL,0,NULL,0,0,0,0,NULL,0),
(207,14,'Signal&Communication/Connector',NULL,'2021-01-29 15:48:42',0,0,NULL,0,NULL,0,0,0,0,NULL,0),
(208,14,'EMC Components/Transistor',NULL,'2021-01-29 15:51:20',0,0,NULL,0,NULL,0,0,0,0,NULL,0),
(209,14,'EMC Components/Washer',NULL,'2021-01-29 15:51:55',0,0,NULL,0,NULL,0,0,0,0,NULL,0),
(210,14,'EMC Components/Diode',NULL,'2021-01-29 15:53:36',0,0,NULL,0,NULL,0,0,0,0,NULL,0),
(211,14,'EMC Components/Variableor Adjustable Capacitor',NULL,'2021-01-29 15:55:10',0,0,NULL,0,NULL,0,0,0,0,NULL,0),
(212,14,'EMC Components/Relay',NULL,'2021-01-29 15:55:34',0,0,NULL,0,NULL,0,0,0,0,NULL,0),
(213,14,'EMC Components/Fixed Carbon Resistor',NULL,'2021-01-29 15:56:53',0,0,NULL,0,NULL,0,0,0,0,NULL,0),
(214,14,'EMC Components/Semiconductor Device',NULL,'2021-01-29 15:59:02',0,0,NULL,0,NULL,0,0,0,0,NULL,0),
(215,14,'Others/Connector',NULL,'2021-01-29 16:01:00',0,0,NULL,0,NULL,0,0,0,0,NULL,0),
(216,14,'PLASTIC BAG',NULL,'2021-01-29 16:02:43',0,0,NULL,0,NULL,0,0,0,0,NULL,0),
(217,14,'SEMICONDUCTOR',NULL,'2021-01-29 16:05:01',0,0,NULL,0,NULL,0,0,0,0,NULL,0),
(218,14,'INTERGRATED',NULL,'2021-01-29 16:06:04',0,0,NULL,0,NULL,0,0,0,0,NULL,0),
(219,14,'SINGLE LAYER',NULL,'2021-01-29 16:06:49',0,0,NULL,0,NULL,0,0,0,0,NULL,0),
(220,14,'HEADER',NULL,'2021-01-29 16:12:00',0,0,NULL,0,NULL,0,0,0,0,NULL,0),
(221,14,'SEMICONDUCTOR DEVICES',NULL,'2021-01-29 16:12:43',0,0,NULL,0,NULL,0,0,0,0,NULL,0),
(222,14,'PCB',NULL,'2021-01-29 16:13:29',0,0,NULL,0,NULL,0,0,0,0,NULL,0),
(223,14,'E-CAP',NULL,'2021-01-29 16:15:37',0,0,NULL,0,NULL,0,0,0,0,NULL,0),
(224,14,'PIN',NULL,'2021-01-29 16:17:21',0,0,NULL,0,NULL,0,0,0,0,NULL,0),
(225,14,'INTERGRATED CIRCUIT ',NULL,'2021-01-29 16:19:27',0,0,NULL,0,NULL,0,0,0,0,NULL,0),
(226,14,'CERAMIC DIELECTRI',NULL,'2021-01-29 16:21:44',0,0,NULL,0,NULL,0,0,0,0,NULL,0),
(227,14,'8531 20 0000',NULL,'2021-01-29 16:23:52',0,0,NULL,0,NULL,0,0,0,0,NULL,0),
(228,14,'JUMPER',NULL,'2021-01-29 16:25:38',0,0,NULL,0,NULL,0,0,0,0,NULL,0),
(229,14,'PCBA',NULL,'2021-01-29 16:26:45',0,0,NULL,0,NULL,0,0,0,0,NULL,0),
(230,14,'BRACKET/EMI BRACKET',NULL,'2021-01-29 16:30:13',0,0,NULL,0,NULL,0,0,0,0,NULL,0),
(231,14,'FABRICATION PART',NULL,'2021-01-29 16:39:12',0,0,NULL,0,NULL,0,0,0,0,NULL,0),
(232,14,'BUZZEER',NULL,'2021-01-29 16:39:46',0,0,NULL,0,NULL,0,0,0,0,NULL,0),
(233,14,'FIXED CAPACITORS',NULL,'2021-01-29 16:41:20',0,0,NULL,0,NULL,0,0,0,0,NULL,0),
(234,14,'Pieces',NULL,'2021-01-29 16:42:13',0,0,NULL,0,NULL,0,0,0,0,NULL,0),
(235,14,'CERAMIC DIELECTRIC, SINGLE LAYER',NULL,'2021-01-29 16:49:03',0,0,NULL,0,NULL,0,0,0,0,NULL,0),
(236,14,'Pcs',NULL,'2021-01-29 17:02:38',0,0,NULL,0,NULL,0,0,0,0,NULL,0),
(237,14,'RF SWITCH',NULL,'2021-01-29 17:03:58',0,0,NULL,0,NULL,0,0,0,0,NULL,0),
(238,15,'Connector/Bracket/EMI Bracket',NULL,'2021-01-29 17:07:47',0,0,NULL,0,NULL,0,0,0,0,NULL,0),
(239,15,'Connector/Valve-solenoid',NULL,'2021-01-29 17:08:38',0,0,NULL,0,NULL,0,0,0,0,NULL,0),
(240,15,'Connector/Fasterner',NULL,'2021-01-29 17:09:22',0,0,NULL,0,NULL,0,0,0,0,NULL,0),
(241,15,'BUTTON PLASTIC / KNOB',NULL,'2021-01-29 17:11:11',0,0,NULL,0,NULL,0,0,0,0,NULL,0),
(242,15,'Switches/Switch',NULL,'2021-01-29 17:12:13',0,0,NULL,0,NULL,0,0,0,0,NULL,0),
(243,15,'Assembly Technique/Cylinder',NULL,'2021-01-29 17:12:53',0,0,NULL,0,NULL,0,0,0,0,NULL,0),
(244,15,'Assembly Technique/\\Valve-Solenoid',NULL,'2021-01-29 17:14:37',0,0,NULL,0,NULL,0,0,0,0,NULL,0),
(245,15,'Connector',NULL,'2021-01-29 17:15:45',0,0,NULL,0,NULL,0,0,0,0,NULL,0),
(246,15,'VALVE-SOLENOID',NULL,'2021-01-29 17:16:23',0,0,NULL,0,NULL,0,0,0,0,NULL,0),
(247,15,'Others/Valve-solenoid',NULL,'2021-01-29 17:17:27',0,0,NULL,0,NULL,0,0,0,0,NULL,0),
(248,15,'Assembly Technique',NULL,'2021-01-29 17:18:04',0,0,NULL,0,NULL,0,0,0,0,NULL,0),
(249,15,'Connector/Cylinder',NULL,'2021-01-29 17:20:02',0,0,NULL,0,NULL,0,0,0,0,NULL,0),
(250,15,'Others/Vulcanised rubber with fitting',NULL,'2021-01-29 17:22:59',0,0,NULL,0,NULL,0,0,0,0,NULL,0),
(251,15,'CONNECTOR / TERMINAL ',NULL,'2021-01-29 17:25:02',0,0,NULL,0,NULL,0,0,0,0,NULL,0),
(252,15,'Others/Dielectric of paper and plastic',NULL,'2021-01-29 17:26:35',0,0,NULL,0,NULL,0,0,0,0,NULL,0),
(253,15,'Others/Detector',NULL,'2021-01-29 17:27:15',0,0,NULL,0,NULL,0,0,0,0,NULL,0),
(254,15,'Others/Connector',NULL,'2021-01-29 17:29:19',0,0,NULL,0,NULL,0,0,0,0,NULL,0),
(255,15,'Vacuum Pump',NULL,'2021-01-29 17:32:57',0,0,NULL,0,NULL,0,0,0,0,NULL,0),
(256,15,'ELBOW',NULL,'2021-01-29 17:33:29',0,0,NULL,0,NULL,0,0,0,0,NULL,0),
(257,15,'FASTERNER',NULL,'2021-01-29 17:35:30',0,0,NULL,0,NULL,0,0,0,0,NULL,0),
(258,15,'TUBING',NULL,'2021-01-29 17:36:05',0,0,NULL,0,NULL,0,0,0,0,NULL,0),
(259,15,'Wire',NULL,'2021-01-29 17:37:28',0,0,NULL,0,NULL,0,0,0,0,NULL,0),
(260,11,'PIN',NULL,'2021-01-29 18:24:29',0,0,NULL,0,NULL,0,0,0,0,NULL,0),
(261,11,'LATCH',NULL,'2021-01-29 18:31:02',0,0,NULL,0,NULL,0,0,0,0,NULL,0),
(262,11,'FASTERNER',NULL,'2021-01-29 18:36:19',0,0,NULL,0,NULL,0,0,0,0,NULL,0),
(263,11,'CLIP',NULL,'2021-01-29 18:37:21',0,0,NULL,0,NULL,0,0,0,0,NULL,0),
(264,11,'RING',NULL,'2021-01-29 18:57:02',0,0,NULL,0,NULL,0,0,0,0,NULL,0),
(265,11,'BALL PLUNGER',NULL,'2021-01-29 18:57:25',0,0,NULL,0,NULL,0,0,0,0,NULL,0),
(266,11,'Others/Adapter',NULL,'2021-01-29 18:59:15',0,0,NULL,0,NULL,0,0,0,0,NULL,0),
(267,11,'Others/Spring',NULL,'2021-01-29 18:59:48',0,0,NULL,0,NULL,0,0,0,0,NULL,0),
(268,11,'Connector/Screw',NULL,'2021-01-29 19:00:58',0,0,NULL,0,NULL,0,0,0,0,NULL,0),
(269,38,'Assembly Technique/Bush',NULL,'2021-01-29 19:07:14',0,0,NULL,0,NULL,0,0,0,0,NULL,0),
(270,38,'Others/Bush',NULL,'2021-01-29 19:07:14',0,0,NULL,0,NULL,0,0,0,0,NULL,0),
(271,38,'BUSHING',NULL,'2021-01-29 19:08:49',0,0,NULL,0,NULL,0,0,0,0,NULL,0),
(272,38,'Assembly Technique/Bearing',NULL,'2021-01-29 19:08:49',0,0,NULL,0,NULL,0,0,0,0,NULL,0),
(273,38,'Assembly Technique/Ball Screw',NULL,'2021-01-29 19:11:02',0,0,NULL,0,NULL,0,0,0,0,NULL,0),
(274,38,'BEARING',NULL,'2021-01-29 19:11:24',0,0,NULL,0,NULL,0,0,0,0,NULL,0),
(275,38,'SERVICE',NULL,'2021-01-29 19:13:51',0,0,NULL,0,NULL,0,0,0,0,NULL,0),
(276,38,'GEARS',NULL,'2021-01-29 19:14:49',0,0,NULL,0,NULL,0,0,0,0,NULL,0),
(277,38,'COVER',NULL,'2021-01-29 19:17:59',0,0,NULL,0,NULL,0,0,0,0,NULL,0),
(278,38,'BALL SCREW',NULL,'2021-01-29 19:18:30',0,0,NULL,0,NULL,0,0,0,0,NULL,0),
(279,25,'WIRE',NULL,'2021-01-29 19:20:55',0,0,NULL,0,NULL,0,0,0,0,NULL,0),
(280,25,'Tubing',NULL,'2021-01-29 19:21:22',0,0,NULL,0,NULL,0,0,0,0,NULL,0),
(281,25,'SERVICE',NULL,'2021-01-29 19:22:01',0,0,NULL,0,NULL,0,0,0,0,NULL,0),
(282,25,'FOAM',NULL,'2021-01-29 19:22:49',0,0,NULL,0,NULL,0,0,0,0,NULL,0),
(283,25,'DIELECTRIC OF PAPER/PLASTICS',NULL,'2021-01-29 19:24:15',0,0,NULL,0,NULL,0,0,0,0,NULL,0),
(284,25,'PLASTICS',NULL,'2021-01-29 19:25:01',0,0,NULL,0,NULL,0,0,0,0,NULL,0),
(285,25,'PAPER',NULL,'2021-01-29 19:25:57',0,0,NULL,0,NULL,0,0,0,0,NULL,0),
(286,25,'CLIP',NULL,'2021-01-29 19:26:45',0,0,NULL,0,NULL,0,0,0,0,NULL,0),
(287,25,'HARDWARE25',NULL,'2021-01-29 19:30:49',0,0,NULL,0,NULL,0,0,0,0,NULL,0),
(288,36,'PLUG',NULL,'2021-01-29 19:34:23',0,0,NULL,0,NULL,0,0,0,0,NULL,0),
(289,36,'Switches/Switch',NULL,'2021-01-29 19:35:37',0,0,NULL,0,NULL,0,0,0,0,NULL,0),
(290,36,'EMC Components/Relay',NULL,'2021-01-29 19:36:37',0,0,NULL,0,NULL,0,0,0,0,NULL,0),
(291,35,'PCB',NULL,'2021-01-29 19:41:38',0,0,NULL,0,NULL,0,0,0,0,NULL,0),
(292,35,'SOCKET',NULL,'2021-01-29 19:43:40',0,0,NULL,0,NULL,0,0,0,0,NULL,0),
(293,35,'CONNECTOR',NULL,'2021-01-29 19:44:02',0,0,NULL,0,NULL,0,0,0,0,NULL,0),
(294,35,'DIODE',NULL,'2021-01-29 19:45:33',0,0,NULL,0,NULL,0,0,0,0,NULL,0),
(295,35,'INSULATOR',NULL,'2021-01-29 19:48:01',0,0,NULL,0,NULL,0,0,0,0,NULL,0),
(296,35,'USB CABLE',NULL,'2021-01-29 19:48:14',0,0,NULL,0,NULL,0,0,0,0,NULL,0),
(297,35,'PCBA',NULL,'2021-01-29 19:48:44',0,0,NULL,0,NULL,0,0,0,0,NULL,0),
(298,35,'ELECTRIC MOTOR',NULL,'2021-01-29 19:50:08',0,0,NULL,0,NULL,0,0,0,0,NULL,0),
(299,26,'SENSOR',NULL,'2021-01-30 10:26:34',0,0,NULL,0,NULL,0,0,0,0,NULL,0),
(300,26,'BRACKET',NULL,'2021-01-30 10:34:35',0,0,NULL,0,NULL,0,0,0,0,NULL,0),
(301,26,'CABLE',NULL,'2021-01-30 10:35:07',0,0,NULL,0,NULL,0,0,0,0,NULL,0),
(302,26,'SENSOR CONTROLLING',NULL,'2021-01-30 10:38:57',0,0,NULL,0,NULL,0,0,0,0,NULL,0),
(303,37,'DETECTOR',NULL,'2021-01-30 10:44:39',0,0,NULL,0,NULL,0,0,0,0,NULL,0),
(304,37,'RELAY',NULL,'2021-01-30 10:45:02',0,0,NULL,0,NULL,0,0,0,0,NULL,0),
(305,37,'TRANSISTOR',NULL,'2021-01-30 10:46:31',0,0,NULL,0,NULL,0,0,0,0,NULL,0),
(306,14,'Electronic Component',NULL,'2021-01-30 10:53:02',0,0,NULL,0,NULL,0,0,0,0,NULL,0),
(307,39,'Tool',NULL,'2021-01-30 10:53:49',0,0,NULL,0,NULL,0,0,0,0,NULL,0),
(308,58,'Motion - Electronic ',NULL,'2021-01-30 10:54:25',0,0,NULL,0,NULL,0,0,0,0,NULL,0),
(309,59,'SERVICE',NULL,'2021-01-30 10:55:57',0,0,NULL,0,NULL,0,0,0,0,NULL,0),
(310,48,'MOTOR',NULL,'2021-01-30 10:56:37',0,0,NULL,0,NULL,0,0,0,0,NULL,0),
(311,50,'Assembly Technique/Detector',NULL,'2021-01-30 10:57:16',0,0,NULL,0,NULL,0,0,0,0,NULL,0),
(312,50,'DETECTOR',NULL,'2021-01-30 10:57:42',0,0,NULL,0,NULL,0,0,0,0,NULL,0),
(313,48,'ELECTRIC MOTOR',NULL,'2021-01-30 10:58:34',0,0,NULL,0,NULL,0,0,0,0,NULL,0),
(314,48,'SIGNAL GENERATORS',NULL,'2021-01-30 10:59:09',0,0,NULL,0,NULL,0,0,0,0,NULL,0),
(315,27,'Connector/Relay',NULL,'2021-01-30 10:59:55',0,0,NULL,0,NULL,0,0,0,0,NULL,0),
(316,26,'Connector/Sensor',NULL,'2021-01-30 11:00:36',0,0,NULL,0,NULL,0,0,0,0,NULL,0),
(317,26,'SWITCH',NULL,'2021-01-30 11:01:02',0,0,NULL,0,NULL,0,0,0,0,NULL,0),
(318,18,'Connector/Header',NULL,'2021-01-30 11:01:42',0,0,NULL,0,NULL,0,0,0,0,NULL,0),
(319,18,'Connector',NULL,'2021-01-30 11:02:17',0,0,NULL,0,NULL,0,0,0,0,NULL,0),
(320,42,'CONNECTOR',NULL,'2021-01-30 11:06:33',0,0,NULL,0,NULL,0,0,0,0,NULL,0),
(321,51,'Connector/Adapter',NULL,'2021-01-30 11:07:09',0,0,NULL,1,'2021-05-05 07:40:48',3,0,0,0,NULL,0),
(322,51,'Connector',NULL,'2021-01-30 11:07:48',0,0,NULL,0,NULL,0,0,0,0,NULL,0),
(323,56,'Connector/Detector',NULL,'2021-01-30 11:09:11',0,0,NULL,0,NULL,0,0,0,0,NULL,0),
(324,57,'CONNECTOR',NULL,'2021-01-30 11:10:19',0,0,NULL,0,NULL,0,0,0,0,NULL,0),
(325,12,'Connector/Detector',NULL,'2021-01-30 11:11:07',0,0,NULL,0,NULL,0,0,0,0,NULL,0),
(326,12,'Connector',NULL,'2021-01-30 11:11:36',0,0,NULL,0,NULL,0,0,0,0,NULL,0),
(327,12,'Connector/Service',NULL,'2021-01-30 11:12:04',0,0,NULL,0,NULL,0,0,0,0,NULL,0),
(328,53,'CONNECTOR',NULL,'2021-01-30 11:13:24',0,0,NULL,0,NULL,0,0,0,0,NULL,0),
(329,45,'45',NULL,'2021-01-30 11:13:59',0,0,NULL,0,NULL,0,0,0,0,NULL,0),
(330,53,'Connector/Adapter',NULL,'2021-01-30 11:15:55',0,0,NULL,0,NULL,0,0,0,0,NULL,0),
(331,12,'Connector/Socket',NULL,'2021-01-30 11:17:35',0,0,NULL,0,NULL,0,0,0,0,NULL,0),
(332,12,'Connector/Plug',NULL,'2021-01-30 11:18:04',0,0,NULL,0,NULL,0,0,0,0,NULL,0),
(333,18,'Connector/Plastic Box',NULL,'2021-01-30 11:18:56',0,0,NULL,0,NULL,0,0,0,0,NULL,0),
(334,56,'Switches/Switch',NULL,'2021-01-30 11:19:44',0,0,NULL,0,NULL,0,0,0,0,NULL,0),
(335,12,'Switches/Switch',NULL,'2021-01-30 11:22:01',0,0,NULL,0,NULL,0,0,0,0,NULL,0),
(336,12,'Switches/Fuses ',NULL,'2021-01-30 11:23:20',0,0,NULL,0,NULL,0,0,0,0,NULL,0),
(337,12,'Switches/Fuse Switches and Switch Fuses',NULL,'2021-01-30 11:23:46',0,0,NULL,0,NULL,0,0,0,0,NULL,0),
(338,28,'EMC Components/Probe',NULL,'2021-01-30 11:24:58',0,0,NULL,0,NULL,0,0,0,0,NULL,0),
(339,18,'MAGNET',NULL,'2021-01-30 11:26:04',0,0,NULL,0,NULL,0,0,0,0,NULL,0),
(340,12,'LED/Fuse Switches and Switch Fuses ',NULL,'2021-01-30 11:27:02',0,0,NULL,0,NULL,0,0,0,0,NULL,0),
(341,12,'LED/Fuse',NULL,'2021-01-30 11:27:34',0,0,NULL,0,NULL,0,0,0,0,NULL,0),
(342,45,'Power Magnetics/Power Supply',NULL,'2021-01-30 11:28:56',0,0,NULL,0,NULL,0,0,0,0,NULL,0),
(343,45,'POWER SUPPLY',NULL,'2021-01-30 11:30:33',0,0,NULL,0,NULL,0,0,0,0,NULL,0),
(344,18,'Solder Wire',NULL,'2021-01-30 11:31:41',0,0,NULL,0,NULL,0,0,0,0,NULL,0),
(345,18,'Signal&Communication/Wire',NULL,'2021-01-30 11:32:03',0,0,NULL,0,NULL,0,0,0,0,NULL,0),
(346,12,'LED/Diode',NULL,'2021-01-30 11:33:03',0,0,NULL,0,NULL,0,0,0,0,NULL,0),
(347,18,'Assembly Technique/Spacer',NULL,'2021-01-30 11:34:38',0,0,NULL,0,NULL,0,0,0,0,NULL,0),
(348,18,'Assembly Technique/Bracket',NULL,'2021-01-30 11:35:21',0,0,NULL,0,NULL,0,0,0,0,NULL,0),
(349,18,'SCREW',NULL,'2021-01-30 11:35:50',0,0,NULL,0,NULL,0,0,0,0,NULL,0),
(350,56,'Assembly Technique/Switch',NULL,'2021-01-30 11:36:29',0,0,NULL,0,NULL,0,0,0,0,NULL,0),
(351,39,'Signal&Communications/Detector',NULL,'2021-01-30 11:37:52',0,0,NULL,0,NULL,0,0,0,0,NULL,0),
(352,18,'ENCLOSURE  ',NULL,'2021-01-30 11:38:29',0,0,NULL,0,NULL,0,0,0,0,NULL,0),
(353,12,'Power Magnetics/Relay',NULL,'2021-01-30 11:39:40',0,0,NULL,0,NULL,0,0,0,0,NULL,0),
(354,34,'Assembly Technique/Gas Spring',NULL,'2021-01-30 12:00:00',0,0,NULL,0,NULL,0,0,0,0,NULL,0),
(355,12,'Signal&Communications/Socket',NULL,'2021-01-30 12:00:44',0,0,NULL,0,NULL,0,1,3,0,NULL,0),
(356,13,'Power Magnetics/Relay',NULL,'2021-01-30 12:01:17',0,0,NULL,0,NULL,0,0,0,0,NULL,0),
(357,13,'Power Magnetics/Detector',NULL,'2021-01-30 12:01:44',0,0,NULL,0,NULL,0,0,0,0,NULL,0),
(358,50,'Assembly Technique/Bush',NULL,'2021-01-30 12:02:55',0,0,NULL,0,NULL,0,0,0,0,NULL,0),
(359,50,'Assembly Technique/Washer',NULL,'2021-01-30 12:03:20',0,0,NULL,0,NULL,0,0,0,0,NULL,0),
(360,56,'Connector/Header',NULL,'2021-01-30 12:04:13',0,0,NULL,0,NULL,0,0,0,0,NULL,0),
(361,33,'FASTERNER',NULL,'2021-01-30 12:06:49',0,0,NULL,0,NULL,0,0,0,0,NULL,0),
(362,33,'CLIP',NULL,'2021-01-30 12:07:13',0,0,NULL,0,NULL,0,0,0,0,NULL,0),
(363,33,'RIVET NUT',NULL,'2021-01-30 12:07:34',0,0,NULL,0,NULL,0,0,0,0,NULL,0),
(364,33,'Assembly Technique/Fasterner',NULL,'2021-01-30 12:07:55',0,0,NULL,0,NULL,0,0,0,0,NULL,0),
(365,33,'Others/Fasterner',NULL,'2021-01-30 12:08:19',0,0,NULL,0,NULL,0,0,0,0,NULL,0),
(366,33,'TOOL STEEL',NULL,'2021-01-30 12:08:37',0,0,NULL,0,NULL,0,0,0,0,NULL,0),
(367,34,'Assembly Technique',NULL,'2021-01-30 12:09:27',0,0,NULL,0,NULL,0,0,0,0,NULL,0),
(368,51,'Connector/Pcb',NULL,'2021-01-30 12:10:13',0,3,'2021-05-17 02:33:57',0,NULL,0,0,0,0,NULL,0),
(369,35,'Connector/Pcb',NULL,'2021-01-30 12:11:50',0,0,NULL,0,NULL,0,0,0,0,NULL,0),
(370,28,'Connector/Probe',NULL,'2021-01-30 12:12:51',0,0,NULL,0,NULL,0,0,0,0,NULL,0),
(371,79,'Connector/Screw',NULL,'2021-01-30 12:13:25',1,3,'2021-04-19 01:22:56',0,NULL,0,1,3,0,NULL,0),
(372,12,'Assembly Technique/Cylinder',NULL,'2021-01-30 12:14:26',0,0,NULL,0,NULL,0,0,0,0,NULL,0),
(373,34,'SOCKET',NULL,'2021-01-30 12:14:58',0,0,NULL,0,NULL,0,0,0,0,NULL,0),
(374,17,'OTHERS/Fferrule white',NULL,'2021-01-30 12:16:15',0,0,NULL,0,NULL,0,0,0,0,NULL,0),
(375,34,'Others/Fasterner',NULL,'2021-01-30 12:16:55',0,0,NULL,0,NULL,0,0,0,0,NULL,0),
(376,34,'Others/Latch',NULL,'2021-01-30 12:17:17',0,0,NULL,0,NULL,0,0,0,0,NULL,0),
(377,34,'Others/Bracket/EMI Bracket',NULL,'2021-01-30 12:17:45',0,0,NULL,0,NULL,0,0,0,0,NULL,0),
(378,18,'Others/Fasterner',NULL,'2021-01-30 12:18:27',0,0,NULL,0,NULL,0,0,0,0,NULL,0),
(379,34,'Others/Spacer',NULL,'2021-01-30 12:19:54',0,0,NULL,0,NULL,0,0,0,0,NULL,0),
(380,34,'Others/Detector',NULL,'2021-01-30 12:20:37',0,0,NULL,0,NULL,0,0,0,0,NULL,0),
(381,34,'Others/Metal Clip',NULL,'2021-01-30 12:20:56',0,0,NULL,0,NULL,0,0,0,0,NULL,0),
(382,34,'Others',NULL,'2021-01-30 12:21:22',0,0,NULL,0,NULL,0,0,0,0,NULL,0),
(383,34,'Others/Plastic Adapter',NULL,'2021-01-30 12:21:49',0,0,NULL,0,NULL,0,0,0,0,NULL,0),
(384,34,'FASTERNER',NULL,'2021-01-30 12:22:43',0,0,NULL,0,NULL,0,0,0,0,NULL,0),
(385,23,'Others/Connector',NULL,'2021-01-30 12:23:42',0,0,NULL,0,NULL,0,0,0,0,NULL,0),
(386,18,'Others/Spring1',NULL,'2021-01-30 12:25:07',0,0,NULL,0,NULL,0,0,0,0,NULL,0),
(387,34,'Others/Dielectric of paper and plastic',NULL,'2021-01-30 12:26:41',0,0,NULL,0,NULL,0,0,0,0,NULL,0),
(388,12,'SERVICE',NULL,'2021-01-30 12:27:27',0,0,NULL,0,NULL,0,0,0,0,NULL,0),
(389,12,'SCREW',NULL,'2021-01-30 12:28:05',0,0,NULL,0,NULL,0,0,0,0,NULL,0),
(390,12,'ADAPTER',NULL,'2021-01-30 12:28:49',0,0,NULL,0,NULL,0,0,0,0,NULL,0),
(391,12,'COVER',NULL,'2021-01-30 12:29:39',0,0,NULL,0,NULL,0,0,0,0,NULL,0),
(392,17,'CONNECTOR / TERMINAL',NULL,'2021-01-30 12:30:21',0,0,NULL,0,NULL,0,1,3,0,NULL,0),
(393,12,'Others/Detector',NULL,'2021-01-30 12:31:07',0,0,NULL,0,NULL,0,0,0,0,NULL,0),
(394,43,'Others/Plug',NULL,'2021-01-30 12:32:45',0,0,NULL,0,NULL,0,0,0,0,NULL,0),
(395,43,'Others/Adapter',NULL,'2021-01-30 12:33:16',0,0,NULL,0,NULL,0,0,0,0,NULL,0),
(396,43,'Others/Socket',NULL,'2021-01-30 12:33:38',0,0,NULL,0,NULL,0,0,0,0,NULL,0),
(397,43,'Others/Button plastic',NULL,'2021-01-30 12:34:05',0,0,NULL,0,NULL,0,0,0,0,NULL,0),
(398,34,'LATCH',NULL,'2021-01-30 12:35:21',0,0,NULL,0,NULL,0,0,0,0,NULL,0),
(399,34,'Others/Spring',NULL,'2021-01-30 12:35:55',0,0,NULL,0,NULL,0,0,0,0,NULL,0),
(400,34,'SERVICE',NULL,'2021-01-30 12:36:57',0,0,NULL,0,NULL,0,0,0,0,NULL,0),
(401,33,'Others/Connector',NULL,'2021-01-30 12:37:47',0,0,NULL,0,NULL,0,0,0,0,NULL,0),
(402,34,'Others/Connector',NULL,'2021-01-30 12:38:41',0,0,NULL,0,NULL,0,0,0,0,NULL,0),
(403,34,'Others/Header',NULL,'2021-01-30 12:39:03',0,0,NULL,0,NULL,0,0,0,0,NULL,0),
(404,34,'Others/Service',NULL,'2021-01-30 12:40:04',0,0,NULL,0,NULL,0,0,0,0,NULL,0),
(405,46,'Others/O-Ring',NULL,'2021-01-30 12:40:59',0,0,NULL,0,NULL,0,0,0,0,NULL,0),
(406,39,'Others',NULL,'2021-01-30 12:42:21',0,0,NULL,0,NULL,0,0,0,0,NULL,0),
(407,39,'Others/Service',NULL,'2021-01-30 12:42:47',0,0,NULL,0,NULL,0,0,0,0,NULL,0),
(408,34,'Others/Bearing',NULL,'2021-01-30 12:44:26',0,0,NULL,0,NULL,0,0,0,0,NULL,0),
(409,21,'Others/Detector',NULL,'2021-01-30 12:46:16',0,0,NULL,0,NULL,0,0,0,0,NULL,0),
(410,34,'Others/Plastic Box',NULL,'2021-01-30 12:47:29',0,0,NULL,0,NULL,0,0,0,0,NULL,0),
(411,34,'Others/Linear rail',NULL,'2021-01-30 12:49:50',0,0,NULL,0,NULL,0,0,0,0,NULL,0),
(412,34,'Others/Button plastic',NULL,'2021-01-30 12:50:56',0,0,NULL,0,NULL,0,0,0,0,NULL,0),
(413,34,'BEARING',NULL,'2021-01-30 12:51:38',0,0,NULL,0,NULL,0,0,0,0,NULL,0),
(414,49,'Others/Cooling Fan',NULL,'2021-01-30 12:52:42',0,0,NULL,0,NULL,0,0,0,0,NULL,0),
(415,34,'OthersBush',NULL,'2021-01-30 12:53:52',0,0,NULL,0,NULL,0,0,0,0,NULL,0),
(416,26,'SERVICE',NULL,'2021-01-30 12:55:54',0,0,NULL,0,NULL,0,0,0,0,NULL,0),
(417,18,'Others/ Detector',NULL,'2021-01-30 12:59:09',0,0,NULL,0,NULL,0,0,0,0,NULL,0),
(418,27,'Others/Spring',NULL,'2021-01-30 13:01:16',0,0,NULL,0,NULL,0,0,0,0,NULL,0),
(419,27,'SPRING',NULL,'2021-01-30 13:01:45',0,0,NULL,0,NULL,0,0,0,0,NULL,0),
(420,27,'GAS SPRING ',NULL,'2021-01-30 13:02:17',0,0,NULL,0,NULL,0,0,0,0,NULL,0),
(421,33,'Others/Nut',NULL,'2021-01-30 13:05:02',0,0,NULL,0,NULL,0,0,0,0,NULL,0),
(422,33,'NUT',NULL,'2021-01-30 13:08:18',0,0,NULL,0,NULL,0,0,0,0,NULL,0),
(423,28,'PIN',NULL,'2021-01-30 13:08:54',0,0,NULL,0,NULL,0,0,0,0,NULL,0),
(424,28,'PROBE',NULL,'2021-01-30 13:09:41',0,0,NULL,0,NULL,0,0,0,0,NULL,0),
(425,28,'RECEPTACLE',NULL,'2021-01-30 13:12:16',0,0,NULL,0,NULL,0,0,0,0,NULL,0),
(426,35,'ELECTRICAL',NULL,'2021-01-30 13:13:33',0,0,NULL,0,NULL,0,0,0,0,NULL,0),
(427,11,'FASTERNER/ BULKHEAD/ REDUCER ',NULL,'2021-01-30 13:14:07',0,0,NULL,0,NULL,0,0,0,0,NULL,0),
(428,12,'POWER SUPPLY',NULL,'2021-01-30 13:14:56',0,0,NULL,0,NULL,0,0,0,0,NULL,0),
(429,12,'Power Cord',NULL,'2021-01-30 13:15:20',0,0,NULL,0,NULL,0,0,0,0,NULL,0),
(430,34,'slider',NULL,'2021-01-30 13:16:50',0,0,NULL,0,NULL,0,0,0,0,NULL,0),
(431,45,'Cable',NULL,'2021-01-30 13:17:27',0,0,NULL,0,NULL,0,0,0,0,NULL,0),
(432,12,'TRUNKING',NULL,'2021-01-30 13:18:36',0,0,NULL,0,NULL,0,0,0,0,NULL,0),
(433,12,'Cable',NULL,'2021-01-30 13:20:41',0,0,NULL,0,NULL,0,0,0,0,NULL,0),
(434,12,'Switches/Socket',NULL,'2021-01-30 13:21:22',0,0,NULL,0,NULL,0,0,0,0,NULL,0),
(435,52,'SIMULATOR',NULL,'2021-01-30 13:24:10',0,0,NULL,0,NULL,0,0,0,0,NULL,0),
(436,34,'CASTER WHEEL',NULL,'2021-01-30 13:26:41',0,0,NULL,0,NULL,0,0,0,0,NULL,0),
(437,12,'SWITCH',NULL,'2021-01-30 13:27:53',0,0,NULL,0,NULL,0,0,0,0,NULL,0),
(438,34,'HANDLE',NULL,'2021-01-30 13:28:34',0,0,NULL,0,NULL,0,0,0,0,NULL,0),
(439,13,'ADAPTER',NULL,'2021-01-30 13:30:04',0,0,NULL,0,NULL,0,0,0,0,NULL,0),
(440,51,'ADAPTER',NULL,'2021-01-30 13:30:47',0,3,'2021-05-17 02:34:09',0,NULL,0,0,0,0,NULL,0),
(441,21,'SOCKET',NULL,'2021-01-30 13:33:23',0,0,NULL,0,NULL,0,0,0,0,NULL,0),
(442,49,'COOLING FAN',NULL,'2021-01-30 13:33:57',0,0,NULL,0,NULL,0,0,0,0,NULL,0),
(443,13,'BUTTON PLASTIC / KNOB',NULL,'2021-01-30 13:34:53',0,0,NULL,0,NULL,0,0,0,0,NULL,0),
(444,13,'INDICATOR ',NULL,'2021-01-30 13:35:20',0,0,NULL,0,NULL,0,0,0,0,NULL,0),
(445,34,'CONNECTOR / TERMINAL ',NULL,'2021-01-30 13:37:17',0,0,NULL,0,NULL,0,0,0,0,NULL,0),
(446,15,'CYLINDER',NULL,'2021-01-30 14:29:02',0,0,NULL,0,NULL,0,0,0,0,NULL,0),
(447,56,'PCB',NULL,'2021-01-30 14:31:29',0,0,NULL,0,NULL,0,0,0,0,NULL,0),
(448,13,'LEAD/BARE WIRE',NULL,'2021-01-30 14:32:04',0,0,NULL,0,NULL,0,0,0,0,NULL,0),
(449,21,'SCANNER',NULL,'2021-01-30 14:33:51',0,0,NULL,0,NULL,0,0,0,0,NULL,0),
(450,39,'MATT',NULL,'2021-01-30 14:34:30',0,0,NULL,0,NULL,0,0,0,0,NULL,0),
(451,46,'MOTOR',NULL,'2021-01-30 14:35:31',0,0,NULL,0,NULL,0,0,0,0,NULL,0),
(452,46,'GEARS',NULL,'2021-01-30 14:35:57',0,0,NULL,0,NULL,0,0,0,0,NULL,0),
(453,21,'INSULATOR/INSULATOR (LCD) ',NULL,'2021-01-30 14:36:29',0,0,NULL,0,NULL,0,0,0,0,NULL,0),
(454,48,'TRANSFORMER',NULL,'2021-01-30 14:37:10',0,0,NULL,0,NULL,0,0,0,0,NULL,0),
(455,43,'SPRING',NULL,'2021-01-30 14:39:40',0,0,NULL,0,NULL,0,0,0,0,NULL,0),
(456,35,'BOARD',NULL,'2021-01-30 14:40:25',0,0,NULL,0,NULL,0,0,0,0,NULL,0),
(457,54,'GAS SPRINGS',NULL,'2021-01-30 14:41:08',0,0,NULL,0,NULL,0,0,0,0,NULL,0),
(458,21,'PCB',NULL,'2021-01-30 14:42:49',0,0,NULL,0,NULL,0,0,0,0,NULL,0),
(459,35,'8541 40 000',NULL,'2021-01-30 14:45:48',0,0,NULL,0,NULL,0,0,0,0,NULL,0),
(460,14,'MULTILAYER',NULL,'2021-01-30 14:47:58',0,0,NULL,0,NULL,0,0,0,0,NULL,0),
(461,17,'Cab',3,'2021-02-17 22:21:44',1,3,'2021-02-17 22:22:09',1,'2021-02-17 22:22:29',3,0,0,0,NULL,0),
(462,12,'Vvvv',3,'2021-04-02 10:01:38',1,3,'2021-04-02 10:01:48',1,'2021-04-02 10:02:10',3,1,3,0,NULL,0),
(463,13,'Ddd',3,'2021-04-03 05:18:25',0,0,NULL,1,'2021-04-03 05:18:39',3,0,0,0,NULL,0),
(464,25,'Supply',3,'2021-04-06 06:35:35',0,0,NULL,1,'2021-04-06 06:36:59',3,0,0,0,NULL,0),
(465,66,'sub item field',3,'2021-04-08 05:07:06',0,0,NULL,0,NULL,0,0,0,0,NULL,0),
(466,19,'Contector AAr',3,'2021-04-09 02:37:35',0,0,NULL,0,NULL,0,0,0,0,NULL,0),
(467,0,'Subtype2',0,'2021-04-14 05:15:24',0,0,NULL,1,'2021-04-14 05:25:08',3,0,0,0,NULL,0),
(468,72,'Subtype2',0,'2021-04-14 05:25:53',0,0,NULL,0,NULL,0,0,0,0,NULL,0),
(469,74,'Rana 123',3,'2021-04-19 01:21:50',1,3,'2021-04-19 01:22:01',1,'2021-04-19 01:22:36',3,1,3,0,NULL,0),
(470,75,'Ramli ',3,'2021-04-19 01:24:49',1,3,'2021-04-19 01:25:04',1,'2021-04-19 01:25:19',3,0,0,0,NULL,0),
(471,76,'Jk',3,'2021-04-19 01:28:44',1,3,'2021-04-19 01:28:53',1,'2021-04-19 01:29:21',3,0,0,0,NULL,0),
(472,77,'Irnma',0,'2021-04-19 01:41:27',1,3,'2021-04-19 01:42:02',1,'2021-04-19 01:42:28',3,0,0,0,NULL,0),
(473,78,'ravan111',3,'2021-04-19 05:30:33',0,0,NULL,0,NULL,0,0,0,0,NULL,0),
(474,24,'design',3,'2021-04-24 05:55:52',0,0,NULL,0,NULL,0,0,0,0,NULL,0),
(475,95,'code 123',3,'2021-04-26 01:07:44',0,0,NULL,0,NULL,0,0,0,0,NULL,0),
(476,14,'relay',3,'2021-04-29 07:16:00',0,0,NULL,0,NULL,0,0,0,0,NULL,0),
(477,101,'TATA',3,'2021-04-30 00:42:51',0,0,NULL,0,NULL,0,0,0,0,NULL,0),
(478,54,'HEATER',3,'2021-04-30 00:48:41',0,0,NULL,0,NULL,0,0,0,0,NULL,0),
(479,104,'HEAT',3,'2021-04-30 00:49:34',0,0,NULL,0,NULL,0,0,0,0,NULL,0),
(480,109,'Naha',3,'2021-05-05 07:37:00',0,0,NULL,0,NULL,0,0,0,0,NULL,0),
(481,111,'Ram',0,'2021-05-05 07:46:11',0,0,NULL,0,NULL,0,0,0,0,NULL,0),
(482,112,'Mama',3,'2021-05-05 08:08:12',0,0,NULL,0,NULL,0,0,0,0,NULL,0),
(483,113,'Api',0,'2021-05-05 08:10:59',0,0,NULL,0,NULL,0,0,0,0,NULL,0),
(484,116,'poo',3,'2021-05-05 08:23:22',0,0,NULL,0,NULL,0,0,0,0,NULL,0),
(485,117,'Unit 1',3,'2021-05-10 04:19:55',0,0,NULL,0,NULL,0,0,0,0,NULL,0),
(486,144,'SubItemTypeName1',0,'2021-05-16 23:22:12',0,0,NULL,0,NULL,0,0,0,0,NULL,0),
(487,145,'SubItemTypeName2',0,'2021-05-16 23:22:12',0,0,NULL,0,NULL,0,0,0,0,NULL,0),
(488,146,'SubItemTypeName3',0,'2021-05-16 23:22:12',0,0,NULL,0,NULL,0,0,0,0,NULL,0),
(489,147,'SubItemTypeName4',0,'2021-05-16 23:22:12',0,0,NULL,0,NULL,0,0,0,0,NULL,0),
(490,148,'SubItemTypeName5',0,'2021-05-16 23:22:12',0,0,NULL,0,NULL,0,0,0,0,NULL,0),
(491,149,'SubItemTypeName6',0,'2021-05-16 23:22:12',0,0,NULL,0,NULL,0,0,0,0,NULL,0),
(492,150,'SubItemTypeName7',0,'2021-05-16 23:22:12',0,0,NULL,0,NULL,0,0,0,0,NULL,0),
(493,151,'SubItemTypeName8',0,'2021-05-16 23:22:12',0,0,NULL,0,NULL,0,0,0,0,NULL,0),
(494,152,'SubItemTypeName9',0,'2021-05-16 23:22:12',0,0,NULL,0,NULL,0,0,0,0,NULL,0),
(495,153,'SubItemTypeName10',0,'2021-05-16 23:22:12',0,0,NULL,0,NULL,0,0,0,0,NULL,0),
(496,154,'SubItemTypeName11',0,'2021-05-16 23:22:12',0,0,NULL,0,NULL,0,0,0,0,NULL,0),
(497,155,'SubItemTypeName12',0,'2021-05-16 23:22:12',0,0,NULL,0,NULL,0,0,0,0,NULL,0),
(498,156,'SubItemTypeName13',0,'2021-05-16 23:22:12',0,0,NULL,0,NULL,0,0,0,0,NULL,0),
(499,157,'SubItemTypeName14',0,'2021-05-16 23:22:12',0,0,NULL,0,NULL,0,0,0,0,NULL,0),
(500,158,'SubItemTypeName15',0,'2021-05-16 23:22:12',0,0,NULL,0,NULL,0,0,0,0,NULL,0),
(501,159,'SubItemTypeName16',0,'2021-05-16 23:22:12',0,0,NULL,0,NULL,0,0,0,0,NULL,0),
(502,160,'SubItemTypeName17',0,'2021-05-16 23:22:12',0,0,NULL,0,NULL,0,0,0,0,NULL,0),
(503,161,'SubItemTypeName18',0,'2021-05-16 23:22:12',0,0,NULL,0,NULL,0,0,0,0,NULL,0),
(504,162,'SubItemTypeName19',0,'2021-05-16 23:22:13',0,0,NULL,0,NULL,0,0,0,0,NULL,0),
(505,163,'SubItemTypeName20',0,'2021-05-16 23:22:13',0,0,NULL,0,NULL,0,0,0,0,NULL,0),
(506,24,'d',3,'2021-05-17 08:06:59',0,0,NULL,0,NULL,0,0,0,0,NULL,0);

/*Table structure for table `m_subitemtype_log` */

DROP TABLE IF EXISTS `m_subitemtype_log`;

CREATE TABLE `m_subitemtype_log` (
  `logId` int(11) NOT NULL AUTO_INCREMENT,
  `subitemtypeId` int(11) DEFAULT NULL,
  `itemtypeId` int(11) DEFAULT NULL,
  `subitemtypeName` varchar(50) DEFAULT NULL,
  `isApproved` int(11) DEFAULT '0',
  `userId` int(11) DEFAULT NULL,
  `isDeleted` int(11) DEFAULT '0',
  `userAction` varchar(20) DEFAULT NULL,
  `transDate` datetime DEFAULT CURRENT_TIMESTAMP,
  `isActive` tinyint(1) DEFAULT '0',
  PRIMARY KEY (`logId`)
) ENGINE=InnoDB AUTO_INCREMENT=201 DEFAULT CHARSET=utf8mb4;

/*Data for the table `m_subitemtype_log` */

insert  into `m_subitemtype_log`(`logId`,`subitemtypeId`,`itemtypeId`,`subitemtypeName`,`isApproved`,`userId`,`isDeleted`,`userAction`,`transDate`,`isActive`) values 
(8,13,11,'screw ',0,NULL,0,'update','2020-09-19 19:39:45',0),
(9,14,11,'nut and bolt',0,NULL,0,'update','2020-09-19 19:39:45',0),
(10,18,11,'Washer',0,3,0,'insert','2020-10-22 15:10:02',0),
(11,19,11,'standoff',0,3,0,'insert','2020-10-22 15:10:20',0),
(12,20,11,'circlip',0,3,0,'insert','2020-10-22 15:10:41',0),
(13,21,11,'Bush',0,3,0,'insert','2020-10-22 15:10:56',0),
(14,22,11,'Pins',0,3,0,'insert','2020-10-22 15:11:08',0),
(15,23,11,'sdfsd',0,3,0,'insert','2020-10-23 11:28:38',0),
(16,22,11,'Pins',0,3,0,'update','2020-10-22 15:11:08',0),
(17,23,11,'sdfsd',0,3,0,'update','2020-10-23 11:28:38',0),
(18,24,6,'fgh',0,10,0,'insert','2020-10-26 18:59:15',0),
(19,24,6,'fgh',0,10,0,'update','2020-10-26 18:59:15',0),
(20,13,11,'screw',0,NULL,0,'approve','2020-09-19 19:39:45',0),
(21,25,6,'ddd',0,3,0,'insert','2020-10-28 19:55:54',0),
(22,26,13,'d1',0,10,0,'insert','2020-10-28 20:05:06',0),
(23,27,31,'its1',0,10,0,'insert','2020-10-28 21:27:47',0),
(24,14,11,'Nut',0,NULL,0,'approve','2020-09-19 19:39:45',0),
(25,14,11,'Nut',1,NULL,0,'approve','2020-09-19 19:39:45',0),
(26,28,29,'Ffff',0,3,0,'insert','2020-12-10 13:00:18',0),
(27,28,29,'Ffff',0,3,0,'update','2020-12-10 13:00:18',0),
(28,28,29,'Ffffccc',0,3,0,'update','2020-12-10 13:00:18',0),
(29,29,17,'Amplifier cable',0,3,0,'insert','2020-12-11 09:55:47',0),
(30,30,13,'Dc moter',0,3,0,'insert','2020-12-11 09:57:21',0),
(31,31,6,'Machinery and Equipment',0,3,0,'insert','2020-12-11 10:01:06',0),
(32,15,12,'Filter',0,NULL,0,'update','2020-09-19 19:39:45',0),
(33,16,12,'Condensing coil',0,NULL,0,'update','2020-09-19 19:39:45',0),
(34,17,12,'Fan ',0,NULL,0,'update','2020-09-19 19:39:45',0),
(35,32,12,'TERMINAL BLOCK',0,3,0,'insert','2020-12-22 11:48:00',0),
(36,30,13,'Dc moter',0,3,0,'update','2020-12-11 09:57:21',0),
(37,33,13,'SOLENOID',0,3,0,'insert','2020-12-22 11:48:49',0),
(38,34,13,'FAN',0,3,0,'insert','2020-12-22 11:49:11',0),
(39,35,13,'LIGHT',0,3,0,'insert','2020-12-22 11:49:27',0),
(40,36,14,'FUSE',0,3,0,'insert','2020-12-22 11:49:55',0),
(41,37,14,'HEAT SINK',0,3,0,'insert','2020-12-22 11:50:13',0),
(42,38,14,'RESISTORS',0,3,0,'insert','2020-12-22 11:50:34',0),
(43,39,14,'CAPACITOR',0,3,0,'insert','2020-12-22 11:51:06',0),
(44,40,14,'INDUCTORS',0,3,0,'insert','2020-12-22 11:51:28',0),
(45,41,14,'RELAYS',0,3,0,'insert','2020-12-22 11:51:49',0),
(46,42,14,'IC',0,3,0,'insert','2020-12-22 11:52:07',0),
(47,43,14,'PERF BOARD',0,3,0,'insert','2020-12-22 11:52:29',0),
(48,44,14,'REGULATOR',0,3,0,'insert','2020-12-22 11:52:58',0),
(49,45,14,'POTENTIOMETERS',0,3,0,'insert','2020-12-22 11:53:20',0),
(50,46,14,'TRANSFORMNERS',0,3,0,'insert','2020-12-22 11:53:47',0),
(51,47,14,'DIODES',0,3,0,'insert','2020-12-22 11:54:06',0),
(52,48,14,'TRANSISITORS',0,3,0,'insert','2020-12-22 11:54:28',0),
(53,49,14,'RECTIFIERS',0,3,0,'insert','2020-12-22 11:54:46',0),
(54,50,14,'CRYSTAL OSCILLATORS',0,3,0,'insert','2020-12-22 11:55:05',0),
(55,51,14,'SWITCHES',0,3,0,'insert','2020-12-22 11:55:23',0),
(56,52,14,'SENSORS',0,3,0,'insert','2020-12-22 11:58:14',0),
(57,53,14,'SOLENOID',0,3,0,'insert','2020-12-22 11:58:32',0),
(58,29,17,'Amplifier cable',0,3,0,'update','2020-12-11 09:55:47',0),
(59,54,18,'CABLE GLANDS',0,3,0,'insert','2020-12-22 11:59:38',0),
(60,55,18,'DIN RAIL',0,3,0,'insert','2020-12-22 11:59:59',0),
(61,56,18,'DIN RAIL ADAPTER',0,3,0,'insert','2020-12-22 12:00:16',0),
(62,57,18,'E BOX',0,3,0,'insert','2020-12-22 12:00:32',0),
(63,58,18,'FAN FILTER UNIT',0,3,0,'insert','2020-12-22 12:00:49',0),
(64,59,19,'ADAPTER',0,3,0,'insert','2020-12-22 12:01:20',0),
(65,60,19,'BANANA PLUG',0,3,0,'insert','2020-12-22 12:01:36',0),
(66,61,19,'CONTACT',0,3,0,'insert','2020-12-22 12:01:59',0),
(67,62,19,'D SUB CONNECTOR',0,3,0,'insert','2020-12-22 12:02:16',0),
(68,63,19,'FERRULE',0,3,0,'insert','2020-12-22 12:02:35',0),
(69,64,19,'LUGS',0,3,0,'insert','2020-12-22 12:02:52',0),
(70,65,19,'FIBER OPTIC PLUG AND SOCKET',0,3,0,'insert','2020-12-22 12:03:07',0),
(71,66,19,'HEADER CONNECTOR',0,3,0,'insert','2020-12-22 12:03:23',0),
(72,67,19,'PROBE',0,3,0,'insert','2020-12-22 12:03:37',0),
(73,68,20,'CAMERA',0,3,0,'insert','2020-12-22 12:10:29',0),
(74,69,20,'PLC',0,3,0,'insert','2020-12-22 12:10:49',0),
(75,70,20,'DRIVER',0,3,0,'insert','2020-12-22 12:11:11',0),
(76,71,20,'DISPLAY',0,3,0,'insert','2020-12-22 12:11:28',0),
(77,72,20,'D-LINK',0,3,0,'insert','2020-12-22 12:11:46',0),
(78,73,20,'EMBEDDED PC',0,3,0,'insert','2020-12-22 12:12:04',0),
(79,74,20,'ENERGY METER',0,3,0,'insert','2020-12-22 12:12:20',0),
(80,75,20,'EQUIPMENT',0,3,0,'insert','2020-12-22 12:13:12',0),
(81,76,20,'ETHER CAT TERMINAL AND COUPLER',0,3,0,'insert','2020-12-22 12:13:33',0),
(82,77,20,'FACE SCANNER',0,3,0,'insert','2020-12-22 12:13:54',0),
(83,78,20,'FAN',0,3,0,'insert','2020-12-22 12:14:09',0),
(84,79,20,'HMI',0,3,0,'insert','2020-12-22 12:14:26',0),
(85,80,20,'HUBS',0,3,0,'insert','2020-12-22 12:14:44',0),
(86,81,20,'LED ANALYSER',0,3,0,'insert','2020-12-22 12:14:59',0),
(87,82,20,'MICROCONTROLLER',0,3,0,'insert','2020-12-22 12:15:15',0),
(88,83,21,'Keyboard',0,3,0,'insert','2020-12-22 12:15:37',0),
(89,84,21,'Mouse',0,3,0,'insert','2020-12-22 12:15:57',0),
(90,85,21,'Touch screen',0,3,0,'insert','2020-12-22 12:16:24',0),
(91,86,21,'Pen tablet',0,3,0,'insert','2020-12-22 12:16:45',0),
(92,87,21,'Joystick',0,3,0,'insert','2020-12-22 12:17:08',0),
(93,88,21,'MIDI keyboard',0,3,0,'insert','2020-12-22 12:17:31',0),
(94,89,21,'Scanner',0,3,0,'insert','2020-12-22 12:17:50',0),
(95,90,21,'Digital camera',0,3,0,'insert','2020-12-22 12:18:06',0),
(96,91,21,'Video camera',0,3,0,'insert','2020-12-22 12:18:24',0),
(97,92,21,'Microphone',0,3,0,'insert','2020-12-22 12:18:41',0),
(98,93,21,'Monitor',0,3,0,'insert','2020-12-22 12:18:57',0),
(99,94,21,'Projector',0,3,0,'insert','2020-12-22 12:19:13',0),
(100,95,21,'TV screen',0,3,0,'insert','2020-12-22 12:19:27',0),
(101,96,21,'Printer',0,3,0,'insert','2020-12-22 12:19:40',0),
(102,97,21,'Plotter',0,3,0,'insert','2020-12-22 12:19:59',0),
(103,98,21,'Speakers',0,3,0,'insert','2020-12-22 12:20:18',0),
(104,99,21,'EXTERNAL HARDDISK',0,3,0,'insert','2020-12-22 12:20:39',0),
(105,100,21,'Digital camcorders',0,3,0,'insert','2020-12-22 12:20:57',0),
(106,101,21,'Digital mixers',0,3,0,'insert','2020-12-22 12:21:12',0),
(107,102,21,'MIDIequipment',0,3,0,'insert','2020-12-22 12:21:26',0),
(108,103,23,'RF CONNECTOR',0,3,0,'insert','2020-12-22 12:21:47',0),
(109,104,12,'FAN',0,3,0,'insert','2020-12-31 13:40:07',0),
(110,105,13,'Sensor',0,3,0,'insert','2020-12-31 13:44:22',0),
(111,106,34,'Demo1',0,3,0,'insert','2021-01-02 19:12:11',0),
(112,107,36,'Demo1',0,3,0,'insert','2021-01-02 19:27:03',0),
(113,106,34,'Demo1',0,3,0,'update','2021-01-02 19:12:11',0),
(114,107,36,'Demo1',0,3,0,'update','2021-01-02 19:27:03',0),
(115,108,38,'Demo1',0,3,0,'insert','2021-01-02 19:31:44',0),
(116,109,40,'Sub item type',0,3,0,'insert','2021-01-04 14:22:52',0),
(117,110,41,'New1',0,3,0,'insert','2021-01-09 09:27:26',0),
(118,111,41,'New1.2',0,3,0,'insert','2021-01-09 09:27:40',0),
(119,112,41,'New1.3',0,3,0,'insert','2021-01-09 09:27:49',0),
(120,113,43,'Demo item 1',0,3,0,'insert','2021-01-18 13:44:52',0),
(121,114,43,'Demo Item 2',0,3,0,'insert','2021-01-18 13:45:01',0),
(122,115,17,'wire',0,3,0,'insert','2021-01-21 16:14:41',0),
(123,116,17,'wire1',0,3,0,'insert','2021-01-21 16:24:48',0),
(124,117,16,'Sub item of motion comp',0,3,0,'insert','2021-01-21 19:18:40',0),
(125,461,17,'Cab',0,3,0,'insert','2021-02-17 22:21:44',0),
(126,461,17,'Cab',0,3,0,'approve','2021-02-17 22:21:44',0),
(127,461,17,'Cab',0,3,0,'update','2021-02-17 22:21:44',0),
(128,355,12,'Signal&Communications/Socket',0,NULL,0,'update','2021-01-30 12:00:44',0),
(129,392,12,'CONNECTOR / TERMINAL ',0,NULL,0,'update','2021-01-30 12:30:21',0),
(130,462,12,'Vvvv',0,3,0,'insert','2021-04-02 10:01:38',0),
(131,462,12,'Vvvv',0,3,0,'approve','2021-04-02 10:01:38',0),
(132,462,12,'Vvvv',0,3,0,'update','2021-04-02 10:01:38',0),
(133,462,12,'Vvvv',0,3,0,'update','2021-04-02 10:01:38',0),
(134,463,13,'Ddd',0,3,0,'insert','2021-04-03 05:18:25',0),
(135,463,13,'Ddd',0,3,0,'update','2021-04-03 05:18:25',0),
(136,464,25,'Supply',0,3,0,'insert','2021-04-06 06:35:35',0),
(137,464,25,'Supply',0,3,0,'update','2021-04-06 06:35:35',0),
(138,465,66,'sub item field',0,3,0,'insert','2021-04-08 05:07:06',0),
(139,466,19,'Contector AAr',0,3,0,'insert','2021-04-09 02:37:35',0),
(140,467,0,'Subtype2',0,0,0,'insert','2021-04-14 05:15:24',0),
(141,467,0,'Subtype2',0,0,0,'update','2021-04-14 05:15:24',0),
(142,468,72,'Subtype2',0,0,0,'insert','2021-04-14 05:25:53',0),
(143,469,74,'Rana',0,3,0,'insert','2021-04-19 01:21:50',0),
(144,469,74,'Rana',0,3,0,'approve','2021-04-19 01:21:50',0),
(145,469,74,'Rana',0,3,0,'update','2021-04-19 01:21:50',0),
(146,469,74,'Rana 123',0,3,0,'update','2021-04-19 01:21:50',0),
(147,371,51,'Connector/Screw',0,NULL,0,'approve','2021-01-30 12:13:25',0),
(148,470,75,'Ramli ',0,3,0,'insert','2021-04-19 01:24:49',0),
(149,470,75,'Ramli ',0,3,0,'approve','2021-04-19 01:24:49',0),
(150,470,75,'Ramli ',0,3,0,'update','2021-04-19 01:24:49',0),
(151,471,76,'Jk',0,3,0,'insert','2021-04-19 01:28:44',0),
(152,471,76,'Jk',0,3,0,'approve','2021-04-19 01:28:44',0),
(153,471,76,'Jk',0,3,0,'update','2021-04-19 01:28:44',0),
(154,368,51,'Connector/Pcb',0,NULL,0,'approve','2021-01-30 12:10:13',0),
(155,472,77,'Irnma',0,0,0,'insert','2021-04-19 01:41:27',0),
(156,472,77,'Irnma',0,0,0,'approve','2021-04-19 01:41:27',0),
(157,472,77,'Irnma',0,0,0,'update','2021-04-19 01:41:27',0),
(158,473,78,'ravan111',0,3,0,'insert','2021-04-19 05:30:33',0),
(159,474,24,'design',0,3,0,'insert','2021-04-24 05:55:52',0),
(160,371,51,'Connector/Screw',0,NULL,0,'update','2021-01-30 12:13:25',0),
(161,475,95,'code 123',0,3,0,'insert','2021-04-26 01:07:44',0),
(162,476,14,'relay',0,3,0,'insert','2021-04-29 07:16:00',0),
(163,477,101,'TATA',0,3,0,'insert','2021-04-30 00:42:51',0),
(164,478,54,'HEATER',0,3,0,'insert','2021-04-30 00:48:41',0),
(165,479,104,'HEAT',0,3,0,'insert','2021-04-30 00:49:34',0),
(166,480,109,'Naha',0,3,0,'insert','2021-05-05 07:37:00',0),
(167,368,51,'Connector/Pcb',1,NULL,0,'approve','2021-01-30 12:10:13',0),
(168,368,51,'Connector/Pcb',0,NULL,0,'approve','2021-01-30 12:10:13',0),
(169,137,17,'Others/Connector',0,NULL,0,'update','2021-01-29 12:41:06',0),
(170,137,110,'Jaat',0,NULL,0,'approve','2021-01-29 12:41:06',0),
(171,321,51,'Connector/Adapter',0,NULL,0,'update','2021-01-30 11:07:09',0),
(172,481,111,'Ram',0,0,0,'insert','2021-05-05 07:46:11',0),
(173,482,112,'Mama',0,3,0,'insert','2021-05-05 08:08:12',0),
(174,483,113,'Api',0,0,0,'insert','2021-05-05 08:10:59',0),
(175,484,116,'poo',0,3,0,'insert','2021-05-05 08:23:22',0),
(176,485,117,'Unit 1',0,3,0,'insert','2021-05-10 04:19:55',0),
(177,440,51,'ADAPTER',0,NULL,0,'approve','2021-01-30 13:30:47',0),
(178,486,144,'SubItemTypeName1',0,0,0,'insert','2021-05-16 23:22:12',0),
(179,487,145,'SubItemTypeName2',0,0,0,'insert','2021-05-16 23:22:12',0),
(180,488,146,'SubItemTypeName3',0,0,0,'insert','2021-05-16 23:22:12',0),
(181,489,147,'SubItemTypeName4',0,0,0,'insert','2021-05-16 23:22:12',0),
(182,490,148,'SubItemTypeName5',0,0,0,'insert','2021-05-16 23:22:12',0),
(183,491,149,'SubItemTypeName6',0,0,0,'insert','2021-05-16 23:22:12',0),
(184,492,150,'SubItemTypeName7',0,0,0,'insert','2021-05-16 23:22:12',0),
(185,493,151,'SubItemTypeName8',0,0,0,'insert','2021-05-16 23:22:12',0),
(186,494,152,'SubItemTypeName9',0,0,0,'insert','2021-05-16 23:22:12',0),
(187,495,153,'SubItemTypeName10',0,0,0,'insert','2021-05-16 23:22:12',0),
(188,496,154,'SubItemTypeName11',0,0,0,'insert','2021-05-16 23:22:12',0),
(189,497,155,'SubItemTypeName12',0,0,0,'insert','2021-05-16 23:22:12',0),
(190,498,156,'SubItemTypeName13',0,0,0,'insert','2021-05-16 23:22:12',0),
(191,499,157,'SubItemTypeName14',0,0,0,'insert','2021-05-16 23:22:12',0),
(192,500,158,'SubItemTypeName15',0,0,0,'insert','2021-05-16 23:22:12',0),
(193,501,159,'SubItemTypeName16',0,0,0,'insert','2021-05-16 23:22:12',0),
(194,502,160,'SubItemTypeName17',0,0,0,'insert','2021-05-16 23:22:12',0),
(195,503,161,'SubItemTypeName18',0,0,0,'insert','2021-05-16 23:22:12',0),
(196,504,162,'SubItemTypeName19',0,0,0,'insert','2021-05-16 23:22:13',0),
(197,505,163,'SubItemTypeName20',0,0,0,'insert','2021-05-16 23:22:13',0),
(198,368,51,'Connector/Pcb',1,NULL,0,'approve','2021-01-30 12:10:13',0),
(199,440,51,'ADAPTER',1,NULL,0,'approve','2021-01-30 13:30:47',0),
(200,506,24,'d',0,3,0,'insert','2021-05-17 08:06:59',0);

/*Table structure for table `m_subitemtypefield` */

DROP TABLE IF EXISTS `m_subitemtypefield`;

CREATE TABLE `m_subitemtypefield` (
  `subitemtypefieldId` int(11) NOT NULL AUTO_INCREMENT,
  `itemtypeId` int(11) DEFAULT NULL,
  `subitemtypeId` int(11) DEFAULT NULL,
  `subitemtypefieldName` varchar(50) DEFAULT NULL,
  `optionaltype` varchar(50) DEFAULT NULL,
  `optionalValue` varchar(3000) DEFAULT NULL,
  `textType` varchar(20) DEFAULT NULL,
  `textValue` varchar(50) DEFAULT NULL,
  `subitemtypefieldPriority` int(11) DEFAULT '1',
  `userId` int(11) DEFAULT NULL,
  `transDate` datetime DEFAULT CURRENT_TIMESTAMP,
  `isApproved` int(11) DEFAULT '0',
  `approvedUserId` int(11) DEFAULT '0',
  `approvedDateTime` datetime DEFAULT NULL,
  `isDeleted` int(11) DEFAULT '0',
  `deleteDateTime` datetime DEFAULT NULL,
  `deleteUserId` int(11) DEFAULT '0',
  `updateCount` int(11) DEFAULT '0',
  `lastUpdateUserId` int(11) DEFAULT '0',
  `isActive` tinyint(1) DEFAULT '0',
  `activateDateTime` datetime DEFAULT NULL,
  `activateUserId` int(11) DEFAULT '0',
  `uomGroupId` int(11) DEFAULT NULL,
  PRIMARY KEY (`subitemtypefieldId`)
) ENGINE=InnoDB AUTO_INCREMENT=91 DEFAULT CHARSET=utf8;

/*Data for the table `m_subitemtypefield` */

insert  into `m_subitemtypefield`(`subitemtypefieldId`,`itemtypeId`,`subitemtypeId`,`subitemtypefieldName`,`optionaltype`,`optionalValue`,`textType`,`textValue`,`subitemtypefieldPriority`,`userId`,`transDate`,`isApproved`,`approvedUserId`,`approvedDateTime`,`isDeleted`,`deleteDateTime`,`deleteUserId`,`updateCount`,`lastUpdateUserId`,`isActive`,`activateDateTime`,`activateUserId`,`uomGroupId`) values 
(1,11,13,'screw type','Optional','s1,s2,s3,s4','0',NULL,1,3,'2020-10-14 13:08:27',0,0,NULL,1,'2020-10-14 13:09:13',3,0,0,0,NULL,3,0),
(2,11,13,'height','Input','','Numeric',NULL,1,3,'2020-10-14 13:09:37',0,0,NULL,1,'2020-10-22 15:12:00',3,0,0,0,NULL,3,0),
(3,11,13,'width','Input','','Numeric',NULL,2,3,'2020-10-14 13:10:01',0,0,NULL,1,'2020-10-22 15:12:04',3,0,0,0,NULL,3,0),
(4,11,13,'size','Input','','Numeric',NULL,3,3,'2020-10-14 13:10:21',0,0,NULL,1,'2020-10-22 15:11:48',3,0,0,0,NULL,3,0),
(5,11,13,'thread','Input','','Textual',NULL,4,3,'2020-10-14 13:10:44',0,0,NULL,1,'2020-10-22 15:11:42',3,0,0,0,NULL,3,0),
(6,11,13,'grade','Optional','a,b,c,d,e,f','',NULL,5,3,'2020-10-14 13:11:36',0,0,NULL,1,'2020-10-22 15:11:38',3,1,3,0,NULL,3,0),
(7,11,14,'Size','Input','','Numeric',NULL,1,3,'2020-10-15 18:39:55',0,0,NULL,1,'2020-10-22 15:12:09',3,0,0,0,NULL,3,0),
(8,11,14,'Height','Input','','Numeric',NULL,2,3,'2020-10-15 18:40:35',0,0,NULL,1,'2020-10-22 15:12:13',3,0,0,0,NULL,3,0),
(9,11,14,'Width','Input','','Numeric',NULL,3,3,'2020-10-15 18:40:52',0,0,NULL,1,'2020-10-22 15:12:18',3,0,0,0,NULL,3,0),
(10,11,14,'Thread','Input','','Textual',NULL,4,3,'2020-10-15 18:41:17',1,3,'2020-10-16 11:25:42',1,'2020-10-22 15:12:23',3,0,0,0,NULL,3,0),
(11,11,14,'Grade','Optional','A,B,C,D,E,F','',NULL,5,3,'2020-10-15 18:42:02',1,3,'2020-10-16 11:25:39',1,'2020-10-22 15:12:27',3,0,0,0,NULL,3,0),
(12,11,14,'Rating','Optional','1,2,3,4,5','',NULL,6,3,'2020-10-15 18:42:49',0,0,NULL,1,'2020-10-22 15:12:31',3,0,0,0,NULL,3,0),
(13,11,13,'Aa','Optional','A,B,C,D','',NULL,7,3,'2020-10-16 11:24:47',0,0,NULL,1,'2020-10-22 15:12:36',3,0,0,0,NULL,3,0),
(14,12,15,'Height','Input','','Textual',NULL,4,3,'2020-10-16 11:25:33',1,10,'2020-10-27 10:48:01',1,'2021-04-19 06:21:04',3,1,3,0,NULL,3,4),
(15,11,13,'Xyz','Optional','5','',NULL,1,3,'2020-10-16 14:43:32',0,0,NULL,1,'2020-10-22 15:12:40',3,0,0,0,NULL,3,0),
(16,11,13,'Type','Optional','Wood Screws,Machine Screws,Thread Cutting Machine Screws,Sheet Metal Screws,Self Drilling SMS,Hex Bolts, Carriage Bolts,Log Bolts,Carriage Bolts,Log Bolts,Soket Screws,Set Screws,Eye Bolts,Eye Lags,J-Bolts,U-Bolts, Shoulder Bolts,Elevator Bolts,Sex Bolts,Mating Screws,Hanger Bolts','',NULL,1,3,'2020-10-22 16:17:30',0,0,NULL,0,NULL,0,0,0,0,NULL,3,0),
(19,11,13,'Thread Size','Optional','M1.0 x 0.2,M1.1 x 0.2,M1.2 x 0.2,M1.4 x 0.2,M1.6 x 0.2,M1.8 x 0.2,M2 x 0.25,M2.2 x 0.25,M2.5 x 0.35,M3 x 0.35,M3.5 x 0.35,M4 x 0.5,M4.5 x 0.5,M5 x 0.5,M5.5 x 0.5,M6 x 0.75,M7 x 0.75,M8 x 0.75,M8 x 1.0,M9 x 0.75,M9 x 1,M10 x 0.75,M10 x 1,M10 x 1.25,M11 x 0.75,M11 x 1,M12 x 1,M12 x 1.25,M12 x 1.5,M14 x 1.0,M14 x 1.25,M14 x 1.5,M15 x 1,M15 x 1.5,M16 x 1,M16 x 1.5,M17 x 1.0,M17 x 1.5,M18 x 1.0,M18 x 1.5,M18 x 2.0,M20 x 1.0,M20 x 1.5,M20 x 2.0,M22 x 1.0,M22 x 1.5,M22 x 2.0,M24 x 1.0,M24 x 1.5,M24 x 2.0,M25 x 1.0,M25 x 1.5,M25 x 2.0,M27 x 1.0,M27 x 1.5,M27 x 2.0,M28 x 1.0,M28 x 1.5,M28 x 2.0,M30 x 1.0,M30 x 1.5,M30 x 2.0,M30 x 3.0,M32 x 1.5,M32 x 2.0,M33 x 1.5,M33 x 2.0,M33 x 3.0,M35 x 1.5,M35 x 2.0,M36 x 2.0,M36 x 3.0,M39 x 1.5,M39 x 2.0,M39 x 3.0,M40 x 1.5,M40 x 2.0,M40 x 3.0,M42 x 1.5,M42 x 2.0,M42 x 3.0,M42 x 4.0,M45 x 1.5,M45 x 2.0,M45 x 3.0,M45 x 4.0,M48 x 1.5,M48 x 2.0,M48 x 3.0,M48 x 4.0,M50 x 1.5,M50 x 2.0,M50 x 3.0,M52 x 1.5,M52 x 2.0,M52 x 3.0,M52 x 4.0,M55 x 1.5,M55 x 2.0,M55 x 3.0,M55 x 4.0,M56 x 1.5,M56 x 2.0,M56 x 3.0,M56 x 4.0,M58 x 1.5,M58 x 2.0,M58 x 3.0,M58 x 4.0,M60 x 1.5,M60 x 2.0,M60 x 3.0,M60 x 4.0,M62 x 1.5,M62 x 2.0,M62 x 3.0,M62 x 4.0,M64 x 1.5,M64 x 2.0,M64 x 3.0,M64 x 4.0,M65 x 1.5,M65 x 2.0,M65 x 3.0,M65 x 4.0,M68 x 1.5,M68 x 2.0,M68 x 3.0,M68 x 4.0,M70 x 1.5,M70 x 2.0,M70 x 3.0,M70 x 4.0,M70 x 6.0,M72 x 1.5,M72 x 2.0,M72 x 3.0,M72 x 4.0,M72 x 6.0,M75 x 1.5,M75 x 2.0,M75 x 3.0,M75 x 4.0,M75 x 6.0,M76 x 1.5,M76 x 2.0,M76 x 3.0,M76 x 4.0,M76 x 6.0,M80 x 1.5,M80 x 2.0,M80 x 3.0,M80 x 4.0,M80 x 6.0,M85 x 2.0,M85 x 3.0,M85 x 4.0,M85 x 6.0,M90 x 2.0,M90 x 3.0,M90 x 4.0,M90 x 6.0,M95 x 2.0,M95 x 3.0,M95 x 4.0,M95 x 6.0,M100 x 2.0,M100 x 3.0,M100 x 4.0,M100 x 6.0,M1.6,M2,M2.5,M3,M3.5,M4,M5,M6,M8,M10,M12,M14,M16,M20,M22,M24,M27,M30,M36,M42,M48,M56,M64,M68 ','',NULL,2,3,'2020-10-22 16:25:06',0,0,NULL,0,NULL,0,2,3,0,NULL,3,4),
(23,11,13,'Length','Input','','Numeric',NULL,4,3,'2020-10-22 17:08:23',0,0,NULL,0,NULL,0,1,3,0,NULL,3,4),
(24,11,13,'Head Type','Optional','Flat,Oval,Pan,Truss,Round,Hex,Hex Washer,Slotted Hex Washer,Socked Cap,Button','',NULL,5,3,'2020-10-22 17:13:58',0,0,NULL,0,NULL,0,0,0,0,NULL,3,0),
(25,11,13,'Drive  Type','Optional','Phillips and Frearson,slotted,combination,socked,Hex or Allen,One Way,Square,Torx','',NULL,6,3,'2020-10-22 17:24:05',0,0,NULL,0,NULL,0,0,0,0,NULL,3,0),
(29,11,13,'Finish','Optional','CARBON STEEL,STAINLESS STEEL 304,STAINLESS STEEL 316,BRASS,COPPER,NICKEL','',NULL,7,3,'2020-10-22 17:32:36',0,0,NULL,1,'2021-02-17 22:33:28',3,0,0,0,NULL,3,0),
(30,11,13,'Pitch','Optional','M1.0 x 0.2,M1.1 x 0.2,M1.2 x 0.2,M1.4 x 0.2,M1.6 x 0.2,M1.8 x 0.2,M2 x 0.25,M2.2 x 0.25,M2.5 x 0.35,M3 x 0.35,M3.5 x 0.35,M4 x 0.5,M4.5 x 0.5,M5 x 0.5,M5.5 x 0.5,M6 x 0.75,M7 x 0.75,M8 x 0.75,M8 x 1.0,M9 x 0.75,M9 x 1,M10 x 0.75,M10 x 1,M10 x 1.25,M11 x 0.75,M11 x 1,M12 x 1,M12 x 1.25,M12 x 1.5,M14 x 1.0,M14 x 1.25,M14 x 1.5,M15 x 1,M15 x 1.5,M16 x 1,M16 x 1.5,M17 x 1.0,M17 x 1.5,M18 x 1.0,M18 x 1.5,M18 x 2.0,M20 x 1.0,M20 x 1.5,M20 x 2.0,M22 x 1.0,M22 x 1.5,M22 x 2.0,M24 x 1.0,M24 x 1.5,M24 x 2.0,M25 x 1.0,M25 x 1.5,M25 x 2.0,M27 x 1.0,M27 x 1.5,M27 x 2.0,M28 x 1.0,M28 x 1.5,M28 x 2.0,M30 x 1.0,M30 x 1.5,M30 x 2.0,M30 x 3.0,M32 x 1.5,M32 x 2.0,M33 x 1.5,M33 x 2.0,M33 x 3.0,M35 x 1.5,M35 x 2.0,M36 x 2.0,M36 x 3.0,M39 x 1.5,M39 x 2.0,M39 x 3.0,M40 x 1.5,M40 x 2.0,M40 x 3.0,M42 x 1.5,M42 x 2.0,M42 x 3.0,M42 x 4.0,M45 x 1.5,M45 x 2.0,M45 x 3.0,M45 x 4.0,M48 x 1.5,M48 x 2.0,M48 x 3.0,M48 x 4.0,M50 x 1.5,M50 x 2.0,M50 x 3.0,M52 x 1.5,M52 x 2.0,M52 x 3.0,M52 x 4.0,M55 x 1.5,M55 x 2.0,M55 x 3.0,M55 x 4.0,M56 x 1.5,M56 x 2.0,M56 x 3.0,M56 x 4.0,M58 x 1.5,M58 x 2.0,M58 x 3.0,M58 x 4.0,M60 x 1.5,M60 x 2.0,M60 x 3.0,M60 x 4.0,M62 x 1.5,M62 x 2.0,M62 x 3.0,M62 x 4.0,M64 x 1.5,M64 x 2.0,M64 x 3.0,M64 x 4.0,M65 x 1.5,M65 x 2.0,M65 x 3.0,M65 x 4.0,M68 x 1.5,M68 x 2.0,M68 x 3.0,M68 x 4.0,M70 x 1.5,M70 x 2.0,M70 x 3.0,M70 x 4.0,M70 x 6.0,M72 x 1.5,M72 x 2.0,M72 x 3.0,M72 x 4.0,M72 x 6.0,M75 x 1.5,M75 x 2.0,M75 x 3.0,M75 x 4.0,M75 x 6.0,M76 x 1.5,M76 x 2.0,M76 x 3.0,M76 x 4.0,M76 x 6.0,M80 x 1.5,M80 x 2.0,M80 x 3.0,M80 x 4.0,M80 x 6.0,M85 x 2.0,M85 x 3.0,M85 x 4.0,M85 x 6.0,M90 x 2.0,M90 x 3.0,M90 x 4.0,M90 x 6.0,M95 x 2.0,M95 x 3.0,M95 x 4.0,M95 x 6.0,M100 x 2.0,M100 x 3.0,M100 x 4.0,M100x6.0,M1.6,M2,M2.5,M3,M3.5,M4,M5,M6,M8,M10,M12,M14,M16,M20,M22,M24,M27,M30,M36,M42,M48,M56,M64,M68 ','',NULL,3,3,'2020-10-22 17:35:22',0,0,NULL,0,NULL,0,0,0,0,NULL,3,0),
(31,11,14,'Type','Optional','Hex,Heavy Hex,Nylon Insert Lock,Jam,Nylon Insert Jam Lock,Wing,Cap,Acorn,Flange,Tee,Square,Prevailing Torque Lockk,K-Lock Or Kep,Coupling,Slotted,Castle','',NULL,1,3,'2020-10-22 17:51:18',0,0,NULL,0,NULL,0,0,0,0,NULL,3,0),
(32,11,14,'Thread Size','Optional','M1.0 x 0.2,M1.1 x 0.2,M1.2 x 0.2,M1.4 x 0.2,M1.6 x 0.2,M1.8 x 0.2,M2 x 0.25,M2.2 x 0.25,M2.5 x 0.35,M3 x 0.35,M3.5 x 0.35,M4 x 0.5,M4.5 x 0.5,M5 x 0.5,M5.5 x 0.5,M6 x 0.75,M7 x 0.75,M8 x 0.75,M8 x 1.0,M9 x 0.75,M9 x 1,M10 x 0.75,M10 x 1,M10 x 1.25,M11 x 0.75,M11 x 1,M12 x 1,M12 x 1.25,M12 x 1.5,M14 x 1.0,M14 x 1.25,M14 x 1.5,M15 x 1,M15 x 1.5,M16 x 1,M16 x 1.5,M17 x 1.0,M17 x 1.5,M18 x 1.0,M18 x 1.5,M18 x 2.0,M20 x 1.0,M20 x 1.5,M20 x 2.0,M22 x 1.0,M22 x 1.5,M22 x 2.0,M24 x 1.0,M24 x 1.5,M24 x 2.0,M25 x 1.0,M25 x 1.5,M25 x 2.0,M27 x 1.0,M27 x 1.5,M27 x 2.0,M28 x 1.0,M28 x 1.5,M28 x 2.0,M30 x 1.0,M30 x 1.5,M30 x 2.0,M30 x 3.0,M32 x 1.5,M32 x 2.0,M33 x 1.5,M33 x 2.0,M33 x 3.0,M35 x 1.5,M35 x 2.0,M36 x 2.0,M36 x 3.0,M39 x 1.5,M39 x 2.0,M39 x 3.0,M40 x 1.5,M40 x 2.0,M40 x 3.0,M42 x 1.5,M42 x 2.0,M42 x 3.0,M42 x 4.0,M45 x 1.5,M45 x 2.0,M45 x 3.0,M45 x 4.0,M48 x 1.5,M48 x 2.0,M48 x 3.0,M48 x 4.0,M50 x 1.5,M50 x 2.0,M50 x 3.0,M52 x 1.5,M52 x 2.0,M52 x 3.0,M52 x 4.0,M55 x 1.5,M55 x 2.0,M55 x 3.0,M55 x 4.0,M56 x 1.5,M56 x 2.0,M56 x 3.0,M56 x 4.0,M58 x 1.5,M58 x 2.0,M58 x 3.0,M58 x 4.0,M60 x 1.5,M60 x 2.0,M60 x 3.0,M60 x 4.0,M62 x 1.5,M62 x 2.0,M62 x 3.0,M62 x 4.0,M64 x 1.5,M64 x 2.0,M64 x 3.0,M64 x 4.0,M65 x 1.5,M65 x 2.0,M65 x 3.0,M65 x 4.0,M68 x 1.5,M68 x 2.0,M68 x 3.0,M68 x 4.0,M70 x 1.5,M70 x 2.0,M70 x 3.0,M70 x 4.0,M70 x 6.0,M72 x 1.5,M72 x 2.0,M72 x 3.0,M72 x 4.0,M72 x 6.0,M75 x 1.5,M75 x 2.0,M75 x 3.0,M75 x 4.0,M75 x 6.0,M76 x 1.5,M76 x 2.0,M76 x 3.0,M76 x 4.0,M76 x 6.0,M80 x 1.5,M80 x 2.0,M80 x 3.0,M80 x 4.0,M80 x 6.0,M85 x 2.0,M85 x 3.0,M85 x 4.0,M85 x 6.0,M90 x 2.0,M90 x 3.0,M90 x 4.0,M90 x 6.0,M95 x 2.0,M95 x 3.0,M95 x 4.0,M95 x 6.0,M100 x 2.0,M100 x 3.0,M100 x 4.0,M100 x 6.0,M1.6,M2,M2.5,M3,M3.5,M4,M5,M6,M8,M10,M12,M14,M16,M20,M22,M24,M27,M30,M36,M42,M48,M56,M64,M68','',NULL,2,3,'2020-10-22 17:53:30',1,3,'2021-01-12 08:51:40',0,NULL,0,1,3,0,NULL,3,4),
(33,11,14,'Pitch','Optional','M1.0 x 0.2,M1.1 x 0.2,M1.2 x 0.2,M1.4 x 0.2,M1.6 x 0.2,M1.8 x 0.2,M2 x 0.25,M2.2 x 0.25,M2.5 x 0.35,M3 x 0.35,M3.5 x 0.35,M4 x 0.5,M4.5 x 0.5,M5 x 0.5,M5.5 x 0.5,M6 x 0.75,M7 x 0.75,M8 x 0.75,M8 x 1.0,M9 x 0.75,M9 x 1,M10 x 0.75,M10 x 1,M10 x 1.25,M11 x 0.75,M11 x 1,M12 x 1,M12 x 1.25,M12 x 1.5,M14 x 1.0,M14 x 1.25,M14 x 1.5,M15 x 1,M15 x 1.5,M16 x 1,M16 x 1.5,M17 x 1.0,M17 x 1.5,M18 x 1.0,M18 x 1.5,M18 x 2.0,M20 x 1.0,M20 x 1.5,M20 x 2.0,M22 x 1.0,M22 x 1.5,M22 x 2.0,M24 x 1.0,M24 x 1.5,M24 x 2.0,M25 x 1.0,M25 x 1.5,M25 x 2.0,M27 x 1.0,M27 x 1.5,M27 x 2.0,M28 x 1.0,M28 x 1.5,M28 x 2.0,M30 x 1.0,M30 x 1.5,M30 x 2.0,M30 x 3.0,M32 x 1.5,M32 x 2.0,M33 x 1.5,M33 x 2.0,M33 x 3.0,M35 x 1.5,M35 x 2.0,M36 x 2.0,M36 x 3.0,M39 x 1.5,M39 x 2.0,M39 x 3.0,M40 x 1.5,M40 x 2.0,M40 x 3.0,M42 x 1.5,M42 x 2.0,M42 x 3.0,M42 x 4.0,M45 x 1.5,M45 x 2.0,M45 x 3.0,M45 x 4.0,M48 x 1.5,M48 x 2.0,M48 x 3.0,M48 x 4.0,M50 x 1.5,M50 x 2.0,M50 x 3.0,M52 x 1.5,M52 x 2.0,M52 x 3.0,M52 x 4.0,M55 x 1.5,M55 x 2.0,M55 x 3.0,M55 x 4.0,M56 x 1.5,M56 x 2.0,M56 x 3.0,M56 x 4.0,M58 x 1.5,M58 x 2.0,M58 x 3.0,M58 x 4.0,M60 x 1.5,M60 x 2.0,M60 x 3.0,M60 x 4.0,M62 x 1.5,M62 x 2.0,M62 x 3.0,M62 x 4.0,M64 x 1.5,M64 x 2.0,M64 x 3.0,M64 x 4.0,M65 x 1.5,M65 x 2.0,M65 x 3.0,M65 x 4.0,M68 x 1.5,M68 x 2.0,M68 x 3.0,M68 x 4.0,M70 x 1.5,M70 x 2.0,M70 x 3.0,M70 x 4.0,M70 x 6.0,M72 x 1.5,M72 x 2.0,M72 x 3.0,M72 x 4.0,M72 x 6.0,M75 x 1.5,M75 x 2.0,M75 x 3.0,M75 x 4.0,M75 x 6.0,M76 x 1.5,M76 x 2.0,M76 x 3.0,M76 x 4.0,M76 x 6.0,M80 x 1.5,M80 x 2.0,M80 x 3.0,M80 x 4.0,M80 x 6.0,M85 x 2.0,M85 x 3.0,M85 x 4.0,M85 x 6.0,M90 x 2.0,M90 x 3.0,M90 x 4.0,M90 x 6.0,M95 x 2.0,M95 x 3.0,M95 x 4.0,M95 x 6.0,M100 x 2.0,M100 x 3.0,M100 x 4.0,M100 x 6.0,M1.6,M2,M2.5,M3,M3.5,M4,M5,M6,M8,M10,M12,M14,M16,M20,M22,M24,M27,M30,M36,M42,M48,M56,M64,M68','',NULL,3,3,'2020-10-22 17:54:04',0,0,NULL,0,NULL,0,0,0,0,NULL,3,0),
(34,11,14,'Finish','Optional','Carbon Steel,Stainless Steel 304,Stainless Steel 316,Brass,Copper,Nickel','',NULL,4,3,'2020-10-22 17:56:21',0,0,NULL,0,NULL,0,0,0,0,NULL,3,0),
(35,11,18,'Type','Optional','Flat,Fender,Finishing,Split Lock,External Tooth Lock,Internal Tooth Lock,Square,Dock,Ogee','',NULL,1,3,'2020-10-22 18:04:38',0,0,NULL,0,NULL,0,0,0,0,NULL,3,0),
(36,11,18,'Thickness','Input','','Numeric',NULL,4,3,'2020-10-22 18:19:50',0,0,NULL,0,NULL,0,1,3,0,NULL,3,7),
(37,11,18,'Material','Optional','Carbon Steel,Stainless Steel 304,Stainless Steel 316,Brass,Copper,Nickel','',NULL,5,3,'2020-10-22 18:20:40',0,0,NULL,0,NULL,0,0,0,0,NULL,3,0),
(38,11,19,'Thread  Size-External','Optional','M1.0 x 0.2,M1.1 x 0.2,M1.2 x 0.2,M1.4 x 0.2,M1.6 x 0.2,M1.8 x 0.2,M2 x 0.25,M2.2 x 0.25,M2.5 x 0.35,M3 x 0.35,M3.5 x 0.35,M4 x 0.5,M4.5 x 0.5,M5 x 0.5,M5.5 x 0.5,M6 x 0.75,M7 x 0.75,M8 x 0.75,M8 x 1.0,M9 x 0.75,M9 x 1,M10 x 0.75,M10 x 1,M10 x 1.25,M11 x 0.75,M11 x 1,M12 x 1,M12 x 1.25,M12 x 1.5,M14 x 1.0,M14 x 1.25,M14 x 1.5,M15 x 1,M15 x 1.5,M16 x 1,M16 x 1.5,M17 x 1.0,M17 x 1.5,M18 x 1.0,M18 x 1.5,M18 x 2.0,M20 x 1.0,M20 x 1.5,M20 x 2.0,M22 x 1.0,M22 x 1.5,M22 x 2.0,M24 x 1.0,M24 x 1.5,M24 x 2.0,M25 x 1.0,M25 x 1.5,M25 x 2.0,M27 x 1.0,M27 x 1.5,M27 x 2.0,M28 x 1.0,M28 x 1.5,M28 x 2.0,M30 x 1.0,M30 x 1.5,M30 x 2.0,M30 x 3.0,M32 x 1.5,M32 x 2.0,M33 x 1.5,M33 x 2.0,M33 x 3.0,M35 x 1.5,M35 x 2.0,M36 x 2.0,M36 x 3.0,M39 x 1.5,M39 x 2.0,M39 x 3.0,M40 x 1.5,M40 x 2.0,M40 x 3.0,M42 x 1.5,M42 x 2.0,M42 x 3.0,M42 x 4.0,M45 x 1.5,M45 x 2.0,M45 x 3.0,M45 x 4.0,M48 x 1.5,M48 x 2.0,M48 x 3.0,M48 x 4.0,M50 x 1.5,M50 x 2.0,M50 x 3.0,M52 x 1.5,M52 x 2.0,M52 x 3.0,M52 x 4.0,M55 x 1.5,M55 x 2.0,M55 x 3.0,M55 x 4.0,M56 x 1.5,M56 x 2.0,M56 x 3.0,M56 x 4.0,M58 x 1.5,M58 x 2.0,M58 x 3.0,M58 x 4.0,M60 x 1.5,M60 x 2.0,M60 x 3.0,M60 x 4.0,M62 x 1.5,M62 x 2.0,M62 x 3.0,M62 x 4.0,M64 x 1.5,M64 x 2.0,M64 x 3.0,M64 x 4.0,M65 x 1.5,M65 x 2.0,M65 x 3.0,M65 x 4.0,M68 x 1.5,M68 x 2.0,M68 x 3.0,M68 x 4.0,M70 x 1.5,M70 x 2.0,M70 x 3.0,M70 x 4.0,M70 x 6.0,M72 x 1.5,M72 x 2.0,M72 x 3.0,M72 x 4.0,M72 x 6.0,M75 x 1.5,M75 x 2.0,M75 x 3.0,M75 x 4.0,M75 x 6.0,M76 x 1.5,M76 x 2.0,M76 x 3.0,M76 x 4.0,M76 x 6.0,M80 x 1.5,M80 x 2.0,M80 x 3.0,M80 x 4.0,M80 x 6.0,M85 x 2.0,M85 x 3.0,M85 x 4.0,M85 x 6.0,M90 x 2.0,M90 x 3.0,M90 x 4.0,M90 x 6.0,M95 x 2.0,M95 x 3.0,M95 x 4.0,M95 x 6.0,M100 x 2.0,M100 x 3.0,M100 x 4.0,M100 x 6.0,M1.6,M2,M2.5,M3,M3.5,M4,M5,M6,M8,M10,M12,M14,M16,M20,M22,M24,M27,M30,M36,M42,M48,M56,M64,M68','',NULL,4,3,'2020-10-22 18:28:23',0,0,NULL,0,NULL,0,5,3,0,NULL,3,4),
(39,11,19,'Thread Size - Internal','Optional','M1.0 x 0.2,M1.1 x 0.2,M1.2 x 0.2,M1.4 x 0.2,M1.6 x 0.2,M1.8 x 0.2,M2 x 0.25,M2.2 x 0.25,M2.5 x 0.35,M3 x 0.35,M3.5 x 0.35,M4 x 0.5,M4.5 x 0.5,M5 x 0.5,M5.5 x 0.5,M6 x 0.75,M7 x 0.75,M8 x 0.75,M8 x 1.0,M9 x 0.75,M9 x 1,M10 x 0.75,M10 x 1,M10 x 1.25,M11 x 0.75,M11 x 1,M12 x 1,M12 x 1.25,M12 x 1.5,M14 x 1.0,M14 x 1.25,M14 x 1.5,M15 x 1,M15 x 1.5,M16 x 1,M16 x 1.5,M17 x 1.0,M17 x 1.5,M18 x 1.0,M18 x 1.5,M18 x 2.0,M20 x 1.0,M20 x 1.5,M20 x 2.0,M22 x 1.0,M22 x 1.5,M22 x 2.0,M24 x 1.0,M24 x 1.5,M24 x 2.0,M25 x 1.0,M25 x 1.5,M25 x 2.0,M27 x 1.0,M27 x 1.5,M27 x 2.0,M28 x 1.0,M28 x 1.5,M28 x 2.0,M30 x 1.0,M30 x 1.5,M30 x 2.0,M30 x 3.0,M32 x 1.5,M32 x 2.0,M33 x 1.5,M33 x 2.0,M33 x 3.0,M35 x 1.5,M35 x 2.0,M36 x 2.0,M36 x 3.0,M39 x 1.5,M39 x 2.0,M39 x 3.0,M40 x 1.5,M40 x 2.0,M40 x 3.0,M42 x 1.5,M42 x 2.0,M42 x 3.0,M42 x 4.0,M45 x 1.5,M45 x 2.0,M45 x 3.0,M45 x 4.0,M48 x 1.5,M48 x 2.0,M48 x 3.0,M48 x 4.0,M50 x 1.5,M50 x 2.0,M50 x 3.0,M52 x 1.5,M52 x 2.0,M52 x 3.0,M52 x 4.0,M55 x 1.5,M55 x 2.0,M55 x 3.0,M55 x 4.0,M56 x 1.5,M56 x 2.0,M56 x 3.0,M56 x 4.0,M58 x 1.5,M58 x 2.0,M58 x 3.0,M58 x 4.0,M60 x 1.5,M60 x 2.0,M60 x 3.0,M60 x 4.0,M62 x 1.5,M62 x 2.0,M62 x 3.0,M62 x 4.0,M64 x 1.5,M64 x 2.0,M64 x 3.0,M64 x 4.0,M65 x 1.5,M65 x 2.0,M65 x 3.0,M65 x 4.0,M68 x 1.5,M68 x 2.0,M68 x 3.0,M68 x 4.0,M70 x 1.5,M70 x 2.0,M70 x 3.0,M70 x 4.0,M70 x 6.0,M72 x 1.5,M72 x 2.0,M72 x 3.0,M72 x 4.0,M72 x 6.0,M75 x 1.5,M75 x 2.0,M75 x 3.0,M75 x 4.0,M75 x 6.0,M76 x 1.5,M76 x 2.0,M76 x 3.0,M76 x 4.0,M76 x 6.0,M80 x 1.5,M80 x 2.0,M80 x 3.0,M80 x 4.0,M80 x 6.0,M85 x 2.0,M85 x 3.0,M85 x 4.0,M85 x 6.0,M90 x 2.0,M90 x 3.0,M90 x 4.0,M90 x 6.0,M95 x 2.0,M95 x 3.0,M95 x 4.0,M95 x 6.0,M100 x 2.0,M100 x 3.0,M100 x 4.0,M100 x 6.0,M1.6,M2,M2.5,M3,M3.5,M4,M5,M6,M8,M10,M12,M14,M16,M20,M22,M24,M27,M30,M36,M42,M48,M56,M64,M68','',NULL,3,3,'2020-10-22 18:34:51',0,0,NULL,0,NULL,0,1,3,0,NULL,3,4),
(40,11,19,'Sub Type','Optional','Female-Female Standoff,Male-Female Standoff,Male-Male Standoff','',NULL,2,3,'2020-10-22 18:36:03',0,0,NULL,0,NULL,0,0,0,0,NULL,3,0),
(41,11,19,'Type','Optional','Hex Standoffs,Round Standoffs,Square standoffs','',NULL,1,3,'2020-10-22 18:37:13',1,3,'2021-04-03 05:20:29',0,NULL,0,0,0,0,NULL,3,0),
(42,11,19,'Material','Optional','Carbon Steel,Stainless Steel 304,Stainless Steel 316,Brass,Copper,Nickel','',NULL,5,3,'2020-10-22 18:41:22',0,0,NULL,0,NULL,0,0,0,0,NULL,3,0),
(43,11,19,'Total Length','Input','','Numeric',NULL,6,3,'2020-10-22 18:42:03',0,0,NULL,0,NULL,0,1,3,0,NULL,3,4),
(44,11,20,'Type','Optional','External Retaining Ring DIN 471,External Reataining Ring DIN 472,External E-Clip DIN 6799,TYPE AV External V-Ring,Type JV Internal V-Ring, Type NT-0,MS-0 Beveled External Retaining Ring, Type MT Beveled Internal Retaining Ring,Type BETW-0 Bowed External E-Clip,External Retaining Ring Heavy Series DIN 471,  InterNal Retaining Ring Heavy Series DIN 472,External K-Ring DIN 983,InterNal K-Ring DIN 984,Type H Crescent Rings,Type S InterLocking Rings, Type G Grip Rings, Type AW Bowed External W-Ring, Type JW Bowed InterNal W-Ring, Type ST Circlipes,Type K-O Circlips,Type UTW-O CirClips, Type AL External L-Ring,Type JL Internal L-Ring,Type SL Circlips,Flat Wire Circlips DIN 5417,Piston PIN Circlips DIN 73130/73123','',NULL,1,3,'2020-10-22 18:55:52',0,0,NULL,0,NULL,0,0,0,0,NULL,3,0),
(45,11,20,'ThickNess','Input','','Numeric',NULL,4,3,'2020-10-22 18:57:08',0,0,NULL,0,NULL,0,2,3,0,NULL,3,7),
(46,11,20,'Material','Optional','Carbon Steel,Stainless Steel 304,Stainless Steel 316,Brass,Copper,Nickel','',NULL,5,3,'2020-10-22 18:58:47',0,0,NULL,0,NULL,0,0,0,0,NULL,3,0),
(47,11,21,'Type','Optional','Sleeve,Flanged,Washer,Spherical,Other','',NULL,1,3,'2020-10-22 19:01:30',0,0,NULL,0,NULL,0,0,0,0,NULL,3,0),
(48,11,21,'Thread Size','Optional','M1.0 x 0.2,M1.1 x 0.2,M1.2 x 0.2,M1.4 x 0.2,M1.6 x 0.2,M1.8 x 0.2,M2 x 0.25,M2.2 x 0.25,M2.5 x 0.35,M3 x 0.35,M3.5 x 0.35,M4 x 0.5,M4.5 x 0.5,M5 x 0.5,M5.5 x 0.5,M6 x 0.75,M7 x 0.75,M8 x 0.75,M8 x 1.0,M9 x 0.75,M9 x 1,M10 x 0.75,M10 x 1,M10 x 1.25,M11 x 0.75,M11 x 1,M12 x 1,M12 x 1.25,M12 x 1.5,M14 x 1.0,M14 x 1.25,M14 x 1.5,M15 x 1,M15 x 1.5,M16 x 1,M16 x 1.5,M17 x 1.0,M17 x 1.5,M18 x 1.0,M18 x 1.5,M18 x 2.0,M20 x 1.0,M20 x 1.5,M20 x 2.0,M22 x 1.0,M22 x 1.5,M22 x 2.0,M24 x 1.0,M24 x 1.5,M24 x 2.0,M25 x 1.0,M25 x 1.5,M25 x 2.0,M27 x 1.0,M27 x 1.5,M27 x 2.0,M28 x 1.0,M28 x 1.5,M28 x 2.0,M30 x 1.0,M30 x 1.5,M30 x 2.0,M30 x 3.0,M32 x 1.5,M32 x 2.0,M33 x 1.5,M33 x 2.0,M33 x 3.0,M35 x 1.5,M35 x 2.0,M36 x 2.0,M36 x 3.0,M39 x 1.5,M39 x 2.0,M39 x 3.0,M40 x 1.5,M40 x 2.0,M40 x 3.0,M42 x 1.5,M42 x 2.0,M42 x 3.0,M42 x 4.0,M45 x 1.5,M45 x 2.0,M45 x 3.0,M45 x 4.0,M48 x 1.5,M48 x 2.0,M48 x 3.0,M48 x 4.0,M50 x 1.5,M50 x 2.0,M50 x 3.0,M52 x 1.5,M52 x 2.0,M52 x 3.0,M52 x 4.0,M55 x 1.5,M55 x 2.0,M55 x 3.0,M55 x 4.0,M56 x 1.5,M56 x 2.0,M56 x 3.0,M56 x 4.0,M58 x 1.5,M58 x 2.0,M58 x 3.0,M58 x 4.0,M60 x 1.5,M60 x 2.0,M60 x 3.0,M60 x 4.0,M62 x 1.5,M62 x 2.0,M62 x 3.0,M62 x 4.0,M64 x 1.5,M64 x 2.0,M64 x 3.0,M64 x 4.0,M65 x 1.5,M65 x 2.0,M65 x 3.0,M65 x 4.0,M68 x 1.5,M68 x 2.0,M68 x 3.0,M68 x 4.0,M70 x 1.5,M70 x 2.0,M70 x 3.0,M70 x 4.0,M70 x 6.0,M72 x 1.5,M72 x 2.0,M72 x 3.0,M72 x 4.0,M72 x 6.0,M75 x 1.5,M75 x 2.0,M75 x 3.0,M75 x 4.0,M75 x 6.0,M76 x 1.5,M76 x 2.0,M76 x 3.0,M76 x 4.0,M76 x 6.0,M80 x 1.5,M80 x 2.0,M80 x 3.0,M80 x 4.0,M80 x 6.0,M85 x 2.0,M85 x 3.0,M85 x 4.0,M85 x 6.0,M90 x 2.0,M90 x 3.0,M90 x 4.0,M90 x 6.0,M95 x 2.0,M95 x 3.0,M95 x 4.0,M95 x 6.0,M100 x 2.0,M100 x 3.0,M100 x 4.0,M100 x 6.0,M1.6,M2,M2.5,M3,M3.5,M4,M5,M6,M8,M10,M12,M14,M16,M20,M22,M24,M27,M30,M36,M42,M48,M56,M64,M68','',NULL,2,3,'2020-10-22 19:02:40',0,0,NULL,0,NULL,0,1,3,0,NULL,3,4),
(49,11,21,'Pitch','Optional','M1.0 x 0.2,M1.1 x 0.2,M1.2 x 0.2,M1.4 x 0.2,M1.6 x 0.2,M1.8 x 0.2,M2 x 0.25,M2.2 x 0.25,M2.5 x 0.35,M3 x 0.35,M3.5 x 0.35,M4 x 0.5,M4.5 x 0.5,M5 x 0.5,M5.5 x 0.5,M6 x 0.75,M7 x 0.75,M8 x 0.75,M8 x 1.0,M9 x 0.75,M9 x 1,M10 x 0.75,M10 x 1,M10 x 1.25,M11 x 0.75,M11 x 1,M12 x 1,M12 x 1.25,M12 x 1.5,M14 x 1.0,M14 x 1.25,M14 x 1.5,M15 x 1,M15 x 1.5,M16 x 1,M16 x 1.5,M17 x 1.0,M17 x 1.5,M18 x 1.0,M18 x 1.5,M18 x 2.0,M20 x 1.0,M20 x 1.5,M20 x 2.0,M22 x 1.0,M22 x 1.5,M22 x 2.0,M24 x 1.0,M24 x 1.5,M24 x 2.0,M25 x 1.0,M25 x 1.5,M25 x 2.0,M27 x 1.0,M27 x 1.5,M27 x 2.0,M28 x 1.0,M28 x 1.5,M28 x 2.0,M30 x 1.0,M30 x 1.5,M30 x 2.0,M30 x 3.0,M32 x 1.5,M32 x 2.0,M33 x 1.5,M33 x 2.0,M33 x 3.0,M35 x 1.5,M35 x 2.0,M36 x 2.0,M36 x 3.0,M39 x 1.5,M39 x 2.0,M39 x 3.0,M40 x 1.5,M40 x 2.0,M40 x 3.0,M42 x 1.5,M42 x 2.0,M42 x 3.0,M42 x 4.0,M45 x 1.5,M45 x 2.0,M45 x 3.0,M45 x 4.0,M48 x 1.5,M48 x 2.0,M48 x 3.0,M48 x 4.0,M50 x 1.5,M50 x 2.0,M50 x 3.0,M52 x 1.5,M52 x 2.0,M52 x 3.0,M52 x 4.0,M55 x 1.5,M55 x 2.0,M55 x 3.0,M55 x 4.0,M56 x 1.5,M56 x 2.0,M56 x 3.0,M56 x 4.0,M58 x 1.5,M58 x 2.0,M58 x 3.0,M58 x 4.0,M60 x 1.5,M60 x 2.0,M60 x 3.0,M60 x 4.0,M62 x 1.5,M62 x 2.0,M62 x 3.0,M62 x 4.0,M64 x 1.5,M64 x 2.0,M64 x 3.0,M64 x 4.0,M65 x 1.5,M65 x 2.0,M65 x 3.0,M65 x 4.0,M68 x 1.5,M68 x 2.0,M68 x 3.0,M68 x 4.0,M70 x 1.5,M70 x 2.0,M70 x 3.0,M70 x 4.0,M70 x 6.0,M72 x 1.5,M72 x 2.0,M72 x 3.0,M72 x 4.0,M72 x 6.0,M75 x 1.5,M75 x 2.0,M75 x 3.0,M75 x 4.0,M75 x 6.0,M76 x 1.5,M76 x 2.0,M76 x 3.0,M76 x 4.0,M76 x 6.0,M80 x 1.5,M80 x 2.0,M80 x 3.0,M80 x 4.0,M80 x 6.0,M85 x 2.0,M85 x 3.0,M85 x 4.0,M85 x 6.0,M90 x 2.0,M90 x 3.0,M90 x 4.0,M90 x 6.0,M95 x 2.0,M95 x 3.0,M95 x 4.0,M95 x 6.0,M100 x 2.0,M100 x 3.0,M100 x 4.0,M100 x 6.0,M1.6,M2,M2.5,M3,M3.5,M4,M5,M6,M8,M10,M12,M14,M16,M20,M22,M24,M27,M30,M36,M42,M48,M56,M64,M68','',NULL,3,3,'2020-10-22 19:03:02',0,0,NULL,0,NULL,0,0,0,0,NULL,3,0),
(50,11,21,'ThickNess','Input','','Numeric',NULL,6,3,'2020-10-22 19:04:35',0,0,NULL,0,NULL,0,2,3,0,NULL,3,7),
(51,11,21,'Material','Optional','Carbon Steel,Stainless Steel 304,Stainless Steel 316,Brass,Copper,Nickel,Bronze/Iron,Bronze','',NULL,7,3,'2020-10-22 19:06:42',0,0,NULL,0,NULL,0,0,0,0,NULL,3,0),
(52,11,22,'Type','Optional','Dowel Pins,Spring Pins,Cotter Pins and Wire Clips,Hitch Pins and Linch Pins,Locating and fixturing pins,specialty pins','',NULL,1,3,'2020-10-22 19:13:49',0,0,NULL,0,NULL,0,0,0,0,NULL,3,0),
(53,11,22,'Length','Input','','Numeric',NULL,2,3,'2020-10-22 19:15:22',0,0,NULL,0,NULL,0,1,3,0,NULL,3,4),
(54,11,22,'Material','Optional','Carbon Steel,Stainless Steel 304,Stainless Steel 316,Brass,Copper,Nickel','',NULL,4,3,'2020-10-22 19:16:27',0,0,NULL,0,NULL,0,0,0,0,NULL,3,0),
(55,12,15,'Length','Input','','Numeric',NULL,3,3,'2020-10-23 11:31:05',0,3,'2021-05-17 02:35:35',0,NULL,0,1,3,0,NULL,3,4),
(56,12,16,'Er','Input','','Textual',NULL,2,10,'2020-10-26 19:00:08',1,3,'2021-04-03 05:20:18',1,'2021-04-19 06:20:55',3,0,0,0,NULL,10,0),
(57,6,31,'New','Input','','Numeric',NULL,1,3,'2021-01-02 18:55:33',0,0,NULL,1,'2021-01-02 18:58:16',3,0,0,0,NULL,3,0),
(58,6,31,'New 2','Optional','new, new3, new4, new5','',NULL,1,3,'2021-01-02 18:56:34',0,0,NULL,1,'2021-01-02 18:58:09',3,0,0,0,NULL,3,0),
(59,6,31,'Demo','Input','','Numeric',NULL,1,3,'2021-01-02 19:05:55',0,0,NULL,0,NULL,0,0,0,0,NULL,3,0),
(60,6,31,'De mo2','Input','','Numeric',NULL,1,3,'2021-01-02 19:06:14',0,0,NULL,0,NULL,0,0,0,0,NULL,3,0),
(61,6,31,'Demo3','Input','','Numeric',NULL,1,3,'2021-01-02 19:06:34',0,0,NULL,0,NULL,0,0,0,0,NULL,3,0),
(62,6,31,'Demo','Input','','Textual',NULL,9,3,'2021-01-02 19:07:29',0,0,NULL,0,NULL,0,0,0,0,NULL,3,0),
(63,34,106,'Demo1.1','Optional','dm1.1, dm1.2,dm1.3, dm1.4, dm1.5','',NULL,2,3,'2021-01-02 19:14:05',0,0,NULL,1,'2021-01-02 19:27:55',3,0,0,0,NULL,3,0),
(64,34,106,'Demo1.2','Input','','Numeric',NULL,1,3,'2021-01-02 19:15:17',0,0,NULL,1,'2021-01-02 19:28:00',3,0,0,0,NULL,3,0),
(65,34,106,'Demo 1.3','Input','','Textual',NULL,3,3,'2021-01-02 19:16:03',0,0,NULL,1,'2021-01-02 19:28:07',3,0,0,0,NULL,3,0),
(66,38,108,'Demo11','Optional','Demo1.1, Demo1.2, Demo1.3, Demo1.4, Demo1.5','',NULL,2,3,'2021-01-02 19:33:31',0,0,NULL,0,NULL,0,0,0,0,NULL,3,0),
(67,38,108,'Demo12','Optional','d 1,d 2,d 3','',NULL,1,3,'2021-01-02 19:34:24',0,0,NULL,0,NULL,0,2,3,0,NULL,3,12),
(68,38,108,'Demo13','Input','','Textual',NULL,3,3,'2021-01-02 19:34:58',0,0,NULL,0,NULL,0,0,0,0,NULL,3,0),
(69,40,109,'A1','Input','','Numeric',NULL,6,3,'2021-01-04 14:23:27',0,0,NULL,1,'2021-01-04 14:27:57',3,0,0,0,NULL,3,0),
(70,40,109,'A2','Input','','Numeric',NULL,6,3,'2021-01-04 14:24:38',0,0,NULL,1,'2021-01-04 14:27:57',3,0,0,0,NULL,3,0),
(71,38,108,'A1','Input','','Numeric',NULL,6,3,'2021-01-06 17:29:24',0,0,NULL,0,NULL,0,0,0,0,NULL,3,3),
(72,41,110,'New1.1.0','Input','','Textual',NULL,16,3,'2021-01-09 09:30:24',0,0,NULL,1,'2021-01-09 09:35:55',3,0,0,0,NULL,3,0),
(73,41,111,'1.2.0','Input','','Numeric',NULL,10,3,'2021-01-09 09:30:57',0,0,NULL,1,'2021-01-09 09:35:55',3,0,0,0,NULL,3,16),
(74,41,112,'1.3.0','Input','','Numeric',NULL,12,3,'2021-01-09 09:31:42',0,0,NULL,1,'2021-01-09 09:35:55',3,0,0,0,NULL,3,16),
(75,38,108,'Material','Optional','m 1,m 2,m 3,m 4,m5','',NULL,1,3,'2021-01-09 11:18:53',0,0,NULL,0,NULL,0,0,0,0,NULL,3,0),
(76,13,30,'Ccc','Optional','ddd','',NULL,0,3,'2021-01-11 10:58:03',1,3,'2021-04-03 05:20:22',0,NULL,0,0,0,0,NULL,3,0),
(77,43,113,'DI 11','Input','','Numeric',NULL,0,3,'2021-01-18 13:45:54',0,0,NULL,0,NULL,0,0,0,0,NULL,3,17),
(78,43,113,'DI 12','Optional','DI 12.1, DI12.2, DI12.3','',NULL,0,3,'2021-01-18 13:46:33',0,0,NULL,0,NULL,0,0,0,0,NULL,3,14),
(79,43,113,'DM 11.6','Input','','Textual',NULL,0,3,'2021-01-18 13:47:54',0,0,NULL,0,NULL,0,0,0,0,NULL,3,12),
(80,17,29,'Field2','Input','','Numeric',NULL,0,3,'2021-02-17 22:32:06',1,3,'2021-02-17 22:32:20',1,'2021-02-17 22:38:50',3,1,3,0,NULL,3,12),
(81,11,13,'Test1','Input','','Textual',NULL,0,3,'2021-02-26 02:37:09',0,0,NULL,0,NULL,0,0,0,0,NULL,3,17),
(82,11,13,'Test2','Input','','Textual',NULL,0,3,'2021-02-26 02:37:35',0,0,NULL,0,NULL,0,0,0,0,NULL,3,0),
(83,11,13,'Test3','Input','','Textual',NULL,0,3,'2021-02-26 02:37:56',0,0,NULL,0,NULL,0,0,0,0,NULL,3,0),
(84,78,473,'Ram','Input','','Numeric',NULL,0,3,'2021-04-19 05:32:20',1,3,'2021-04-19 05:33:35',1,'2021-04-19 05:33:53',3,0,0,0,NULL,3,0),
(85,25,286,'S','Optional','2','',NULL,0,3,'2021-04-21 07:23:48',0,0,NULL,0,NULL,0,0,0,0,NULL,3,49),
(86,25,286,'Fds','Optional','drd','',NULL,0,3,'2021-04-21 07:24:44',0,3,'2021-05-17 02:35:43',0,NULL,0,0,0,0,NULL,3,0),
(87,116,484,'Kartik','Input','','Numeric',NULL,0,3,'2021-05-05 08:25:21',0,0,NULL,0,NULL,0,0,0,0,NULL,3,53),
(88,20,68,'Kakaka','Optional','happy','',NULL,0,3,'2021-05-05 08:30:35',0,0,NULL,0,NULL,0,0,0,0,NULL,3,12),
(89,24,474,'LENGTH','Input','','Numeric',NULL,0,3,'2021-05-10 05:18:08',0,0,NULL,0,NULL,0,0,0,0,NULL,3,6),
(90,24,474,'WIDTH','Input','','Numeric',NULL,0,3,'2021-05-10 05:19:24',0,0,NULL,0,NULL,0,0,0,0,NULL,3,6);

/*Table structure for table `m_subitemtypefield_log` */

DROP TABLE IF EXISTS `m_subitemtypefield_log`;

CREATE TABLE `m_subitemtypefield_log` (
  `logId` int(11) NOT NULL AUTO_INCREMENT,
  `subitemtypefieldId` int(11) DEFAULT NULL,
  `itemtypeId` int(11) DEFAULT NULL,
  `subitemtypeId` int(11) DEFAULT NULL,
  `subitemtypefieldName` varchar(50) DEFAULT NULL,
  `optionaltype` varchar(50) DEFAULT NULL,
  `optionalValue` varchar(3000) DEFAULT NULL,
  `textType` varchar(20) DEFAULT NULL,
  `textValue` varchar(50) DEFAULT NULL,
  `subitemtypefieldPriority` int(11) DEFAULT NULL,
  `isApproved` int(11) DEFAULT '0',
  `userId` int(11) DEFAULT NULL,
  `isDeleted` int(11) DEFAULT '0',
  `userAction` varchar(20) DEFAULT NULL,
  `transDate` datetime DEFAULT CURRENT_TIMESTAMP,
  `isActive` tinyint(1) DEFAULT '0',
  `uomGroupId` int(11) DEFAULT NULL,
  PRIMARY KEY (`logId`)
) ENGINE=InnoDB AUTO_INCREMENT=146 DEFAULT CHARSET=utf8mb4;

/*Data for the table `m_subitemtypefield_log` */

insert  into `m_subitemtypefield_log`(`logId`,`subitemtypefieldId`,`itemtypeId`,`subitemtypeId`,`subitemtypefieldName`,`optionaltype`,`optionalValue`,`textType`,`textValue`,`subitemtypefieldPriority`,`isApproved`,`userId`,`isDeleted`,`userAction`,`transDate`,`isActive`,`uomGroupId`) values 
(1,1,11,13,'screw type','Optional','s1,s2,s3,s4','0',NULL,1,0,3,0,'insert','2020-10-14 13:08:27',0,NULL),
(2,1,NULL,13,'screw type','Optional','s1,s2,s3,s4','0',NULL,1,0,3,0,'delete','2020-10-14 13:08:27',0,NULL),
(3,2,11,13,'height','Input','','Numeric',NULL,1,0,3,0,'insert','2020-10-14 13:09:37',0,NULL),
(4,3,11,13,'width','Input','','Numeric',NULL,2,0,3,0,'insert','2020-10-14 13:10:01',0,NULL),
(5,4,11,13,'size','Input','','Numeric',NULL,3,0,3,0,'insert','2020-10-14 13:10:21',0,NULL),
(6,5,11,13,'thread','Input','','Textual',NULL,4,0,3,0,'insert','2020-10-14 13:10:44',0,NULL),
(7,6,11,13,'grade','Optional','a,b,c,d,e,f','0',NULL,5,0,3,0,'insert','2020-10-14 13:11:36',0,NULL),
(8,6,11,13,'grade','Optional','a,b,c,d,e,f','0',NULL,5,0,3,0,'update','2020-10-14 13:11:36',0,NULL),
(9,7,11,14,'Size','Input','','Numeric',NULL,1,0,3,0,'insert','2020-10-15 18:39:55',0,NULL),
(10,8,11,14,'Height','Input','','Numeric',NULL,2,0,3,0,'insert','2020-10-15 18:40:35',0,NULL),
(11,9,11,14,'Width','Input','','Numeric',NULL,3,0,3,0,'insert','2020-10-15 18:40:52',0,NULL),
(12,10,11,14,'Thread','Input','','Textual',NULL,4,0,3,0,'insert','2020-10-15 18:41:17',0,NULL),
(13,11,11,14,'Grade','Optional','A,B,C,D,E,F','',NULL,5,0,3,0,'insert','2020-10-15 18:42:02',0,NULL),
(14,12,11,14,'Rating','Optional','1,2,3,4,5','',NULL,6,0,3,0,'insert','2020-10-15 18:42:49',0,NULL),
(15,13,11,13,'Aa','Optional','A,B,C,D','',NULL,7,0,3,0,'insert','2020-10-16 11:24:47',0,NULL),
(16,14,12,15,'Height','Input','','Textual',NULL,4,0,3,0,'insert','2020-10-16 11:25:33',0,NULL),
(17,11,11,14,'Grade','Optional','A,B,C,D,E,F','',NULL,5,0,3,0,'approve','2020-10-15 18:42:02',0,NULL),
(18,10,11,14,'Thread','Input','','Textual',NULL,4,0,3,0,'approve','2020-10-15 18:41:17',0,NULL),
(19,15,11,13,'Xyz','Optional','5','',NULL,1,0,3,0,'insert','2020-10-16 14:43:32',0,NULL),
(20,6,NULL,13,'grade','Optional','a,b,c,d,e,f','',NULL,5,0,3,0,'delete','2020-10-14 13:11:36',0,NULL),
(21,5,NULL,13,'thread','Input','','Textual',NULL,4,0,3,0,'delete','2020-10-14 13:10:44',0,NULL),
(22,4,NULL,13,'size','Input','','Numeric',NULL,3,0,3,0,'delete','2020-10-14 13:10:21',0,NULL),
(23,2,NULL,13,'height','Input','','Numeric',NULL,1,0,3,0,'delete','2020-10-14 13:09:37',0,NULL),
(24,3,NULL,13,'width','Input','','Numeric',NULL,2,0,3,0,'delete','2020-10-14 13:10:01',0,NULL),
(25,7,NULL,14,'Size','Input','','Numeric',NULL,1,0,3,0,'delete','2020-10-15 18:39:55',0,NULL),
(26,8,NULL,14,'Height','Input','','Numeric',NULL,2,0,3,0,'delete','2020-10-15 18:40:35',0,NULL),
(27,9,NULL,14,'Width','Input','','Numeric',NULL,3,0,3,0,'delete','2020-10-15 18:40:52',0,NULL),
(28,10,NULL,14,'Thread','Input','','Textual',NULL,4,0,3,0,'delete','2020-10-15 18:41:17',0,NULL),
(29,11,NULL,14,'Grade','Optional','A,B,C,D,E,F','',NULL,5,0,3,0,'delete','2020-10-15 18:42:02',0,NULL),
(30,12,NULL,14,'Rating','Optional','1,2,3,4,5','',NULL,6,0,3,0,'delete','2020-10-15 18:42:49',0,NULL),
(31,13,NULL,13,'Aa','Optional','A,B,C,D','',NULL,7,0,3,0,'delete','2020-10-16 11:24:47',0,NULL),
(32,15,NULL,13,'Xyz','Optional','5','',NULL,1,0,3,0,'delete','2020-10-16 14:43:32',0,NULL),
(33,16,11,13,'Type','Optional','Wood Screws,Machine Screws,Thread Cutting Machine Screws,Sheet Metal Screws,Self Drilling SMS,Hex Bolts, Carriage Bolts,Log Bolts,Carriage Bolts,Log Bolts,Soket Screws,Set Screws,Eye Bolts,Eye Lags,J-Bolts,U-Bolts, Shoulder Bolts,Elevator Bolts,Sex Bolts,Mating Screws,Hanger Bolts','',NULL,1,0,3,0,'insert','2020-10-22 16:17:30',0,NULL),
(34,19,11,13,'Thread Size','Optional','M1.0 x 0.2,M1.1 x 0.2,M1.2 x 0.2,M1.4 x 0.2,M1.6 x 0.2,M1.8 x 0.2,M2 x 0.25','',NULL,1,0,3,0,'insert','2020-10-22 16:25:06',0,NULL),
(35,19,11,13,'Thread Size','Optional','M1.0 x 0.2,M1.1 x 0.2,M1.2 x 0.2,M1.4 x 0.2,M1.6 x 0.2,M1.8 x 0.2,M2 x 0.25','',NULL,1,0,3,0,'update','2020-10-22 16:25:06',0,NULL),
(36,23,11,13,'Length','Input','','Numeric',NULL,4,0,3,0,'insert','2020-10-22 17:08:23',0,NULL),
(37,24,11,13,'Head Type','Optional','Flat,Oval,Pan,Truss,Round,Hex,Hex Washer,Slotted Hex Washer,Socked Cap,Button','',NULL,5,0,3,0,'insert','2020-10-22 17:13:58',0,NULL),
(38,25,11,13,'Drive  Type','Optional','Phillips and Frearson,slotted,combination,socked,Hex or Allen,One Way,Square,Torx','',NULL,6,0,3,0,'insert','2020-10-22 17:24:05',0,NULL),
(39,29,11,13,'Finish','Optional','CARBON STEEL,STAINLESS STEEL 304,STAINLESS STEEL 316,BRASS,COPPER,NICKEL','',NULL,7,0,3,0,'insert','2020-10-22 17:32:36',0,NULL),
(40,31,11,14,'Type','Optional','Hex,Heavy Hex,Nylon Insert Lock,Jam,Nylon Insert Jam Lock,Wing,Cap,Acorn,Flange,Tee,Square,Prevailing Torque Lockk,K-Lock Or Kep,Coupling,Slotted,Castle','',NULL,1,0,3,0,'insert','2020-10-22 17:51:18',0,NULL),
(41,32,11,14,'Thread Size','Optional','M1.0 x 0.2,M1.1 x 0.2,M1.2 x 0.2,M1.4 x 0.2,M1.6 x 0.2,M1.8 x 0.2,M2 x 0.25,M2.2 x 0.25,M2.5 x 0.35,M3 x 0.35,M3.5 x 0.35,M4 x 0.5,M4.5 x 0.5,M5 x 0.5,M5.5 x 0.5,M6 x 0.75,M7 x 0.75,M8 x 0.75,M8 x 1.0,M9 x 0.75,M9 x 1,M10 x 0.75,M10 x 1,M10 x 1.25,M11 x 0.75,M11 x 1,M12 x 1,M12 x 1.25,M12 x 1.5,M14 x 1.0,M14 x 1.25,M14 x 1.5,M15 x 1,M15 x 1.5,M16 x 1,M16 x 1.5,M17 x 1.0,M17 x 1.5,M18 x 1.0,M18 x 1.5,M18 x 2.0,M20 x 1.0,M20 x 1.5,M20 x 2.0,M22 x 1.0,M22 x 1.5,M22 x 2.0,M24 x 1.0,M24 x 1.5,M24 x 2.0,M25 x 1.0,M25 x 1.5,M25 x 2.0,M27 x 1.0,M27 x 1.5,M27 x 2.0,M28 x 1.0,M28 x 1.5,M28 x 2.0,M30 x 1.0,M30 x 1.5,M30 x 2.0,M30 x 3.0,M32 x 1.5,M32 x 2.0,M33 x 1.5,M33 x 2.0,M33 x 3.0,M35 x 1.5,M35 x 2.0,M36 x 2.0,M36 x 3.0,M39 x 1.5,M39 x 2.0,M39 x 3.0,M40 x 1.5,M40 x 2.0,M40 x 3.0,M42 x 1.5,M42 x 2.0,M42 x 3.0,M42 x 4.0,M45 x 1.5,M45 x 2.0,M45 x 3.0,M45 x 4.0,M48 x 1.5,M48 x 2.0,M48 x 3.0,M48 x 4.0,M50 x 1.5,M50 x 2.0,M50 x 3.0,M52 x 1.5,M52 x 2.0,M52 x 3.0,M52 x 4.0,M55 x 1.5,M55 x 2.0,M55 x 3.0,M55 x 4.0,M56 x 1.5,M56 x 2.0,M56 x 3.0,M56 x 4.0,M58 x 1.5,M58 x 2.0,M58 x 3.0,M58 x 4.0,M60 x 1.5,M60 x 2.0,M60 x 3.0,M60 x 4.0,M62 x 1.5,M62 x 2.0,M62 x 3.0,M62 x 4.0,M64 x 1.5,M64 x 2.0,M64 x 3.0,M64 x 4.0,M65 x 1.5,M65 x 2.0,M65 x 3.0,M65 x 4.0,M68 x 1.5,M68 x 2.0,M68 x 3.0,M68 x 4.0,M70 x 1.5,M70 x 2.0,M70 x 3.0,M70 x 4.0,M70 x 6.0,M72 x 1.5,M72 x 2.0,M72 x 3.0,M72 x 4.0,M72 x 6.0,M75 x 1.5,M75 x 2.0,M75 x 3.0,M75 x 4.0,M75 x 6.0,M76 x 1.5,M76 x 2.0,M76 x 3.0,M76 x 4.0,M76 x 6.0,M80 x 1.5,M80 x 2.0,M80 x 3.0,M80 x 4.0,M80 x 6.0,M85 x 2.0,M85 x 3.0,M85 x 4.0,M85 x 6.0,M90 x 2.0,M90 x 3.0,M90 x 4.0,M90 x 6.0,M95 x 2.0,M95 x 3.0,M95 x 4.0,M95 x 6.0,M100 x 2.0,M100 x 3.0,M100 x 4.0,M100 x 6.0,M1.6,M2,M2.5,M3,M3.5,M4,M5,M6,M8,M10,M12,M14,M16,M20,M22,M24,M27,M30,M36,M42,M48,M56,M64,M68','',NULL,2,0,3,0,'insert','2020-10-22 17:53:30',0,NULL),
(42,33,11,14,'Pitch','Optional','M1.0 x 0.2,M1.1 x 0.2,M1.2 x 0.2,M1.4 x 0.2,M1.6 x 0.2,M1.8 x 0.2,M2 x 0.25,M2.2 x 0.25,M2.5 x 0.35,M3 x 0.35,M3.5 x 0.35,M4 x 0.5,M4.5 x 0.5,M5 x 0.5,M5.5 x 0.5,M6 x 0.75,M7 x 0.75,M8 x 0.75,M8 x 1.0,M9 x 0.75,M9 x 1,M10 x 0.75,M10 x 1,M10 x 1.25,M11 x 0.75,M11 x 1,M12 x 1,M12 x 1.25,M12 x 1.5,M14 x 1.0,M14 x 1.25,M14 x 1.5,M15 x 1,M15 x 1.5,M16 x 1,M16 x 1.5,M17 x 1.0,M17 x 1.5,M18 x 1.0,M18 x 1.5,M18 x 2.0,M20 x 1.0,M20 x 1.5,M20 x 2.0,M22 x 1.0,M22 x 1.5,M22 x 2.0,M24 x 1.0,M24 x 1.5,M24 x 2.0,M25 x 1.0,M25 x 1.5,M25 x 2.0,M27 x 1.0,M27 x 1.5,M27 x 2.0,M28 x 1.0,M28 x 1.5,M28 x 2.0,M30 x 1.0,M30 x 1.5,M30 x 2.0,M30 x 3.0,M32 x 1.5,M32 x 2.0,M33 x 1.5,M33 x 2.0,M33 x 3.0,M35 x 1.5,M35 x 2.0,M36 x 2.0,M36 x 3.0,M39 x 1.5,M39 x 2.0,M39 x 3.0,M40 x 1.5,M40 x 2.0,M40 x 3.0,M42 x 1.5,M42 x 2.0,M42 x 3.0,M42 x 4.0,M45 x 1.5,M45 x 2.0,M45 x 3.0,M45 x 4.0,M48 x 1.5,M48 x 2.0,M48 x 3.0,M48 x 4.0,M50 x 1.5,M50 x 2.0,M50 x 3.0,M52 x 1.5,M52 x 2.0,M52 x 3.0,M52 x 4.0,M55 x 1.5,M55 x 2.0,M55 x 3.0,M55 x 4.0,M56 x 1.5,M56 x 2.0,M56 x 3.0,M56 x 4.0,M58 x 1.5,M58 x 2.0,M58 x 3.0,M58 x 4.0,M60 x 1.5,M60 x 2.0,M60 x 3.0,M60 x 4.0,M62 x 1.5,M62 x 2.0,M62 x 3.0,M62 x 4.0,M64 x 1.5,M64 x 2.0,M64 x 3.0,M64 x 4.0,M65 x 1.5,M65 x 2.0,M65 x 3.0,M65 x 4.0,M68 x 1.5,M68 x 2.0,M68 x 3.0,M68 x 4.0,M70 x 1.5,M70 x 2.0,M70 x 3.0,M70 x 4.0,M70 x 6.0,M72 x 1.5,M72 x 2.0,M72 x 3.0,M72 x 4.0,M72 x 6.0,M75 x 1.5,M75 x 2.0,M75 x 3.0,M75 x 4.0,M75 x 6.0,M76 x 1.5,M76 x 2.0,M76 x 3.0,M76 x 4.0,M76 x 6.0,M80 x 1.5,M80 x 2.0,M80 x 3.0,M80 x 4.0,M80 x 6.0,M85 x 2.0,M85 x 3.0,M85 x 4.0,M85 x 6.0,M90 x 2.0,M90 x 3.0,M90 x 4.0,M90 x 6.0,M95 x 2.0,M95 x 3.0,M95 x 4.0,M95 x 6.0,M100 x 2.0,M100 x 3.0,M100 x 4.0,M100 x 6.0,M1.6,M2,M2.5,M3,M3.5,M4,M5,M6,M8,M10,M12,M14,M16,M20,M22,M24,M27,M30,M36,M42,M48,M56,M64,M68','',NULL,3,0,3,0,'insert','2020-10-22 17:54:04',0,NULL),
(43,34,11,14,'Finish','Optional','Carbon Steel,Stainless Steel 304,Stainless Steel 316,Brass,Copper,Nickel','',NULL,4,0,3,0,'insert','2020-10-22 17:56:21',0,NULL),
(44,35,11,18,'Type','Optional','Flat,Fender,Finishing,Split Lock,External Tooth Lock,Internal Tooth Lock,Square,Dock,Ogee','',NULL,1,0,3,0,'insert','2020-10-22 18:04:38',0,NULL),
(45,36,11,18,'Thickness','Input','','Numeric',NULL,4,0,3,0,'insert','2020-10-22 18:19:50',0,NULL),
(46,37,11,18,'Material','Optional','Carbon Steel,Stainless Steel 304,Stainless Steel 316,Brass,Copper,Nickel','',NULL,5,0,3,0,'insert','2020-10-22 18:20:40',0,NULL),
(47,38,11,19,'Type','Optional','Hex Standoffs,Round Standoffs,Square Standoffs,Female-Female Standoffs,Male-Female Standoffs,Male-Male Standoffs','',NULL,1,0,3,0,'insert','2020-10-22 18:28:23',0,NULL),
(48,38,11,19,'Type','Optional','Hex Standoffs,Round Standoffs,Square Standoffs,Female-Female Standoffs,Male-Female Standoffs,Male-Male Standoffs','',NULL,1,0,3,0,'update','2020-10-22 18:28:23',0,NULL),
(49,38,11,19,'Type','Optional','Hex Standoffs,Round Standoffs,Square Standoffs','',NULL,1,0,3,0,'update','2020-10-22 18:28:23',0,NULL),
(50,38,11,19,'Sub Type','Optional','Female-Female Standoffs,Male-Female Standoffs,Male-Male Standoffs','',NULL,2,0,3,0,'update','2020-10-22 18:28:23',0,NULL),
(51,38,11,19,'Thread Size-Internal','Optional','M1.0 x 0.2,M1.1 x 0.2,M1.2 x 0.2,M1.4 x 0.2,M1.6 x 0.2,M1.8 x 0.2,M2 x 0.25,M2.2 x 0.25,M2.5 x 0.35,M3 x 0.35,M3.5 x 0.35,M4 x 0.5,M4.5 x 0.5,M5 x 0.5,M5.5 x 0.5,M6 x 0.75,M7 x 0.75,M8 x 0.75,M8 x 1.0,M9 x 0.75,M9 x 1,M10 x 0.75,M10 x 1,M10 x 1.25,M11 x 0.75,M11 x 1,M12 x 1,M12 x 1.25,M12 x 1.5,M14 x 1.0,M14 x 1.25,M14 x 1.5,M15 x 1,M15 x 1.5,M16 x 1,M16 x 1.5,M17 x 1.0,M17 x 1.5,M18 x 1.0,M18 x 1.5,M18 x 2.0,M20 x 1.0,M20 x 1.5,M20 x 2.0,M22 x 1.0,M22 x 1.5,M22 x 2.0,M24 x 1.0,M24 x 1.5,M24 x 2.0,M25 x 1.0,M25 x 1.5,M25 x 2.0,M27 x 1.0,M27 x 1.5,M27 x 2.0,M28 x 1.0,M28 x 1.5,M28 x 2.0,M30 x 1.0,M30 x 1.5,M30 x 2.0,M30 x 3.0,M32 x 1.5,M32 x 2.0,M33 x 1.5,M33 x 2.0,M33 x 3.0,M35 x 1.5,M35 x 2.0,M36 x 2.0,M36 x 3.0,M39 x 1.5,M39 x 2.0,M39 x 3.0,M40 x 1.5,M40 x 2.0,M40 x 3.0,M42 x 1.5,M42 x 2.0,M42 x 3.0,M42 x 4.0,M45 x 1.5,M45 x 2.0,M45 x 3.0,M45 x 4.0,M48 x 1.5,M48 x 2.0,M48 x 3.0,M48 x 4.0,M50 x 1.5,M50 x 2.0,M50 x 3.0,M52 x 1.5,M52 x 2.0,M52 x 3.0,M52 x 4.0,M55 x 1.5,M55 x 2.0,M55 x 3.0,M55 x 4.0,M56 x 1.5,M56 x 2.0,M56 x 3.0,M56 x 4.0,M58 x 1.5,M58 x 2.0,M58 x 3.0,M58 x 4.0,M60 x 1.5,M60 x 2.0,M60 x 3.0,M60 x 4.0,M62 x 1.5,M62 x 2.0,M62 x 3.0,M62 x 4.0,M64 x 1.5,M64 x 2.0,M64 x 3.0,M64 x 4.0,M65 x 1.5,M65 x 2.0,M65 x 3.0,M65 x 4.0,M68 x 1.5,M68 x 2.0,M68 x 3.0,M68 x 4.0,M70 x 1.5,M70 x 2.0,M70 x 3.0,M70 x 4.0,M70 x 6.0,M72 x 1.5,M72 x 2.0,M72 x 3.0,M72 x 4.0,M72 x 6.0,M75 x 1.5,M75 x 2.0,M75 x 3.0,M75 x 4.0,M75 x 6.0,M76 x 1.5,M76 x 2.0,M76 x 3.0,M76 x 4.0,M76 x 6.0,M80 x 1.5,M80 x 2.0,M80 x 3.0,M80 x 4.0,M80 x 6.0,M85 x 2.0,M85 x 3.0,M85 x 4.0,M85 x 6.0,M90 x 2.0,M90 x 3.0,M90 x 4.0,M90 x 6.0,M95 x 2.0,M95 x 3.0,M95 x 4.0,M95 x 6.0,M100 x 2.0,M100 x 3.0,M100 x 4.0,M100 x 6.0,M1.6,M2,M2.5,M3,M3.5,M4,M5,M6,M8,M10,M12,M14,M16,M20,M22,M24,M27,M30,M36,M42,M48,M56,M64,M68','',NULL,3,0,3,0,'update','2020-10-22 18:28:23',0,NULL),
(52,39,11,19,'Thread Size - Internal','Optional','M1.0 x 0.2,M1.1 x 0.2,M1.2 x 0.2,M1.4 x 0.2,M1.6 x 0.2,M1.8 x 0.2,M2 x 0.25,M2.2 x 0.25,M2.5 x 0.35,M3 x 0.35,M3.5 x 0.35,M4 x 0.5,M4.5 x 0.5,M5 x 0.5,M5.5 x 0.5,M6 x 0.75,M7 x 0.75,M8 x 0.75,M8 x 1.0,M9 x 0.75,M9 x 1,M10 x 0.75,M10 x 1,M10 x 1.25,M11 x 0.75,M11 x 1,M12 x 1,M12 x 1.25,M12 x 1.5,M14 x 1.0,M14 x 1.25,M14 x 1.5,M15 x 1,M15 x 1.5,M16 x 1,M16 x 1.5,M17 x 1.0,M17 x 1.5,M18 x 1.0,M18 x 1.5,M18 x 2.0,M20 x 1.0,M20 x 1.5,M20 x 2.0,M22 x 1.0,M22 x 1.5,M22 x 2.0,M24 x 1.0,M24 x 1.5,M24 x 2.0,M25 x 1.0,M25 x 1.5,M25 x 2.0,M27 x 1.0,M27 x 1.5,M27 x 2.0,M28 x 1.0,M28 x 1.5,M28 x 2.0,M30 x 1.0,M30 x 1.5,M30 x 2.0,M30 x 3.0,M32 x 1.5,M32 x 2.0,M33 x 1.5,M33 x 2.0,M33 x 3.0,M35 x 1.5,M35 x 2.0,M36 x 2.0,M36 x 3.0,M39 x 1.5,M39 x 2.0,M39 x 3.0,M40 x 1.5,M40 x 2.0,M40 x 3.0,M42 x 1.5,M42 x 2.0,M42 x 3.0,M42 x 4.0,M45 x 1.5,M45 x 2.0,M45 x 3.0,M45 x 4.0,M48 x 1.5,M48 x 2.0,M48 x 3.0,M48 x 4.0,M50 x 1.5,M50 x 2.0,M50 x 3.0,M52 x 1.5,M52 x 2.0,M52 x 3.0,M52 x 4.0,M55 x 1.5,M55 x 2.0,M55 x 3.0,M55 x 4.0,M56 x 1.5,M56 x 2.0,M56 x 3.0,M56 x 4.0,M58 x 1.5,M58 x 2.0,M58 x 3.0,M58 x 4.0,M60 x 1.5,M60 x 2.0,M60 x 3.0,M60 x 4.0,M62 x 1.5,M62 x 2.0,M62 x 3.0,M62 x 4.0,M64 x 1.5,M64 x 2.0,M64 x 3.0,M64 x 4.0,M65 x 1.5,M65 x 2.0,M65 x 3.0,M65 x 4.0,M68 x 1.5,M68 x 2.0,M68 x 3.0,M68 x 4.0,M70 x 1.5,M70 x 2.0,M70 x 3.0,M70 x 4.0,M70 x 6.0,M72 x 1.5,M72 x 2.0,M72 x 3.0,M72 x 4.0,M72 x 6.0,M75 x 1.5,M75 x 2.0,M75 x 3.0,M75 x 4.0,M75 x 6.0,M76 x 1.5,M76 x 2.0,M76 x 3.0,M76 x 4.0,M76 x 6.0,M80 x 1.5,M80 x 2.0,M80 x 3.0,M80 x 4.0,M80 x 6.0,M85 x 2.0,M85 x 3.0,M85 x 4.0,M85 x 6.0,M90 x 2.0,M90 x 3.0,M90 x 4.0,M90 x 6.0,M95 x 2.0,M95 x 3.0,M95 x 4.0,M95 x 6.0,M100 x 2.0,M100 x 3.0,M100 x 4.0,M100 x 6.0,M1.6,M2,M2.5,M3,M3.5,M4,M5,M6,M8,M10,M12,M14,M16,M20,M22,M24,M27,M30,M36,M42,M48,M56,M64,M68','',NULL,3,0,3,0,'insert','2020-10-22 18:34:51',0,NULL),
(53,40,11,19,'Sub Type','Optional','Female-Female Standoff,Male-Female Standoff,Male-Male Standoff','',NULL,2,0,3,0,'insert','2020-10-22 18:36:03',0,NULL),
(54,41,11,19,'Type','Optional','Hex Standoffs,Round Standoffs,Square standoffs','',NULL,1,0,3,0,'insert','2020-10-22 18:37:13',0,NULL),
(55,42,11,19,'Material','Optional','Carbon Steel,Stainless Steel 304,Stainless Steel 316,Brass,Copper,Nickel','',NULL,5,0,3,0,'insert','2020-10-22 18:41:22',0,NULL),
(56,43,11,19,'Total Length','Input','','Numeric',NULL,6,0,3,0,'insert','2020-10-22 18:42:03',0,NULL),
(57,44,11,20,'Type','Optional','External Retaining Ring DIN 471,External Reataining Ring DIN 472,External E-Clip DIN 6799,TYPE AV External V-Ring,Type JV Internal V-Ring, Type NT-0,MS-0 Beveled External Retaining Ring, Type MT Beveled Internal Retaining Ring,Type BETW-0 Bowed External E-Clip,External Retaining Ring Heavy Series DIN 471,  InterNal Retaining Ring Heavy Series DIN 472,External K-Ring DIN 983,InterNal K-Ring DIN 984,Type H Crescent Rings,Type S InterLocking Rings, Type G Grip Rings, Type AW Bowed External W-Ring, Type JW Bowed InterNal W-Ring, Type ST Circlipes,Type K-O Circlips,Type UTW-O CirClips, Type AL External L-Ring,Type JL Internal L-Ring,Type SL Circlips,Flat Wire Circlips DIN 5417,Piston PIN Circlips DIN 73130/73123','',NULL,1,0,3,0,'insert','2020-10-22 18:55:52',0,NULL),
(58,45,11,20,'ThickNess','Input','','Numeric',NULL,2,0,3,0,'insert','2020-10-22 18:57:08',0,NULL),
(59,46,11,20,'Material','Optional','Carbon Steel,Stainless Steel 304,Stainless Steel 316,Brass,Copper,Nickel','',NULL,5,0,3,0,'insert','2020-10-22 18:58:47',0,NULL),
(60,45,11,20,'ThickNess','Input','','Numeric',NULL,2,0,3,0,'update','2020-10-22 18:57:08',0,NULL),
(61,47,11,21,'Type','Optional','Sleeve,Flanged,Washer,Spherical,Other','',NULL,1,0,3,0,'insert','2020-10-22 19:01:30',0,NULL),
(62,48,11,21,'Thread Size','Optional','M1.0 x 0.2,M1.1 x 0.2,M1.2 x 0.2,M1.4 x 0.2,M1.6 x 0.2,M1.8 x 0.2,M2 x 0.25,M2.2 x 0.25,M2.5 x 0.35,M3 x 0.35,M3.5 x 0.35,M4 x 0.5,M4.5 x 0.5,M5 x 0.5,M5.5 x 0.5,M6 x 0.75,M7 x 0.75,M8 x 0.75,M8 x 1.0,M9 x 0.75,M9 x 1,M10 x 0.75,M10 x 1,M10 x 1.25,M11 x 0.75,M11 x 1,M12 x 1,M12 x 1.25,M12 x 1.5,M14 x 1.0,M14 x 1.25,M14 x 1.5,M15 x 1,M15 x 1.5,M16 x 1,M16 x 1.5,M17 x 1.0,M17 x 1.5,M18 x 1.0,M18 x 1.5,M18 x 2.0,M20 x 1.0,M20 x 1.5,M20 x 2.0,M22 x 1.0,M22 x 1.5,M22 x 2.0,M24 x 1.0,M24 x 1.5,M24 x 2.0,M25 x 1.0,M25 x 1.5,M25 x 2.0,M27 x 1.0,M27 x 1.5,M27 x 2.0,M28 x 1.0,M28 x 1.5,M28 x 2.0,M30 x 1.0,M30 x 1.5,M30 x 2.0,M30 x 3.0,M32 x 1.5,M32 x 2.0,M33 x 1.5,M33 x 2.0,M33 x 3.0,M35 x 1.5,M35 x 2.0,M36 x 2.0,M36 x 3.0,M39 x 1.5,M39 x 2.0,M39 x 3.0,M40 x 1.5,M40 x 2.0,M40 x 3.0,M42 x 1.5,M42 x 2.0,M42 x 3.0,M42 x 4.0,M45 x 1.5,M45 x 2.0,M45 x 3.0,M45 x 4.0,M48 x 1.5,M48 x 2.0,M48 x 3.0,M48 x 4.0,M50 x 1.5,M50 x 2.0,M50 x 3.0,M52 x 1.5,M52 x 2.0,M52 x 3.0,M52 x 4.0,M55 x 1.5,M55 x 2.0,M55 x 3.0,M55 x 4.0,M56 x 1.5,M56 x 2.0,M56 x 3.0,M56 x 4.0,M58 x 1.5,M58 x 2.0,M58 x 3.0,M58 x 4.0,M60 x 1.5,M60 x 2.0,M60 x 3.0,M60 x 4.0,M62 x 1.5,M62 x 2.0,M62 x 3.0,M62 x 4.0,M64 x 1.5,M64 x 2.0,M64 x 3.0,M64 x 4.0,M65 x 1.5,M65 x 2.0,M65 x 3.0,M65 x 4.0,M68 x 1.5,M68 x 2.0,M68 x 3.0,M68 x 4.0,M70 x 1.5,M70 x 2.0,M70 x 3.0,M70 x 4.0,M70 x 6.0,M72 x 1.5,M72 x 2.0,M72 x 3.0,M72 x 4.0,M72 x 6.0,M75 x 1.5,M75 x 2.0,M75 x 3.0,M75 x 4.0,M75 x 6.0,M76 x 1.5,M76 x 2.0,M76 x 3.0,M76 x 4.0,M76 x 6.0,M80 x 1.5,M80 x 2.0,M80 x 3.0,M80 x 4.0,M80 x 6.0,M85 x 2.0,M85 x 3.0,M85 x 4.0,M85 x 6.0,M90 x 2.0,M90 x 3.0,M90 x 4.0,M90 x 6.0,M95 x 2.0,M95 x 3.0,M95 x 4.0,M95 x 6.0,M100 x 2.0,M100 x 3.0,M100 x 4.0,M100 x 6.0,M1.6,M2,M2.5,M3,M3.5,M4,M5,M6,M8,M10,M12,M14,M16,M20,M22,M24,M27,M30,M36,M42,M48,M56,M64,M68','',NULL,2,0,3,0,'insert','2020-10-22 19:02:40',0,NULL),
(63,49,11,21,'Pitch','Optional','M1.0 x 0.2,M1.1 x 0.2,M1.2 x 0.2,M1.4 x 0.2,M1.6 x 0.2,M1.8 x 0.2,M2 x 0.25,M2.2 x 0.25,M2.5 x 0.35,M3 x 0.35,M3.5 x 0.35,M4 x 0.5,M4.5 x 0.5,M5 x 0.5,M5.5 x 0.5,M6 x 0.75,M7 x 0.75,M8 x 0.75,M8 x 1.0,M9 x 0.75,M9 x 1,M10 x 0.75,M10 x 1,M10 x 1.25,M11 x 0.75,M11 x 1,M12 x 1,M12 x 1.25,M12 x 1.5,M14 x 1.0,M14 x 1.25,M14 x 1.5,M15 x 1,M15 x 1.5,M16 x 1,M16 x 1.5,M17 x 1.0,M17 x 1.5,M18 x 1.0,M18 x 1.5,M18 x 2.0,M20 x 1.0,M20 x 1.5,M20 x 2.0,M22 x 1.0,M22 x 1.5,M22 x 2.0,M24 x 1.0,M24 x 1.5,M24 x 2.0,M25 x 1.0,M25 x 1.5,M25 x 2.0,M27 x 1.0,M27 x 1.5,M27 x 2.0,M28 x 1.0,M28 x 1.5,M28 x 2.0,M30 x 1.0,M30 x 1.5,M30 x 2.0,M30 x 3.0,M32 x 1.5,M32 x 2.0,M33 x 1.5,M33 x 2.0,M33 x 3.0,M35 x 1.5,M35 x 2.0,M36 x 2.0,M36 x 3.0,M39 x 1.5,M39 x 2.0,M39 x 3.0,M40 x 1.5,M40 x 2.0,M40 x 3.0,M42 x 1.5,M42 x 2.0,M42 x 3.0,M42 x 4.0,M45 x 1.5,M45 x 2.0,M45 x 3.0,M45 x 4.0,M48 x 1.5,M48 x 2.0,M48 x 3.0,M48 x 4.0,M50 x 1.5,M50 x 2.0,M50 x 3.0,M52 x 1.5,M52 x 2.0,M52 x 3.0,M52 x 4.0,M55 x 1.5,M55 x 2.0,M55 x 3.0,M55 x 4.0,M56 x 1.5,M56 x 2.0,M56 x 3.0,M56 x 4.0,M58 x 1.5,M58 x 2.0,M58 x 3.0,M58 x 4.0,M60 x 1.5,M60 x 2.0,M60 x 3.0,M60 x 4.0,M62 x 1.5,M62 x 2.0,M62 x 3.0,M62 x 4.0,M64 x 1.5,M64 x 2.0,M64 x 3.0,M64 x 4.0,M65 x 1.5,M65 x 2.0,M65 x 3.0,M65 x 4.0,M68 x 1.5,M68 x 2.0,M68 x 3.0,M68 x 4.0,M70 x 1.5,M70 x 2.0,M70 x 3.0,M70 x 4.0,M70 x 6.0,M72 x 1.5,M72 x 2.0,M72 x 3.0,M72 x 4.0,M72 x 6.0,M75 x 1.5,M75 x 2.0,M75 x 3.0,M75 x 4.0,M75 x 6.0,M76 x 1.5,M76 x 2.0,M76 x 3.0,M76 x 4.0,M76 x 6.0,M80 x 1.5,M80 x 2.0,M80 x 3.0,M80 x 4.0,M80 x 6.0,M85 x 2.0,M85 x 3.0,M85 x 4.0,M85 x 6.0,M90 x 2.0,M90 x 3.0,M90 x 4.0,M90 x 6.0,M95 x 2.0,M95 x 3.0,M95 x 4.0,M95 x 6.0,M100 x 2.0,M100 x 3.0,M100 x 4.0,M100 x 6.0,M1.6,M2,M2.5,M3,M3.5,M4,M5,M6,M8,M10,M12,M14,M16,M20,M22,M24,M27,M30,M36,M42,M48,M56,M64,M68','',NULL,3,0,3,0,'insert','2020-10-22 19:03:02',0,NULL),
(64,50,11,21,'ThickNess','Input','','Numeric',NULL,4,0,3,0,'insert','2020-10-22 19:04:35',0,NULL),
(65,51,11,21,'Material','Optional','Carbon Steel,Stainless Steel 304,Stainless Steel 316,Brass,Copper,Nickel,Bronze/Iron,Bronze','',NULL,7,0,3,0,'insert','2020-10-22 19:06:42',0,NULL),
(66,50,11,21,'ThickNess','Input','','Numeric',NULL,4,0,3,0,'update','2020-10-22 19:04:35',0,NULL),
(67,52,11,22,'Type','Optional','Dowel Pins,Spring Pins,Cotter Pins and Wire Clips,Hitch Pins and Linch Pins,Locating and fixturing pins,specialty pins','',NULL,1,0,3,0,'insert','2020-10-22 19:13:49',0,NULL),
(68,53,11,22,'Length','Input','','Numeric',NULL,2,0,3,0,'insert','2020-10-22 19:15:22',0,NULL),
(69,54,11,22,'Material','Optional','Carbon Steel,Stainless Steel 304,Stainless Steel 316,Brass,Copper,Nickel','',NULL,4,0,3,0,'insert','2020-10-22 19:16:27',0,NULL),
(70,55,12,15,'Length','Input','','Numeric',NULL,3,0,3,0,'insert','2020-10-23 11:31:05',0,NULL),
(71,56,12,16,'Er','Input','','Textual',NULL,2,0,10,0,'insert','2020-10-26 19:00:08',0,NULL),
(72,14,12,15,'Height','Input','','Textual',NULL,4,0,3,0,'approve','2020-10-16 11:25:33',0,NULL),
(73,57,6,31,'New','Input','','Numeric',NULL,1,0,3,0,'insert','2021-01-02 18:55:33',0,NULL),
(74,58,6,31,'New 2','Optional','new, new3, new4, new5','',NULL,1,0,3,0,'insert','2021-01-02 18:56:34',0,NULL),
(75,58,NULL,31,'New 2','Optional','new, new3, new4, new5','',NULL,1,0,3,0,'delete','2021-01-02 18:56:34',0,NULL),
(76,57,NULL,31,'New','Input','','Numeric',NULL,1,0,3,0,'delete','2021-01-02 18:55:33',0,NULL),
(77,59,6,31,'Demo','Input','','Numeric',NULL,1,0,3,0,'insert','2021-01-02 19:05:55',0,NULL),
(78,60,6,31,'De mo2','Input','','Numeric',NULL,1,0,3,0,'insert','2021-01-02 19:06:14',0,NULL),
(79,61,6,31,'Demo3','Input','','Numeric',NULL,1,0,3,0,'insert','2021-01-02 19:06:34',0,NULL),
(80,62,6,31,'Demo','Input','','Textual',NULL,9,0,3,0,'insert','2021-01-02 19:07:29',0,NULL),
(81,63,34,106,'Demo1.1','Optional','dm1.1, dm1.2,dm1.3, dm1.4, dm1.5','',NULL,2,0,3,0,'insert','2021-01-02 19:14:05',0,NULL),
(82,64,34,106,'Demo1.2','Input','','Numeric',NULL,1,0,3,0,'insert','2021-01-02 19:15:17',0,NULL),
(83,65,34,106,'Demo 1.3','Input','','Textual',NULL,3,0,3,0,'insert','2021-01-02 19:16:03',0,NULL),
(84,63,NULL,106,'Demo1.1','Optional','dm1.1, dm1.2,dm1.3, dm1.4, dm1.5','',NULL,2,0,3,0,'delete','2021-01-02 19:14:05',0,NULL),
(85,64,NULL,106,'Demo1.2','Input','','Numeric',NULL,1,0,3,0,'delete','2021-01-02 19:15:17',0,NULL),
(86,65,NULL,106,'Demo 1.3','Input','','Textual',NULL,3,0,3,0,'delete','2021-01-02 19:16:03',0,NULL),
(87,66,38,108,'Demo11','Optional','Demo1.1, Demo1.2, Demo1.3, Demo1.4, Demo1.5','',NULL,2,0,3,0,'insert','2021-01-02 19:33:31',0,NULL),
(88,67,38,108,'Demo12','Input','','Numeric',NULL,1,0,3,0,'insert','2021-01-02 19:34:24',0,NULL),
(89,68,38,108,'Demo13','Input','','Textual',NULL,3,0,3,0,'insert','2021-01-02 19:34:58',0,NULL),
(90,69,40,109,'A1','Input','','Numeric',NULL,6,0,3,0,'insert','2021-01-04 14:23:27',0,NULL),
(91,70,40,109,'A2','Input','','Numeric',NULL,6,0,3,0,'insert','2021-01-04 14:24:38',0,NULL),
(92,71,38,108,'A1','Input','','Numeric',NULL,6,0,3,0,'insert','2021-01-06 17:29:24',0,3),
(93,67,38,108,'Demo12','Input','','Numeric',NULL,1,0,3,0,'update','2021-01-02 19:34:24',0,0),
(94,72,41,110,'New1.1.0','Input','','Textual',NULL,16,0,3,0,'insert','2021-01-09 09:30:24',0,0),
(95,73,41,111,'1.2.0','Input','','Numeric',NULL,10,0,3,0,'insert','2021-01-09 09:30:57',0,16),
(96,74,41,112,'1.3.0','Input','','Numeric',NULL,12,0,3,0,'insert','2021-01-09 09:31:42',0,16),
(97,75,38,108,'Material','Optional','m 1,m 2,m 3,m 4,m5','',NULL,1,0,3,0,'insert','2021-01-09 11:18:53',0,0),
(98,67,38,108,'Demo12','Input','','Numeric',NULL,1,0,3,0,'update','2021-01-02 19:34:24',0,12),
(99,76,13,30,'Ccc','Optional','ddd','',NULL,0,0,3,0,'insert','2021-01-11 10:58:03',0,0),
(100,14,12,15,'Height','Input','','Textual',NULL,4,0,3,0,'update','2020-10-16 11:25:33',0,0),
(101,32,11,14,'Thread Size','Optional','M1.0 x 0.2,M1.1 x 0.2,M1.2 x 0.2,M1.4 x 0.2,M1.6 x 0.2,M1.8 x 0.2,M2 x 0.25,M2.2 x 0.25,M2.5 x 0.35,M3 x 0.35,M3.5 x 0.35,M4 x 0.5,M4.5 x 0.5,M5 x 0.5,M5.5 x 0.5,M6 x 0.75,M7 x 0.75,M8 x 0.75,M8 x 1.0,M9 x 0.75,M9 x 1,M10 x 0.75,M10 x 1,M10 x 1.25,M11 x 0.75,M11 x 1,M12 x 1,M12 x 1.25,M12 x 1.5,M14 x 1.0,M14 x 1.25,M14 x 1.5,M15 x 1,M15 x 1.5,M16 x 1,M16 x 1.5,M17 x 1.0,M17 x 1.5,M18 x 1.0,M18 x 1.5,M18 x 2.0,M20 x 1.0,M20 x 1.5,M20 x 2.0,M22 x 1.0,M22 x 1.5,M22 x 2.0,M24 x 1.0,M24 x 1.5,M24 x 2.0,M25 x 1.0,M25 x 1.5,M25 x 2.0,M27 x 1.0,M27 x 1.5,M27 x 2.0,M28 x 1.0,M28 x 1.5,M28 x 2.0,M30 x 1.0,M30 x 1.5,M30 x 2.0,M30 x 3.0,M32 x 1.5,M32 x 2.0,M33 x 1.5,M33 x 2.0,M33 x 3.0,M35 x 1.5,M35 x 2.0,M36 x 2.0,M36 x 3.0,M39 x 1.5,M39 x 2.0,M39 x 3.0,M40 x 1.5,M40 x 2.0,M40 x 3.0,M42 x 1.5,M42 x 2.0,M42 x 3.0,M42 x 4.0,M45 x 1.5,M45 x 2.0,M45 x 3.0,M45 x 4.0,M48 x 1.5,M48 x 2.0,M48 x 3.0,M48 x 4.0,M50 x 1.5,M50 x 2.0,M50 x 3.0,M52 x 1.5,M52 x 2.0,M52 x 3.0,M52 x 4.0,M55 x 1.5,M55 x 2.0,M55 x 3.0,M55 x 4.0,M56 x 1.5,M56 x 2.0,M56 x 3.0,M56 x 4.0,M58 x 1.5,M58 x 2.0,M58 x 3.0,M58 x 4.0,M60 x 1.5,M60 x 2.0,M60 x 3.0,M60 x 4.0,M62 x 1.5,M62 x 2.0,M62 x 3.0,M62 x 4.0,M64 x 1.5,M64 x 2.0,M64 x 3.0,M64 x 4.0,M65 x 1.5,M65 x 2.0,M65 x 3.0,M65 x 4.0,M68 x 1.5,M68 x 2.0,M68 x 3.0,M68 x 4.0,M70 x 1.5,M70 x 2.0,M70 x 3.0,M70 x 4.0,M70 x 6.0,M72 x 1.5,M72 x 2.0,M72 x 3.0,M72 x 4.0,M72 x 6.0,M75 x 1.5,M75 x 2.0,M75 x 3.0,M75 x 4.0,M75 x 6.0,M76 x 1.5,M76 x 2.0,M76 x 3.0,M76 x 4.0,M76 x 6.0,M80 x 1.5,M80 x 2.0,M80 x 3.0,M80 x 4.0,M80 x 6.0,M85 x 2.0,M85 x 3.0,M85 x 4.0,M85 x 6.0,M90 x 2.0,M90 x 3.0,M90 x 4.0,M90 x 6.0,M95 x 2.0,M95 x 3.0,M95 x 4.0,M95 x 6.0,M100 x 2.0,M100 x 3.0,M100 x 4.0,M100 x 6.0,M1.6,M2,M2.5,M3,M3.5,M4,M5,M6,M8,M10,M12,M14,M16,M20,M22,M24,M27,M30,M36,M42,M48,M56,M64,M68','',NULL,2,0,3,0,'approve','2020-10-22 17:53:30',0,NULL),
(102,53,11,22,'Length','Input','','Numeric',NULL,2,0,3,0,'update','2020-10-22 19:15:22',0,0),
(103,55,12,15,'Length','Input','','Numeric',NULL,3,0,3,0,'update','2020-10-23 11:31:05',0,0),
(104,36,11,18,'Thickness','Input','','Numeric',NULL,4,0,3,0,'update','2020-10-22 18:19:50',0,0),
(105,43,11,19,'Total Length','Input','','Numeric',NULL,6,0,3,0,'update','2020-10-22 18:42:03',0,0),
(106,50,11,21,'ThickNess','Input','','Numeric',NULL,6,0,3,0,'update','2020-10-22 19:04:35',0,0),
(107,45,11,20,'ThickNess','Input','','Numeric',NULL,4,0,3,0,'update','2020-10-22 18:57:08',0,0),
(108,23,11,13,'Length','Input','','Numeric',NULL,4,0,3,0,'update','2020-10-22 17:08:23',0,0),
(109,32,11,14,'Thread Size','Optional','M1.0 x 0.2,M1.1 x 0.2,M1.2 x 0.2,M1.4 x 0.2,M1.6 x 0.2,M1.8 x 0.2,M2 x 0.25,M2.2 x 0.25,M2.5 x 0.35,M3 x 0.35,M3.5 x 0.35,M4 x 0.5,M4.5 x 0.5,M5 x 0.5,M5.5 x 0.5,M6 x 0.75,M7 x 0.75,M8 x 0.75,M8 x 1.0,M9 x 0.75,M9 x 1,M10 x 0.75,M10 x 1,M10 x 1.25,M11 x 0.75,M11 x 1,M12 x 1,M12 x 1.25,M12 x 1.5,M14 x 1.0,M14 x 1.25,M14 x 1.5,M15 x 1,M15 x 1.5,M16 x 1,M16 x 1.5,M17 x 1.0,M17 x 1.5,M18 x 1.0,M18 x 1.5,M18 x 2.0,M20 x 1.0,M20 x 1.5,M20 x 2.0,M22 x 1.0,M22 x 1.5,M22 x 2.0,M24 x 1.0,M24 x 1.5,M24 x 2.0,M25 x 1.0,M25 x 1.5,M25 x 2.0,M27 x 1.0,M27 x 1.5,M27 x 2.0,M28 x 1.0,M28 x 1.5,M28 x 2.0,M30 x 1.0,M30 x 1.5,M30 x 2.0,M30 x 3.0,M32 x 1.5,M32 x 2.0,M33 x 1.5,M33 x 2.0,M33 x 3.0,M35 x 1.5,M35 x 2.0,M36 x 2.0,M36 x 3.0,M39 x 1.5,M39 x 2.0,M39 x 3.0,M40 x 1.5,M40 x 2.0,M40 x 3.0,M42 x 1.5,M42 x 2.0,M42 x 3.0,M42 x 4.0,M45 x 1.5,M45 x 2.0,M45 x 3.0,M45 x 4.0,M48 x 1.5,M48 x 2.0,M48 x 3.0,M48 x 4.0,M50 x 1.5,M50 x 2.0,M50 x 3.0,M52 x 1.5,M52 x 2.0,M52 x 3.0,M52 x 4.0,M55 x 1.5,M55 x 2.0,M55 x 3.0,M55 x 4.0,M56 x 1.5,M56 x 2.0,M56 x 3.0,M56 x 4.0,M58 x 1.5,M58 x 2.0,M58 x 3.0,M58 x 4.0,M60 x 1.5,M60 x 2.0,M60 x 3.0,M60 x 4.0,M62 x 1.5,M62 x 2.0,M62 x 3.0,M62 x 4.0,M64 x 1.5,M64 x 2.0,M64 x 3.0,M64 x 4.0,M65 x 1.5,M65 x 2.0,M65 x 3.0,M65 x 4.0,M68 x 1.5,M68 x 2.0,M68 x 3.0,M68 x 4.0,M70 x 1.5,M70 x 2.0,M70 x 3.0,M70 x 4.0,M70 x 6.0,M72 x 1.5,M72 x 2.0,M72 x 3.0,M72 x 4.0,M72 x 6.0,M75 x 1.5,M75 x 2.0,M75 x 3.0,M75 x 4.0,M75 x 6.0,M76 x 1.5,M76 x 2.0,M76 x 3.0,M76 x 4.0,M76 x 6.0,M80 x 1.5,M80 x 2.0,M80 x 3.0,M80 x 4.0,M80 x 6.0,M85 x 2.0,M85 x 3.0,M85 x 4.0,M85 x 6.0,M90 x 2.0,M90 x 3.0,M90 x 4.0,M90 x 6.0,M95 x 2.0,M95 x 3.0,M95 x 4.0,M95 x 6.0,M100 x 2.0,M100 x 3.0,M100 x 4.0,M100 x 6.0,M1.6,M2,M2.5,M3,M3.5,M4,M5,M6,M8,M10,M12,M14,M16,M20,M22,M24,M27,M30,M36,M42,M48,M56,M64,M68','',NULL,2,0,3,0,'update','2020-10-22 17:53:30',0,0),
(110,38,11,19,'Thread  Size-External','Optional','M1.0 x 0.2,M1.1 x 0.2,M1.2 x 0.2,M1.4 x 0.2,M1.6 x 0.2,M1.8 x 0.2,M2 x 0.25,M2.2 x 0.25,M2.5 x 0.35,M3 x 0.35,M3.5 x 0.35,M4 x 0.5,M4.5 x 0.5,M5 x 0.5,M5.5 x 0.5,M6 x 0.75,M7 x 0.75,M8 x 0.75,M8 x 1.0,M9 x 0.75,M9 x 1,M10 x 0.75,M10 x 1,M10 x 1.25,M11 x 0.75,M11 x 1,M12 x 1,M12 x 1.25,M12 x 1.5,M14 x 1.0,M14 x 1.25,M14 x 1.5,M15 x 1,M15 x 1.5,M16 x 1,M16 x 1.5,M17 x 1.0,M17 x 1.5,M18 x 1.0,M18 x 1.5,M18 x 2.0,M20 x 1.0,M20 x 1.5,M20 x 2.0,M22 x 1.0,M22 x 1.5,M22 x 2.0,M24 x 1.0,M24 x 1.5,M24 x 2.0,M25 x 1.0,M25 x 1.5,M25 x 2.0,M27 x 1.0,M27 x 1.5,M27 x 2.0,M28 x 1.0,M28 x 1.5,M28 x 2.0,M30 x 1.0,M30 x 1.5,M30 x 2.0,M30 x 3.0,M32 x 1.5,M32 x 2.0,M33 x 1.5,M33 x 2.0,M33 x 3.0,M35 x 1.5,M35 x 2.0,M36 x 2.0,M36 x 3.0,M39 x 1.5,M39 x 2.0,M39 x 3.0,M40 x 1.5,M40 x 2.0,M40 x 3.0,M42 x 1.5,M42 x 2.0,M42 x 3.0,M42 x 4.0,M45 x 1.5,M45 x 2.0,M45 x 3.0,M45 x 4.0,M48 x 1.5,M48 x 2.0,M48 x 3.0,M48 x 4.0,M50 x 1.5,M50 x 2.0,M50 x 3.0,M52 x 1.5,M52 x 2.0,M52 x 3.0,M52 x 4.0,M55 x 1.5,M55 x 2.0,M55 x 3.0,M55 x 4.0,M56 x 1.5,M56 x 2.0,M56 x 3.0,M56 x 4.0,M58 x 1.5,M58 x 2.0,M58 x 3.0,M58 x 4.0,M60 x 1.5,M60 x 2.0,M60 x 3.0,M60 x 4.0,M62 x 1.5,M62 x 2.0,M62 x 3.0,M62 x 4.0,M64 x 1.5,M64 x 2.0,M64 x 3.0,M64 x 4.0,M65 x 1.5,M65 x 2.0,M65 x 3.0,M65 x 4.0,M68 x 1.5,M68 x 2.0,M68 x 3.0,M68 x 4.0,M70 x 1.5,M70 x 2.0,M70 x 3.0,M70 x 4.0,M70 x 6.0,M72 x 1.5,M72 x 2.0,M72 x 3.0,M72 x 4.0,M72 x 6.0,M75 x 1.5,M75 x 2.0,M75 x 3.0,M75 x 4.0,M75 x 6.0,M76 x 1.5,M76 x 2.0,M76 x 3.0,M76 x 4.0,M76 x 6.0,M80 x 1.5,M80 x 2.0,M80 x 3.0,M80 x 4.0,M80 x 6.0,M85 x 2.0,M85 x 3.0,M85 x 4.0,M85 x 6.0,M90 x 2.0,M90 x 3.0,M90 x 4.0,M90 x 6.0,M95 x 2.0,M95 x 3.0,M95 x 4.0,M95 x 6.0,M100 x 2.0,M100 x 3.0,M100 x 4.0,M100 x 6.0,M1.6,M2,M2.5,M3,M3.5,M4,M5,M6,M8,M10,M12,M14,M16,M20,M22,M24,M27,M30,M36,M42,M48,M56,M64,M68','',NULL,4,0,3,0,'update','2020-10-22 18:28:23',0,0),
(111,39,11,19,'Thread Size - Internal','Optional','M1.0 x 0.2,M1.1 x 0.2,M1.2 x 0.2,M1.4 x 0.2,M1.6 x 0.2,M1.8 x 0.2,M2 x 0.25,M2.2 x 0.25,M2.5 x 0.35,M3 x 0.35,M3.5 x 0.35,M4 x 0.5,M4.5 x 0.5,M5 x 0.5,M5.5 x 0.5,M6 x 0.75,M7 x 0.75,M8 x 0.75,M8 x 1.0,M9 x 0.75,M9 x 1,M10 x 0.75,M10 x 1,M10 x 1.25,M11 x 0.75,M11 x 1,M12 x 1,M12 x 1.25,M12 x 1.5,M14 x 1.0,M14 x 1.25,M14 x 1.5,M15 x 1,M15 x 1.5,M16 x 1,M16 x 1.5,M17 x 1.0,M17 x 1.5,M18 x 1.0,M18 x 1.5,M18 x 2.0,M20 x 1.0,M20 x 1.5,M20 x 2.0,M22 x 1.0,M22 x 1.5,M22 x 2.0,M24 x 1.0,M24 x 1.5,M24 x 2.0,M25 x 1.0,M25 x 1.5,M25 x 2.0,M27 x 1.0,M27 x 1.5,M27 x 2.0,M28 x 1.0,M28 x 1.5,M28 x 2.0,M30 x 1.0,M30 x 1.5,M30 x 2.0,M30 x 3.0,M32 x 1.5,M32 x 2.0,M33 x 1.5,M33 x 2.0,M33 x 3.0,M35 x 1.5,M35 x 2.0,M36 x 2.0,M36 x 3.0,M39 x 1.5,M39 x 2.0,M39 x 3.0,M40 x 1.5,M40 x 2.0,M40 x 3.0,M42 x 1.5,M42 x 2.0,M42 x 3.0,M42 x 4.0,M45 x 1.5,M45 x 2.0,M45 x 3.0,M45 x 4.0,M48 x 1.5,M48 x 2.0,M48 x 3.0,M48 x 4.0,M50 x 1.5,M50 x 2.0,M50 x 3.0,M52 x 1.5,M52 x 2.0,M52 x 3.0,M52 x 4.0,M55 x 1.5,M55 x 2.0,M55 x 3.0,M55 x 4.0,M56 x 1.5,M56 x 2.0,M56 x 3.0,M56 x 4.0,M58 x 1.5,M58 x 2.0,M58 x 3.0,M58 x 4.0,M60 x 1.5,M60 x 2.0,M60 x 3.0,M60 x 4.0,M62 x 1.5,M62 x 2.0,M62 x 3.0,M62 x 4.0,M64 x 1.5,M64 x 2.0,M64 x 3.0,M64 x 4.0,M65 x 1.5,M65 x 2.0,M65 x 3.0,M65 x 4.0,M68 x 1.5,M68 x 2.0,M68 x 3.0,M68 x 4.0,M70 x 1.5,M70 x 2.0,M70 x 3.0,M70 x 4.0,M70 x 6.0,M72 x 1.5,M72 x 2.0,M72 x 3.0,M72 x 4.0,M72 x 6.0,M75 x 1.5,M75 x 2.0,M75 x 3.0,M75 x 4.0,M75 x 6.0,M76 x 1.5,M76 x 2.0,M76 x 3.0,M76 x 4.0,M76 x 6.0,M80 x 1.5,M80 x 2.0,M80 x 3.0,M80 x 4.0,M80 x 6.0,M85 x 2.0,M85 x 3.0,M85 x 4.0,M85 x 6.0,M90 x 2.0,M90 x 3.0,M90 x 4.0,M90 x 6.0,M95 x 2.0,M95 x 3.0,M95 x 4.0,M95 x 6.0,M100 x 2.0,M100 x 3.0,M100 x 4.0,M100 x 6.0,M1.6,M2,M2.5,M3,M3.5,M4,M5,M6,M8,M10,M12,M14,M16,M20,M22,M24,M27,M30,M36,M42,M48,M56,M64,M68','',NULL,3,0,3,0,'update','2020-10-22 18:34:51',0,0),
(112,48,11,21,'Thread Size','Optional','M1.0 x 0.2,M1.1 x 0.2,M1.2 x 0.2,M1.4 x 0.2,M1.6 x 0.2,M1.8 x 0.2,M2 x 0.25,M2.2 x 0.25,M2.5 x 0.35,M3 x 0.35,M3.5 x 0.35,M4 x 0.5,M4.5 x 0.5,M5 x 0.5,M5.5 x 0.5,M6 x 0.75,M7 x 0.75,M8 x 0.75,M8 x 1.0,M9 x 0.75,M9 x 1,M10 x 0.75,M10 x 1,M10 x 1.25,M11 x 0.75,M11 x 1,M12 x 1,M12 x 1.25,M12 x 1.5,M14 x 1.0,M14 x 1.25,M14 x 1.5,M15 x 1,M15 x 1.5,M16 x 1,M16 x 1.5,M17 x 1.0,M17 x 1.5,M18 x 1.0,M18 x 1.5,M18 x 2.0,M20 x 1.0,M20 x 1.5,M20 x 2.0,M22 x 1.0,M22 x 1.5,M22 x 2.0,M24 x 1.0,M24 x 1.5,M24 x 2.0,M25 x 1.0,M25 x 1.5,M25 x 2.0,M27 x 1.0,M27 x 1.5,M27 x 2.0,M28 x 1.0,M28 x 1.5,M28 x 2.0,M30 x 1.0,M30 x 1.5,M30 x 2.0,M30 x 3.0,M32 x 1.5,M32 x 2.0,M33 x 1.5,M33 x 2.0,M33 x 3.0,M35 x 1.5,M35 x 2.0,M36 x 2.0,M36 x 3.0,M39 x 1.5,M39 x 2.0,M39 x 3.0,M40 x 1.5,M40 x 2.0,M40 x 3.0,M42 x 1.5,M42 x 2.0,M42 x 3.0,M42 x 4.0,M45 x 1.5,M45 x 2.0,M45 x 3.0,M45 x 4.0,M48 x 1.5,M48 x 2.0,M48 x 3.0,M48 x 4.0,M50 x 1.5,M50 x 2.0,M50 x 3.0,M52 x 1.5,M52 x 2.0,M52 x 3.0,M52 x 4.0,M55 x 1.5,M55 x 2.0,M55 x 3.0,M55 x 4.0,M56 x 1.5,M56 x 2.0,M56 x 3.0,M56 x 4.0,M58 x 1.5,M58 x 2.0,M58 x 3.0,M58 x 4.0,M60 x 1.5,M60 x 2.0,M60 x 3.0,M60 x 4.0,M62 x 1.5,M62 x 2.0,M62 x 3.0,M62 x 4.0,M64 x 1.5,M64 x 2.0,M64 x 3.0,M64 x 4.0,M65 x 1.5,M65 x 2.0,M65 x 3.0,M65 x 4.0,M68 x 1.5,M68 x 2.0,M68 x 3.0,M68 x 4.0,M70 x 1.5,M70 x 2.0,M70 x 3.0,M70 x 4.0,M70 x 6.0,M72 x 1.5,M72 x 2.0,M72 x 3.0,M72 x 4.0,M72 x 6.0,M75 x 1.5,M75 x 2.0,M75 x 3.0,M75 x 4.0,M75 x 6.0,M76 x 1.5,M76 x 2.0,M76 x 3.0,M76 x 4.0,M76 x 6.0,M80 x 1.5,M80 x 2.0,M80 x 3.0,M80 x 4.0,M80 x 6.0,M85 x 2.0,M85 x 3.0,M85 x 4.0,M85 x 6.0,M90 x 2.0,M90 x 3.0,M90 x 4.0,M90 x 6.0,M95 x 2.0,M95 x 3.0,M95 x 4.0,M95 x 6.0,M100 x 2.0,M100 x 3.0,M100 x 4.0,M100 x 6.0,M1.6,M2,M2.5,M3,M3.5,M4,M5,M6,M8,M10,M12,M14,M16,M20,M22,M24,M27,M30,M36,M42,M48,M56,M64,M68','',NULL,2,0,3,0,'update','2020-10-22 19:02:40',0,0),
(113,19,11,13,'Thread Size','Optional','M1.0 x 0.2,M1.1 x 0.2,M1.2 x 0.2,M1.4 x 0.2,M1.6 x 0.2,M1.8 x 0.2,M2 x 0.25,M2.2 x 0.25,M2.5 x 0.35,M3 x 0.35,M3.5 x 0.35,M4 x 0.5,M4.5 x 0.5,M5 x 0.5,M5.5 x 0.5,M6 x 0.75,M7 x 0.75,M8 x 0.75,M8 x 1.0,M9 x 0.75,M9 x 1,M10 x 0.75,M10 x 1,M10 x 1.25,M11 x 0.75,M11 x 1,M12 x 1,M12 x 1.25,M12 x 1.5,M14 x 1.0,M14 x 1.25,M14 x 1.5,M15 x 1,M15 x 1.5,M16 x 1,M16 x 1.5,M17 x 1.0,M17 x 1.5,M18 x 1.0,M18 x 1.5,M18 x 2.0,M20 x 1.0,M20 x 1.5,M20 x 2.0,M22 x 1.0,M22 x 1.5,M22 x 2.0,M24 x 1.0,M24 x 1.5,M24 x 2.0,M25 x 1.0,M25 x 1.5,M25 x 2.0,M27 x 1.0,M27 x 1.5,M27 x 2.0,M28 x 1.0,M28 x 1.5,M28 x 2.0,M30 x 1.0,M30 x 1.5,M30 x 2.0,M30 x 3.0,M32 x 1.5,M32 x 2.0,M33 x 1.5,M33 x 2.0,M33 x 3.0,M35 x 1.5,M35 x 2.0,M36 x 2.0,M36 x 3.0,M39 x 1.5,M39 x 2.0,M39 x 3.0,M40 x 1.5,M40 x 2.0,M40 x 3.0,M42 x 1.5,M42 x 2.0,M42 x 3.0,M42 x 4.0,M45 x 1.5,M45 x 2.0,M45 x 3.0,M45 x 4.0,M48 x 1.5,M48 x 2.0,M48 x 3.0,M48 x 4.0,M50 x 1.5,M50 x 2.0,M50 x 3.0,M52 x 1.5,M52 x 2.0,M52 x 3.0,M52 x 4.0,M55 x 1.5,M55 x 2.0,M55 x 3.0,M55 x 4.0,M56 x 1.5,M56 x 2.0,M56 x 3.0,M56 x 4.0,M58 x 1.5,M58 x 2.0,M58 x 3.0,M58 x 4.0,M60 x 1.5,M60 x 2.0,M60 x 3.0,M60 x 4.0,M62 x 1.5,M62 x 2.0,M62 x 3.0,M62 x 4.0,M64 x 1.5,M64 x 2.0,M64 x 3.0,M64 x 4.0,M65 x 1.5,M65 x 2.0,M65 x 3.0,M65 x 4.0,M68 x 1.5,M68 x 2.0,M68 x 3.0,M68 x 4.0,M70 x 1.5,M70 x 2.0,M70 x 3.0,M70 x 4.0,M70 x 6.0,M72 x 1.5,M72 x 2.0,M72 x 3.0,M72 x 4.0,M72 x 6.0,M75 x 1.5,M75 x 2.0,M75 x 3.0,M75 x 4.0,M75 x 6.0,M76 x 1.5,M76 x 2.0,M76 x 3.0,M76 x 4.0,M76 x 6.0,M80 x 1.5,M80 x 2.0,M80 x 3.0,M80 x 4.0,M80 x 6.0,M85 x 2.0,M85 x 3.0,M85 x 4.0,M85 x 6.0,M90 x 2.0,M90 x 3.0,M90 x 4.0,M90 x 6.0,M95 x 2.0,M95 x 3.0,M95 x 4.0,M95 x 6.0,M100 x 2.0,M100 x 3.0,M100 x 4.0,M100 x 6.0,M1.6,M2,M2.5,M3,M3.5,M4,M5,M6,M8,M10,M12,M14,M16,M20,M22,M24,M27,M30,M36,M42,M48,M56,M64,M68 ','',NULL,2,0,3,0,'update','2020-10-22 16:25:06',0,0),
(114,77,43,113,'DI 11','Input','','Numeric',NULL,0,0,3,0,'insert','2021-01-18 13:45:54',0,17),
(115,78,43,113,'DI 12','Optional','DI 12.1, DI12.2, DI12.3','',NULL,0,0,3,0,'insert','2021-01-18 13:46:33',0,14),
(116,79,43,113,'DM 11.6','Input','','Textual',NULL,0,0,3,0,'insert','2021-01-18 13:47:54',0,12),
(117,80,17,29,'Field2','Input','','Numeric',NULL,0,0,3,0,'insert','2021-02-17 22:32:06',0,0),
(118,80,17,29,'Field2','Input','','Numeric',NULL,0,0,3,0,'approve','2021-02-17 22:32:06',0,NULL),
(119,80,17,29,'Field2','Input','','Numeric',NULL,0,0,3,0,'update','2021-02-17 22:32:06',0,0),
(120,29,NULL,13,'Finish','Optional','CARBON STEEL,STAINLESS STEEL 304,STAINLESS STEEL 316,BRASS,COPPER,NICKEL','',NULL,7,0,3,0,'delete','2020-10-22 17:32:36',0,NULL),
(121,29,NULL,13,'Finish','Optional','CARBON STEEL,STAINLESS STEEL 304,STAINLESS STEEL 316,BRASS,COPPER,NICKEL','',NULL,7,0,3,1,'delete','2020-10-22 17:32:36',0,NULL),
(122,80,NULL,29,'Field2','Input','','Numeric',NULL,0,0,3,0,'delete','2021-02-17 22:32:06',0,NULL),
(123,81,11,13,'Test1','Input','','Textual',NULL,0,0,3,0,'insert','2021-02-26 02:37:09',0,17),
(124,82,11,13,'Test2','Input','','Textual',NULL,0,0,3,0,'insert','2021-02-26 02:37:35',0,0),
(125,83,11,13,'Test3','Input','','Textual',NULL,0,0,3,0,'insert','2021-02-26 02:37:56',0,0),
(126,55,12,15,'Length','Input','','Numeric',NULL,3,0,3,0,'approve','2020-10-23 11:31:05',0,NULL),
(127,56,12,16,'Er','Input','','Textual',NULL,2,0,10,0,'approve','2020-10-26 19:00:08',0,NULL),
(128,76,13,30,'Ccc','Optional','ddd','',NULL,0,0,3,0,'approve','2021-01-11 10:58:03',0,NULL),
(129,41,11,19,'Type','Optional','Hex Standoffs,Round Standoffs,Square standoffs','',NULL,1,0,3,0,'approve','2020-10-22 18:37:13',0,NULL),
(130,84,78,473,'Ram','Input','','Numeric',NULL,0,0,3,0,'insert','2021-04-19 05:32:20',0,0),
(131,84,78,473,'Ram','Input','','Numeric',NULL,0,0,3,0,'approve','2021-04-19 05:32:20',0,NULL),
(132,84,78,473,'Ram','Input','','Numeric',NULL,0,1,3,0,'approve','2021-04-19 05:32:20',0,NULL),
(133,84,78,473,'Ram','Input','','Numeric',NULL,0,0,3,0,'approve','2021-04-19 05:32:20',0,NULL),
(134,84,NULL,473,'Ram','Input','','Numeric',NULL,0,0,3,0,'delete','2021-04-19 05:32:20',0,NULL),
(135,56,NULL,16,'Er','Input','','Textual',NULL,2,0,10,0,'delete','2020-10-26 19:00:08',0,NULL),
(136,14,NULL,15,'Height','Input','','Textual',NULL,4,0,3,0,'delete','2020-10-16 11:25:33',0,NULL),
(137,85,25,286,'S','Optional','2','',NULL,0,0,3,0,'insert','2021-04-21 07:23:48',0,49),
(138,86,25,286,'Fds','Optional','drd','',NULL,0,0,3,0,'insert','2021-04-21 07:24:44',0,0),
(139,87,116,484,'Kartik','Input','','Numeric',NULL,0,0,3,0,'insert','2021-05-05 08:25:21',0,53),
(140,88,20,68,'Kakaka','Optional','happy','',NULL,0,0,3,0,'insert','2021-05-05 08:30:35',0,12),
(141,89,24,474,'LENGTH','Input','','Numeric',NULL,0,0,3,0,'insert','2021-05-10 05:18:08',0,6),
(142,90,24,474,'WIDTH','Input','','Numeric',NULL,0,0,3,0,'insert','2021-05-10 05:19:24',0,6),
(143,86,25,286,'Fds','Optional','drd','',NULL,0,0,3,0,'approve','2021-04-21 07:24:44',0,NULL),
(144,55,12,15,'Length','Input','','Numeric',NULL,3,1,3,0,'approve','2020-10-23 11:31:05',0,NULL),
(145,86,25,286,'Fds','Optional','drd','',NULL,0,1,3,0,'approve','2021-04-21 07:24:44',0,NULL);

/*Table structure for table `m_subnmenu` */

DROP TABLE IF EXISTS `m_subnmenu`;

CREATE TABLE `m_subnmenu` (
  `submenuId` int(11) NOT NULL AUTO_INCREMENT,
  `menuId` int(11) DEFAULT NULL,
  `submenuName` varchar(50) DEFAULT NULL,
  `isDeleted` int(11) DEFAULT '0',
  `transDate` datetime DEFAULT CURRENT_TIMESTAMP,
  `icon` varchar(45) DEFAULT NULL,
  `sequence` int(11) DEFAULT NULL,
  PRIMARY KEY (`submenuId`)
) ENGINE=InnoDB AUTO_INCREMENT=14 DEFAULT CHARSET=utf8mb4;

/*Data for the table `m_subnmenu` */

insert  into `m_subnmenu`(`submenuId`,`menuId`,`submenuName`,`isDeleted`,`transDate`,`icon`,`sequence`) values 
(5,2,'System Setting',0,'2020-09-04 14:26:45',NULL,2),
(6,2,'Administration Setting',0,'2020-09-04 14:27:35',NULL,1),
(7,2,'MRP Setting',0,'2020-09-04 14:28:19',NULL,3),
(8,2,'Sales Setting',0,'2020-09-04 14:28:45',NULL,5),
(9,4,'User Master',0,'2020-09-30 10:23:15',NULL,1),
(10,5,'Vendor Master',0,'2020-10-17 19:05:50',NULL,NULL),
(11,6,'Project',0,'2020-11-26 17:49:16',NULL,NULL),
(12,2,'Finance Setting',0,'2021-05-17 23:56:48',NULL,4),
(13,2,'Item Master',0,'2021-05-18 00:51:37',NULL,5);

/*Table structure for table `m_subtosubmenu` */

DROP TABLE IF EXISTS `m_subtosubmenu`;

CREATE TABLE `m_subtosubmenu` (
  `subtosubMenuId` int(11) NOT NULL AUTO_INCREMENT,
  `subtosubmenuName` varchar(45) DEFAULT NULL,
  `submenuId` int(11) DEFAULT NULL,
  `pageURL` varchar(1000) DEFAULT NULL,
  `subtosubMenuType` char(1) DEFAULT NULL,
  `isAdd` tinyint(4) DEFAULT '0',
  `isEdit` tinyint(4) DEFAULT '0',
  `isDelete` tinyint(4) DEFAULT '0',
  `isView` tinyint(4) DEFAULT '0',
  `isApprove` tinyint(4) DEFAULT '0',
  `isDeleted` tinyint(4) DEFAULT '0',
  `transDate` datetime DEFAULT CURRENT_TIMESTAMP,
  `isDisplay` tinyint(4) DEFAULT '0',
  `sequence` int(11) DEFAULT '0',
  PRIMARY KEY (`subtosubMenuId`)
) ENGINE=InnoDB AUTO_INCREMENT=77 DEFAULT CHARSET=utf8mb4;

/*Data for the table `m_subtosubmenu` */

insert  into `m_subtosubmenu`(`subtosubMenuId`,`subtosubmenuName`,`submenuId`,`pageURL`,`subtosubMenuType`,`isAdd`,`isEdit`,`isDelete`,`isView`,`isApprove`,`isDeleted`,`transDate`,`isDisplay`,`sequence`) values 
(23,'Currency',12,'/Master/CurrencyMaster',NULL,0,0,0,0,0,0,'2020-09-04 14:31:46',0,1),
(24,'Country',5,'/Master/CountryMaster',NULL,0,0,0,0,0,0,'2020-09-04 14:32:29',0,2),
(25,'State',5,'/Master/StateMaster',NULL,0,0,0,0,0,0,'2020-09-04 14:33:05',0,3),
(26,'City',5,'/Master/CityMaster',NULL,0,0,0,0,0,0,'2020-09-04 14:33:39',0,4),
(27,'Area',5,'/Master/AreaMaster',NULL,0,0,0,0,0,0,'2020-09-04 14:34:22',0,5),
(28,'Company Grouping',6,'/Master/CompanyGroupMaster',NULL,0,0,0,0,0,0,'2020-09-04 14:35:31',0,1),
(29,'Company Setting',6,'/Master/CompanyMaster',NULL,0,0,0,0,0,0,'2020-09-04 14:36:05',0,2),
(30,'Company Assignment',6,'/Master/CompanyAssignmentMaster',NULL,0,0,0,0,0,0,'2020-09-04 14:36:45',0,3),
(31,'Branch Setting',6,'/Master/BranchMaster',NULL,0,0,0,0,0,0,'2020-09-04 14:38:42',0,4),
(32,'Branch Assignment',6,'/Master/BranchAssignmentMaster',NULL,0,0,0,0,0,0,'2020-09-04 14:39:18',0,5),
(33,'Bank',12,'/Master/BankMaster',NULL,0,0,0,0,0,0,'2020-09-04 14:40:09',0,6),
(34,'Payment',12,'/Master/PaymentMaster',NULL,0,0,0,0,0,0,'2020-09-04 14:40:50',0,7),
(35,'Posting',5,'/Master/PostingPeriodMaster',NULL,0,0,0,0,0,0,'2020-09-04 14:41:29',0,8),
(36,'UOM',7,'/Master/UOMMaster',NULL,0,0,0,0,0,0,'2020-09-04 14:42:36',0,1),
(37,'UOM Grouping',7,'/Master/UOMGroupMaster',NULL,0,0,0,0,0,0,'2020-09-04 14:45:19',0,2),
(38,'HSN Code',12,'/Master/HSNMaster',NULL,0,0,0,0,0,0,'2020-09-04 14:46:11',0,3),
(39,'Valuation',12,'/Master/ValuationMaster',NULL,0,0,0,0,0,0,'2020-09-04 14:47:32',0,4),
(40,'Item Type',7,'/Master/ItemTypeMaster',NULL,0,0,0,0,0,0,'2020-09-04 14:48:07',0,5),
(41,'Valuation Method',12,'/Master/ValuationMethodMaster',NULL,0,0,0,0,0,0,'2020-09-04 14:49:14',0,6),
(42,'Task Priority Setting',7,'/Master/PriorityMaster',NULL,0,0,0,0,0,0,'2020-09-04 14:50:04',0,7),
(43,'Exchange Rate',12,'/Master/ExchangeRateMaster',NULL,0,0,0,0,0,0,'2020-09-04 14:50:38',0,8),
(44,'Sales Grouping',8,'/Master/SalesGroupMaster',NULL,0,0,0,0,0,0,'2020-09-04 14:51:31',0,1),
(45,'Item',13,'/Master/ItemMaster',NULL,0,0,0,0,0,0,'2020-09-21 10:33:28',0,9),
(46,'User Registration',9,'/User/UserRegistration',NULL,0,0,0,0,0,0,'2020-09-30 10:24:51',0,1),
(47,'Role',9,'/User/Role',NULL,0,0,0,0,0,0,'2020-09-30 10:29:07',0,2),
(48,'Department Setting',6,'/Master/DepartmentMaster',NULL,0,0,0,0,0,0,'2020-09-30 10:31:54',0,9),
(49,'Designation Setting',6,'/Master/DesignationMaster',NULL,0,0,0,0,0,0,'2020-09-30 10:31:54',0,10),
(50,'Role Permission',9,'/User/RolePermission',NULL,0,0,0,0,0,0,'2020-10-02 17:25:46',0,3),
(51,'User Assignment',9,'/User/UserAssignMaster',NULL,0,0,0,0,0,0,'2020-10-02 17:25:46',0,4),
(52,'User Session',9,'/User/UserSessionDetail',NULL,0,0,0,0,0,0,'2020-10-05 15:14:47',0,0),
(53,'Add Sub Item Type',7,'/Master/SubItemTypeMaster',NULL,0,0,0,0,0,0,'2020-10-07 10:28:38',0,0),
(54,'Manage Item',7,'/Master/ManageItemMaster',NULL,0,0,0,0,0,0,'2020-10-07 10:28:38',0,0),
(55,'Add Sub Item Type Field',7,'/Master/SubItemField',NULL,0,0,0,0,0,0,'2020-10-08 09:56:10',0,0),
(56,'Add Material Category',7,'/Master/MaterialCategoryMaster',NULL,0,0,0,0,0,0,'2020-10-13 20:56:58',0,0),
(57,'Vendor Registration',10,'/Vendor/VendorRegistration',NULL,0,0,0,0,0,0,'2020-10-17 19:11:15',0,0),
(61,'Dashboard',11,'/Engineering/EngineeringDashboard',NULL,0,0,0,0,0,0,'2020-11-26 17:51:12',0,0),
(62,'Load Project',11,'/Engineering/ProjectLoad',NULL,0,0,0,0,0,0,'2020-11-30 10:30:12',0,0),
(63,'Rack Labelling',7,'/Master/RackMaster',NULL,0,0,0,0,0,0,'2021-01-15 14:30:23',0,0),
(64,'Bin Labelling',7,'/Master/BinMaster',NULL,0,0,0,0,0,0,'2021-01-15 16:44:00',0,0),
(65,'Store Location',7,'/Master/StoreLocationMaster',NULL,0,0,0,0,0,0,'2021-01-15 18:31:59',0,0),
(69,'Dashboard',10,'/Vendor/Dashboard',NULL,0,0,0,0,0,0,'2021-04-01 01:47:03',0,0),
(70,'Vendor Category',10,'/Vendor/VendorCategory',NULL,0,0,0,0,0,0,'2021-04-01 02:08:24',0,0),
(71,'Permission Master',10,'/Vendor/VendorPermissionMaster',NULL,0,0,0,0,0,0,'2021-04-01 02:11:19',0,0),
(75,'Language',5,'/Master/LanguageMaster',NULL,0,0,0,0,0,0,'2021-04-07 02:38:25',0,0),
(76,'Cell Labelling',7,'/Master/CellMaster',NULL,0,0,0,0,0,0,'2021-04-28 00:09:13',0,0);

/*Table structure for table `m_swiftcode` */

DROP TABLE IF EXISTS `m_swiftcode`;

CREATE TABLE `m_swiftcode` (
  `swiftCodeId` int(11) NOT NULL AUTO_INCREMENT,
  `swiftCode` varchar(20) DEFAULT NULL,
  `userId` int(11) DEFAULT NULL,
  `transDate` datetime DEFAULT CURRENT_TIMESTAMP,
  `isApproved` int(11) DEFAULT '0',
  `approvedUserId` int(11) DEFAULT '0',
  `approvedDateTime` datetime DEFAULT NULL,
  `isDeleted` int(11) DEFAULT '0',
  `deleteDateTime` datetime DEFAULT NULL,
  `deleteUserId` int(11) DEFAULT '0',
  `updateCount` int(11) DEFAULT '0',
  `lastUpdateUserId` int(11) DEFAULT '0',
  `isActive` tinyint(1) DEFAULT '0',
  `activateDateTime` datetime DEFAULT NULL,
  `activateUserId` int(11) DEFAULT '0',
  PRIMARY KEY (`swiftCodeId`)
) ENGINE=InnoDB AUTO_INCREMENT=2 DEFAULT CHARSET=utf8mb4;

/*Data for the table `m_swiftcode` */

insert  into `m_swiftcode`(`swiftCodeId`,`swiftCode`,`userId`,`transDate`,`isApproved`,`approvedUserId`,`approvedDateTime`,`isDeleted`,`deleteDateTime`,`deleteUserId`,`updateCount`,`lastUpdateUserId`,`isActive`,`activateDateTime`,`activateUserId`) values 
(1,'SBININBB455',NULL,'2021-03-09 14:42:13',0,0,NULL,0,NULL,0,0,0,0,NULL,0);

/*Table structure for table `m_uom` */

DROP TABLE IF EXISTS `m_uom`;

CREATE TABLE `m_uom` (
  `uomId` int(11) NOT NULL AUTO_INCREMENT,
  `uomCode` varchar(10) DEFAULT NULL,
  `uomName` varchar(50) DEFAULT NULL,
  `userId` int(11) DEFAULT NULL,
  `transDate` datetime DEFAULT CURRENT_TIMESTAMP,
  `isApproved` int(11) DEFAULT '0',
  `approvedUserId` int(11) DEFAULT '0',
  `approvedDateTime` datetime DEFAULT NULL,
  `isDeleted` int(11) DEFAULT '0',
  `deleteDateTime` datetime DEFAULT NULL,
  `deleteUserId` int(11) DEFAULT '0',
  `updateCount` int(11) DEFAULT '0',
  `lastUpdateUserId` int(11) DEFAULT '0',
  `isActive` tinyint(1) DEFAULT '0',
  `activateDateTime` datetime DEFAULT NULL,
  `activateUserId` int(11) DEFAULT '0',
  PRIMARY KEY (`uomId`)
) ENGINE=InnoDB AUTO_INCREMENT=152 DEFAULT CHARSET=utf8mb4;

/*Data for the table `m_uom` */

insert  into `m_uom`(`uomId`,`uomCode`,`uomName`,`userId`,`transDate`,`isApproved`,`approvedUserId`,`approvedDateTime`,`isDeleted`,`deleteDateTime`,`deleteUserId`,`updateCount`,`lastUpdateUserId`,`isActive`,`activateDateTime`,`activateUserId`) values 
(1,'n/m-2','Netwon/metre-2',NULL,'2020-11-24 15:01:30',0,0,NULL,1,'2021-02-25 09:11:49',3,0,0,0,NULL,0),
(2,'KG M-1S-2','Newton/meter-2',NULL,'2020-11-24 15:01:30',0,0,NULL,0,NULL,0,1,3,0,NULL,0),
(3,'kpa','kilopascal',NULL,'2020-11-24 15:03:06',0,0,NULL,0,NULL,0,0,0,0,NULL,0),
(4,'bar','kilopascal',NULL,'2020-11-24 15:03:06',0,0,NULL,0,NULL,0,0,0,0,NULL,0),
(5,'kg/cm','kilopascal',NULL,'2020-11-24 15:03:06',0,0,NULL,0,NULL,0,0,0,0,NULL,0),
(6,'dyncm2','kilopascal',NULL,'2020-11-24 15:03:06',0,0,NULL,0,NULL,0,0,0,0,NULL,0),
(7,'j','joule',NULL,'2020-11-24 15:04:25',0,3,'2021-05-17 01:21:22',0,NULL,0,0,0,0,NULL,0),
(8,'kj','kilojoule',NULL,'2020-11-24 15:04:25',0,0,NULL,0,NULL,0,0,0,0,NULL,0),
(9,'MJ','megajoule',NULL,'2020-11-24 15:04:25',0,0,NULL,0,NULL,0,0,0,0,NULL,0),
(10,'c','Calorie',NULL,'2020-11-24 15:04:25',0,0,NULL,1,'2021-04-13 02:31:42',3,0,0,0,NULL,0),
(11,'Kw-h','Kilowatt-hour',NULL,'2020-11-24 15:05:03',0,0,NULL,0,NULL,0,0,0,0,NULL,0),
(12,'M','Meter',NULL,'2020-11-24 15:06:18',0,0,NULL,0,NULL,0,1,3,0,NULL,0),
(13,'CM','CENTIMETRE',NULL,'2020-11-24 15:06:18',1,3,'2021-04-13 02:33:23',1,'2021-04-14 23:29:01',3,2,3,0,NULL,0),
(14,'km','kilometre',NULL,'2020-11-24 15:06:18',0,0,NULL,0,NULL,0,0,0,0,NULL,0),
(15,'MM','Millimeter',NULL,'2020-11-24 15:06:18',0,0,NULL,0,NULL,0,1,3,0,NULL,0),
(16,'mg','milligram',NULL,'2020-11-24 15:08:05',0,0,NULL,0,NULL,0,0,0,0,NULL,0),
(17,'g','gram',NULL,'2020-11-24 15:08:05',0,0,NULL,1,'2021-04-06 03:25:28',3,0,0,0,NULL,0),
(18,'kg','kilogram',NULL,'2020-11-24 15:08:05',0,0,NULL,1,'2021-04-16 04:53:22',3,0,0,0,NULL,0),
(19,'mg','megagram ',NULL,'2020-11-24 15:08:05',0,0,NULL,0,NULL,0,0,0,0,NULL,0),
(20,'s','second',NULL,'2020-11-24 15:09:22',0,0,NULL,0,NULL,0,0,0,0,NULL,0),
(21,'HR','Hour',NULL,'2020-11-24 15:09:22',0,3,'2021-05-17 01:21:48',0,NULL,0,1,3,0,NULL,0),
(22,'min','minute',NULL,'2020-11-24 15:09:22',0,0,NULL,0,NULL,0,0,0,0,NULL,0),
(23,'C','degree Celsius',NULL,'2020-11-24 15:57:51',0,0,NULL,1,'2021-04-17 00:31:40',3,0,0,0,NULL,0),
(24,'k','kelvin',NULL,'2020-11-24 15:57:51',0,0,NULL,1,'2021-04-16 04:53:13',3,0,0,0,NULL,0),
(25,'M2','Square meter',NULL,'2020-11-24 16:07:52',0,0,NULL,0,NULL,0,1,3,0,NULL,0),
(26,'HAC','Hectare',NULL,'2020-11-24 16:07:52',1,3,'2021-04-06 03:25:56',0,NULL,0,1,3,0,NULL,0),
(27,'KM2','Square kilometer',NULL,'2020-11-24 16:07:52',0,0,NULL,0,NULL,0,1,3,0,NULL,0),
(28,'mL','millilitre',NULL,'2020-11-24 16:07:52',0,0,NULL,0,NULL,0,0,0,0,NULL,0),
(29,'L','litre',NULL,'2020-11-24 16:07:52',0,0,NULL,0,NULL,0,0,0,0,NULL,0),
(30,'m3','cubic metre',NULL,'2020-11-24 16:07:52',1,3,'2021-04-16 04:52:30',1,'2021-04-16 04:53:03',3,0,0,0,NULL,0),
(31,'M/S','Meter per second',NULL,'2020-11-24 16:07:52',0,0,NULL,0,NULL,0,1,3,0,NULL,0),
(32,'km/h','kilometre per hour',NULL,'2020-11-24 16:07:52',0,0,NULL,0,NULL,0,0,0,0,NULL,0),
(33,'km/m3','kilogram per cubic metre',NULL,'2020-11-24 16:07:52',0,0,NULL,0,NULL,0,0,0,0,NULL,0),
(34,'N','newton',NULL,'2020-11-24 16:07:52',0,0,NULL,0,NULL,0,0,0,0,NULL,0),
(35,'W','watt',NULL,'2020-11-24 16:07:52',0,0,NULL,1,'2021-04-17 00:33:07',3,0,0,0,NULL,0),
(36,'kW','kilowatt',NULL,'2020-11-24 16:07:52',0,0,NULL,0,NULL,0,0,0,0,NULL,0),
(37,'A','Ampere',NULL,'2020-11-24 16:07:52',1,3,'2021-02-13 07:26:51',1,'2021-04-13 02:25:42',3,3,3,0,NULL,0),
(38,'mA','Milli ampere',NULL,'2020-11-24 16:07:52',0,0,NULL,0,NULL,0,0,0,0,NULL,0),
(39,'C','coulomb',NULL,'2020-11-24 16:07:52',0,0,NULL,1,'2021-04-16 04:52:55',3,0,0,0,NULL,0),
(40,'mA-h','milliampere-hour',NULL,'2020-11-24 16:07:52',0,0,NULL,0,NULL,0,0,0,0,NULL,0),
(41,'Ah','Ampere Hour',NULL,'2020-11-24 16:07:52',0,3,'2021-04-13 02:25:51',1,'2021-04-13 02:25:59',3,0,0,0,NULL,0),
(42,'','Ohms',NULL,'2020-11-24 16:07:52',0,0,NULL,0,NULL,0,0,0,0,NULL,0),
(43,'m','Ohm-meter',NULL,'2020-11-24 16:07:52',0,0,NULL,0,NULL,0,0,0,0,NULL,0),
(44,'Pair','Pair',NULL,'2020-11-24 16:07:52',0,0,NULL,0,NULL,0,0,0,0,NULL,0),
(45,'DOZEN','Dozen',NULL,'2020-11-24 16:07:52',1,3,'2021-04-06 23:33:12',0,NULL,0,1,3,0,NULL,0),
(46,'Numbers','Nos.',NULL,'2020-11-24 16:07:52',0,0,NULL,0,NULL,0,0,0,0,NULL,0),
(47,'GDFOO','Rdt',3,'2020-12-10 11:26:13',1,3,'2020-12-10 11:27:54',1,'2020-12-10 11:28:10',3,1,3,0,NULL,0),
(48,'KK','Ll',3,'2021-02-13 07:27:21',0,0,NULL,1,'2021-02-13 07:27:39',3,0,0,0,NULL,0),
(49,'XDXX','Bbff',3,'2021-04-03 05:11:59',1,3,'2021-04-03 05:12:10',1,'2021-04-03 05:12:21',3,0,0,0,NULL,0),
(50,'RR','Color',3,'2021-04-06 03:25:01',0,0,NULL,1,'2021-04-13 02:33:15',3,0,0,0,NULL,0),
(51,'AA','Ampree',3,'2021-04-08 04:40:27',0,0,NULL,1,'2021-04-08 04:40:46',3,0,0,0,NULL,0),
(52,'UC','Uom',3,'2021-04-09 00:25:11',0,0,NULL,1,'2021-05-10 03:21:04',3,0,0,0,NULL,0),
(53,'UOM1','Uom2',3,'2021-04-09 00:25:43',0,0,NULL,1,'2021-04-17 00:33:34',3,0,0,0,NULL,0),
(54,'CC1','Cal',3,'2021-04-09 01:43:16',0,0,NULL,1,'2021-04-13 02:31:35',3,0,0,0,NULL,0),
(55,'80','Euro',3,'2021-04-09 01:55:26',0,3,'2021-05-03 07:44:45',1,'2021-05-10 03:25:06',3,3,3,0,NULL,0),
(56,'55','Dollar',3,'2021-04-09 01:55:52',0,0,NULL,1,'2021-04-17 00:31:47',3,0,0,0,NULL,0),
(57,'00023','Euro1',3,'2021-04-09 02:32:43',0,0,NULL,1,'2021-05-10 03:16:46',3,0,0,0,NULL,0),
(58,'PAPA','Kap',3,'2021-04-13 02:22:54',1,3,'2021-04-13 02:23:28',1,'2021-05-10 03:12:22',3,2,3,0,NULL,0),
(59,'V2','V1',0,'2021-04-13 04:53:07',0,0,NULL,1,'2021-04-17 00:33:25',3,0,0,0,NULL,0),
(60,'V4','V3',0,'2021-04-13 04:53:08',0,0,NULL,1,'2021-04-17 00:33:17',3,0,0,0,NULL,0),
(61,'UNDEFINED','Undefined',0,'2021-04-14 23:27:25',0,0,NULL,0,NULL,0,0,0,0,NULL,0),
(62,'','',0,'2021-04-14 23:27:25',0,0,NULL,1,'2021-04-14 23:28:17',3,0,0,0,NULL,0),
(63,'CAR','Tarzan',0,'2021-04-16 04:55:13',0,0,NULL,1,'2021-04-16 04:55:41',3,0,0,0,NULL,0),
(64,'KAKA','Maka',0,'2021-04-17 00:30:57',0,0,NULL,1,'2021-05-10 03:13:14',3,0,0,0,NULL,0),
(65,'PL45','Ka45',0,'2021-04-17 02:58:33',0,0,NULL,0,NULL,0,0,0,0,NULL,0),
(66,'BABER','Gaber',0,'2021-04-17 07:14:51',1,3,'2021-04-17 07:15:14',1,'2021-04-17 07:15:25',3,0,0,0,NULL,0),
(67,NULL,'XYD',0,'2021-04-20 03:30:08',0,0,NULL,1,'2021-05-10 03:14:43',3,0,0,0,NULL,0),
(68,NULL,'KIIIKKJ',0,'2021-04-20 03:57:30',0,0,NULL,1,'2021-05-10 03:12:36',3,0,0,0,NULL,0),
(69,NULL,'XYZZ',0,'2021-04-20 05:53:01',0,0,NULL,1,'2021-05-10 03:14:36',3,0,0,0,NULL,0),
(70,'DDSSS','IOCS',0,'2021-04-20 05:53:03',0,0,NULL,1,'2021-05-10 03:17:36',3,1,3,0,NULL,0),
(71,'IT1','It2',0,'2021-04-21 00:06:07',0,0,NULL,1,'2021-05-10 03:19:34',3,0,0,0,NULL,0),
(72,'IT3','It4',0,'2021-04-21 00:06:07',0,0,NULL,1,'2021-05-10 03:19:18',3,0,0,0,NULL,0),
(73,NULL,'YHGUI',0,'2021-04-21 05:06:40',0,0,NULL,1,'2021-05-10 03:14:30',3,0,0,0,NULL,0),
(74,NULL,'JJKKL',0,'2021-04-21 05:06:41',0,0,NULL,1,'2021-05-10 03:12:50',3,0,0,0,NULL,0),
(75,NULL,'MHHH',0,'2021-04-21 05:08:29',0,0,NULL,1,'2021-05-10 03:13:44',3,0,0,0,NULL,0),
(76,'TELEVISON','Fire',0,'2021-04-21 06:43:28',0,0,NULL,1,'2021-05-10 03:17:09',3,0,0,0,NULL,0),
(77,'SALONI','Singh',0,'2021-04-21 06:45:22',0,0,NULL,1,'2021-05-10 03:14:09',3,0,0,0,NULL,0),
(78,'COCOCO','Sole',0,'2021-04-21 06:48:21',0,0,NULL,0,NULL,0,0,0,0,NULL,0),
(79,'KAPIL','Kapil kap',0,'2021-04-21 23:47:43',0,0,NULL,1,'2021-05-10 03:12:06',3,0,0,0,NULL,0),
(80,'MANGO','Aam dddddddd',0,'2021-04-21 23:53:26',0,3,'2021-05-03 07:47:06',1,'2021-05-03 07:47:27',3,1,3,0,NULL,0),
(81,'IT15','It24',0,'2021-04-22 02:04:12',0,0,NULL,1,'2021-05-10 03:19:41',3,0,0,0,NULL,0),
(82,'IT36','It45',0,'2021-04-22 02:04:12',0,0,NULL,1,'2021-05-10 03:19:26',3,0,0,0,NULL,0),
(83,'FF','Fafa',3,'2021-04-23 05:13:55',0,0,NULL,1,'2021-05-10 03:24:58',3,0,0,0,NULL,0),
(84,'HP','Happy',3,'2021-04-23 05:16:54',0,0,NULL,1,'2021-05-10 03:22:03',3,0,0,0,NULL,0),
(85,'CONECT','Tata',3,'2021-04-26 06:28:42',0,0,NULL,1,'2021-05-10 03:20:53',3,0,0,0,NULL,0),
(86,'CONECT123','Tara',3,'2021-04-26 06:42:40',0,0,NULL,1,'2021-05-10 03:21:25',3,0,0,0,NULL,0),
(87,'T','T1',3,'2021-04-29 23:25:37',0,0,NULL,0,NULL,0,0,0,0,NULL,0),
(88,'POPO','Lala',3,'2021-05-03 07:44:30',0,0,NULL,1,'2021-05-10 03:13:27',3,0,0,0,NULL,0),
(89,'KKK','Hjha',0,'2021-05-03 07:46:14',0,0,NULL,1,'2021-05-10 03:11:47',3,0,0,0,NULL,0),
(90,'KK','Kk',3,'2021-05-03 08:05:40',0,0,NULL,1,'2021-05-10 03:19:55',3,0,0,0,NULL,0),
(91,'WWW','Www',3,'2021-05-03 08:06:36',0,0,NULL,1,'2021-05-10 03:20:39',3,0,0,0,NULL,0),
(92,NULL,'56',0,'2021-05-03 08:13:50',0,0,NULL,1,'2021-05-10 03:09:32',3,0,0,0,NULL,0),
(93,NULL,'89',0,'2021-05-03 08:13:50',0,0,NULL,1,'2021-05-10 03:09:58',3,0,0,0,NULL,0),
(94,'CODE1','Uom1',0,'2021-05-14 05:37:23',0,0,NULL,0,NULL,0,0,0,0,NULL,0),
(95,'CODE2','Uom2',0,'2021-05-14 05:37:23',0,0,NULL,0,NULL,0,0,0,0,NULL,0),
(96,'CODE3','Uom3',0,'2021-05-14 05:37:23',0,0,NULL,0,NULL,0,0,0,0,NULL,0),
(97,'CODE4','Uom4',0,'2021-05-14 05:37:23',0,0,NULL,0,NULL,0,0,0,0,NULL,0),
(98,'CODE5','Uom5',0,'2021-05-14 05:37:23',0,0,NULL,0,NULL,0,0,0,0,NULL,0),
(99,'CODE6','Uom6',0,'2021-05-14 05:37:23',0,0,NULL,0,NULL,0,0,0,0,NULL,0),
(100,'CODE7','Uom7',0,'2021-05-14 05:37:23',0,0,NULL,0,NULL,0,0,0,0,NULL,0),
(101,'CODE8','Uom8',0,'2021-05-14 05:37:23',0,0,NULL,0,NULL,0,0,0,0,NULL,0),
(102,'CODE9','Uom9',0,'2021-05-14 05:37:23',0,0,NULL,0,NULL,0,0,0,0,NULL,0),
(103,'CODE10','Uom10',0,'2021-05-14 05:37:23',0,0,NULL,0,NULL,0,0,0,0,NULL,0),
(104,'CODE11','Uom11',0,'2021-05-14 05:37:23',0,0,NULL,0,NULL,0,0,0,0,NULL,0),
(105,'CODE12','Uom12',0,'2021-05-14 05:37:23',0,0,NULL,0,NULL,0,0,0,0,NULL,0),
(106,'CODE13','Uom13',0,'2021-05-14 05:37:23',0,0,NULL,0,NULL,0,0,0,0,NULL,0),
(107,'CODE14','Uom14',0,'2021-05-14 05:37:23',0,0,NULL,0,NULL,0,0,0,0,NULL,0),
(108,'CODE15','Uom15',0,'2021-05-14 05:37:23',0,0,NULL,0,NULL,0,0,0,0,NULL,0),
(109,'CODE16','Uom16',0,'2021-05-14 05:37:23',0,0,NULL,0,NULL,0,0,0,0,NULL,0),
(110,'CODE17','Uom17',0,'2021-05-14 05:37:23',0,0,NULL,0,NULL,0,0,0,0,NULL,0),
(111,'CODE18','Uom18',0,'2021-05-14 05:37:23',0,0,NULL,0,NULL,0,0,0,0,NULL,0),
(112,'CODE19','Uom19',0,'2021-05-14 05:37:23',0,0,NULL,0,NULL,0,0,0,0,NULL,0),
(113,'CODE20','Uom20',0,'2021-05-14 05:37:23',0,0,NULL,0,NULL,0,0,0,0,NULL,0),
(114,'CODE21','Uom21',0,'2021-05-14 05:37:23',0,0,NULL,0,NULL,0,0,0,0,NULL,0),
(115,'CODE22','Uom22',0,'2021-05-14 05:37:23',0,0,NULL,0,NULL,0,0,0,0,NULL,0),
(116,'CODE23','Uom23',0,'2021-05-14 05:37:23',0,0,NULL,0,NULL,0,0,0,0,NULL,0),
(117,'CODE24','Uom24',0,'2021-05-14 05:37:23',0,0,NULL,0,NULL,0,0,0,0,NULL,0),
(118,'CODE25','Uom25',0,'2021-05-14 05:37:23',0,0,NULL,0,NULL,0,0,0,0,NULL,0),
(119,'CODE26','Uom26',0,'2021-05-14 05:37:23',0,0,NULL,0,NULL,0,0,0,0,NULL,0),
(120,'CODE27','Uom27',0,'2021-05-14 05:37:23',0,0,NULL,0,NULL,0,0,0,0,NULL,0),
(121,'CODE28','Uom28',0,'2021-05-14 05:37:23',0,0,NULL,0,NULL,0,0,0,0,NULL,0),
(122,'CODE29','Uom29',0,'2021-05-14 05:37:23',0,0,NULL,0,NULL,0,0,0,0,NULL,0),
(123,'CODE30','Uom30',0,'2021-05-14 05:37:23',0,0,NULL,0,NULL,0,0,0,0,NULL,0),
(124,NULL,'AREA1',0,'2021-05-17 07:47:17',0,0,NULL,0,NULL,0,0,0,0,NULL,0),
(125,NULL,'DENSITY1',0,'2021-05-17 07:47:18',0,0,NULL,0,NULL,0,0,0,0,NULL,0),
(126,NULL,'AREA2',0,'2021-05-17 07:47:22',0,0,NULL,0,NULL,0,0,0,0,NULL,0),
(127,NULL,'DENSITY2',0,'2021-05-17 07:47:23',0,0,NULL,0,NULL,0,0,0,0,NULL,0),
(128,NULL,'AREA3',0,'2021-05-17 07:47:25',0,0,NULL,0,NULL,0,0,0,0,NULL,0),
(129,NULL,'DENSITY3',0,'2021-05-17 07:47:26',0,0,NULL,0,NULL,0,0,0,0,NULL,0),
(130,NULL,'AREA4',0,'2021-05-17 07:47:29',0,0,NULL,0,NULL,0,0,0,0,NULL,0),
(131,NULL,'DENSITY4',0,'2021-05-17 07:47:30',0,0,NULL,0,NULL,0,0,0,0,NULL,0),
(132,NULL,'AREA5',0,'2021-05-17 07:47:32',0,0,NULL,0,NULL,0,0,0,0,NULL,0),
(133,NULL,'DENSITY5',0,'2021-05-17 07:47:33',0,0,NULL,0,NULL,0,0,0,0,NULL,0),
(134,NULL,'AREA6',0,'2021-05-17 07:47:36',0,0,NULL,0,NULL,0,0,0,0,NULL,0),
(135,NULL,'DENSITY6',0,'2021-05-17 07:47:36',0,0,NULL,0,NULL,0,0,0,0,NULL,0),
(136,NULL,'AREA7',0,'2021-05-17 07:47:39',0,0,NULL,0,NULL,0,0,0,0,NULL,0),
(137,NULL,'DENSITY7',0,'2021-05-17 07:47:40',0,0,NULL,0,NULL,0,0,0,0,NULL,0),
(138,NULL,'AREA8',0,'2021-05-17 07:47:42',0,0,NULL,0,NULL,0,0,0,0,NULL,0),
(139,NULL,'DENSITY8',0,'2021-05-17 07:47:43',0,0,NULL,0,NULL,0,0,0,0,NULL,0),
(140,NULL,'AREA9',0,'2021-05-17 07:47:46',0,0,NULL,0,NULL,0,0,0,0,NULL,0),
(141,NULL,'DENSITY9',0,'2021-05-17 07:47:47',0,0,NULL,0,NULL,0,0,0,0,NULL,0),
(142,NULL,'AREA10',0,'2021-05-17 07:47:49',0,0,NULL,0,NULL,0,0,0,0,NULL,0),
(143,NULL,'DENSITY10',0,'2021-05-17 07:47:50',0,0,NULL,0,NULL,0,0,0,0,NULL,0),
(144,NULL,'AREA11',0,'2021-05-17 07:47:53',0,0,NULL,0,NULL,0,0,0,0,NULL,0),
(145,NULL,'DENSITY11',0,'2021-05-17 07:47:54',0,0,NULL,0,NULL,0,0,0,0,NULL,0),
(146,NULL,'AREA12',0,'2021-05-17 07:47:56',0,0,NULL,0,NULL,0,0,0,0,NULL,0),
(147,NULL,'DENSITY12',0,'2021-05-17 07:47:57',0,0,NULL,0,NULL,0,0,0,0,NULL,0),
(148,NULL,'AREA13',0,'2021-05-17 07:47:59',0,0,NULL,0,NULL,0,0,0,0,NULL,0),
(149,NULL,'DENSITY13',0,'2021-05-17 07:48:00',0,0,NULL,0,NULL,0,0,0,0,NULL,0),
(150,NULL,'AREA14',0,'2021-05-17 07:48:03',0,0,NULL,0,NULL,0,0,0,0,NULL,0),
(151,NULL,'DENSITY14',0,'2021-05-17 07:48:04',0,0,NULL,0,NULL,0,0,0,0,NULL,0);

/*Table structure for table `m_uom_log` */

DROP TABLE IF EXISTS `m_uom_log`;

CREATE TABLE `m_uom_log` (
  `logId` int(11) NOT NULL AUTO_INCREMENT,
  `uomId` int(11) DEFAULT NULL,
  `uomCode` varchar(10) DEFAULT NULL,
  `uomName` varchar(50) DEFAULT NULL,
  `isApproved` int(11) DEFAULT '0',
  `userId` int(11) DEFAULT NULL,
  `isDeleted` int(11) DEFAULT '0',
  `userAction` varchar(20) DEFAULT NULL,
  `transDate` datetime DEFAULT CURRENT_TIMESTAMP,
  `isActive` tinyint(1) DEFAULT '0',
  PRIMARY KEY (`logId`)
) ENGINE=InnoDB AUTO_INCREMENT=209 DEFAULT CHARSET=utf8mb4;

/*Data for the table `m_uom_log` */

insert  into `m_uom_log`(`logId`,`uomId`,`uomCode`,`uomName`,`isApproved`,`userId`,`isDeleted`,`userAction`,`transDate`,`isActive`) values 
(1,47,'GDF','Rdt',0,3,0,'insert','2020-12-10 11:26:13',0),
(2,47,'GDF','Rdt',0,3,0,'approve','2020-12-10 11:26:13',0),
(3,47,'GDF','Rdt',0,3,0,'update','2020-12-10 11:26:13',0),
(4,47,'GDFOO','Rdt',0,3,0,'delete','2020-12-10 11:26:13',0),
(5,37,'A','ampere',0,NULL,0,'approve','2020-11-24 16:07:52',0),
(6,37,'A','ampere',1,NULL,0,'approve','2020-11-24 16:07:52',0),
(7,37,'A','ampere',0,NULL,0,'approve','2020-11-24 16:07:52',0),
(8,41,'Ah','Ampere Hour',0,NULL,0,'approve','2020-11-24 16:07:52',0),
(9,37,'A','ampere',1,NULL,0,'approve','2020-11-24 16:07:52',0),
(10,41,'Ah','Ampere Hour',1,NULL,0,'approve','2020-11-24 16:07:52',0),
(11,37,'A','ampere',0,NULL,0,'approve','2020-11-24 16:07:52',0),
(12,37,'A','ampere',0,NULL,0,'update','2020-11-24 16:07:52',0),
(13,48,'KK','Ll',0,3,0,'insert','2021-02-13 07:27:21',0),
(14,48,'KK','Ll',0,3,0,'delete','2021-02-13 07:27:21',0),
(15,12,'m','metre',0,NULL,0,'update','2020-11-24 15:06:18',0),
(16,31,'m/s','metre per second',0,NULL,0,'update','2020-11-24 16:07:52',0),
(17,15,'mm','millimetre',0,NULL,0,'update','2020-11-24 15:06:18',0),
(18,2,'kg m-1s-2','Netwon/metre-2',0,NULL,0,'update','2020-11-24 15:01:30',0),
(19,1,'n/m-2','Netwon/metre-2',0,NULL,0,'delete','2020-11-24 15:01:30',0),
(20,27,'km2','square kilometre',0,NULL,0,'update','2020-11-24 16:07:52',0),
(21,25,'m2','square metre',0,NULL,0,'update','2020-11-24 16:07:52',0),
(22,41,'Ah','Ampere Hour',0,NULL,0,'approve','2020-11-24 16:07:52',0),
(23,37,'A','Ampere',0,NULL,0,'update','2020-11-24 16:07:52',0),
(24,37,'A','Ampere',0,NULL,0,'update','2020-11-24 16:07:52',0),
(25,49,'XDXX','Bbff',0,3,0,'insert','2021-04-03 05:11:59',0),
(26,49,'XDXX','Bbff',0,3,0,'approve','2021-04-03 05:11:59',0),
(27,49,'XDXX','Bbff',0,3,0,'delete','2021-04-03 05:11:59',0),
(28,50,'RR','Color',0,3,0,'insert','2021-04-06 03:25:01',0),
(29,17,'g','gram',0,NULL,0,'delete','2020-11-24 15:08:05',0),
(30,26,'ha','hectare',0,NULL,0,'update','2020-11-24 16:07:52',0),
(31,26,'HAC','Hectare',0,NULL,0,'approve','2020-11-24 16:07:52',0),
(32,45,'Dozen','Dozen',0,NULL,0,'approve','2020-11-24 16:07:52',0),
(33,51,'AA','Ampree',0,3,0,'insert','2021-04-08 04:40:27',0),
(34,51,'AA','Ampree',0,3,0,'delete','2021-04-08 04:40:27',0),
(35,52,'UC','Uom',0,3,0,'insert','2021-04-09 00:25:11',0),
(36,53,'UOM1','Uom2',0,3,0,'insert','2021-04-09 00:25:43',0),
(37,54,'CC1','Cal',0,3,0,'insert','2021-04-09 01:43:16',0),
(38,55,'88','Euro',0,3,0,'insert','2021-04-09 01:55:26',0),
(39,56,'55','Dollar',0,3,0,'insert','2021-04-09 01:55:52',0),
(40,57,'00023','Euro1',0,3,0,'insert','2021-04-09 02:32:43',0),
(41,58,'SUN','Kap',0,3,0,'insert','2021-04-13 02:22:54',0),
(42,58,'SUN','Kap',0,3,0,'approve','2021-04-13 02:22:54',0),
(43,58,'SUN','Kap',0,3,0,'update','2021-04-13 02:22:54',0),
(44,58,'PAPA','SUN',0,3,0,'update','2021-04-13 02:22:54',0),
(45,37,'A','Ampere',0,NULL,0,'delete','2020-11-24 16:07:52',0),
(46,41,'Ah','Ampere Hour',1,NULL,0,'approve','2020-11-24 16:07:52',0),
(47,41,'Ah','Ampere Hour',0,NULL,0,'delete','2020-11-24 16:07:52',0),
(48,54,'CC1','Cal',0,3,0,'delete','2021-04-09 01:43:16',0),
(49,10,'c','Calorie',0,NULL,0,'delete','2020-11-24 15:04:25',0),
(50,50,'RR','Color',0,3,0,'delete','2021-04-06 03:25:01',0),
(51,13,'cm','centimetre',0,NULL,0,'approve','2020-11-24 15:06:18',0),
(52,13,'cm','centimetre',0,NULL,0,'update','2020-11-24 15:06:18',0),
(53,13,'CENTIMETRE','Cm',0,NULL,0,'update','2020-11-24 15:06:18',0),
(54,59,'V2','V1',0,0,0,'insert','2021-04-13 04:53:07',0),
(55,60,'V4','V3',0,0,0,'insert','2021-04-13 04:53:08',0),
(56,61,'UNDEFINED','Undefined',0,0,0,'insert','2021-04-14 23:27:25',0),
(57,62,'','',0,0,0,'insert','2021-04-14 23:27:25',0),
(58,62,'','',0,0,0,'delete','2021-04-14 23:27:25',0),
(59,62,'','',0,0,1,'delete','2021-04-14 23:27:25',0),
(60,13,'CM','CENTIMETRE',0,NULL,0,'delete','2020-11-24 15:06:18',0),
(61,30,'m3','cubic metre',0,NULL,0,'approve','2020-11-24 16:07:52',0),
(62,39,'C','coulomb',0,NULL,0,'delete','2020-11-24 16:07:52',0),
(63,30,'m3','cubic metre',0,NULL,0,'delete','2020-11-24 16:07:52',0),
(64,24,'k','kelvin',0,NULL,0,'delete','2020-11-24 15:57:51',0),
(65,18,'kg','kilogram',0,NULL,0,'delete','2020-11-24 15:08:05',0),
(66,63,'CAR','Tarzan',0,0,0,'insert','2021-04-16 04:55:13',0),
(67,63,'CAR','Tarzan',0,0,0,'delete','2021-04-16 04:55:13',0),
(68,64,'KAKA','Maka',0,0,0,'insert','2021-04-17 00:30:57',0),
(69,23,'C','degree Celsius',0,NULL,0,'delete','2020-11-24 15:57:51',0),
(70,56,'55','Dollar',0,3,0,'delete','2021-04-09 01:55:52',0),
(71,55,'88','Euro',0,3,0,'update','2021-04-09 01:55:26',0),
(72,55,'85','Euro',0,3,0,'approve','2021-04-09 01:55:26',0),
(73,55,'85','Euro',0,3,0,'update','2021-04-09 01:55:26',0),
(74,35,'W','watt',0,NULL,0,'delete','2020-11-24 16:07:52',0),
(75,60,'V4','V3',0,0,0,'delete','2021-04-13 04:53:08',0),
(76,59,'V2','V1',0,0,0,'delete','2021-04-13 04:53:07',0),
(77,53,'UOM1','Uom2',0,3,0,'delete','2021-04-09 00:25:43',0),
(78,65,'PL45','Ka45',0,0,0,'insert','2021-04-17 02:58:33',0),
(79,66,'BABER','Gaber',0,0,0,'insert','2021-04-17 07:14:51',0),
(80,66,'BABER','Gaber',0,0,0,'approve','2021-04-17 07:14:51',0),
(81,66,'BABER','Gaber',0,0,0,'delete','2021-04-17 07:14:51',0),
(82,67,NULL,'XYD',0,0,0,'insert','2021-04-20 03:30:08',0),
(83,68,NULL,'KIIIKKJ',0,0,0,'insert','2021-04-20 03:57:30',0),
(84,69,NULL,'XYZZ',0,0,0,'insert','2021-04-20 05:53:01',0),
(85,70,NULL,'IOCS',0,0,0,'insert','2021-04-20 05:53:03',0),
(86,71,'IT1','It2',0,0,0,'insert','2021-04-21 00:06:07',0),
(87,72,'IT3','It4',0,0,0,'insert','2021-04-21 00:06:07',0),
(88,73,NULL,'YHGUI',0,0,0,'insert','2021-04-21 05:06:40',0),
(89,74,NULL,'JJKKL',0,0,0,'insert','2021-04-21 05:06:41',0),
(90,75,NULL,'MHHH',0,0,0,'insert','2021-04-21 05:08:29',0),
(91,76,'TELEVISON','Fire',0,0,0,'insert','2021-04-21 06:43:28',0),
(92,77,'SALONI','Singh',0,0,0,'insert','2021-04-21 06:45:22',0),
(93,78,'COCOCO','Sole',0,0,0,'insert','2021-04-21 06:48:21',0),
(94,79,'KAPIL','Kapil kap',0,0,0,'insert','2021-04-21 23:47:43',0),
(95,80,'MANGO','Aam',0,0,0,'insert','2021-04-21 23:53:26',0),
(96,81,'IT15','It24',0,0,0,'insert','2021-04-22 02:04:12',0),
(97,82,'IT36','It45',0,0,0,'insert','2021-04-22 02:04:12',0),
(98,83,'FF','Fafa',0,3,0,'insert','2021-04-23 05:13:55',0),
(99,84,'HP','Happy',0,3,0,'insert','2021-04-23 05:16:54',0),
(100,70,NULL,'IOCS',0,0,0,'update','2021-04-20 05:53:03',0),
(101,21,'hr','hour',0,NULL,0,'update','2020-11-24 15:09:22',0),
(102,85,'CONECT','Tata',0,3,0,'insert','2021-04-26 06:28:42',0),
(103,86,'CONECT123','Tara',0,3,0,'insert','2021-04-26 06:42:40',0),
(104,45,'Dozen','Dozen',0,NULL,0,'update','2020-11-24 16:07:52',0),
(105,80,'MANGO','Aam',0,0,0,'approve','2021-04-21 23:53:26',0),
(106,55,'86','Euro',0,3,0,'update','2021-04-09 01:55:26',0),
(107,87,'T','T1',0,3,0,'insert','2021-04-29 23:25:37',0),
(108,88,'POPO','Lala',0,3,0,'insert','2021-05-03 07:44:30',0),
(109,55,'80','Euro',1,3,0,'approve','2021-04-09 01:55:26',0),
(110,80,'MANGO','Aam',0,0,0,'update','2021-04-21 23:53:26',0),
(111,89,'KKK','Hjha',0,0,0,'insert','2021-05-03 07:46:14',0),
(112,80,'MANGO','Aam dddddddd',1,0,0,'approve','2021-04-21 23:53:26',0),
(113,80,'MANGO','Aam dddddddd',0,0,0,'delete','2021-04-21 23:53:26',0),
(114,90,'KK','Kk',0,3,0,'insert','2021-05-03 08:05:40',0),
(115,91,'WWW','Www',0,3,0,'insert','2021-05-03 08:06:36',0),
(116,92,NULL,'56',0,0,0,'insert','2021-05-03 08:13:50',0),
(117,93,NULL,'89',0,0,0,'insert','2021-05-03 08:13:50',0),
(118,92,NULL,'56',0,0,0,'delete','2021-05-03 08:13:50',0),
(119,93,NULL,'89',0,0,0,'delete','2021-05-03 08:13:50',0),
(120,89,'KKK','Hjha',0,0,0,'delete','2021-05-03 07:46:14',0),
(121,79,'KAPIL','Kapil kap',0,0,0,'delete','2021-04-21 23:47:43',0),
(122,58,'PAPA','Kap',0,3,0,'delete','2021-04-13 02:22:54',0),
(123,68,NULL,'KIIIKKJ',0,0,0,'delete','2021-04-20 03:57:30',0),
(124,74,NULL,'JJKKL',0,0,0,'delete','2021-04-21 05:06:41',0),
(125,64,'KAKA','Maka',0,0,0,'delete','2021-04-17 00:30:57',0),
(126,88,'POPO','Lala',0,3,0,'delete','2021-05-03 07:44:30',0),
(127,75,NULL,'MHHH',0,0,0,'delete','2021-04-21 05:08:29',0),
(128,77,'SALONI','Singh',0,0,0,'delete','2021-04-21 06:45:22',0),
(129,73,NULL,'YHGUI',0,0,0,'delete','2021-04-21 05:06:40',0),
(130,69,NULL,'XYZZ',0,0,0,'delete','2021-04-20 05:53:01',0),
(131,67,NULL,'XYD',0,0,0,'delete','2021-04-20 03:30:08',0),
(132,57,'00023','Euro1',0,3,0,'delete','2021-04-09 02:32:43',0),
(133,76,'TELEVISON','Fire',0,0,0,'delete','2021-04-21 06:43:28',0),
(134,70,'DDSSS','IOCS',0,0,0,'delete','2021-04-20 05:53:03',0),
(135,72,'IT3','It4',0,0,0,'delete','2021-04-21 00:06:07',0),
(136,82,'IT36','It45',0,0,0,'delete','2021-04-22 02:04:12',0),
(137,71,'IT1','It2',0,0,0,'delete','2021-04-21 00:06:07',0),
(138,81,'IT15','It24',0,0,0,'delete','2021-04-22 02:04:12',0),
(139,90,'KK','Kk',0,3,0,'delete','2021-05-03 08:05:40',0),
(140,91,'WWW','Www',0,3,0,'delete','2021-05-03 08:06:36',0),
(141,85,'CONECT','Tata',0,3,0,'delete','2021-04-26 06:28:42',0),
(142,52,'UC','Uom',0,3,0,'delete','2021-04-09 00:25:11',0),
(143,86,'CONECT123','Tara',0,3,0,'delete','2021-04-26 06:42:40',0),
(144,84,'HP','Happy',0,3,0,'delete','2021-04-23 05:16:54',0),
(145,83,'FF','Fafa',0,3,0,'delete','2021-04-23 05:13:55',0),
(146,55,'80','Euro',0,3,0,'delete','2021-04-09 01:55:26',0),
(147,21,'HR','Hour',0,NULL,0,'approve','2020-11-24 15:09:22',0),
(148,94,'CODE1','Uom1',0,0,0,'insert','2021-05-14 05:37:23',0),
(149,95,'CODE2','Uom2',0,0,0,'insert','2021-05-14 05:37:23',0),
(150,96,'CODE3','Uom3',0,0,0,'insert','2021-05-14 05:37:23',0),
(151,97,'CODE4','Uom4',0,0,0,'insert','2021-05-14 05:37:23',0),
(152,98,'CODE5','Uom5',0,0,0,'insert','2021-05-14 05:37:23',0),
(153,99,'CODE6','Uom6',0,0,0,'insert','2021-05-14 05:37:23',0),
(154,100,'CODE7','Uom7',0,0,0,'insert','2021-05-14 05:37:23',0),
(155,101,'CODE8','Uom8',0,0,0,'insert','2021-05-14 05:37:23',0),
(156,102,'CODE9','Uom9',0,0,0,'insert','2021-05-14 05:37:23',0),
(157,103,'CODE10','Uom10',0,0,0,'insert','2021-05-14 05:37:23',0),
(158,104,'CODE11','Uom11',0,0,0,'insert','2021-05-14 05:37:23',0),
(159,105,'CODE12','Uom12',0,0,0,'insert','2021-05-14 05:37:23',0),
(160,106,'CODE13','Uom13',0,0,0,'insert','2021-05-14 05:37:23',0),
(161,107,'CODE14','Uom14',0,0,0,'insert','2021-05-14 05:37:23',0),
(162,108,'CODE15','Uom15',0,0,0,'insert','2021-05-14 05:37:23',0),
(163,109,'CODE16','Uom16',0,0,0,'insert','2021-05-14 05:37:23',0),
(164,110,'CODE17','Uom17',0,0,0,'insert','2021-05-14 05:37:23',0),
(165,111,'CODE18','Uom18',0,0,0,'insert','2021-05-14 05:37:23',0),
(166,112,'CODE19','Uom19',0,0,0,'insert','2021-05-14 05:37:23',0),
(167,113,'CODE20','Uom20',0,0,0,'insert','2021-05-14 05:37:23',0),
(168,114,'CODE21','Uom21',0,0,0,'insert','2021-05-14 05:37:23',0),
(169,115,'CODE22','Uom22',0,0,0,'insert','2021-05-14 05:37:23',0),
(170,116,'CODE23','Uom23',0,0,0,'insert','2021-05-14 05:37:23',0),
(171,117,'CODE24','Uom24',0,0,0,'insert','2021-05-14 05:37:23',0),
(172,118,'CODE25','Uom25',0,0,0,'insert','2021-05-14 05:37:23',0),
(173,119,'CODE26','Uom26',0,0,0,'insert','2021-05-14 05:37:23',0),
(174,120,'CODE27','Uom27',0,0,0,'insert','2021-05-14 05:37:23',0),
(175,121,'CODE28','Uom28',0,0,0,'insert','2021-05-14 05:37:23',0),
(176,122,'CODE29','Uom29',0,0,0,'insert','2021-05-14 05:37:23',0),
(177,123,'CODE30','Uom30',0,0,0,'insert','2021-05-14 05:37:23',0),
(178,7,'j','joule',0,NULL,0,'approve','2020-11-24 15:04:25',0),
(179,7,'j','joule',1,NULL,0,'approve','2020-11-24 15:04:25',0),
(180,21,'HR','Hour',1,NULL,0,'approve','2020-11-24 15:09:22',0),
(181,124,NULL,'AREA1',0,0,0,'insert','2021-05-17 07:47:17',0),
(182,125,NULL,'DENSITY1',0,0,0,'insert','2021-05-17 07:47:18',0),
(183,126,NULL,'AREA2',0,0,0,'insert','2021-05-17 07:47:22',0),
(184,127,NULL,'DENSITY2',0,0,0,'insert','2021-05-17 07:47:23',0),
(185,128,NULL,'AREA3',0,0,0,'insert','2021-05-17 07:47:25',0),
(186,129,NULL,'DENSITY3',0,0,0,'insert','2021-05-17 07:47:26',0),
(187,130,NULL,'AREA4',0,0,0,'insert','2021-05-17 07:47:29',0),
(188,131,NULL,'DENSITY4',0,0,0,'insert','2021-05-17 07:47:30',0),
(189,132,NULL,'AREA5',0,0,0,'insert','2021-05-17 07:47:32',0),
(190,133,NULL,'DENSITY5',0,0,0,'insert','2021-05-17 07:47:33',0),
(191,134,NULL,'AREA6',0,0,0,'insert','2021-05-17 07:47:36',0),
(192,135,NULL,'DENSITY6',0,0,0,'insert','2021-05-17 07:47:36',0),
(193,136,NULL,'AREA7',0,0,0,'insert','2021-05-17 07:47:39',0),
(194,137,NULL,'DENSITY7',0,0,0,'insert','2021-05-17 07:47:40',0),
(195,138,NULL,'AREA8',0,0,0,'insert','2021-05-17 07:47:42',0),
(196,139,NULL,'DENSITY8',0,0,0,'insert','2021-05-17 07:47:43',0),
(197,140,NULL,'AREA9',0,0,0,'insert','2021-05-17 07:47:46',0),
(198,141,NULL,'DENSITY9',0,0,0,'insert','2021-05-17 07:47:47',0),
(199,142,NULL,'AREA10',0,0,0,'insert','2021-05-17 07:47:49',0),
(200,143,NULL,'DENSITY10',0,0,0,'insert','2021-05-17 07:47:50',0),
(201,144,NULL,'AREA11',0,0,0,'insert','2021-05-17 07:47:53',0),
(202,145,NULL,'DENSITY11',0,0,0,'insert','2021-05-17 07:47:54',0),
(203,146,NULL,'AREA12',0,0,0,'insert','2021-05-17 07:47:56',0),
(204,147,NULL,'DENSITY12',0,0,0,'insert','2021-05-17 07:47:57',0),
(205,148,NULL,'AREA13',0,0,0,'insert','2021-05-17 07:47:59',0),
(206,149,NULL,'DENSITY13',0,0,0,'insert','2021-05-17 07:48:00',0),
(207,150,NULL,'AREA14',0,0,0,'insert','2021-05-17 07:48:03',0),
(208,151,NULL,'DENSITY14',0,0,0,'insert','2021-05-17 07:48:04',0);

/*Table structure for table `m_uomgroup` */

DROP TABLE IF EXISTS `m_uomgroup`;

CREATE TABLE `m_uomgroup` (
  `uomGroupId` int(11) NOT NULL AUTO_INCREMENT,
  `uomGroupCode` varchar(20) DEFAULT NULL,
  `uomGroupName` varchar(50) DEFAULT NULL,
  `userId` int(11) DEFAULT NULL,
  `transDate` datetime DEFAULT CURRENT_TIMESTAMP,
  `isApproved` int(11) DEFAULT '0',
  `approvedUserId` int(11) DEFAULT '0',
  `approvedDateTime` datetime DEFAULT NULL,
  `isDeleted` int(11) DEFAULT '0',
  `deleteDateTime` datetime DEFAULT NULL,
  `deleteUserId` int(11) DEFAULT '0',
  `updateCount` int(11) DEFAULT '0',
  `lastUpdateUserId` int(11) DEFAULT '0',
  `isActive` tinyint(1) DEFAULT '0',
  `activateDateTime` datetime DEFAULT NULL,
  `activateUserId` int(11) DEFAULT '0',
  PRIMARY KEY (`uomGroupId`)
) ENGINE=InnoDB AUTO_INCREMENT=77 DEFAULT CHARSET=utf8mb4;

/*Data for the table `m_uomgroup` */

insert  into `m_uomgroup`(`uomGroupId`,`uomGroupCode`,`uomGroupName`,`userId`,`transDate`,`isApproved`,`approvedUserId`,`approvedDateTime`,`isDeleted`,`deleteDateTime`,`deleteUserId`,`updateCount`,`lastUpdateUserId`,`isActive`,`activateDateTime`,`activateUserId`) values 
(1,NULL,'Pressure',NULL,'2020-11-24 16:15:28',0,0,NULL,0,NULL,0,0,0,0,NULL,0),
(2,NULL,'Stress',NULL,'2020-11-24 16:15:28',0,0,NULL,0,NULL,0,0,0,0,NULL,0),
(3,NULL,'Energy',NULL,'2020-11-24 16:15:28',0,0,NULL,0,NULL,0,0,0,0,NULL,0),
(4,NULL,'Length',NULL,'2020-11-24 16:15:28',0,0,NULL,0,NULL,0,0,0,0,NULL,0),
(5,NULL,'Width',NULL,'2020-11-24 16:15:28',0,0,NULL,0,NULL,0,0,0,0,NULL,0),
(6,NULL,'Distance',NULL,'2020-11-24 16:15:28',0,0,NULL,0,NULL,0,0,0,0,NULL,0),
(7,NULL,'Thickness',NULL,'2020-11-24 16:15:28',0,0,NULL,0,NULL,0,0,0,0,NULL,0),
(8,NULL,'Girth',NULL,'2020-11-24 16:15:28',0,0,NULL,0,NULL,0,0,0,0,NULL,0),
(9,NULL,'Mass (weight)',NULL,'2020-11-24 16:15:28',1,3,'2021-02-26 02:16:25',0,NULL,0,0,0,0,NULL,0),
(10,NULL,'Time',NULL,'2020-11-24 16:15:28',0,0,NULL,0,NULL,0,0,0,0,NULL,0),
(11,NULL,'Temperature',NULL,'2020-11-24 16:15:28',0,0,NULL,0,NULL,0,0,0,0,NULL,0),
(12,'QWERT','Area',NULL,'2020-11-24 16:15:28',0,3,'2021-05-17 01:22:10',0,NULL,0,4,3,0,NULL,0),
(13,NULL,'Volume',NULL,'2020-11-24 16:15:28',0,0,NULL,0,NULL,0,0,0,0,NULL,0),
(14,NULL,'Speed',NULL,'2020-11-24 16:15:28',0,0,NULL,0,NULL,0,0,0,0,NULL,0),
(15,NULL,'Velocity',NULL,'2020-11-24 16:15:28',0,0,NULL,0,NULL,0,0,0,0,NULL,0),
(16,NULL,'Density',NULL,'2020-11-24 16:15:28',0,3,'2021-05-17 01:22:39',0,NULL,0,0,0,0,NULL,0),
(17,NULL,'Force',NULL,'2020-11-24 16:15:28',0,0,NULL,0,NULL,0,0,0,0,NULL,0),
(18,NULL,'Power',NULL,'2020-11-24 16:15:28',0,0,NULL,0,NULL,0,0,0,0,NULL,0),
(19,NULL,'Electric current',NULL,'2020-11-24 16:15:28',0,0,NULL,0,NULL,0,0,0,0,NULL,0),
(20,NULL,'Electric charge',NULL,'2020-11-24 16:15:28',0,0,NULL,0,NULL,0,0,0,0,NULL,0),
(21,NULL,'Resisance',NULL,'2020-11-24 16:15:28',0,0,NULL,0,NULL,0,0,0,0,NULL,0),
(22,NULL,'Resistivity',NULL,'2020-11-24 16:15:28',0,0,NULL,0,NULL,0,0,0,0,NULL,0),
(23,NULL,'Quantity',NULL,'2020-11-24 16:15:28',0,0,NULL,0,NULL,0,0,0,0,NULL,0),
(24,'ZZZYY','Zzdedf',3,'2020-12-10 11:28:29',1,3,'2020-12-10 11:28:36',1,'2020-12-10 11:28:52',3,1,3,0,NULL,0),
(25,'','Uhygu',3,'2021-04-02 09:39:23',0,0,NULL,0,NULL,0,0,0,0,NULL,0),
(26,'','Bvnbvn',3,'2021-04-03 07:10:44',0,0,NULL,1,'2021-04-03 07:19:28',3,0,0,0,NULL,0),
(27,'UOMGM','Group mapping 1',3,'2021-04-08 06:18:44',0,0,NULL,0,NULL,0,0,0,0,NULL,0),
(28,'UOMGM 1','Group mapping 12',3,'2021-04-08 07:17:32',0,0,NULL,0,NULL,0,0,0,0,NULL,0),
(29,'SQ0012','Euro',3,'2021-04-09 02:31:51',0,0,NULL,1,'2021-04-17 01:01:03',3,1,3,0,NULL,0),
(30,'1234','Aa',3,'2021-04-13 02:28:26',0,3,'2021-04-17 07:19:44',1,'2021-04-17 07:19:56',3,0,0,0,NULL,0),
(31,'KAP','Kapil',3,'2021-04-13 02:30:02',0,3,'2021-04-13 23:57:50',1,'2021-04-13 23:58:05',3,0,0,0,NULL,0),
(32,'','Ram',3,'2021-04-13 02:41:33',0,0,NULL,1,'2021-04-13 02:42:08',3,0,0,0,NULL,0),
(33,'UOM2','Uom1',0,'2021-04-13 05:38:29',0,0,NULL,0,NULL,0,0,0,0,NULL,0),
(34,'UOM4','Uom3',0,'2021-04-13 05:38:30',0,0,NULL,0,NULL,0,0,0,0,NULL,0),
(35,'RAJ','Rajat616',3,'2021-04-13 23:58:36',1,3,'2021-04-13 23:58:55',0,NULL,0,0,0,0,NULL,0),
(36,'PAPA','Super',3,'2021-04-14 00:14:24',0,0,NULL,0,NULL,0,0,0,0,NULL,0),
(37,'PAPA161','Papa161',3,'2021-04-14 00:15:12',0,0,NULL,0,NULL,0,0,0,0,NULL,0),
(38,'KAPIL','Rana',0,'2021-04-17 00:59:35',1,3,'2021-04-17 00:59:52',1,'2021-04-17 01:00:15',3,0,0,0,NULL,0),
(39,'AWAW','Wawa',0,'2021-04-17 02:27:26',0,0,NULL,0,NULL,0,0,0,0,NULL,0),
(40,'MAMA','Tatara',0,'2021-04-17 07:19:17',0,0,NULL,0,NULL,0,0,0,0,NULL,0),
(41,NULL,'Speed 252',0,'2021-04-20 02:20:58',0,0,NULL,0,NULL,0,0,0,0,NULL,0),
(42,NULL,'Speed 253',0,'2021-04-20 02:41:28',0,0,NULL,0,NULL,0,0,0,0,NULL,0),
(43,NULL,'Speed 255',0,'2021-04-20 02:44:33',0,0,NULL,0,NULL,0,0,0,0,NULL,0),
(44,NULL,'Speed 256',0,'2021-04-20 02:50:46',0,0,NULL,0,NULL,0,0,0,0,NULL,0),
(45,NULL,'Speed 260',0,'2021-04-20 02:55:06',0,0,NULL,0,NULL,0,0,0,0,NULL,0),
(46,NULL,'Speed 288',0,'2021-04-20 03:57:26',0,0,NULL,0,NULL,0,0,0,0,NULL,0),
(47,NULL,'Speed 290',0,'2021-04-20 04:46:30',0,0,NULL,0,NULL,0,0,0,0,NULL,0),
(48,NULL,'Speed 500',0,'2021-04-20 05:31:59',0,0,NULL,0,NULL,0,0,0,0,NULL,0),
(49,'','A',0,'2021-04-20 05:52:42',1,3,'2021-04-24 00:20:59',1,'2021-04-24 00:21:25',3,2,3,0,NULL,0),
(50,NULL,'Kkk',0,'2021-04-21 05:06:38',0,0,NULL,0,NULL,0,0,0,0,NULL,0),
(51,NULL,'Mkk',0,'2021-04-21 05:08:28',0,0,NULL,0,NULL,0,0,0,0,NULL,0),
(52,'TATA','Tata123',3,'2021-04-23 04:58:11',0,0,NULL,0,NULL,0,0,0,0,NULL,0),
(53,NULL,'Papa1',0,'2021-04-23 05:45:11',0,0,NULL,0,NULL,0,0,0,0,NULL,0),
(54,'CONNECTOR','Connect123',3,'2021-04-26 06:22:57',0,0,NULL,0,NULL,0,0,0,0,NULL,0),
(55,'PIN','Pin 123',3,'2021-04-26 06:36:12',0,0,NULL,0,NULL,0,0,0,0,NULL,0),
(56,'WIRE','Wire 12',3,'2021-04-26 08:26:18',0,0,NULL,0,NULL,0,0,0,0,NULL,0),
(57,'NUT','Cabil',3,'2021-04-26 08:28:41',0,0,NULL,0,NULL,0,0,0,0,NULL,0),
(58,'','Kaka',3,'2021-04-29 23:14:25',0,0,NULL,0,NULL,0,0,0,0,NULL,0),
(59,'KS','Kd',3,'2021-04-29 23:25:08',0,0,NULL,0,NULL,0,0,0,0,NULL,0),
(60,'POPO','Tyty',3,'2021-05-03 07:49:27',1,3,'2021-05-03 07:49:34',0,NULL,0,1,3,0,NULL,0),
(61,'JAJA','Jkjk',3,'2021-05-03 08:04:56',0,0,NULL,0,NULL,0,0,0,0,NULL,0),
(62,NULL,'Qaqa',0,'2021-05-03 08:13:50',0,0,NULL,0,NULL,0,0,0,0,NULL,0),
(63,NULL,'Group1',0,'2021-05-17 07:47:15',0,0,NULL,0,NULL,0,0,0,0,NULL,0),
(64,NULL,'Group2',0,'2021-05-17 07:47:21',0,0,NULL,0,NULL,0,0,0,0,NULL,0),
(65,NULL,'Group3',0,'2021-05-17 07:47:24',0,0,NULL,0,NULL,0,0,0,0,NULL,0),
(66,NULL,'Group4',0,'2021-05-17 07:47:28',0,0,NULL,0,NULL,0,0,0,0,NULL,0),
(67,NULL,'Group5',0,'2021-05-17 07:47:31',0,0,NULL,0,NULL,0,0,0,0,NULL,0),
(68,NULL,'Group6',0,'2021-05-17 07:47:35',0,0,NULL,0,NULL,0,0,0,0,NULL,0),
(69,NULL,'Group7',0,'2021-05-17 07:47:38',0,0,NULL,0,NULL,0,0,0,0,NULL,0),
(70,NULL,'Group8',0,'2021-05-17 07:47:42',0,0,NULL,0,NULL,0,0,0,0,NULL,0),
(71,NULL,'Group9',0,'2021-05-17 07:47:45',0,0,NULL,0,NULL,0,0,0,0,NULL,0),
(72,NULL,'Group10',0,'2021-05-17 07:47:48',0,0,NULL,0,NULL,0,0,0,0,NULL,0),
(73,NULL,'Group11',0,'2021-05-17 07:47:52',0,0,NULL,0,NULL,0,0,0,0,NULL,0),
(74,NULL,'Group12',0,'2021-05-17 07:47:55',0,0,NULL,0,NULL,0,0,0,0,NULL,0),
(75,NULL,'Group13',0,'2021-05-17 07:47:59',0,0,NULL,0,NULL,0,0,0,0,NULL,0),
(76,NULL,'Group14',0,'2021-05-17 07:48:02',0,0,NULL,0,NULL,0,0,0,0,NULL,0);

/*Table structure for table `m_uomgroup_log` */

DROP TABLE IF EXISTS `m_uomgroup_log`;

CREATE TABLE `m_uomgroup_log` (
  `logId` int(11) NOT NULL AUTO_INCREMENT,
  `uomGroupId` int(11) DEFAULT NULL,
  `uomGroupCode` varchar(20) DEFAULT NULL,
  `uomGroupName` varchar(50) DEFAULT NULL,
  `isApproved` int(11) DEFAULT '0',
  `userId` int(11) DEFAULT NULL,
  `isDeleted` int(11) DEFAULT '0',
  `userAction` varchar(20) DEFAULT NULL,
  `transDate` datetime DEFAULT CURRENT_TIMESTAMP,
  `isActive` tinyint(1) DEFAULT '0',
  PRIMARY KEY (`logId`)
) ENGINE=InnoDB AUTO_INCREMENT=89 DEFAULT CHARSET=utf8mb4;

/*Data for the table `m_uomgroup_log` */

insert  into `m_uomgroup_log`(`logId`,`uomGroupId`,`uomGroupCode`,`uomGroupName`,`isApproved`,`userId`,`isDeleted`,`userAction`,`transDate`,`isActive`) values 
(1,24,'ZZZ','Zzdedf',0,3,0,'insert','2020-12-10 11:28:29',0),
(2,24,'ZZZ','Zzdedf',0,3,0,'approve','2020-12-10 11:28:29',0),
(3,24,'ZZZ','Zzdedf',0,3,0,'update','2020-12-10 11:28:29',0),
(4,24,'ZZZYY','Zzdedf',0,3,0,'delete','2020-12-10 11:28:29',0),
(5,12,NULL,'Area',0,NULL,0,'approve','2020-11-24 16:15:28',0),
(6,9,NULL,'Mass (weight)',0,NULL,0,'approve','2020-11-24 16:15:28',0),
(7,12,NULL,'Area',1,NULL,0,'approve','2020-11-24 16:15:28',0),
(8,12,NULL,'Area',0,NULL,0,'update','2020-11-24 16:15:28',0),
(9,25,'','Uhygu',0,3,0,'insert','2021-04-02 09:39:23',0),
(10,12,'','Area',0,NULL,0,'approve','2020-11-24 16:15:28',0),
(11,26,'','Bvnbvn',0,3,0,'insert','2021-04-03 07:10:44',0),
(12,12,'','Area',0,NULL,0,'update','2020-11-24 16:15:28',0),
(13,26,'','Bvnbvn',0,3,0,'delete','2021-04-03 07:10:44',0),
(14,27,'UOMGM','Group mapping 1',0,3,0,'insert','2021-04-08 06:18:44',0),
(15,28,'UOMGM 1','Group mapping 12',0,3,0,'insert','2021-04-08 07:17:32',0),
(16,29,'SQ001','Euro',0,3,0,'insert','2021-04-09 02:31:51',0),
(17,30,'1234','Aa',0,3,0,'insert','2021-04-13 02:28:26',0),
(18,30,'1234','Aa',0,3,0,'approve','2021-04-13 02:28:26',0),
(19,31,'KAP','Kapil',0,3,0,'insert','2021-04-13 02:30:02',0),
(20,31,'KAP','Kapil',0,3,0,'approve','2021-04-13 02:30:02',0),
(21,32,'','Ram',0,3,0,'insert','2021-04-13 02:41:33',0),
(22,32,'','Ram',0,3,0,'delete','2021-04-13 02:41:33',0),
(23,33,'UOM2','Uom1',0,0,0,'insert','2021-04-13 05:38:29',0),
(24,34,'UOM4','Uom3',0,0,0,'insert','2021-04-13 05:38:30',0),
(25,31,'KAP','Kapil',1,3,0,'approve','2021-04-13 02:30:02',0),
(26,31,'KAP','Kapil',0,3,0,'delete','2021-04-13 02:30:02',0),
(27,35,'RAJ','Rajat616',0,3,0,'insert','2021-04-13 23:58:36',0),
(28,35,'RAJ','Rajat616',0,3,0,'approve','2021-04-13 23:58:36',0),
(29,36,'PAPA','Super',0,3,0,'insert','2021-04-14 00:14:24',0),
(30,37,'PAPA161','Papa161',0,3,0,'insert','2021-04-14 00:15:12',0),
(31,38,'KAPIL','Rana',0,0,0,'insert','2021-04-17 00:59:35',0),
(32,38,'KAPIL','Rana',0,0,0,'approve','2021-04-17 00:59:35',0),
(33,38,'KAPIL','Rana',0,0,0,'delete','2021-04-17 00:59:35',0),
(34,16,NULL,'Density',0,NULL,0,'approve','2020-11-24 16:15:28',0),
(35,29,'SQ001','Euro',0,3,0,'update','2021-04-09 02:31:51',0),
(36,29,'SQ0012','Euro',0,3,0,'delete','2021-04-09 02:31:51',0),
(37,39,'AWAW','Wawa',0,0,0,'insert','2021-04-17 02:27:26',0),
(38,40,'MAMA','Tatara',0,0,0,'insert','2021-04-17 07:19:17',0),
(39,30,'1234','Aa',1,3,0,'approve','2021-04-13 02:28:26',0),
(40,30,'1234','Aa',0,3,0,'delete','2021-04-13 02:28:26',0),
(41,12,'','Area',1,NULL,0,'approve','2020-11-24 16:15:28',0),
(42,12,'','Area',0,NULL,0,'update','2020-11-24 16:15:28',0),
(43,41,NULL,'Speed 252',0,0,0,'insert','2021-04-20 02:20:58',0),
(44,42,NULL,'Speed 253',0,0,0,'insert','2021-04-20 02:41:28',0),
(45,43,NULL,'Speed 255',0,0,0,'insert','2021-04-20 02:44:33',0),
(46,44,NULL,'Speed 256',0,0,0,'insert','2021-04-20 02:50:46',0),
(47,45,NULL,'Speed 260',0,0,0,'insert','2021-04-20 02:55:06',0),
(48,46,NULL,'Speed 288',0,0,0,'insert','2021-04-20 03:57:26',0),
(49,47,NULL,'Speed 290',0,0,0,'insert','2021-04-20 04:46:30',0),
(50,48,NULL,'Speed 500',0,0,0,'insert','2021-04-20 05:31:59',0),
(51,49,NULL,'A',0,0,0,'insert','2021-04-20 05:52:42',0),
(52,50,NULL,'Kkk',0,0,0,'insert','2021-04-21 05:06:38',0),
(53,51,NULL,'Mkk',0,0,0,'insert','2021-04-21 05:08:28',0),
(54,52,'TATA','Tata123',0,3,0,'insert','2021-04-23 04:58:11',0),
(55,53,NULL,'Papa1',0,0,0,'insert','2021-04-23 05:45:11',0),
(56,49,NULL,'A',0,0,0,'update','2021-04-20 05:52:42',0),
(57,49,'KAKA','A',0,0,0,'approve','2021-04-20 05:52:42',0),
(58,49,'KAKA','A',0,0,0,'update','2021-04-20 05:52:42',0),
(59,49,'','A',0,0,0,'delete','2021-04-20 05:52:42',0),
(60,12,'QWERT','Area',0,NULL,0,'update','2020-11-24 16:15:28',0),
(61,54,'CONNECTOR','Connect123',0,3,0,'insert','2021-04-26 06:22:57',0),
(62,55,'PIN','Pin 123',0,3,0,'insert','2021-04-26 06:36:12',0),
(63,56,'WIRE','Wire 12',0,3,0,'insert','2021-04-26 08:26:18',0),
(64,57,'NUT','Cabil',0,3,0,'insert','2021-04-26 08:28:41',0),
(65,58,'','Kaka',0,3,0,'insert','2021-04-29 23:14:25',0),
(66,59,'KS','Kd',0,3,0,'insert','2021-04-29 23:25:08',0),
(67,60,'UUUU','Tyty',0,3,0,'insert','2021-05-03 07:49:27',0),
(68,60,'UUUU','Tyty',0,3,0,'approve','2021-05-03 07:49:27',0),
(69,60,'UUUU','Tyty',0,3,0,'update','2021-05-03 07:49:27',0),
(70,61,'JAJA','Jkjk',0,3,0,'insert','2021-05-03 08:04:56',0),
(71,62,NULL,'Qaqa',0,0,0,'insert','2021-05-03 08:13:50',0),
(72,12,'QWERT','Area',0,NULL,0,'approve','2020-11-24 16:15:28',0),
(73,12,'QWERT','Area',1,NULL,0,'approve','2020-11-24 16:15:28',0),
(74,16,NULL,'Density',1,NULL,0,'approve','2020-11-24 16:15:28',0),
(75,63,NULL,'Group1',0,0,0,'insert','2021-05-17 07:47:15',0),
(76,64,NULL,'Group2',0,0,0,'insert','2021-05-17 07:47:21',0),
(77,65,NULL,'Group3',0,0,0,'insert','2021-05-17 07:47:24',0),
(78,66,NULL,'Group4',0,0,0,'insert','2021-05-17 07:47:28',0),
(79,67,NULL,'Group5',0,0,0,'insert','2021-05-17 07:47:31',0),
(80,68,NULL,'Group6',0,0,0,'insert','2021-05-17 07:47:35',0),
(81,69,NULL,'Group7',0,0,0,'insert','2021-05-17 07:47:38',0),
(82,70,NULL,'Group8',0,0,0,'insert','2021-05-17 07:47:42',0),
(83,71,NULL,'Group9',0,0,0,'insert','2021-05-17 07:47:45',0),
(84,72,NULL,'Group10',0,0,0,'insert','2021-05-17 07:47:48',0),
(85,73,NULL,'Group11',0,0,0,'insert','2021-05-17 07:47:52',0),
(86,74,NULL,'Group12',0,0,0,'insert','2021-05-17 07:47:55',0),
(87,75,NULL,'Group13',0,0,0,'insert','2021-05-17 07:47:59',0),
(88,76,NULL,'Group14',0,0,0,'insert','2021-05-17 07:48:02',0);

/*Table structure for table `m_valuation` */

DROP TABLE IF EXISTS `m_valuation`;

CREATE TABLE `m_valuation` (
  `valuationId` int(11) NOT NULL AUTO_INCREMENT,
  `valuationCode` varchar(10) DEFAULT NULL,
  `valuationName` varchar(50) DEFAULT NULL,
  `userId` int(11) DEFAULT NULL,
  `transDate` datetime DEFAULT CURRENT_TIMESTAMP,
  `isApproved` int(11) DEFAULT '0',
  `approvedUserId` int(11) DEFAULT '0',
  `approvedDateTime` datetime DEFAULT NULL,
  `isDeleted` int(11) DEFAULT '0',
  `deleteDateTime` datetime DEFAULT NULL,
  `deleteUserId` int(11) DEFAULT '0',
  `updateCount` int(11) DEFAULT '0',
  `lastUpdateUserId` int(11) DEFAULT '0',
  `isActive` tinyint(1) DEFAULT '0',
  `activateDateTime` datetime DEFAULT NULL,
  `activateUserId` int(11) DEFAULT '0',
  PRIMARY KEY (`valuationId`)
) ENGINE=InnoDB AUTO_INCREMENT=32 DEFAULT CHARSET=utf8mb4;

/*Data for the table `m_valuation` */

insert  into `m_valuation`(`valuationId`,`valuationCode`,`valuationName`,`userId`,`transDate`,`isApproved`,`approvedUserId`,`approvedDateTime`,`isDeleted`,`deleteDateTime`,`deleteUserId`,`updateCount`,`lastUpdateUserId`,`isActive`,`activateDateTime`,`activateUserId`) values 
(1,'FP','Free Product',10,'2020-10-26 18:54:34',0,3,'2021-04-08 06:50:08',1,'2021-04-13 02:49:04',3,0,0,0,NULL,0),
(2,'ddd','www',3,'2020-10-28 19:51:44',1,3,'2020-11-17 12:47:02',1,'2021-02-13 05:58:29',3,0,0,0,NULL,0),
(3,'V1','V9',10,'2020-10-28 20:04:46',1,3,'2021-02-13 05:58:03',0,NULL,0,1,3,0,NULL,0),
(4,'v2','v2',10,'2020-10-28 21:27:18',0,0,NULL,0,NULL,0,0,0,0,NULL,0),
(5,'HHMM','Hgfg',3,'2020-12-10 11:29:25',1,3,'2020-12-10 11:29:28',1,'2020-12-10 11:29:41',3,1,3,0,NULL,0),
(6,'FFFFFF','Sdffsd',3,'2021-04-02 09:54:13',1,3,'2021-04-02 09:54:22',1,'2021-04-02 09:54:47',3,2,3,0,NULL,0),
(7,'ZZZ','Ccc',3,'2021-04-03 05:13:16',1,3,'2021-04-03 05:13:22',1,'2021-04-03 05:13:27',3,0,0,0,NULL,0),
(8,'SLR','SLOW',3,'2021-04-06 05:37:36',0,0,NULL,0,NULL,0,0,0,0,NULL,0),
(9,'RP','LOW',3,'2021-04-07 00:34:31',0,0,NULL,1,'2021-04-17 07:44:30',3,0,0,0,NULL,0),
(10,'0012','LLs',3,'2021-04-08 06:43:39',0,0,NULL,1,'2021-04-17 07:44:25',3,0,0,0,NULL,0),
(11,'JAM','J',3,'2021-04-13 02:48:35',1,3,'2021-04-13 02:48:47',1,'2021-04-13 02:49:20',3,0,0,0,NULL,0),
(12,'KA','Ka',3,'2021-04-13 02:49:56',0,0,NULL,1,'2021-04-14 23:10:32',3,0,0,0,NULL,0),
(13,'GH','Kl',3,'2021-04-13 02:50:19',0,0,NULL,1,'2021-04-17 07:44:13',3,0,0,0,NULL,0),
(14,'HJ','Io',3,'2021-04-13 02:50:28',0,0,NULL,1,'2021-04-17 07:43:48',3,0,0,0,NULL,0),
(15,'ER','Cv',3,'2021-04-13 02:50:37',1,3,'2021-04-14 07:33:46',1,'2021-04-14 07:33:56',3,0,0,0,NULL,0),
(16,'RT','Vb',3,'2021-04-13 02:50:48',0,0,NULL,0,NULL,0,0,0,0,NULL,0),
(17,'JH','Lk',3,'2021-04-13 02:51:07',0,0,NULL,1,'2021-04-17 07:44:19',3,0,0,0,NULL,0),
(18,'TR','Vcv',3,'2021-04-13 02:51:17',0,0,NULL,0,NULL,0,1,3,0,NULL,0),
(19,'TA','Ta',3,'2021-04-14 00:40:44',0,0,NULL,0,NULL,0,0,0,0,NULL,0),
(20,'AA','As',3,'2021-04-14 23:09:59',0,3,'2021-04-17 07:43:33',1,'2021-04-17 07:43:40',3,0,0,0,NULL,0),
(21,'','',0,'2021-04-14 23:58:50',0,0,NULL,1,'2021-04-17 07:29:34',3,0,0,0,NULL,0),
(22,'UNDEFINED','Undefined',0,'2021-04-17 07:29:03',0,0,NULL,1,'2021-04-17 07:30:19',3,0,0,0,NULL,0),
(23,'MAMTA','Ram 123',3,'2021-04-17 07:29:28',1,3,'2021-04-17 07:29:44',1,'2021-04-17 07:30:09',3,1,3,0,NULL,0),
(24,'UNDEFINED','Undefined',0,'2021-04-17 07:32:02',0,0,NULL,1,'2021-04-20 23:31:46',3,0,0,0,NULL,0),
(25,'DATA','Update',0,'2021-04-21 06:21:04',0,0,NULL,0,NULL,0,0,0,0,NULL,0),
(26,'KOMAL','Singh4',0,'2021-04-21 06:23:26',0,3,'2021-05-17 02:29:46',0,NULL,0,1,3,0,NULL,0),
(27,'v56','v98',3,'2021-04-26 10:11:13',0,0,NULL,0,NULL,0,0,0,0,NULL,0),
(28,'kaka','jaja',3,'2021-04-26 23:45:02',0,0,NULL,1,'2021-05-03 08:22:00',3,0,0,0,NULL,0),
(29,'6161','Ranadddd',3,'2021-05-03 08:21:31',0,3,'2021-05-17 02:29:18',0,NULL,0,1,3,0,NULL,0),
(30,'08KAKA','Utt',0,'2021-05-03 08:24:15',0,0,NULL,0,NULL,0,0,0,0,NULL,0),
(31,'V3','V4',0,'2021-05-17 07:59:06',0,0,NULL,0,NULL,0,0,0,0,NULL,0);

/*Table structure for table `m_valuation_log` */

DROP TABLE IF EXISTS `m_valuation_log`;

CREATE TABLE `m_valuation_log` (
  `logId` int(11) NOT NULL AUTO_INCREMENT,
  `valuationId` int(11) DEFAULT NULL,
  `valuationCode` varchar(10) DEFAULT NULL,
  `valuationName` varchar(50) DEFAULT NULL,
  `isApproved` int(11) DEFAULT '0',
  `userId` int(11) DEFAULT NULL,
  `isDeleted` int(11) DEFAULT '0',
  `userAction` varchar(20) DEFAULT NULL,
  `transDate` datetime DEFAULT CURRENT_TIMESTAMP,
  `isActive` tinyint(1) DEFAULT '0',
  PRIMARY KEY (`logId`)
) ENGINE=InnoDB AUTO_INCREMENT=75 DEFAULT CHARSET=utf8mb4;

/*Data for the table `m_valuation_log` */

insert  into `m_valuation_log`(`logId`,`valuationId`,`valuationCode`,`valuationName`,`isApproved`,`userId`,`isDeleted`,`userAction`,`transDate`,`isActive`) values 
(1,1,'FP','Free Product',0,10,0,'insert','2020-10-26 18:54:34',0),
(2,1,'FP','Free Product',0,10,0,'approve','2020-10-26 18:54:34',0),
(3,2,'ddd','www',0,3,0,'insert','2020-10-28 19:51:44',0),
(4,3,'v1','v1',0,10,0,'insert','2020-10-28 20:04:46',0),
(5,4,'v2','v2',0,10,0,'insert','2020-10-28 21:27:18',0),
(6,2,'ddd','www',0,3,0,'approve','2020-10-28 19:51:44',0),
(7,5,'HH','Hgfg',0,3,0,'insert','2020-12-10 11:29:25',0),
(8,5,'HH','Hgfg',0,3,0,'approve','2020-12-10 11:29:25',0),
(9,5,'HH','Hgfg',0,3,0,'update','2020-12-10 11:29:25',0),
(10,5,'HHMM','Hgfg',0,3,0,'delete','2020-12-10 11:29:25',0),
(11,3,'v1','v1',0,10,0,'approve','2020-10-28 20:04:46',0),
(12,3,'v1','v1',0,10,0,'update','2020-10-28 20:04:46',0),
(13,2,'ddd','www',0,3,0,'delete','2020-10-28 19:51:44',0),
(14,6,'FFF','Sdffsd',0,3,0,'insert','2021-04-02 09:54:13',0),
(15,6,'FFF','Sdffsd',0,3,0,'approve','2021-04-02 09:54:13',0),
(16,6,'FFF','Sdffsd',0,3,0,'update','2021-04-02 09:54:13',0),
(17,6,'FFFFFF','Sdffsd',0,3,0,'update','2021-04-02 09:54:13',0),
(18,6,'FFFFFF','Sdffsd',0,3,0,'delete','2021-04-02 09:54:13',0),
(19,7,'ZZZ','Ccc',0,3,0,'insert','2021-04-03 05:13:16',0),
(20,7,'ZZZ','Ccc',0,3,0,'approve','2021-04-03 05:13:16',0),
(21,7,'ZZZ','Ccc',0,3,0,'delete','2021-04-03 05:13:16',0),
(22,8,'SLR','SLOW',0,3,0,'insert','2021-04-06 05:37:36',0),
(23,9,'RP','LOW',0,3,0,'insert','2021-04-07 00:34:31',0),
(24,10,'0012','LLs',0,3,0,'insert','2021-04-08 06:43:39',0),
(25,1,'FP','Free Product',1,10,0,'approve','2020-10-26 18:54:34',0),
(26,11,'JAM','J',0,3,0,'insert','2021-04-13 02:48:35',0),
(27,11,'JAM','J',0,3,0,'approve','2021-04-13 02:48:35',0),
(28,1,'FP','Free Product',0,10,0,'delete','2020-10-26 18:54:34',0),
(29,11,'JAM','J',0,3,0,'delete','2021-04-13 02:48:35',0),
(30,12,'KA','Ka',0,3,0,'insert','2021-04-13 02:49:56',0),
(31,13,'GH','Kl',0,3,0,'insert','2021-04-13 02:50:19',0),
(32,14,'HJ','Io',0,3,0,'insert','2021-04-13 02:50:28',0),
(33,15,'ER','Cv',0,3,0,'insert','2021-04-13 02:50:37',0),
(34,16,'RT','Vb',0,3,0,'insert','2021-04-13 02:50:48',0),
(35,17,'JH','Lk',0,3,0,'insert','2021-04-13 02:51:07',0),
(36,18,'TR','Vc',0,3,0,'insert','2021-04-13 02:51:17',0),
(37,19,'TA','Ta',0,3,0,'insert','2021-04-14 00:40:44',0),
(38,15,'ER','Cv',0,3,0,'approve','2021-04-13 02:50:37',0),
(39,15,'ER','Cv',0,3,0,'delete','2021-04-13 02:50:37',0),
(40,20,'AA','As',0,3,0,'insert','2021-04-14 23:09:59',0),
(41,20,'AA','As',0,3,0,'approve','2021-04-14 23:09:59',0),
(42,12,'KA','Ka',0,3,0,'delete','2021-04-13 02:49:56',0),
(43,21,'','',0,0,0,'insert','2021-04-14 23:58:50',0),
(44,22,'UNDEFINED','Undefined',0,0,0,'insert','2021-04-17 07:29:03',0),
(45,23,'MAMTA','Ram',0,3,0,'insert','2021-04-17 07:29:28',0),
(46,21,'','',0,0,0,'delete','2021-04-14 23:58:50',0),
(47,23,'MAMTA','Ram',0,3,0,'approve','2021-04-17 07:29:28',0),
(48,23,'MAMTA','Ram',0,3,0,'update','2021-04-17 07:29:28',0),
(49,23,'MAMTA','Ram 123',0,3,0,'delete','2021-04-17 07:29:28',0),
(50,22,'UNDEFINED','Undefined',0,0,0,'delete','2021-04-17 07:29:03',0),
(51,24,'UNDEFINED','Undefined',0,0,0,'insert','2021-04-17 07:32:02',0),
(52,20,'AA','As',1,3,0,'approve','2021-04-14 23:09:59',0),
(53,20,'AA','As',0,3,0,'delete','2021-04-14 23:09:59',0),
(54,14,'HJ','Io',0,3,0,'delete','2021-04-13 02:50:28',0),
(55,13,'GH','Kl',0,3,0,'delete','2021-04-13 02:50:19',0),
(56,17,'JH','Lk',0,3,0,'delete','2021-04-13 02:51:07',0),
(57,10,'0012','LLs',0,3,0,'delete','2021-04-08 06:43:39',0),
(58,9,'RP','LOW',0,3,0,'delete','2021-04-07 00:34:31',0),
(59,24,'UNDEFINED','Undefined',0,0,0,'delete','2021-04-17 07:32:02',0),
(60,25,'DATA','Update',0,0,0,'insert','2021-04-21 06:21:04',0),
(61,26,'KOMAL','Singh',0,0,0,'insert','2021-04-21 06:23:26',0),
(62,26,'KOMAL','Singh',0,0,0,'update','2021-04-21 06:23:26',0),
(63,18,'TR','Vc',0,3,0,'update','2021-04-13 02:51:17',0),
(64,27,'v56','v98',0,3,0,'insert','2021-04-26 10:11:13',0),
(65,28,'kaka','jaja',0,3,0,'insert','2021-04-26 23:45:02',0),
(66,29,'6161','Rana',0,3,0,'insert','2021-05-03 08:21:31',0),
(67,29,'6161','Rana',0,3,0,'approve','2021-05-03 08:21:31',0),
(68,29,'6161','Rana',0,3,0,'update','2021-05-03 08:21:31',0),
(69,28,'kaka','jaja',0,3,0,'delete','2021-04-26 23:45:02',0),
(70,30,'08KAKA','Utt',0,0,0,'insert','2021-05-03 08:24:15',0),
(71,26,'KOMAL','Singh4',0,0,0,'approve','2021-04-21 06:23:26',0),
(72,29,'6161','Ranadddd',1,3,0,'approve','2021-05-03 08:21:31',0),
(73,26,'KOMAL','Singh4',1,0,0,'approve','2021-04-21 06:23:26',0),
(74,31,'V3','V4',0,0,0,'insert','2021-05-17 07:59:06',0);

/*Table structure for table `m_valuationmethod` */

DROP TABLE IF EXISTS `m_valuationmethod`;

CREATE TABLE `m_valuationmethod` (
  `valuationMethodId` int(11) NOT NULL AUTO_INCREMENT,
  `valuationMethodCode` varchar(10) DEFAULT NULL,
  `valuationMethodName` varchar(50) DEFAULT NULL,
  `userId` int(11) DEFAULT NULL,
  `transDate` date DEFAULT NULL,
  `isApproved` int(11) DEFAULT '0',
  `approvedUserId` int(11) DEFAULT '0',
  `approvedDateTime` datetime DEFAULT NULL,
  `isDeleted` int(11) DEFAULT '0',
  `deleteDateTime` datetime DEFAULT NULL,
  `deleteUserId` int(11) DEFAULT NULL,
  `updateCount` int(11) DEFAULT '0',
  `lastUpdateUserId` int(11) DEFAULT NULL,
  `isActive` tinyint(1) DEFAULT NULL,
  `activateDateTime` datetime DEFAULT NULL,
  `activateUserId` int(11) DEFAULT '0',
  PRIMARY KEY (`valuationMethodId`)
) ENGINE=InnoDB AUTO_INCREMENT=66 DEFAULT CHARSET=utf8mb4;

/*Data for the table `m_valuationmethod` */

insert  into `m_valuationmethod`(`valuationMethodId`,`valuationMethodCode`,`valuationMethodName`,`userId`,`transDate`,`isApproved`,`approvedUserId`,`approvedDateTime`,`isDeleted`,`deleteDateTime`,`deleteUserId`,`updateCount`,`lastUpdateUserId`,`isActive`,`activateDateTime`,`activateUserId`) values 
(1,'FIFO','FIRST IN FIRST OUT',3,NULL,0,3,'2021-02-13 04:16:06',0,NULL,NULL,1,3,NULL,NULL,0),
(2,'LIFO','LAST IN LAST OUT',3,NULL,1,3,'2020-12-10 11:31:14',0,NULL,NULL,0,NULL,NULL,NULL,0),
(3,'WAC','WEIGHTED AVERAGE COST',3,NULL,1,3,'2020-12-10 11:31:20',1,'2021-04-19 00:34:54',3,0,NULL,NULL,NULL,0),
(4,'SIM','SPECIFIC IDENTIFICATION METHOD',3,NULL,1,3,'2020-12-10 11:31:18',0,NULL,NULL,0,NULL,NULL,NULL,0),
(5,'RM','RETAIL METHOD',3,NULL,1,3,'2020-12-10 11:31:16',0,NULL,NULL,0,NULL,NULL,NULL,0),
(6,'VV','Vvkk',3,NULL,1,3,'2020-12-10 11:31:09',1,'2020-12-10 11:31:33',3,1,3,NULL,NULL,0),
(7,'KK0','Ll9',3,NULL,0,0,NULL,1,'2021-02-13 04:16:50',3,1,3,NULL,NULL,0),
(8,'CVCC.LL','Vbb',3,NULL,1,3,'2021-04-02 09:58:38',1,'2021-04-02 09:59:03',3,2,3,NULL,NULL,0),
(9,'VBVV','Bnmm',3,NULL,1,3,'2021-04-03 05:15:13',1,'2021-04-03 05:15:25',3,1,3,NULL,NULL,0),
(10,'CIFO1','CLEAR',3,NULL,0,3,'2021-05-17 02:30:47',0,NULL,NULL,2,3,NULL,NULL,0),
(11,'v1','v2',0,NULL,1,3,'2021-04-19 00:34:36',0,NULL,NULL,0,NULL,NULL,NULL,0),
(12,'v3','v4',0,NULL,0,0,NULL,0,NULL,NULL,0,NULL,NULL,NULL,0),
(13,'RANA','Kapil616',3,NULL,1,3,'2021-04-19 00:31:42',1,'2021-04-19 00:32:05',3,1,3,NULL,NULL,0),
(14,'RANA','Kapil123ran',0,NULL,1,3,'2021-04-19 00:33:40',1,'2021-04-19 00:33:59',3,1,3,NULL,NULL,0),
(15,'DDD','Fff',3,NULL,0,0,NULL,1,'2021-04-24 07:54:08',3,0,NULL,NULL,NULL,0),
(16,'UVA12','Uva123',3,NULL,1,3,'2021-05-03 08:33:04',0,NULL,NULL,1,3,NULL,NULL,0),
(17,'HIGH','Data',0,NULL,0,3,'2021-05-17 02:31:12',0,NULL,NULL,0,NULL,NULL,NULL,0),
(18,'V2','Vmn2',0,NULL,0,0,NULL,0,NULL,NULL,0,NULL,NULL,NULL,0),
(19,'V4','Vmn4',0,NULL,0,0,NULL,0,NULL,NULL,0,NULL,NULL,NULL,0),
(20,'V5','Vmn5',0,NULL,0,0,NULL,0,NULL,NULL,0,NULL,NULL,NULL,0),
(21,'V6','Vmn6',0,NULL,0,0,NULL,0,NULL,NULL,0,NULL,NULL,NULL,0),
(22,'V7','Vmn7',0,NULL,0,0,NULL,0,NULL,NULL,0,NULL,NULL,NULL,0),
(23,'V8','Vmn8',0,NULL,0,0,NULL,0,NULL,NULL,0,NULL,NULL,NULL,0),
(24,'V9','Vmn9',0,NULL,0,0,NULL,0,NULL,NULL,0,NULL,NULL,NULL,0),
(25,'V10','Vmn10',0,NULL,0,0,NULL,0,NULL,NULL,0,NULL,NULL,NULL,0),
(26,'V11','Vmn11',0,NULL,0,0,NULL,0,NULL,NULL,0,NULL,NULL,NULL,0),
(27,'V12','Vmn12',0,NULL,0,0,NULL,0,NULL,NULL,0,NULL,NULL,NULL,0),
(28,'V13','Vmn13',0,NULL,0,0,NULL,0,NULL,NULL,0,NULL,NULL,NULL,0),
(29,'V14','Vmn14',0,NULL,0,0,NULL,0,NULL,NULL,0,NULL,NULL,NULL,0),
(30,'V15','Vmn15',0,NULL,0,0,NULL,0,NULL,NULL,0,NULL,NULL,NULL,0),
(31,'V16','Vmn16',0,NULL,0,0,NULL,0,NULL,NULL,0,NULL,NULL,NULL,0),
(32,'V17','Vmn17',0,NULL,0,0,NULL,0,NULL,NULL,0,NULL,NULL,NULL,0),
(33,'V18','Vmn18',0,NULL,0,0,NULL,0,NULL,NULL,0,NULL,NULL,NULL,0),
(34,'V19','Vmn19',0,NULL,0,0,NULL,0,NULL,NULL,0,NULL,NULL,NULL,0),
(35,'V20','Vmn20',0,NULL,0,0,NULL,0,NULL,NULL,0,NULL,NULL,NULL,0),
(36,'V21','Vmn21',0,NULL,0,0,NULL,0,NULL,NULL,0,NULL,NULL,NULL,0),
(37,'V22','Vmn22',0,NULL,0,0,NULL,0,NULL,NULL,0,NULL,NULL,NULL,0),
(38,'V23','Vmn23',0,NULL,0,0,NULL,0,NULL,NULL,0,NULL,NULL,NULL,0),
(39,'V24','Vmn24',0,NULL,0,0,NULL,0,NULL,NULL,0,NULL,NULL,NULL,0),
(40,'V25','Vmn25',0,NULL,0,0,NULL,0,NULL,NULL,0,NULL,NULL,NULL,0),
(41,'V26','Vmn26',0,NULL,0,0,NULL,0,NULL,NULL,0,NULL,NULL,NULL,0),
(42,'V27','Vmn27',0,NULL,0,0,NULL,0,NULL,NULL,0,NULL,NULL,NULL,0),
(43,'V28','Vmn28',0,NULL,0,0,NULL,0,NULL,NULL,0,NULL,NULL,NULL,0),
(44,'V29','Vmn29',0,NULL,0,0,NULL,0,NULL,NULL,0,NULL,NULL,NULL,0),
(45,'V30','Vmn30',0,NULL,0,0,NULL,0,NULL,NULL,0,NULL,NULL,NULL,0),
(46,'V31','Vmn31',0,NULL,0,0,NULL,0,NULL,NULL,0,NULL,NULL,NULL,0),
(47,'V32','Vmn32',0,NULL,0,0,NULL,0,NULL,NULL,0,NULL,NULL,NULL,0),
(48,'V33','Vmn33',0,NULL,0,0,NULL,0,NULL,NULL,0,NULL,NULL,NULL,0),
(49,'V34','Vmn34',0,NULL,0,0,NULL,0,NULL,NULL,0,NULL,NULL,NULL,0),
(50,'V35','Vmn35',0,NULL,0,0,NULL,0,NULL,NULL,0,NULL,NULL,NULL,0),
(51,'V36','Vmn36',0,NULL,0,0,NULL,0,NULL,NULL,0,NULL,NULL,NULL,0),
(52,'V37','Vmn37',0,NULL,0,0,NULL,0,NULL,NULL,0,NULL,NULL,NULL,0),
(53,'V38','Vmn38',0,NULL,0,0,NULL,0,NULL,NULL,0,NULL,NULL,NULL,0),
(54,'V39','Vmn39',0,NULL,0,0,NULL,0,NULL,NULL,0,NULL,NULL,NULL,0),
(55,'V40','Vmn40',0,NULL,0,0,NULL,0,NULL,NULL,0,NULL,NULL,NULL,0),
(56,'V41','Vmn41',0,NULL,0,0,NULL,0,NULL,NULL,0,NULL,NULL,NULL,0),
(57,'V42','Vmn42',0,NULL,0,0,NULL,0,NULL,NULL,0,NULL,NULL,NULL,0),
(58,'V43','Vmn43',0,NULL,0,0,NULL,0,NULL,NULL,0,NULL,NULL,NULL,0),
(59,'V44','Vmn44',0,NULL,0,0,NULL,0,NULL,NULL,0,NULL,NULL,NULL,0),
(60,'V45','Vmn45',0,NULL,0,0,NULL,0,NULL,NULL,0,NULL,NULL,NULL,0),
(61,'V46','Vmn46',0,NULL,0,0,NULL,0,NULL,NULL,0,NULL,NULL,NULL,0),
(62,'V47','Vmn47',0,NULL,0,0,NULL,0,NULL,NULL,0,NULL,NULL,NULL,0),
(63,'V48','Vmn48',0,NULL,0,0,NULL,0,NULL,NULL,0,NULL,NULL,NULL,0),
(64,'V49','Vmn49',0,NULL,0,0,NULL,0,NULL,NULL,0,NULL,NULL,NULL,0),
(65,'V50','Vmn50',0,NULL,0,0,NULL,0,NULL,NULL,0,NULL,NULL,NULL,0);

/*Table structure for table `m_valuationmethod_log` */

DROP TABLE IF EXISTS `m_valuationmethod_log`;

CREATE TABLE `m_valuationmethod_log` (
  `logId` int(11) NOT NULL AUTO_INCREMENT,
  `valuationMethodId` int(11) DEFAULT NULL,
  `valuationMethodCode` varchar(10) DEFAULT NULL,
  `valuationMethodName` varchar(50) DEFAULT NULL,
  `isApproved` int(11) DEFAULT '0',
  `userId` int(11) DEFAULT NULL,
  `isDeleted` int(11) DEFAULT '0',
  `userAction` varchar(20) DEFAULT NULL,
  `transDate` datetime DEFAULT CURRENT_TIMESTAMP,
  `isActive` tinyint(1) DEFAULT '0',
  PRIMARY KEY (`logId`)
) ENGINE=InnoDB AUTO_INCREMENT=102 DEFAULT CHARSET=utf8mb4;

/*Data for the table `m_valuationmethod_log` */

insert  into `m_valuationmethod_log`(`logId`,`valuationMethodId`,`valuationMethodCode`,`valuationMethodName`,`isApproved`,`userId`,`isDeleted`,`userAction`,`transDate`,`isActive`) values 
(1,1,'FIFO','FIRST IN FIRST OUT',0,3,0,'insert','2020-12-05 13:25:25',0),
(2,2,'LIFO','LAST IN LAST OUT',0,3,0,'insert','2020-12-05 13:26:06',0),
(3,3,'WAC','WEIGHTED AVERAGE COST',0,3,0,'insert','2020-12-05 13:26:38',0),
(4,4,'SIM','SPECIFIC IDENTIFICATION METHOD',0,3,0,'insert','2020-12-05 13:27:06',0),
(5,5,'RM','RETAIL METHOD',0,3,0,'insert','2020-12-05 13:27:23',0),
(6,6,'VV','Vv',0,3,0,'insert','2020-12-10 11:31:06',0),
(7,6,'VV','Vv',0,3,0,'approve',NULL,0),
(8,1,'FIFO','FIRST IN FIRST OUT',0,3,0,'approve',NULL,0),
(9,2,'LIFO','LAST IN LAST OUT',0,3,0,'approve',NULL,0),
(10,5,'RM','RETAIL METHOD',0,3,0,'approve',NULL,0),
(11,4,'SIM','SPECIFIC IDENTIFICATION METHOD',0,3,0,'approve',NULL,0),
(12,3,'WAC','WEIGHTED AVERAGE COST',0,3,0,'approve',NULL,0),
(13,6,'VV','Vv',0,3,0,'update',NULL,0),
(14,6,'VV','Vvkk',0,3,0,'delete',NULL,0),
(15,1,'FIFO','FIRST IN FIRST OUT',1,3,0,'approve',NULL,0),
(16,1,'FIFO','FIRST IN FIRST OUT',0,3,0,'update',NULL,0),
(17,7,'KK','Ll',0,3,0,'insert','2021-02-13 04:16:26',0),
(18,7,'KK','Ll',0,3,0,'update',NULL,0),
(19,7,'KK0','Ll9',0,3,0,'delete',NULL,0),
(20,8,'CVCC','Vbb',0,3,0,'insert','2021-04-02 09:58:28',0),
(21,8,'CVCC','Vbb',0,3,0,'approve',NULL,0),
(22,8,'CVCC','Vbb',0,3,0,'update',NULL,0),
(23,8,'CVCC','Vbb',0,3,0,'update',NULL,0),
(24,8,'CVCC.LL','Vbb',0,3,0,'delete',NULL,0),
(25,9,'VBVV','Bnmm',0,3,0,'insert','2021-04-03 05:15:05',0),
(26,9,'VBVV','Bnmm',0,3,0,'approve',NULL,0),
(27,9,'VBVV','Bnmm',0,3,0,'update',NULL,0),
(28,9,'VBVV','Bnmm',0,3,0,'delete',NULL,0),
(29,10,'CIFO','CLEAR METHOD',0,3,0,'insert','2021-04-06 05:47:26',0),
(30,11,'v1','v2',0,0,0,'insert','2021-04-13 03:39:16',0),
(31,12,'v3','v4',0,0,0,'insert','2021-04-13 03:39:17',0),
(32,13,'RANA','Kapil',0,3,0,'insert','2021-04-19 00:31:36',0),
(33,13,'RANA','Kapil',0,3,0,'approve',NULL,0),
(34,13,'RANA','Kapil',0,3,0,'update',NULL,0),
(35,13,'RANA','Kapil616',0,3,0,'delete',NULL,0),
(36,14,'RANA','Kapil123',0,0,0,'insert','2021-04-19 00:33:27',0),
(37,14,'RANA','Kapil123',0,0,0,'approve',NULL,0),
(38,14,'RANA','Kapil123',0,0,0,'update',NULL,0),
(39,14,'RANA','Kapil123ran',0,0,0,'delete',NULL,0),
(40,11,'v1','v2',0,0,0,'approve',NULL,0),
(41,3,'WAC','WEIGHTED AVERAGE COST',0,3,0,'delete',NULL,0),
(42,10,'CIFO','CLEAR METHOD',0,3,0,'update',NULL,0),
(43,15,'DDD','Fff',0,3,0,'insert','2021-04-24 07:53:55',0),
(44,15,'DDD','Fff',0,3,0,'delete',NULL,0),
(45,16,'UVA','Uva123',0,3,0,'insert','2021-05-03 08:32:57',0),
(46,16,'UVA','Uva123',0,3,0,'approve',NULL,0),
(47,16,'UVA','Uva123',0,3,0,'update',NULL,0),
(48,17,'HIGH','Data',0,0,0,'insert','2021-05-03 08:34:44',0),
(49,10,'CIFO1','CLEAR METHOD',0,3,0,'approve',NULL,0),
(50,10,'CIFO1','CLEAR METHOD',0,3,0,'update',NULL,0),
(51,18,'V2','Vmn2',0,0,0,'insert','2021-05-14 06:10:59',0),
(52,19,'V4','Vmn4',0,0,0,'insert','2021-05-14 06:10:59',0),
(53,20,'V5','Vmn5',0,0,0,'insert','2021-05-14 06:10:59',0),
(54,21,'V6','Vmn6',0,0,0,'insert','2021-05-14 06:10:59',0),
(55,22,'V7','Vmn7',0,0,0,'insert','2021-05-14 06:10:59',0),
(56,23,'V8','Vmn8',0,0,0,'insert','2021-05-14 06:10:59',0),
(57,24,'V9','Vmn9',0,0,0,'insert','2021-05-14 06:10:59',0),
(58,25,'V10','Vmn10',0,0,0,'insert','2021-05-14 06:10:59',0),
(59,26,'V11','Vmn11',0,0,0,'insert','2021-05-14 06:10:59',0),
(60,27,'V12','Vmn12',0,0,0,'insert','2021-05-14 06:10:59',0),
(61,28,'V13','Vmn13',0,0,0,'insert','2021-05-14 06:10:59',0),
(62,29,'V14','Vmn14',0,0,0,'insert','2021-05-14 06:10:59',0),
(63,30,'V15','Vmn15',0,0,0,'insert','2021-05-14 06:10:59',0),
(64,31,'V16','Vmn16',0,0,0,'insert','2021-05-14 06:10:59',0),
(65,32,'V17','Vmn17',0,0,0,'insert','2021-05-14 06:10:59',0),
(66,33,'V18','Vmn18',0,0,0,'insert','2021-05-14 06:10:59',0),
(67,34,'V19','Vmn19',0,0,0,'insert','2021-05-14 06:10:59',0),
(68,35,'V20','Vmn20',0,0,0,'insert','2021-05-14 06:10:59',0),
(69,36,'V21','Vmn21',0,0,0,'insert','2021-05-14 06:10:59',0),
(70,37,'V22','Vmn22',0,0,0,'insert','2021-05-14 06:10:59',0),
(71,38,'V23','Vmn23',0,0,0,'insert','2021-05-14 06:10:59',0),
(72,39,'V24','Vmn24',0,0,0,'insert','2021-05-14 06:10:59',0),
(73,40,'V25','Vmn25',0,0,0,'insert','2021-05-14 06:10:59',0),
(74,41,'V26','Vmn26',0,0,0,'insert','2021-05-14 06:10:59',0),
(75,42,'V27','Vmn27',0,0,0,'insert','2021-05-14 06:10:59',0),
(76,43,'V28','Vmn28',0,0,0,'insert','2021-05-14 06:10:59',0),
(77,44,'V29','Vmn29',0,0,0,'insert','2021-05-14 06:10:59',0),
(78,45,'V30','Vmn30',0,0,0,'insert','2021-05-14 06:10:59',0),
(79,46,'V31','Vmn31',0,0,0,'insert','2021-05-14 06:10:59',0),
(80,47,'V32','Vmn32',0,0,0,'insert','2021-05-14 06:10:59',0),
(81,48,'V33','Vmn33',0,0,0,'insert','2021-05-14 06:10:59',0),
(82,49,'V34','Vmn34',0,0,0,'insert','2021-05-14 06:10:59',0),
(83,50,'V35','Vmn35',0,0,0,'insert','2021-05-14 06:10:59',0),
(84,51,'V36','Vmn36',0,0,0,'insert','2021-05-14 06:10:59',0),
(85,52,'V37','Vmn37',0,0,0,'insert','2021-05-14 06:10:59',0),
(86,53,'V38','Vmn38',0,0,0,'insert','2021-05-14 06:10:59',0),
(87,54,'V39','Vmn39',0,0,0,'insert','2021-05-14 06:10:59',0),
(88,55,'V40','Vmn40',0,0,0,'insert','2021-05-14 06:10:59',0),
(89,56,'V41','Vmn41',0,0,0,'insert','2021-05-14 06:10:59',0),
(90,57,'V42','Vmn42',0,0,0,'insert','2021-05-14 06:10:59',0),
(91,58,'V43','Vmn43',0,0,0,'insert','2021-05-14 06:10:59',0),
(92,59,'V44','Vmn44',0,0,0,'insert','2021-05-14 06:10:59',0),
(93,60,'V45','Vmn45',0,0,0,'insert','2021-05-14 06:10:59',0),
(94,61,'V46','Vmn46',0,0,0,'insert','2021-05-14 06:10:59',0),
(95,62,'V47','Vmn47',0,0,0,'insert','2021-05-14 06:10:59',0),
(96,63,'V48','Vmn48',0,0,0,'insert','2021-05-14 06:10:59',0),
(97,64,'V49','Vmn49',0,0,0,'insert','2021-05-14 06:10:59',0),
(98,65,'V50','Vmn50',0,0,0,'insert','2021-05-14 06:10:59',0),
(99,17,'HIGH','Data',0,0,0,'approve',NULL,0),
(100,10,'CIFO1','CLEAR',1,3,0,'approve',NULL,0),
(101,17,'HIGH','Data',1,0,0,'approve',NULL,0);

/*Table structure for table `t_branch` */

DROP TABLE IF EXISTS `t_branch`;

CREATE TABLE `t_branch` (
  `branchId` int(11) NOT NULL AUTO_INCREMENT,
  `branchCode` varchar(20) DEFAULT NULL,
  `branchName` varchar(200) DEFAULT NULL,
  `currencyId` int(11) DEFAULT NULL,
  `language_Id` int(11) DEFAULT NULL,
  `gstNumber` varchar(30) DEFAULT NULL,
  `sstNo` varchar(20) DEFAULT NULL,
  `isPlant` char(3) DEFAULT NULL,
  `isDepot` char(3) DEFAULT NULL,
  `isWareHouse` char(3) DEFAULT NULL,
  `userId` int(11) DEFAULT NULL,
  `transDate` datetime DEFAULT CURRENT_TIMESTAMP,
  `isApproved` int(11) DEFAULT '0',
  `approvedUserId` int(11) DEFAULT '0',
  `approvedDateTime` datetime DEFAULT NULL,
  `isDeleted` int(11) DEFAULT '0',
  `deleteDateTime` datetime DEFAULT NULL,
  `deleteUserId` int(11) DEFAULT '0',
  `updateCount` int(11) DEFAULT '0',
  `lastUpdateUserId` int(11) DEFAULT '0',
  `isActive` tinyint(1) DEFAULT '0',
  `activateDateTime` datetime DEFAULT NULL,
  `activateUserId` int(11) DEFAULT '0',
  PRIMARY KEY (`branchId`)
) ENGINE=InnoDB AUTO_INCREMENT=31 DEFAULT CHARSET=utf8mb4;

/*Data for the table `t_branch` */

insert  into `t_branch`(`branchId`,`branchCode`,`branchName`,`currencyId`,`language_Id`,`gstNumber`,`sstNo`,`isPlant`,`isDepot`,`isWareHouse`,`userId`,`transDate`,`isApproved`,`approvedUserId`,`approvedDateTime`,`isDeleted`,`deleteDateTime`,`deleteUserId`,`updateCount`,`lastUpdateUserId`,`isActive`,`activateDateTime`,`activateUserId`) values 
(1,'KSS','Kalatmak Spatial Systems',2,3,'GST Type','SST 1','Yes',NULL,'Yes',10,'2020-10-26 18:46:37',1,3,'2020-10-27 09:30:13',0,NULL,0,0,0,0,NULL,0),
(2,'PRO','BRANCH',3,15,'890','SST 2','Yes',NULL,'No',3,'2020-10-27 09:29:53',0,3,'2021-05-17 01:14:15',0,NULL,0,3,3,0,NULL,0),
(3,'SDD','Ss',4,3,'rffhhhhhh','SST 1','Yes',NULL,'Yes',3,'2020-12-10 11:22:18',1,3,'2020-12-10 11:22:22',1,'2020-12-10 11:22:35',3,1,3,0,NULL,0),
(4,'MNMM','Mmmm',6,3,'','SST 1','Yes',NULL,'Yes',3,'2021-04-02 10:18:20',1,3,'2021-04-03 06:46:57',1,'2021-04-03 06:49:50',3,0,0,0,NULL,0),
(5,'FSS','Birla Group',8,3,'94709220020','SST 1','Yes',NULL,'Yes',3,'2021-04-07 02:52:25',0,0,NULL,1,'2021-04-12 05:48:57',3,0,0,0,NULL,0),
(6,'BCC2','Branch12',8,4,'122','SST 1','Yes',NULL,'No',3,'2021-04-07 05:09:49',1,3,'2021-04-07 05:10:00',1,'2021-04-07 05:10:31',3,2,3,0,NULL,0),
(7,'0200','Vbh',32,9,'7866','SST 1','Yes',NULL,'Yes',3,'2021-04-08 01:36:13',0,0,NULL,0,NULL,0,2,3,0,NULL,0),
(8,'BA','Ddlbranchcurrency1',13,0,'','SST 1','No',NULL,'No',3,'2021-04-08 02:30:26',0,0,NULL,0,NULL,0,0,0,0,NULL,0),
(9,'BRANCH770','Branch name216',6,4,'','SST 1','Yes',NULL,'Yes',3,'2021-04-08 02:37:15',0,0,NULL,0,NULL,0,0,0,0,NULL,0),
(10,'BAC','Branch address 3',6,2,'','SST 2','Yes',NULL,'No',3,'2021-04-08 02:38:02',0,0,NULL,0,NULL,0,0,0,0,NULL,0),
(11,'JIO','Jio mobile',22,12,'123456788','SST 2','Yes',NULL,'Yes',3,'2021-04-12 05:47:25',1,3,'2021-04-12 05:47:43',0,NULL,0,0,0,0,NULL,0),
(12,'TYT','Toyota',2,7,'9876654','SST 1','Yes',NULL,'Yes',3,'2021-04-12 05:55:46',0,0,NULL,0,NULL,0,0,0,0,NULL,0),
(14,'BC1','Bn1',27,1,'','0','0',NULL,'0',0,'2021-04-15 06:10:51',1,3,'2021-05-03 00:48:02',1,'2021-05-03 00:54:23',3,0,0,0,NULL,0),
(15,NULL,'B1',NULL,NULL,NULL,NULL,NULL,NULL,NULL,0,'2021-04-16 02:29:16',0,0,NULL,0,NULL,0,0,0,0,NULL,0),
(16,'INDU','Ind1111111',56,23,'Kakakkakak','SST 1','Yes',NULL,'No',3,'2021-05-03 00:47:25',0,3,'2021-05-17 01:14:49',0,NULL,0,1,3,0,NULL,0),
(17,'RANA','Rana',56,32,'12234','SST 2','Yes',NULL,'Yes',3,'2021-05-03 01:26:46',0,0,NULL,0,NULL,0,0,0,0,NULL,0),
(18,NULL,'Bata',NULL,NULL,NULL,NULL,NULL,NULL,NULL,0,'2021-05-03 06:24:58',0,0,NULL,0,NULL,0,0,0,0,NULL,0),
(19,'BC1','Bn1',173,116,'45','','Yes',NULL,'',0,'2021-05-17 06:26:36',0,0,NULL,0,NULL,0,0,0,0,NULL,0),
(20,'BC2','Bn2',174,117,'45','','Yes',NULL,'',0,'2021-05-17 06:26:39',0,0,NULL,0,NULL,0,0,0,0,NULL,0),
(21,'BC3','Bn3',175,118,'45','','Yes',NULL,'',0,'2021-05-17 06:26:43',0,0,NULL,0,NULL,0,0,0,0,NULL,0),
(22,'BC4','Bn4',176,119,'45','','Yes',NULL,'',0,'2021-05-17 06:26:49',0,0,NULL,0,NULL,0,0,0,0,NULL,0),
(23,'BC5','Bn5',177,120,'45','','Yes',NULL,'',0,'2021-05-17 06:26:55',0,0,NULL,0,NULL,0,0,0,0,NULL,0),
(24,'BC6','Bn6',178,121,'45','','Yes',NULL,'',0,'2021-05-17 06:27:01',0,0,NULL,0,NULL,0,0,0,0,NULL,0),
(25,'BC7','Bn7',179,122,'45','','Yes',NULL,'',0,'2021-05-17 06:27:03',0,0,NULL,0,NULL,0,0,0,0,NULL,0),
(26,'BC8','Bn8',180,123,'45','','Yes',NULL,'',0,'2021-05-17 06:27:06',0,0,NULL,0,NULL,0,0,0,0,NULL,0),
(27,'BC9','Bn9',181,124,'45','','Yes',NULL,'',0,'2021-05-17 06:27:08',0,0,NULL,0,NULL,0,0,0,0,NULL,0),
(28,'BC10','Bn10',182,125,'45','','Yes',NULL,'',0,'2021-05-17 06:27:11',0,0,NULL,0,NULL,0,0,0,0,NULL,0),
(29,'BC11','Bn11',183,126,'45','','Yes',NULL,'',0,'2021-05-17 06:27:13',0,0,NULL,0,NULL,0,0,0,0,NULL,0),
(30,'BC12','Bn12',184,127,'45','','Yes',NULL,'',0,'2021-05-17 06:27:18',0,0,NULL,0,NULL,0,0,0,0,NULL,0);

/*Table structure for table `t_branch_log` */

DROP TABLE IF EXISTS `t_branch_log`;

CREATE TABLE `t_branch_log` (
  `logId` int(11) NOT NULL AUTO_INCREMENT,
  `branchId` int(11) DEFAULT NULL,
  `branchCode` varchar(20) DEFAULT NULL,
  `branchName` varchar(200) DEFAULT NULL,
  `currencyId` int(11) DEFAULT NULL,
  `language_Id` int(11) DEFAULT NULL,
  `gstNumber` varchar(30) DEFAULT NULL,
  `sstNo` varchar(20) DEFAULT NULL,
  `isPlant` char(3) DEFAULT NULL,
  `isDepot` char(3) DEFAULT NULL,
  `isWareHouse` char(3) DEFAULT NULL,
  `isApproved` int(11) DEFAULT '0',
  `userId` int(11) DEFAULT NULL,
  `isDeleted` int(11) DEFAULT '0',
  `userAction` varchar(20) DEFAULT NULL,
  `transDate` datetime DEFAULT CURRENT_TIMESTAMP,
  `isActive` tinyint(1) DEFAULT '0',
  PRIMARY KEY (`logId`)
) ENGINE=InnoDB AUTO_INCREMENT=61 DEFAULT CHARSET=utf8mb4;

/*Data for the table `t_branch_log` */

insert  into `t_branch_log`(`logId`,`branchId`,`branchCode`,`branchName`,`currencyId`,`language_Id`,`gstNumber`,`sstNo`,`isPlant`,`isDepot`,`isWareHouse`,`isApproved`,`userId`,`isDeleted`,`userAction`,`transDate`,`isActive`) values 
(1,1,'KSS','Kalatmak Spatial Systems',2,0,'GST Type','SST 1','Yes',NULL,'Yes',0,10,0,'insert','2020-10-26 18:46:37',0),
(2,2,'PR','BRANCH',3,0,'890','SST 1','Yes',NULL,'Yes',0,3,0,'insert','2020-10-27 09:29:53',0),
(3,2,'PR','BRANCH',3,0,'890','SST 1','Yes',NULL,'Yes',0,3,0,'update','2020-10-27 09:29:53',0),
(4,2,'PRO','BRANCH',3,0,'890','SST 1','Yes',NULL,'Yes',0,3,0,'approve','2020-10-27 09:29:53',0),
(5,1,'KSS','Kalatmak Spatial Systems',2,0,'GST Type','SST 1','Yes',NULL,'Yes',0,10,0,'approve','2020-10-26 18:46:37',0),
(6,3,'SDD','Ss',4,0,'rff','SST 1','Yes',NULL,'Yes',0,3,0,'insert','2020-12-10 11:22:18',0),
(7,3,'SDD','Ss',4,0,'rff','SST 1','Yes',NULL,'Yes',0,3,0,'approve','2020-12-10 11:22:18',0),
(8,3,'SDD','Ss',4,0,'rff','SST 1','Yes',NULL,'Yes',0,3,0,'update','2020-12-10 11:22:18',0),
(9,3,'SDD','Ss',4,0,'rffhhhhhh','SST 1','Yes',NULL,'Yes',0,3,0,'delete','2020-12-10 11:22:18',0),
(10,2,'PRO','BRANCH',3,0,'890','SST 1','Yes',NULL,'Yes',1,3,0,'approve','2020-10-27 09:29:53',0),
(11,2,'PRO','BRANCH',3,0,'890','SST 1','Yes',NULL,'Yes',0,3,0,'approve','2020-10-27 09:29:53',0),
(12,2,'PRO','BRANCH',3,0,'890','SST 1','Yes',NULL,'Yes',0,3,0,'update','2020-10-27 09:29:53',0),
(13,4,'MNMM','Mmmm',6,0,'','SST 1','Yes',NULL,'Yes',0,3,0,'insert','2021-04-02 10:18:20',0),
(14,4,'MNMM','Mmmm',6,0,'','SST 1','Yes',NULL,'Yes',0,3,0,'approve','2021-04-02 10:18:20',0),
(15,4,'MNMM','Mmmm',6,0,'','SST 1','Yes',NULL,'Yes',0,3,0,'delete','2021-04-02 10:18:20',0),
(16,2,'PRO','BRANCH',3,0,'890','SST 1','Yes',NULL,'Yes',1,3,0,'approve','2020-10-27 09:29:53',0),
(17,2,'PRO','BRANCH',3,0,'890','SST 1','Yes',NULL,'Yes',0,3,0,'approve','2020-10-27 09:29:53',0),
(18,2,'PRO','BRANCH',3,0,'890','SST 1','Yes',NULL,'Yes',1,3,0,'approve','2020-10-27 09:29:53',0),
(19,5,'FSS','Birla Group',8,0,'94709220020','SST 1','Yes',NULL,'Yes',0,3,0,'insert','2021-04-07 02:52:25',0),
(20,6,'BCC','Branch12',8,4,'122','SST 1','Yes',NULL,'No',0,3,0,'insert','2021-04-07 05:09:49',0),
(21,6,'BCC','Branch12',8,4,'122','SST 1','Yes',NULL,'No',0,3,0,'approve','2021-04-07 05:09:49',0),
(22,6,'BCC','Branch12',8,4,'122','SST 1','Yes',NULL,'No',0,3,0,'update','2021-04-07 05:09:49',0),
(23,6,'BCC2','Branch12',8,4,'122','SST 1','Yes',NULL,'No',0,3,0,'update','2021-04-07 05:09:49',0),
(24,6,'BCC2','Branch12',8,4,'122','SST 1','Yes',NULL,'No',0,3,0,'delete','2021-04-07 05:09:49',0),
(25,7,'BRANCH77','Branch name21',3,3,'','SST 1','No',NULL,'No',0,3,0,'insert','2021-04-08 01:36:13',0),
(26,8,'BA','Ddlbranchcurrency1',13,0,'','SST 1','No',NULL,'No',0,3,0,'insert','2021-04-08 02:30:26',0),
(27,9,'BRANCH770','Branch name216',6,4,'','SST 1','Yes',NULL,'Yes',0,3,0,'insert','2021-04-08 02:37:15',0),
(28,10,'BAC','Branch address 3',6,2,'','SST 2','Yes',NULL,'No',0,3,0,'insert','2021-04-08 02:38:02',0),
(29,11,'JIO','Jio mobile',22,12,'123456788','SST 2','Yes',NULL,'Yes',0,3,0,'insert','2021-04-12 05:47:25',0),
(30,11,'JIO','Jio mobile',22,12,'123456788','SST 2','Yes',NULL,'Yes',0,3,0,'approve','2021-04-12 05:47:25',0),
(31,5,'FSS','Birla Group',8,3,'94709220020','SST 1','Yes',NULL,'Yes',0,3,0,'delete','2021-04-07 02:52:25',0),
(32,12,'TYT','Toyota',2,7,'9876654','SST 1','Yes',NULL,'Yes',0,3,0,'insert','2021-04-12 05:55:46',0),
(33,13,'BC1','Bn1',27,0,'','0','0',NULL,'0',0,0,0,'insert','2021-04-15 06:07:51',0),
(34,14,'BC1','Bn1',27,1,'','0','0',NULL,'0',0,0,0,'insert','2021-04-15 06:10:51',0),
(35,15,NULL,'B1',NULL,NULL,NULL,NULL,NULL,NULL,NULL,0,0,0,'insert','2021-04-16 02:29:17',0),
(36,7,'BRANCH77','Branch name21',3,2,'','SST 1','No',NULL,'No',0,3,0,'update','2021-04-08 01:36:13',0),
(37,7,'0210','Vbh',44,9,'3hin444','SST 1','Yes',NULL,'Yes',0,3,0,'update','2021-04-08 01:36:13',0),
(38,2,'PRO','BRANCH',3,15,'890','SST 1','Yes',NULL,'Yes',0,3,0,'update','2020-10-27 09:29:53',0),
(39,16,'INDU','Ind1111111',56,23,'kakakkakak','SST 1','Yes',NULL,'Yes',0,3,0,'insert','2021-05-03 00:47:25',0),
(40,16,'INDU','Ind1111111',56,23,'kakakkakak','SST 1','Yes',NULL,'Yes',0,3,0,'approve','2021-05-03 00:47:25',0),
(41,14,'BC1','Bn1',27,1,'','0','0',NULL,'0',0,0,0,'approve','2021-04-15 06:10:51',0),
(42,16,'INDU','Ind1111111',56,23,'kakakkakak','SST 1','Yes',NULL,'Yes',0,3,0,'update','2021-05-03 00:47:25',0),
(43,14,'BC1','Bn1',27,1,'','0','0',NULL,'0',0,0,0,'delete','2021-04-15 06:10:51',0),
(44,17,'RANA','Rana',56,32,'12234','SST 2','Yes',NULL,'Yes',0,3,0,'insert','2021-05-03 01:26:46',0),
(45,18,NULL,'Bata',NULL,NULL,NULL,NULL,NULL,NULL,NULL,0,0,0,'insert','2021-05-03 06:24:58',0),
(46,2,'PRO','BRANCH',3,15,'890','SST 2','Yes',NULL,'No',0,3,0,'approve','2020-10-27 09:29:53',0),
(47,2,'PRO','BRANCH',3,15,'890','SST 2','Yes',NULL,'No',1,3,0,'approve','2020-10-27 09:29:53',0),
(48,16,'INDU','Ind1111111',56,23,'Kakakkakak','SST 1','Yes',NULL,'No',1,3,0,'approve','2021-05-03 00:47:25',0),
(49,19,'BC1','Bn1',173,116,'45','','Yes',NULL,'',0,0,0,'insert','2021-05-17 06:26:36',0),
(50,20,'BC2','Bn2',174,117,'45','','Yes',NULL,'',0,0,0,'insert','2021-05-17 06:26:39',0),
(51,21,'BC3','Bn3',175,118,'45','','Yes',NULL,'',0,0,0,'insert','2021-05-17 06:26:43',0),
(52,22,'BC4','Bn4',176,119,'45','','Yes',NULL,'',0,0,0,'insert','2021-05-17 06:26:49',0),
(53,23,'BC5','Bn5',177,120,'45','','Yes',NULL,'',0,0,0,'insert','2021-05-17 06:26:55',0),
(54,24,'BC6','Bn6',178,121,'45','','Yes',NULL,'',0,0,0,'insert','2021-05-17 06:27:01',0),
(55,25,'BC7','Bn7',179,122,'45','','Yes',NULL,'',0,0,0,'insert','2021-05-17 06:27:03',0),
(56,26,'BC8','Bn8',180,123,'45','','Yes',NULL,'',0,0,0,'insert','2021-05-17 06:27:06',0),
(57,27,'BC9','Bn9',181,124,'45','','Yes',NULL,'',0,0,0,'insert','2021-05-17 06:27:08',0),
(58,28,'BC10','Bn10',182,125,'45','','Yes',NULL,'',0,0,0,'insert','2021-05-17 06:27:11',0),
(59,29,'BC11','Bn11',183,126,'45','','Yes',NULL,'',0,0,0,'insert','2021-05-17 06:27:13',0),
(60,30,'BC12','Bn12',184,127,'45','','Yes',NULL,'',0,0,0,'insert','2021-05-17 06:27:18',0);

/*Table structure for table `t_branchaddress` */

DROP TABLE IF EXISTS `t_branchaddress`;

CREATE TABLE `t_branchaddress` (
  `branchAddressId` int(11) NOT NULL AUTO_INCREMENT,
  `branchId` int(11) DEFAULT NULL,
  `contactPerson` varchar(200) DEFAULT NULL,
  `houseBuildingNo` varchar(100) DEFAULT NULL,
  `street1` varchar(100) DEFAULT NULL,
  `street2` varchar(100) DEFAULT NULL,
  `landmark` varchar(100) DEFAULT NULL,
  `countryId` int(11) DEFAULT NULL,
  `stateId` int(11) DEFAULT NULL,
  `cityId` int(11) DEFAULT NULL,
  `areaId` int(11) DEFAULT NULL,
  `pincode` varchar(15) DEFAULT NULL,
  `mobileNumber` varchar(15) DEFAULT NULL,
  `altMobileNumber` varchar(15) DEFAULT NULL,
  `telephoneExtension` varchar(10) DEFAULT NULL,
  `landLineNumber` varchar(20) DEFAULT NULL,
  `altLandLineNumber` varchar(20) DEFAULT NULL,
  `website` varchar(100) DEFAULT NULL,
  `userId` int(11) DEFAULT NULL,
  `transDate` datetime DEFAULT CURRENT_TIMESTAMP,
  `isApproved` int(11) DEFAULT '0',
  `approvedUserId` int(11) DEFAULT '0',
  `approvedDateTime` datetime DEFAULT NULL,
  `isDeleted` int(11) DEFAULT '0',
  `deleteDateTime` datetime DEFAULT NULL,
  `deleteUserId` int(11) DEFAULT '0',
  `updateCount` int(11) DEFAULT '0',
  `lastUpdateUserId` int(11) DEFAULT '0',
  `isActive` tinyint(1) DEFAULT '0',
  `activateDateTime` datetime DEFAULT NULL,
  `activateUserId` int(11) DEFAULT '0',
  PRIMARY KEY (`branchAddressId`)
) ENGINE=InnoDB AUTO_INCREMENT=6 DEFAULT CHARSET=utf8mb4;

/*Data for the table `t_branchaddress` */

insert  into `t_branchaddress`(`branchAddressId`,`branchId`,`contactPerson`,`houseBuildingNo`,`street1`,`street2`,`landmark`,`countryId`,`stateId`,`cityId`,`areaId`,`pincode`,`mobileNumber`,`altMobileNumber`,`telephoneExtension`,`landLineNumber`,`altLandLineNumber`,`website`,`userId`,`transDate`,`isApproved`,`approvedUserId`,`approvedDateTime`,`isDeleted`,`deleteDateTime`,`deleteUserId`,`updateCount`,`lastUpdateUserId`,`isActive`,`activateDateTime`,`activateUserId`) values 
(1,1,'Str','Street 1','Street 1','Street 2','Near Sample',2,1,1,NULL,'600096','4554454854','2377237745','44888','7418529620','7418529620','https://www.sample.com/',10,'2020-10-26 18:49:24',1,3,'2020-12-10 11:23:28',1,'2020-12-10 11:23:43',3,1,3,0,NULL,0),
(2,2,'Suman','dddd','rpad','panki','',151,1,1,NULL,'','','','','','','',3,'2020-12-10 11:23:18',1,3,'2021-05-03 01:43:02',0,NULL,0,3,3,0,NULL,0),
(3,1,'bnb n','','','','',101,17,2,NULL,'','','','','','','',3,'2021-04-02 10:19:06',0,0,NULL,1,'2021-04-03 06:52:13',3,0,0,0,NULL,0),
(4,11,'Toyota','12','87','87','toyota',274,29,10,NULL,'201301','','','','','','',3,'2021-04-12 06:09:28',1,3,'2021-04-12 06:10:33',1,'2021-04-16 00:09:11',3,0,0,0,NULL,0),
(5,2,'Shyam','12','saharanpur','delhi','tata',347,75,43,NULL,'gghjjkj','saGzdnmz','bgnfng','zxfbn','zbngm','zxbnmm','fhnmmm',3,'2021-05-03 01:46:15',1,3,'2021-05-03 01:46:47',0,NULL,0,0,0,0,NULL,0);

/*Table structure for table `t_branchaddress_log` */

DROP TABLE IF EXISTS `t_branchaddress_log`;

CREATE TABLE `t_branchaddress_log` (
  `logId` int(11) NOT NULL AUTO_INCREMENT,
  `branchAddressId` int(11) DEFAULT NULL,
  `branchId` int(11) DEFAULT NULL,
  `contactPerson` varchar(200) DEFAULT NULL,
  `houseBuildingNo` varchar(100) DEFAULT NULL,
  `street1` varchar(100) DEFAULT NULL,
  `street2` varchar(100) DEFAULT NULL,
  `landmark` varchar(100) DEFAULT NULL,
  `countryId` int(11) DEFAULT NULL,
  `stateId` int(11) DEFAULT NULL,
  `cityId` int(11) DEFAULT NULL,
  `areaId` int(11) DEFAULT NULL,
  `pincode` varchar(15) DEFAULT NULL,
  `mobileNumber` varchar(15) DEFAULT NULL,
  `altMobileNumber` varchar(15) DEFAULT NULL,
  `telephoneExtension` varchar(10) DEFAULT NULL,
  `landLineNumber` varchar(20) DEFAULT NULL,
  `altLandLineNumber` varchar(20) DEFAULT NULL,
  `website` varchar(100) DEFAULT NULL,
  `isApproved` int(11) DEFAULT '0',
  `userId` int(11) DEFAULT NULL,
  `isDeleted` int(11) DEFAULT '0',
  `userAction` varchar(20) DEFAULT NULL,
  `transDate` datetime DEFAULT CURRENT_TIMESTAMP,
  `isActive` tinyint(1) DEFAULT '0',
  PRIMARY KEY (`logId`)
) ENGINE=InnoDB AUTO_INCREMENT=25 DEFAULT CHARSET=utf8mb4;

/*Data for the table `t_branchaddress_log` */

insert  into `t_branchaddress_log`(`logId`,`branchAddressId`,`branchId`,`contactPerson`,`houseBuildingNo`,`street1`,`street2`,`landmark`,`countryId`,`stateId`,`cityId`,`areaId`,`pincode`,`mobileNumber`,`altMobileNumber`,`telephoneExtension`,`landLineNumber`,`altLandLineNumber`,`website`,`isApproved`,`userId`,`isDeleted`,`userAction`,`transDate`,`isActive`) values 
(1,1,1,'Str','Street 1','Street 1','Street 2','Near Sample',2,1,1,NULL,'600096','4554454854','2377237745','44','7418529620','7418529620','https://www.sample.com/',0,10,0,'insert','2020-10-26 18:49:24',0),
(2,2,2,'Suman','dddd','rpad','panki','',151,1,4,NULL,'','','','','','','',0,3,0,'insert','2020-12-10 11:23:18',0),
(3,1,1,'Str','Street 1','Street 1','Street 2','Near Sample',2,1,1,NULL,'600096','4554454854','2377237745','44','7418529620','7418529620','https://www.sample.com/',0,10,0,'approve','2020-10-26 18:49:24',0),
(4,1,1,'Str','Street 1','Street 1','Street 2','Near Sample',2,1,1,NULL,'600096','4554454854','2377237745','44','7418529620','7418529620','https://www.sample.com/',0,10,0,'update','2020-10-26 18:49:24',0),
(5,1,1,'Str','Street 1','Street 1','Street 2','Near Sample',2,1,1,NULL,'600096','4554454854','2377237745','44888','7418529620','7418529620','https://www.sample.com/',0,10,0,'delete','2020-10-26 18:49:24',0),
(6,2,2,'Suman','dddd','rpad','panki','',151,1,4,NULL,'','','','','','','',0,3,0,'approve','2020-12-10 11:23:18',0),
(7,2,2,'Suman','dddd','rpad','panki','',151,1,4,NULL,'','','','','','','',0,3,0,'update','2020-12-10 11:23:18',0),
(8,2,2,'Suman','dddd','rpad','panki','',151,1,1,NULL,'','','','','','','',1,3,0,'approve','2020-12-10 11:23:18',0),
(9,2,2,'Suman','dddd','rpad','panki','',151,1,1,NULL,'','','','','','','',0,3,0,'update','2020-12-10 11:23:18',0),
(10,2,2,'Suman','dddd','rpad','panki','',151,1,1,NULL,'','','','','','','',0,3,0,'approve','2020-12-10 11:23:18',0),
(11,2,2,'Suman','dddd','rpad','panki','',151,1,1,NULL,'','','','','','','',0,3,0,'update','2020-12-10 11:23:18',0),
(12,3,1,'bnb n','','','','',101,17,2,NULL,'','','','','','','',0,3,0,'insert','2021-04-02 10:19:06',0),
(13,3,1,'bnb n','','','','',101,17,2,NULL,'','','','','','','',0,3,0,'delete','2021-04-02 10:19:06',0),
(14,2,2,'Suman','dddd','rpad','panki','',151,1,1,NULL,'','','','','','','',1,3,0,'approve','2020-12-10 11:23:18',0),
(15,2,2,'Suman','dddd','rpad','panki','',151,1,1,NULL,'','','','','','','',0,3,0,'approve','2020-12-10 11:23:18',0),
(16,2,2,'Suman','dddd','rpad','panki','',151,1,1,NULL,'','','','','','','',1,3,0,'approve','2020-12-10 11:23:18',0),
(17,4,11,'Toyota','12','87','87','toyota',274,29,10,NULL,'201301','','','','','','',0,3,0,'insert','2021-04-12 06:09:28',0),
(18,2,2,'Suman','dddd','rpad','panki','',151,1,1,NULL,'','','','','','','',0,3,0,'approve','2020-12-10 11:23:18',0),
(19,2,2,'Suman','dddd','rpad','panki','',151,1,1,NULL,'','','','','','','',1,3,0,'approve','2020-12-10 11:23:18',0),
(20,4,11,'Toyota','12','87','87','toyota',274,29,10,NULL,'201301','','','','','','',0,3,0,'approve','2021-04-12 06:09:28',0),
(21,4,11,'Toyota','12','87','87','toyota',274,29,10,NULL,'201301','','','','','','',0,3,0,'delete','2021-04-12 06:09:28',0),
(22,2,2,'Suman','dddd','rpad','panki','',151,1,1,NULL,'','','','','','','',0,3,0,'approve','2020-12-10 11:23:18',0),
(23,5,2,'Shyam','12','saharanpur','delhi','tata',347,75,43,NULL,'gghjjkj','saGzdnmz','bgnfng','zxfbn','zbngm','zxbnmm','fhnmmm',0,3,0,'insert','2021-05-03 01:46:15',0),
(24,5,2,'Shyam','12','saharanpur','delhi','tata',347,75,43,NULL,'gghjjkj','saGzdnmz','bgnfng','zxfbn','zbngm','zxbnmm','fhnmmm',0,3,0,'approve','2021-05-03 01:46:15',0);

/*Table structure for table `t_branchassignment` */

DROP TABLE IF EXISTS `t_branchassignment`;

CREATE TABLE `t_branchassignment` (
  `branchAssignmentId` int(11) NOT NULL AUTO_INCREMENT,
  `companyId` int(11) DEFAULT NULL,
  `branchId` int(11) DEFAULT NULL,
  `userId` int(11) DEFAULT NULL,
  `transDate` datetime DEFAULT CURRENT_TIMESTAMP,
  `isApproved` int(11) DEFAULT '0',
  `approvedUserId` int(11) DEFAULT '0',
  `approvedDateTime` datetime DEFAULT NULL,
  `isDeleted` int(11) DEFAULT '0',
  `deleteDateTime` datetime DEFAULT NULL,
  `deleteUserId` int(11) DEFAULT '0',
  `updateCount` int(11) DEFAULT '0',
  `lastUpdateUserId` int(11) DEFAULT '0',
  `isActive` tinyint(1) DEFAULT '0',
  `activateDateTime` datetime DEFAULT NULL,
  `activateUserId` int(11) DEFAULT '0',
  PRIMARY KEY (`branchAssignmentId`)
) ENGINE=InnoDB AUTO_INCREMENT=14 DEFAULT CHARSET=utf8mb4;

/*Data for the table `t_branchassignment` */

insert  into `t_branchassignment`(`branchAssignmentId`,`companyId`,`branchId`,`userId`,`transDate`,`isApproved`,`approvedUserId`,`approvedDateTime`,`isDeleted`,`deleteDateTime`,`deleteUserId`,`updateCount`,`lastUpdateUserId`,`isActive`,`activateDateTime`,`activateUserId`) values 
(1,2,1,10,'2020-10-26 18:49:47',1,3,'2020-10-27 09:30:57',0,NULL,0,2,3,0,NULL,0),
(2,2,2,3,'2020-10-27 09:30:51',0,3,'2021-04-05 20:52:44',1,'2021-04-12 23:06:17',3,1,3,0,NULL,0),
(3,1,1,3,'2020-12-10 11:23:55',1,3,'2020-12-10 11:23:58',1,'2020-12-10 11:24:11',3,1,3,0,NULL,0),
(4,1,2,3,'2021-02-13 08:57:42',0,0,NULL,1,'2021-02-13 08:57:54',3,0,0,0,NULL,0),
(5,5,4,3,'2021-04-02 10:20:03',0,0,NULL,1,'2021-04-02 10:20:10',3,0,0,0,NULL,0),
(6,1,1,3,'2021-04-03 02:34:57',1,3,'2021-04-03 02:35:03',1,'2021-04-03 02:35:08',3,0,0,0,NULL,0),
(7,5,4,3,'2021-04-03 05:06:43',1,3,'2021-04-03 05:06:48',1,'2021-04-03 05:06:54',3,0,0,0,NULL,0),
(8,5,2,3,'2021-04-07 03:00:48',1,3,'2021-04-12 23:06:32',1,'2021-04-12 23:06:39',3,0,0,0,NULL,0),
(9,39,12,3,'2021-04-12 06:21:44',1,3,'2021-04-12 06:22:06',0,NULL,0,2,3,0,NULL,0),
(10,24,15,0,'2021-04-16 02:29:19',0,0,NULL,1,'2021-05-03 06:23:27',3,0,0,0,NULL,0),
(11,0,0,3,'2021-04-26 04:45:22',0,0,NULL,0,NULL,0,0,0,0,NULL,0),
(12,50,10,3,'2021-05-03 06:22:41',0,3,'2021-05-17 01:15:27',0,NULL,0,1,3,0,NULL,0),
(13,33,18,0,'2021-05-03 06:24:58',1,3,'2021-05-14 07:17:26',0,NULL,0,0,0,0,NULL,0);

/*Table structure for table `t_branchassignment_log` */

DROP TABLE IF EXISTS `t_branchassignment_log`;

CREATE TABLE `t_branchassignment_log` (
  `logId` int(11) NOT NULL AUTO_INCREMENT,
  `branchAssignmentId` int(11) DEFAULT NULL,
  `companyId` int(11) DEFAULT NULL,
  `branchId` int(11) DEFAULT NULL,
  `isApproved` int(11) DEFAULT '0',
  `userId` int(11) DEFAULT NULL,
  `isDeleted` int(11) DEFAULT '0',
  `userAction` varchar(20) DEFAULT NULL,
  `transDate` datetime DEFAULT CURRENT_TIMESTAMP,
  `isActive` tinyint(1) DEFAULT '0',
  PRIMARY KEY (`logId`)
) ENGINE=InnoDB AUTO_INCREMENT=44 DEFAULT CHARSET=utf8mb4;

/*Data for the table `t_branchassignment_log` */

insert  into `t_branchassignment_log`(`logId`,`branchAssignmentId`,`companyId`,`branchId`,`isApproved`,`userId`,`isDeleted`,`userAction`,`transDate`,`isActive`) values 
(1,1,1,1,0,10,0,'insert','2020-10-26 18:49:47',0),
(2,2,2,2,0,3,0,'insert','2020-10-27 09:30:51',0),
(3,2,2,2,0,3,0,'approve','2020-10-27 09:30:51',0),
(4,1,1,1,0,10,0,'approve','2020-10-26 18:49:47',0),
(5,1,1,1,0,10,0,'update','2020-10-26 18:49:47',0),
(6,3,1,2,0,3,0,'insert','2020-12-10 11:23:55',0),
(7,3,1,2,0,3,0,'approve','2020-12-10 11:23:55',0),
(8,3,1,2,0,3,0,'update','2020-12-10 11:23:55',0),
(9,3,1,1,0,3,0,'delete','2020-12-10 11:23:55',0),
(10,2,2,2,1,3,0,'approve','2020-10-27 09:30:51',0),
(11,2,2,2,0,3,0,'update','2020-10-27 09:30:51',0),
(12,4,1,2,0,3,0,'insert','2021-02-13 08:57:42',0),
(13,4,1,2,0,3,0,'delete','2021-02-13 08:57:42',0),
(14,2,2,2,0,3,0,'approve','2020-10-27 09:30:51',0),
(15,1,2,1,0,10,0,'update','2020-10-26 18:49:47',0),
(16,5,5,4,0,3,0,'insert','2021-04-02 10:20:03',0),
(17,5,5,4,0,3,0,'delete','2021-04-02 10:20:03',0),
(18,6,1,1,0,3,0,'insert','2021-04-03 02:34:57',0),
(19,6,1,1,0,3,0,'approve','2021-04-03 02:34:57',0),
(20,6,1,1,0,3,0,'delete','2021-04-03 02:34:57',0),
(21,7,5,4,0,3,0,'insert','2021-04-03 05:06:43',0),
(22,7,5,4,0,3,0,'approve','2021-04-03 05:06:43',0),
(23,7,5,4,0,3,0,'delete','2021-04-03 05:06:43',0),
(24,2,2,2,1,3,0,'approve','2020-10-27 09:30:51',0),
(25,2,2,2,0,3,0,'approve','2020-10-27 09:30:51',0),
(26,2,2,2,1,3,0,'approve','2020-10-27 09:30:51',0),
(27,8,5,2,0,3,0,'insert','2021-04-07 03:00:48',0),
(28,9,19,11,0,3,0,'insert','2021-04-12 06:21:44',0),
(29,9,19,11,0,3,0,'approve','2021-04-12 06:21:44',0),
(30,2,2,2,0,3,0,'delete','2020-10-27 09:30:51',0),
(31,8,5,2,0,3,0,'approve','2021-04-07 03:00:48',0),
(32,8,5,2,0,3,0,'delete','2021-04-07 03:00:48',0),
(33,10,24,15,0,0,0,'insert','2021-04-16 02:29:19',0),
(34,9,19,11,0,3,0,'update','2021-04-12 06:21:44',0),
(35,9,39,12,0,3,0,'update','2021-04-12 06:21:44',0),
(36,11,0,0,0,3,0,'insert','2021-04-26 04:45:22',0),
(37,12,50,2,0,3,0,'insert','2021-05-03 06:22:41',0),
(38,12,50,2,0,3,0,'approve','2021-05-03 06:22:41',0),
(39,12,50,2,0,3,0,'update','2021-05-03 06:22:41',0),
(40,10,24,15,0,0,0,'delete','2021-04-16 02:29:19',0),
(41,13,33,18,0,0,0,'insert','2021-05-03 06:24:58',0),
(42,13,33,18,0,0,0,'approve','2021-05-03 06:24:58',0),
(43,12,50,10,1,3,0,'approve','2021-05-03 06:22:41',0);

/*Table structure for table `t_company` */

DROP TABLE IF EXISTS `t_company`;

CREATE TABLE `t_company` (
  `companyId` int(11) NOT NULL AUTO_INCREMENT,
  `companyCode` varchar(10) DEFAULT NULL,
  `companyName` varchar(200) DEFAULT NULL,
  `currencyId` int(11) DEFAULT NULL,
  `language_Id` int(11) DEFAULT NULL,
  `companyLogo_Url` varchar(200) DEFAULT NULL,
  `userId` int(11) DEFAULT NULL,
  `transDate` datetime DEFAULT CURRENT_TIMESTAMP,
  `isApproved` int(11) DEFAULT '0',
  `approvedUserId` int(11) DEFAULT '0',
  `approvedDateTime` datetime DEFAULT NULL,
  `isDeleted` int(11) DEFAULT '0',
  `deleteDateTime` datetime DEFAULT NULL,
  `deleteUserId` int(11) DEFAULT '0',
  `updateCount` int(11) DEFAULT '0',
  `lastUpdateUserId` int(11) DEFAULT '0',
  `isActive` tinyint(1) DEFAULT '0',
  `activateDateTime` datetime DEFAULT NULL,
  `activateUserId` int(11) DEFAULT '0',
  PRIMARY KEY (`companyId`)
) ENGINE=InnoDB AUTO_INCREMENT=108 DEFAULT CHARSET=utf8mb4;

/*Data for the table `t_company` */

insert  into `t_company`(`companyId`,`companyCode`,`companyName`,`currencyId`,`language_Id`,`companyLogo_Url`,`userId`,`transDate`,`isApproved`,`approvedUserId`,`approvedDateTime`,`isDeleted`,`deleteDateTime`,`deleteUserId`,`updateCount`,`lastUpdateUserId`,`isActive`,`activateDateTime`,`activateUserId`) values 
(1,'1000','Kalatmak Spatial Systems',2,3,'/uploaded_image/company/202104032109_Permit1000KalatmakSpatialSystems.jpg',10,'2020-10-26 18:41:51',1,3,'2020-10-27 09:24:08',0,NULL,0,1,3,0,NULL,0),
(2,'CS','Company private ltd',3,3,'/uploaded_image/company/202102172156_PermitCSCompanyprivateltd.jpg',3,'2020-10-27 09:24:00',0,3,'2021-05-20 04:37:46',0,NULL,0,3,3,0,NULL,0),
(3,'DD','Ss',4,3,'/uploaded_image/company/202012102018_PermitDDSs.jpg',3,'2020-12-10 11:20:01',1,3,'2020-12-10 11:20:04',1,'2020-12-10 11:20:26',3,1,3,0,NULL,0),
(4,'FTGHG','Ghg',4,3,'/uploaded_image/company/202012102120_Permit.jpg',3,'2020-12-10 16:21:28',0,0,NULL,1,'2020-12-10 16:21:39',3,0,0,0,NULL,0),
(5,'NMBM','Mnnm',2,3,'/uploaded_image/company/202104024304_Permitnmbmmnnm.jpg',3,'2021-04-02 10:13:11',1,3,'2021-04-03 05:59:51',0,NULL,0,0,0,0,NULL,0),
(6,'SSS','Sdf',6,3,'',3,'2021-04-03 05:51:32',0,0,NULL,1,'2021-04-03 05:59:42',3,0,0,0,NULL,0),
(7,'CX','Sss',7,4,'/uploaded_image/company/202104070444_Permitcxsss.jpg',3,'2021-04-07 05:34:50',1,3,'2021-04-07 05:34:57',1,'2021-04-07 05:35:14',3,1,3,0,NULL,0),
(8,'COM','Company4',6,4,NULL,3,'2021-04-08 01:04:35',0,0,NULL,0,NULL,0,0,0,0,NULL,0),
(9,'33','Specificview softwate pvt ltd',2,3,'',3,'2021-04-08 01:50:05',0,0,NULL,0,NULL,0,0,0,0,NULL,0),
(10,'COM1','Company41',7,5,NULL,3,'2021-04-08 01:59:20',0,0,NULL,0,NULL,0,0,0,0,NULL,0),
(11,'CA','Company Address',8,4,'',3,'2021-04-08 02:16:51',0,0,NULL,0,NULL,0,0,0,0,NULL,0),
(12,'PP','Company42',13,4,NULL,3,'2021-04-08 07:10:25',0,0,NULL,0,NULL,0,0,0,0,NULL,0),
(13,'ER','Company44',3,4,NULL,3,'2021-04-08 07:12:45',0,0,NULL,0,NULL,0,0,0,0,NULL,0),
(14,'DASW','Wewr',6,2,NULL,3,'2021-04-08 09:15:01',0,0,NULL,0,NULL,0,0,0,0,NULL,0),
(15,'KK','Kk',16,2,'',3,'2021-04-08 09:21:03',0,0,NULL,0,NULL,0,0,0,0,NULL,0),
(16,'KAP','Kapil',2,11,'',3,'2021-04-12 04:38:42',0,0,NULL,1,'2021-04-12 04:39:16',3,0,0,0,NULL,0),
(17,'RAM','RAM PVT LTD',19,11,'',3,'2021-04-12 04:42:19',0,0,NULL,0,NULL,0,0,0,0,NULL,0),
(18,NULL,'duplexnewii',0,0,NULL,3,'2021-04-12 05:34:47',0,0,NULL,0,NULL,0,7,0,0,NULL,0),
(19,'BABA','BABA Pvt ltd',8,19,'/uploaded_image/company/202104222135_PermitBABABABAPvtltd.png',3,'2021-04-12 06:20:48',0,0,NULL,1,'2021-05-01 07:52:23',3,1,3,0,NULL,0),
(20,'TATA','Tata pvt ltd',2,7,NULL,3,'2021-04-12 23:35:25',0,0,NULL,0,NULL,0,0,0,0,NULL,0),
(22,'MV1','Cn',26,1,'',0,'2021-04-15 06:04:51',0,0,NULL,0,NULL,0,0,0,0,NULL,0),
(23,NULL,'duplex1',0,0,NULL,0,'2021-04-16 01:06:34',0,0,NULL,0,NULL,0,6,0,0,NULL,0),
(24,NULL,'C1',NULL,NULL,NULL,0,'2021-04-16 02:29:15',0,0,NULL,0,NULL,0,0,0,0,NULL,0),
(25,'1001','Singhnaniya Group',44,6,NULL,3,'2021-04-17 00:29:21',0,0,NULL,0,NULL,0,3,3,0,NULL,0),
(26,NULL,'Q Mobile',NULL,NULL,NULL,0,'2021-04-17 00:40:49',0,0,NULL,0,NULL,0,0,0,0,NULL,0),
(27,'RANA','Rana123',1,6,NULL,3,'2021-04-19 00:41:51',0,0,NULL,0,NULL,0,0,0,0,NULL,0),
(28,NULL,'Abc',NULL,NULL,NULL,0,'2021-04-19 03:11:45',0,0,NULL,0,NULL,0,0,0,0,NULL,0),
(29,NULL,'Sss',NULL,NULL,NULL,0,'2021-04-21 01:43:35',0,0,NULL,0,NULL,0,0,0,0,NULL,0),
(30,NULL,'Gg',NULL,NULL,NULL,0,'2021-04-21 02:56:40',0,0,NULL,0,NULL,0,0,0,0,NULL,0),
(31,NULL,'Poooo',NULL,NULL,NULL,0,'2021-04-21 03:24:30',0,0,NULL,0,NULL,0,0,0,0,NULL,0),
(32,NULL,'Fgfgf',NULL,NULL,NULL,0,'2021-04-21 03:40:43',0,0,NULL,0,NULL,0,0,0,0,NULL,0),
(33,NULL,'Tata',NULL,NULL,NULL,0,'2021-04-22 02:17:19',0,0,NULL,0,NULL,0,0,0,0,NULL,0),
(34,NULL,'R1',NULL,NULL,NULL,0,'2021-04-22 02:19:01',0,0,NULL,0,NULL,0,0,0,0,NULL,0),
(35,NULL,'Pa',NULL,NULL,NULL,0,'2021-04-22 05:43:38',0,0,NULL,0,NULL,0,0,0,0,NULL,0),
(36,NULL,'Er',NULL,NULL,NULL,0,'2021-04-22 05:51:52',0,0,NULL,0,NULL,0,0,0,0,NULL,0),
(37,NULL,'Kap',NULL,NULL,NULL,0,'2021-04-22 05:55:16',0,0,NULL,0,NULL,0,0,0,0,NULL,0),
(38,NULL,'TATA MOTORS',NULL,NULL,NULL,0,'2021-04-22 06:27:19',0,0,NULL,0,NULL,0,0,0,0,NULL,0),
(39,'BALAJI','Balaji pvt ltd',14,23,'/uploaded_image/company/202104265352_companyBALAJIBalajipvtltd.png',3,'2021-04-22 06:42:52',1,3,'2021-05-01 07:52:35',0,NULL,0,1,3,0,NULL,0),
(40,'KAP','Kap pvt ltd',6,5,'',3,'2021-04-23 03:12:22',0,0,NULL,0,NULL,0,0,0,0,NULL,0),
(41,'KAMAL','Kamal pvt',17,5,'',3,'2021-04-24 03:24:43',0,0,NULL,0,NULL,0,2,3,0,NULL,0),
(42,NULL,'A1',NULL,NULL,NULL,0,'2021-04-30 01:55:42',0,0,NULL,0,NULL,0,0,0,0,NULL,0),
(43,NULL,'Ganesh',NULL,NULL,NULL,0,'2021-04-30 05:19:00',0,0,NULL,0,NULL,0,0,0,0,NULL,0),
(44,NULL,'Comp',NULL,NULL,NULL,0,'2021-04-30 05:29:38',0,0,NULL,0,NULL,0,0,0,0,NULL,0),
(45,NULL,'Cx',NULL,NULL,NULL,0,'2021-04-30 05:38:56',0,0,NULL,0,NULL,0,0,0,0,NULL,0),
(46,NULL,'Devi',NULL,NULL,NULL,0,'2021-04-30 05:58:14',0,0,NULL,0,NULL,0,0,0,0,NULL,0),
(47,NULL,'Wow',NULL,NULL,NULL,0,'2021-04-30 06:05:29',0,0,NULL,0,NULL,0,0,0,0,NULL,0),
(48,'SDG','Zsdg',50,0,'',3,'2021-05-01 07:45:47',0,0,NULL,0,NULL,0,0,0,0,NULL,0),
(49,'POP12','Pop',55,36,'',0,'2021-05-01 07:51:48',1,3,'2021-05-01 07:52:09',0,NULL,0,0,0,0,NULL,0),
(50,'BAB','Bab pvt',13,26,'',3,'2021-05-01 08:08:14',0,0,NULL,0,NULL,0,0,0,0,NULL,0),
(51,'FAFA','Meme',14,16,NULL,3,'2021-05-03 00:29:48',0,0,NULL,0,NULL,0,0,0,0,NULL,0),
(52,'AFJAL','Afjal',50,4,NULL,3,'2021-05-03 00:30:38',0,3,'2021-05-17 01:10:08',0,NULL,0,0,0,0,NULL,0),
(53,'LIKE','Like',17,5,NULL,3,'2021-05-03 01:49:38',0,0,NULL,0,NULL,0,0,0,0,NULL,0),
(54,'UUU','Uuu',14,5,NULL,3,'2021-05-03 07:23:02',0,0,NULL,0,NULL,0,0,0,0,NULL,0),
(55,NULL,'Hh',NULL,NULL,NULL,0,'2021-05-03 07:25:30',0,0,NULL,0,NULL,0,0,0,0,NULL,0),
(56,NULL,'Oppo',NULL,NULL,NULL,0,'2021-05-05 06:31:18',0,0,NULL,0,NULL,0,0,0,0,NULL,0),
(57,NULL,'Rana',NULL,NULL,NULL,0,'2021-05-05 07:14:55',0,0,NULL,0,NULL,0,0,0,0,NULL,0),
(58,'RAMA','Rama',51,0,NULL,3,'2021-05-05 07:20:20',0,0,NULL,0,NULL,0,0,0,0,NULL,0),
(59,'KAPTAAN','Kaptaan',6,0,NULL,3,'2021-05-05 07:21:18',0,0,NULL,0,NULL,0,0,0,0,NULL,0),
(60,NULL,'Bata',NULL,NULL,NULL,0,'2021-05-05 07:32:24',0,0,NULL,0,NULL,0,0,0,0,NULL,0),
(61,'DD','Ffff',47,0,NULL,3,'2021-05-06 02:28:52',0,0,NULL,0,NULL,0,0,0,0,NULL,0),
(62,'SFDSF','Dsfdf',53,0,NULL,3,'2021-05-06 02:29:51',0,0,NULL,0,NULL,0,0,0,0,NULL,0),
(63,'C1','C2',65,114,'',3,'2021-05-12 05:36:45',0,0,NULL,1,'2021-05-12 05:37:00',3,0,0,0,NULL,0),
(64,NULL,'CompanyGroupName1',NULL,NULL,NULL,0,'2021-05-13 03:10:48',0,0,NULL,0,NULL,0,0,0,0,NULL,0),
(65,NULL,'CompanyGroupName2',NULL,NULL,NULL,0,'2021-05-13 03:10:48',0,0,NULL,0,NULL,0,0,0,0,NULL,0),
(66,NULL,'CompanyGroupName3',NULL,NULL,NULL,0,'2021-05-13 03:10:48',0,0,NULL,0,NULL,0,0,0,0,NULL,0),
(67,NULL,'CompanyGroupName4',NULL,NULL,NULL,0,'2021-05-13 03:10:49',0,0,NULL,0,NULL,0,0,0,0,NULL,0),
(68,NULL,'CompanyGroupName5',NULL,NULL,NULL,0,'2021-05-13 03:10:49',0,0,NULL,0,NULL,0,0,0,0,NULL,0),
(69,NULL,'CompanyGroupName6',NULL,NULL,NULL,0,'2021-05-13 03:10:49',0,0,NULL,0,NULL,0,0,0,0,NULL,0),
(70,NULL,'CompanyGroupName7',NULL,NULL,NULL,0,'2021-05-13 03:10:49',0,0,NULL,0,NULL,0,0,0,0,NULL,0),
(71,NULL,'CompanyGroupName8',NULL,NULL,NULL,0,'2021-05-13 03:10:49',0,0,NULL,0,NULL,0,0,0,0,NULL,0),
(72,NULL,'CompanyGroupName9',NULL,NULL,NULL,0,'2021-05-13 03:10:49',0,0,NULL,0,NULL,0,0,0,0,NULL,0),
(73,NULL,'CompanyGroupName10',NULL,NULL,NULL,0,'2021-05-13 03:10:49',0,0,NULL,0,NULL,0,0,0,0,NULL,0),
(74,NULL,'CompanyGroupName11',NULL,NULL,NULL,0,'2021-05-13 03:10:49',0,0,NULL,0,NULL,0,0,0,0,NULL,0),
(75,NULL,'CompanyGroupName12',NULL,NULL,NULL,0,'2021-05-13 03:10:49',0,0,NULL,0,NULL,0,0,0,0,NULL,0),
(76,NULL,'CompanyGroupName13',NULL,NULL,NULL,0,'2021-05-13 03:10:49',0,0,NULL,0,NULL,0,0,0,0,NULL,0),
(77,NULL,'CompanyGroupName14',NULL,NULL,NULL,0,'2021-05-13 03:10:49',0,0,NULL,0,NULL,0,0,0,0,NULL,0),
(78,NULL,'CompanyGroupName15',NULL,NULL,NULL,0,'2021-05-13 03:10:49',0,0,NULL,0,NULL,0,0,0,0,NULL,0),
(79,NULL,'CompanyGroupName16',NULL,NULL,NULL,0,'2021-05-13 03:10:49',0,0,NULL,0,NULL,0,0,0,0,NULL,0),
(80,NULL,'CompanyGroupName17',NULL,NULL,NULL,0,'2021-05-13 03:10:49',0,0,NULL,0,NULL,0,0,0,0,NULL,0),
(81,NULL,'CompanyGroupName18',NULL,NULL,NULL,0,'2021-05-13 03:10:49',0,0,NULL,0,NULL,0,0,0,0,NULL,0),
(82,NULL,'CompanyGroupName19',NULL,NULL,NULL,0,'2021-05-13 03:10:49',0,0,NULL,0,NULL,0,0,0,0,NULL,0),
(83,NULL,'CompanyGroupName20',NULL,NULL,NULL,0,'2021-05-13 03:10:49',0,0,NULL,0,NULL,0,0,0,0,NULL,0),
(84,NULL,'CompanyGroupName21',NULL,NULL,NULL,0,'2021-05-13 03:10:49',0,0,NULL,0,NULL,0,0,0,0,NULL,0),
(85,NULL,'CompanyGroupName22',NULL,NULL,NULL,0,'2021-05-13 03:10:49',0,0,NULL,0,NULL,0,0,0,0,NULL,0),
(86,NULL,'CompanyGroupName23',NULL,NULL,NULL,0,'2021-05-13 03:10:49',0,0,NULL,0,NULL,0,0,0,0,NULL,0),
(87,NULL,'CompanyGroupName24',NULL,NULL,NULL,0,'2021-05-13 03:10:49',0,0,NULL,0,NULL,0,0,0,0,NULL,0),
(88,NULL,'CompanyGroupName25',NULL,NULL,NULL,0,'2021-05-13 03:10:49',0,0,NULL,0,NULL,0,0,0,0,NULL,0),
(89,NULL,'CompanyGroupName26',NULL,NULL,NULL,0,'2021-05-13 03:10:49',0,0,NULL,0,NULL,0,0,0,0,NULL,0),
(90,NULL,'CompanyGroupName27',NULL,NULL,NULL,0,'2021-05-13 03:10:49',0,0,NULL,0,NULL,0,0,0,0,NULL,0),
(91,NULL,'CompanyGroupName28',NULL,NULL,NULL,0,'2021-05-13 03:10:49',0,0,NULL,0,NULL,0,0,0,0,NULL,0),
(92,NULL,'CompanyGroupName29',NULL,NULL,NULL,0,'2021-05-13 03:10:49',0,0,NULL,0,NULL,0,0,0,0,NULL,0),
(93,NULL,'CompanyGroupName30',NULL,NULL,NULL,0,'2021-05-13 03:10:49',0,0,NULL,0,NULL,0,0,0,0,NULL,0),
(94,NULL,'Company1',NULL,NULL,NULL,0,'2021-05-14 06:16:59',0,0,NULL,0,NULL,0,0,0,0,NULL,0),
(95,NULL,'Uu1',NULL,NULL,NULL,0,'2021-05-14 06:20:44',0,0,NULL,0,NULL,0,0,0,0,NULL,0),
(96,NULL,'Ok1',NULL,NULL,NULL,0,'2021-05-17 00:15:35',0,0,NULL,0,NULL,0,0,0,0,NULL,0),
(97,'MV2','Cn2',186,129,'',0,'2021-05-17 07:11:26',0,0,NULL,0,NULL,0,0,0,0,NULL,0),
(98,NULL,'Sss1',NULL,NULL,NULL,0,'2021-05-17 07:24:46',0,0,NULL,0,NULL,0,0,0,0,NULL,0),
(99,NULL,'Sss2',NULL,NULL,NULL,0,'2021-05-17 07:24:49',0,0,NULL,0,NULL,0,0,0,0,NULL,0),
(100,NULL,'Sss3',NULL,NULL,NULL,0,'2021-05-17 07:24:50',0,0,NULL,0,NULL,0,0,0,0,NULL,0),
(101,NULL,'Sss4',NULL,NULL,NULL,0,'2021-05-17 07:24:52',0,0,NULL,0,NULL,0,0,0,0,NULL,0),
(102,NULL,'Sss5',NULL,NULL,NULL,0,'2021-05-17 07:24:54',0,0,NULL,0,NULL,0,0,0,0,NULL,0),
(103,NULL,'Sss6',NULL,NULL,NULL,0,'2021-05-17 07:24:55',0,0,NULL,0,NULL,0,0,0,0,NULL,0),
(104,NULL,'Sss7',NULL,NULL,NULL,0,'2021-05-17 07:24:57',0,0,NULL,0,NULL,0,0,0,0,NULL,0),
(105,NULL,'Sss8',NULL,NULL,NULL,0,'2021-05-17 07:24:59',0,0,NULL,0,NULL,0,0,0,0,NULL,0),
(106,NULL,'Sss9',NULL,NULL,NULL,0,'2021-05-17 07:25:00',0,0,NULL,0,NULL,0,0,0,0,NULL,0),
(107,NULL,'Sss10',NULL,NULL,NULL,0,'2021-05-17 07:25:02',0,0,NULL,0,NULL,0,0,0,0,NULL,0);

/*Table structure for table `t_company_log` */

DROP TABLE IF EXISTS `t_company_log`;

CREATE TABLE `t_company_log` (
  `logId` int(11) NOT NULL AUTO_INCREMENT,
  `companyId` int(11) DEFAULT NULL,
  `companyCode` varchar(10) DEFAULT NULL,
  `companyName` varchar(200) DEFAULT NULL,
  `currencyId` int(11) DEFAULT NULL,
  `language_Id` int(11) DEFAULT NULL,
  `companyLogo_Url` varchar(200) DEFAULT NULL,
  `isApproved` int(11) DEFAULT '0',
  `userId` int(11) DEFAULT NULL,
  `isDeleted` int(11) DEFAULT '0',
  `userAction` varchar(20) DEFAULT NULL,
  `transDate` datetime DEFAULT CURRENT_TIMESTAMP,
  `isActive` tinyint(1) DEFAULT '0',
  PRIMARY KEY (`logId`)
) ENGINE=InnoDB AUTO_INCREMENT=155 DEFAULT CHARSET=utf8mb4;

/*Data for the table `t_company_log` */

insert  into `t_company_log`(`logId`,`companyId`,`companyCode`,`companyName`,`currencyId`,`language_Id`,`companyLogo_Url`,`isApproved`,`userId`,`isDeleted`,`userAction`,`transDate`,`isActive`) values 
(1,1,'1000','Kalatmak Spatial Systems',2,0,'/uploaded_image/company/202010264148_Permit1000KalatmakSpatialSystems.jpg',0,10,0,'insert','2020-10-26 18:41:51',0),
(2,2,'C','Company private ltd',3,0,'/uploaded_image/company/202010272357_Permitccompanyprivateltd.jpg',0,3,0,'insert','2020-10-27 09:24:00',0),
(3,2,'C','Company private ltd',3,0,'/uploaded_image/company/202010272357_Permitccompanyprivateltd.jpg',0,3,0,'approve','2020-10-27 09:24:00',0),
(4,1,'1000','Kalatmak Spatial Systems',2,0,'/uploaded_image/company/202010264148_Permit1000KalatmakSpatialSystems.jpg',0,10,0,'approve','2020-10-26 18:41:51',0),
(5,2,'C','Company private ltd',3,0,'/uploaded_image/company/202010272357_Permitccompanyprivateltd.jpg',0,3,0,'update','2020-10-27 09:24:00',0),
(6,2,'CS','Company private ltd',3,0,'/uploaded_image/company/202010272357_Permitccompanyprivateltd.jpg',1,3,0,'approve','2020-10-27 09:24:00',0),
(7,3,'DD','Ss',4,0,'/uploaded_image/company/202012101948_Permitddss.jpg',0,3,0,'insert','2020-12-10 11:20:01',0),
(8,3,'DD','Ss',4,0,'/uploaded_image/company/202012101948_Permitddss.jpg',0,3,0,'approve','2020-12-10 11:20:01',0),
(9,3,'DD','Ss',4,0,'/uploaded_image/company/202012101948_Permitddss.jpg',0,3,0,'update','2020-12-10 11:20:01',0),
(10,3,'DD','Ss',4,0,'/uploaded_image/company/202012102018_PermitDDSs.jpg',0,3,0,'update','2020-12-10 11:20:01',0),
(11,4,'FTGHG','Ghg',4,0,'/uploaded_image/company/202012102120_Permit.jpg',0,3,0,'insert','2020-12-10 16:21:28',0),
(12,4,'FTGHG','Ghg',4,0,'/uploaded_image/company/202012102120_Permit.jpg',0,3,0,'update','2020-12-10 16:21:28',0),
(13,2,'CS','Company private ltd',3,0,'/uploaded_image/company/202010272357_Permitccompanyprivateltd.jpg',0,3,0,'approve','2020-10-27 09:24:00',0),
(14,2,'CS','Company private ltd',3,0,'/uploaded_image/company/202010272357_Permitccompanyprivateltd.jpg',0,3,0,'update','2020-10-27 09:24:00',0),
(15,2,'CS','Company private ltd',3,0,'/uploaded_image/company/202102172156_PermitCSCompanyprivateltd.jpg',1,3,0,'approve','2020-10-27 09:24:00',0),
(16,2,'CS','Company private ltd',3,0,'/uploaded_image/company/202102172156_PermitCSCompanyprivateltd.jpg',0,3,0,'update','2020-10-27 09:24:00',0),
(17,5,'NMBM','Mnnm',2,0,'/uploaded_image/company/202104024304_Permitnmbmmnnm.jpg',0,3,0,'insert','2021-04-02 10:13:11',0),
(18,2,'CS','Company private ltd',3,0,'/uploaded_image/company/202102172156_PermitCSCompanyprivateltd.jpg',0,3,0,'approve','2020-10-27 09:24:00',0),
(19,1,'1000','Kalatmak Spatial Systems',2,0,'/uploaded_image/company/202010264148_Permit1000KalatmakSpatialSystems.jpg',0,10,0,'update','2020-10-26 18:41:51',0),
(20,6,'SSS','Sdf',6,0,'',0,3,0,'insert','2021-04-03 05:51:32',0),
(21,6,'SSS','Sdf',6,0,'',0,3,0,'update','2021-04-03 05:51:32',0),
(22,5,'NMBM','Mnnm',2,0,'/uploaded_image/company/202104024304_Permitnmbmmnnm.jpg',0,3,0,'approve','2021-04-02 10:13:11',0),
(23,7,'CX','Sss',7,4,'/uploaded_image/company/202104070444_Permitcxsss.jpg',0,3,0,'insert','2021-04-07 05:34:50',0),
(24,7,'CX','Sss',7,4,'/uploaded_image/company/202104070444_Permitcxsss.jpg',0,3,0,'approve','2021-04-07 05:34:50',0),
(25,7,'CX','Sss',7,4,'/uploaded_image/company/202104070444_Permitcxsss.jpg',0,3,0,'update','2021-04-07 05:34:50',0),
(26,7,'CX','Sss',7,4,'/uploaded_image/company/202104070444_Permitcxsss.jpg',0,3,0,'update','2021-04-07 05:34:50',0),
(27,8,'COM','Company4',6,4,NULL,0,3,0,'insert','2021-04-08 01:04:35',0),
(28,9,'33','Specificview softwate pvt ltd',2,3,'',0,3,0,'insert','2021-04-08 01:50:05',0),
(29,10,'COM1','Company41',7,5,NULL,0,3,0,'insert','2021-04-08 01:59:20',0),
(30,11,'CA','Company Address',8,4,'',0,3,0,'insert','2021-04-08 02:16:51',0),
(31,12,'PP','Company42',13,4,NULL,0,3,0,'insert','2021-04-08 07:10:25',0),
(32,13,'ER','Company44',3,4,NULL,0,3,0,'insert','2021-04-08 07:12:45',0),
(33,14,'DASW','Wewr',6,2,NULL,0,3,0,'insert','2021-04-08 09:15:01',0),
(34,15,'KK','Kk',16,2,'',0,3,0,'insert','2021-04-08 09:21:03',0),
(35,16,'KAP','Kapil',2,11,'',0,3,0,'insert','2021-04-12 04:38:42',0),
(36,16,'KAP','Kapil',2,11,'',0,3,0,'update','2021-04-12 04:38:42',0),
(37,17,'RAM','RAM PVT LTD',19,11,'',0,3,0,'insert','2021-04-12 04:42:19',0),
(38,18,'SYM','Shyam pvt ltd',19,11,NULL,0,3,0,'insert','2021-04-12 05:34:47',0),
(39,19,'BABA','BABA Pvt ltd',19,7,NULL,0,3,0,'insert','2021-04-12 06:20:48',0),
(40,20,'TATA','Tata pvt ltd',2,7,NULL,0,3,0,'insert','2021-04-12 23:35:25',0),
(41,21,'MV1','Cn',26,0,'',0,0,0,'insert','2021-04-15 05:57:16',0),
(42,22,'MV1','Cn',26,1,'',0,0,0,'insert','2021-04-15 06:04:51',0),
(43,23,NULL,'C2',NULL,NULL,NULL,0,0,0,'insert','2021-04-16 01:06:34',0),
(44,24,NULL,'C1',NULL,NULL,NULL,0,0,0,'insert','2021-04-16 02:29:15',0),
(45,25,'0024','Ab group',32,20,NULL,0,3,0,'insert','2021-04-17 00:29:21',0),
(46,26,NULL,'Q Mobile',NULL,NULL,NULL,0,0,0,'insert','2021-04-17 00:40:49',0),
(47,27,'RANA','Rana123',1,6,NULL,0,3,0,'insert','2021-04-19 00:41:51',0),
(48,28,NULL,'Abc',NULL,NULL,NULL,0,0,0,'insert','2021-04-19 03:11:45',0),
(49,29,NULL,'Sss',NULL,NULL,NULL,0,0,0,'insert','2021-04-21 01:43:35',0),
(50,30,NULL,'Gg',NULL,NULL,NULL,0,0,0,'insert','2021-04-21 02:56:40',0),
(51,31,NULL,'Poooo',NULL,NULL,NULL,0,0,0,'insert','2021-04-21 03:24:30',0),
(52,32,NULL,'Fgfgf',NULL,NULL,NULL,0,0,0,'insert','2021-04-21 03:40:43',0),
(53,33,NULL,'Tata',NULL,NULL,NULL,0,0,0,'insert','2021-04-22 02:17:19',0),
(54,34,NULL,'R1',NULL,NULL,NULL,0,0,0,'insert','2021-04-22 02:19:01',0),
(55,35,NULL,'Pa',NULL,NULL,NULL,0,0,0,'insert','2021-04-22 05:43:38',0),
(56,36,NULL,'Er',NULL,NULL,NULL,0,0,0,'insert','2021-04-22 05:51:52',0),
(57,37,NULL,'Kap',NULL,NULL,NULL,0,0,0,'insert','2021-04-22 05:55:16',0),
(58,25,'0024','Ab group',32,20,NULL,0,3,0,'update','2021-04-17 00:29:21',0),
(59,38,NULL,'TATA MOTORS',NULL,NULL,NULL,0,0,0,'insert','2021-04-22 06:27:19',0),
(60,39,'BALAJI','Balaji pvt ltd',14,23,NULL,0,3,0,'insert','2021-04-22 06:42:52',0),
(61,19,'BABA','BABA Pvt ltd',19,7,NULL,0,3,0,'update','2021-04-12 06:20:48',0),
(62,25,'0024','Ab group',32,6,'/uploaded_image/company/202104224202_Permit0024Abgroup.png',0,3,0,'update','2021-04-17 00:29:21',0),
(63,40,'KAP','Kap pvt ltd',6,5,'',0,3,0,'insert','2021-04-23 03:12:22',0),
(64,23,NULL,'C2',NULL,NULL,NULL,0,0,0,'update','2021-04-16 01:06:34',0),
(65,23,NULL,'duplex',0,0,NULL,0,0,0,'update','2021-04-16 01:06:34',0),
(66,23,NULL,'duplex',0,0,NULL,0,0,0,'update','2021-04-16 01:06:34',0),
(67,23,NULL,'duplex',0,0,NULL,0,0,0,'update','2021-04-16 01:06:34',0),
(68,23,NULL,'duplex',0,0,NULL,0,0,0,'update','2021-04-16 01:06:34',0),
(69,23,NULL,'duplex1',0,0,NULL,0,0,0,'update','2021-04-16 01:06:34',0),
(70,18,'SYM','Shyam pvt ltd',19,11,NULL,0,3,0,'update','2021-04-12 05:34:47',0),
(71,18,NULL,'duplex',0,0,NULL,0,3,0,'update','2021-04-12 05:34:47',0),
(72,18,NULL,'duplex',0,0,NULL,0,3,0,'update','2021-04-12 05:34:47',0),
(73,18,NULL,'duplexnew',0,0,NULL,0,3,0,'update','2021-04-12 05:34:47',0),
(74,18,NULL,'duplexnew',0,0,NULL,0,3,0,'update','2021-04-12 05:34:47',0),
(75,18,NULL,'duplexnew',0,0,NULL,0,3,0,'update','2021-04-12 05:34:47',0),
(76,18,NULL,'duplexnewii',0,0,NULL,0,3,0,'update','2021-04-12 05:34:47',0),
(77,41,'KAMAL','Kamal pvt',17,5,'',0,3,0,'insert','2021-04-24 03:24:43',0),
(78,25,'0024','Ab group',32,6,'/uploaded_image/company/202104221635_Permit0024Abgroup.png',0,3,0,'update','2021-04-17 00:29:21',0),
(79,39,'BALAJI','Balaji pvt ltd',14,23,NULL,0,3,0,'update','2021-04-22 06:42:52',0),
(80,42,NULL,'A1',NULL,NULL,NULL,0,0,0,'insert','2021-04-30 01:55:42',0),
(81,43,NULL,'Ganesh',NULL,NULL,NULL,0,0,0,'insert','2021-04-30 05:19:00',0),
(82,44,NULL,'Comp',NULL,NULL,NULL,0,0,0,'insert','2021-04-30 05:29:38',0),
(83,45,NULL,'Cx',NULL,NULL,NULL,0,0,0,'insert','2021-04-30 05:38:56',0),
(84,46,NULL,'Devi',NULL,NULL,NULL,0,0,0,'insert','2021-04-30 05:58:14',0),
(85,47,NULL,'Wow',NULL,NULL,NULL,0,0,0,'insert','2021-04-30 06:05:29',0),
(86,41,'KAMAL','Kamal pvt',17,5,'',0,3,0,'update','2021-04-24 03:24:43',0),
(87,41,'KAMAL','Kamal pvt',17,5,'',0,3,0,'update','2021-04-24 03:24:43',0),
(88,48,'SDG','Zsdg',50,0,'',0,3,0,'insert','2021-05-01 07:45:47',0),
(89,49,'POP12','Pop',55,36,'',0,0,0,'insert','2021-05-01 07:51:48',0),
(90,49,'POP12','Pop',55,36,'',0,0,0,'approve','2021-05-01 07:51:48',0),
(91,19,'BABA','BABA Pvt ltd',8,19,'/uploaded_image/company/202104222135_PermitBABABABAPvtltd.png',0,3,0,'update','2021-04-12 06:20:48',0),
(92,39,'BALAJI','Balaji pvt ltd',14,23,'/uploaded_image/company/202104265352_companyBALAJIBalajipvtltd.png',0,3,0,'approve','2021-04-22 06:42:52',0),
(93,50,'BAB','Bab pvt',13,26,'',0,3,0,'insert','2021-05-01 08:08:14',0),
(94,51,'FAFA','Meme',14,16,NULL,0,3,0,'insert','2021-05-03 00:29:48',0),
(95,52,'AFJAL','Afjal',50,4,NULL,0,3,0,'insert','2021-05-03 00:30:38',0),
(96,53,'LIKE','Like',17,5,NULL,0,3,0,'insert','2021-05-03 01:49:38',0),
(97,54,'UUU','Uuu',14,5,NULL,0,3,0,'insert','2021-05-03 07:23:02',0),
(98,55,NULL,'Hh',NULL,NULL,NULL,0,0,0,'insert','2021-05-03 07:25:30',0),
(99,56,NULL,'Oppo',NULL,NULL,NULL,0,0,0,'insert','2021-05-05 06:31:18',0),
(100,57,NULL,'Rana',NULL,NULL,NULL,0,0,0,'insert','2021-05-05 07:14:55',0),
(101,58,'RAMA','Rama',51,0,NULL,0,3,0,'insert','2021-05-05 07:20:20',0),
(102,59,'KAPTAAN','Kaptaan',6,0,NULL,0,3,0,'insert','2021-05-05 07:21:18',0),
(103,60,NULL,'Bata',NULL,NULL,NULL,0,0,0,'insert','2021-05-05 07:32:24',0),
(104,61,'DD','Ffff',47,0,NULL,0,3,0,'insert','2021-05-06 02:28:52',0),
(105,62,'SFDSF','Dsfdf',53,0,NULL,0,3,0,'insert','2021-05-06 02:29:51',0),
(106,63,'C1','C2',65,114,'',0,3,0,'insert','2021-05-12 05:36:45',0),
(107,63,'C1','C2',65,114,'',0,3,0,'update','2021-05-12 05:36:45',0),
(108,64,NULL,'CompanyGroupName1',NULL,NULL,NULL,0,0,0,'insert','2021-05-13 03:10:48',0),
(109,65,NULL,'CompanyGroupName2',NULL,NULL,NULL,0,0,0,'insert','2021-05-13 03:10:48',0),
(110,66,NULL,'CompanyGroupName3',NULL,NULL,NULL,0,0,0,'insert','2021-05-13 03:10:48',0),
(111,67,NULL,'CompanyGroupName4',NULL,NULL,NULL,0,0,0,'insert','2021-05-13 03:10:49',0),
(112,68,NULL,'CompanyGroupName5',NULL,NULL,NULL,0,0,0,'insert','2021-05-13 03:10:49',0),
(113,69,NULL,'CompanyGroupName6',NULL,NULL,NULL,0,0,0,'insert','2021-05-13 03:10:49',0),
(114,70,NULL,'CompanyGroupName7',NULL,NULL,NULL,0,0,0,'insert','2021-05-13 03:10:49',0),
(115,71,NULL,'CompanyGroupName8',NULL,NULL,NULL,0,0,0,'insert','2021-05-13 03:10:49',0),
(116,72,NULL,'CompanyGroupName9',NULL,NULL,NULL,0,0,0,'insert','2021-05-13 03:10:49',0),
(117,73,NULL,'CompanyGroupName10',NULL,NULL,NULL,0,0,0,'insert','2021-05-13 03:10:49',0),
(118,74,NULL,'CompanyGroupName11',NULL,NULL,NULL,0,0,0,'insert','2021-05-13 03:10:49',0),
(119,75,NULL,'CompanyGroupName12',NULL,NULL,NULL,0,0,0,'insert','2021-05-13 03:10:49',0),
(120,76,NULL,'CompanyGroupName13',NULL,NULL,NULL,0,0,0,'insert','2021-05-13 03:10:49',0),
(121,77,NULL,'CompanyGroupName14',NULL,NULL,NULL,0,0,0,'insert','2021-05-13 03:10:49',0),
(122,78,NULL,'CompanyGroupName15',NULL,NULL,NULL,0,0,0,'insert','2021-05-13 03:10:49',0),
(123,79,NULL,'CompanyGroupName16',NULL,NULL,NULL,0,0,0,'insert','2021-05-13 03:10:49',0),
(124,80,NULL,'CompanyGroupName17',NULL,NULL,NULL,0,0,0,'insert','2021-05-13 03:10:49',0),
(125,81,NULL,'CompanyGroupName18',NULL,NULL,NULL,0,0,0,'insert','2021-05-13 03:10:49',0),
(126,82,NULL,'CompanyGroupName19',NULL,NULL,NULL,0,0,0,'insert','2021-05-13 03:10:49',0),
(127,83,NULL,'CompanyGroupName20',NULL,NULL,NULL,0,0,0,'insert','2021-05-13 03:10:49',0),
(128,84,NULL,'CompanyGroupName21',NULL,NULL,NULL,0,0,0,'insert','2021-05-13 03:10:49',0),
(129,85,NULL,'CompanyGroupName22',NULL,NULL,NULL,0,0,0,'insert','2021-05-13 03:10:49',0),
(130,86,NULL,'CompanyGroupName23',NULL,NULL,NULL,0,0,0,'insert','2021-05-13 03:10:49',0),
(131,87,NULL,'CompanyGroupName24',NULL,NULL,NULL,0,0,0,'insert','2021-05-13 03:10:49',0),
(132,88,NULL,'CompanyGroupName25',NULL,NULL,NULL,0,0,0,'insert','2021-05-13 03:10:49',0),
(133,89,NULL,'CompanyGroupName26',NULL,NULL,NULL,0,0,0,'insert','2021-05-13 03:10:49',0),
(134,90,NULL,'CompanyGroupName27',NULL,NULL,NULL,0,0,0,'insert','2021-05-13 03:10:49',0),
(135,91,NULL,'CompanyGroupName28',NULL,NULL,NULL,0,0,0,'insert','2021-05-13 03:10:49',0),
(136,92,NULL,'CompanyGroupName29',NULL,NULL,NULL,0,0,0,'insert','2021-05-13 03:10:49',0),
(137,93,NULL,'CompanyGroupName30',NULL,NULL,NULL,0,0,0,'insert','2021-05-13 03:10:49',0),
(138,94,NULL,'Company1',NULL,NULL,NULL,0,0,0,'insert','2021-05-14 06:16:59',0),
(139,95,NULL,'Uu1',NULL,NULL,NULL,0,0,0,'insert','2021-05-14 06:20:44',0),
(140,52,'AFJAL','Afjal',50,4,NULL,0,3,0,'approve','2021-05-03 00:30:38',0),
(141,96,NULL,'Ok1',NULL,NULL,NULL,0,0,0,'insert','2021-05-17 00:15:35',0),
(142,52,'AFJAL','Afjal',50,4,NULL,1,3,0,'approve','2021-05-03 00:30:38',0),
(143,97,'MV2','Cn2',186,129,'',0,0,0,'insert','2021-05-17 07:11:26',0),
(144,98,NULL,'Sss1',NULL,NULL,NULL,0,0,0,'insert','2021-05-17 07:24:46',0),
(145,99,NULL,'Sss2',NULL,NULL,NULL,0,0,0,'insert','2021-05-17 07:24:49',0),
(146,100,NULL,'Sss3',NULL,NULL,NULL,0,0,0,'insert','2021-05-17 07:24:50',0),
(147,101,NULL,'Sss4',NULL,NULL,NULL,0,0,0,'insert','2021-05-17 07:24:52',0),
(148,102,NULL,'Sss5',NULL,NULL,NULL,0,0,0,'insert','2021-05-17 07:24:54',0),
(149,103,NULL,'Sss6',NULL,NULL,NULL,0,0,0,'insert','2021-05-17 07:24:55',0),
(150,104,NULL,'Sss7',NULL,NULL,NULL,0,0,0,'insert','2021-05-17 07:24:57',0),
(151,105,NULL,'Sss8',NULL,NULL,NULL,0,0,0,'insert','2021-05-17 07:24:59',0),
(152,106,NULL,'Sss9',NULL,NULL,NULL,0,0,0,'insert','2021-05-17 07:25:00',0),
(153,107,NULL,'Sss10',NULL,NULL,NULL,0,0,0,'insert','2021-05-17 07:25:02',0),
(154,2,'CS','Company private ltd',3,3,'/uploaded_image/company/202102172156_PermitCSCompanyprivateltd.jpg',1,3,0,'approve','2020-10-27 09:24:00',0);

/*Table structure for table `t_companyaddress` */

DROP TABLE IF EXISTS `t_companyaddress`;

CREATE TABLE `t_companyaddress` (
  `companyAddressId` int(11) NOT NULL AUTO_INCREMENT,
  `companyId` int(11) DEFAULT NULL,
  `contactPerson` varchar(200) DEFAULT NULL,
  `houseBuildingNo` varchar(100) DEFAULT NULL,
  `street1` varchar(100) DEFAULT NULL,
  `street2` varchar(100) DEFAULT NULL,
  `landmark` varchar(100) DEFAULT NULL,
  `countryId` int(11) DEFAULT NULL,
  `stateId` int(11) DEFAULT NULL,
  `cityId` int(11) DEFAULT NULL,
  `areaId` int(11) DEFAULT NULL,
  `pincode` varchar(15) DEFAULT NULL,
  `mobileNumber` varchar(15) DEFAULT NULL,
  `altMobileNumber` varchar(15) DEFAULT NULL,
  `telephoneNumber` varchar(10) DEFAULT NULL,
  `landLineNumber` varchar(20) DEFAULT NULL,
  `faxNumber` varchar(20) DEFAULT NULL,
  `website` varchar(100) DEFAULT NULL,
  `emailId` varchar(50) DEFAULT NULL,
  `category` varchar(50) DEFAULT NULL,
  `userId` int(11) DEFAULT NULL,
  `transDate` datetime DEFAULT CURRENT_TIMESTAMP,
  `isApproved` int(11) DEFAULT '0',
  `approvedUserId` int(11) DEFAULT '0',
  `approvedDateTime` datetime DEFAULT NULL,
  `isDeleted` int(11) DEFAULT '0',
  `deleteDateTime` datetime DEFAULT NULL,
  `deleteUserId` int(11) DEFAULT '0',
  `updateCount` int(11) DEFAULT '0',
  `lastUpdateUserId` int(11) DEFAULT '0',
  `isActive` tinyint(1) DEFAULT '0',
  `activateDateTime` datetime DEFAULT NULL,
  `activateUserId` int(11) DEFAULT '0',
  PRIMARY KEY (`companyAddressId`)
) ENGINE=InnoDB AUTO_INCREMENT=7 DEFAULT CHARSET=utf8mb4;

/*Data for the table `t_companyaddress` */

insert  into `t_companyaddress`(`companyAddressId`,`companyId`,`contactPerson`,`houseBuildingNo`,`street1`,`street2`,`landmark`,`countryId`,`stateId`,`cityId`,`areaId`,`pincode`,`mobileNumber`,`altMobileNumber`,`telephoneNumber`,`landLineNumber`,`faxNumber`,`website`,`emailId`,`category`,`userId`,`transDate`,`isApproved`,`approvedUserId`,`approvedDateTime`,`isDeleted`,`deleteDateTime`,`deleteUserId`,`updateCount`,`lastUpdateUserId`,`isActive`,`activateDateTime`,`activateUserId`) values 
(1,1,'A1A1','A1','Street 1','Street 2','Near Sample',2,1,1,NULL,'600096','9638527410','2377237745','44','44','3434','https://www.sample.com/','sample@gmail.com','Mr.Sample',10,'2020-10-26 18:45:20',1,3,'2020-10-27 09:26:36',1,'2021-04-12 04:58:10',3,0,0,0,NULL,0),
(2,2,'Punita','hp/103','road','panki','sapmarpan hospital',3,2,2,NULL,'208017','89065432345','90457432','7890654','903235','90867','www.web.com','www.web.com','category',3,'2020-10-27 09:26:31',0,3,'2021-05-20 04:39:13',0,NULL,0,1,3,0,NULL,0),
(3,2,'Vbbbbnn','','','','',101,17,2,NULL,'','','','','','','','','',3,'2021-04-02 10:16:34',0,0,NULL,1,'2021-04-03 06:33:13',3,1,3,0,NULL,0),
(4,2,'Anil','landmark no.02','L-45','34','Chowk',243,25,8,NULL,'876545','7717871888','7624582282','056762689','0564267577','2876219612','@gmail.com','company.sec@gmail.com','l-68',3,'2021-04-07 02:16:09',1,3,'2021-04-12 05:23:00',1,'2021-05-01 08:10:26',3,0,0,0,NULL,0),
(5,17,'RAM','RAMPUR','12','23','RAJ',274,29,10,NULL,'201301','1234567890','0987654321','4567890432','098765','4567890432','WWW.GOOGLE.COM','ram@gmail.com','gen',3,'2021-04-12 04:55:51',1,3,'2021-04-12 04:57:03',0,NULL,0,0,0,0,NULL,0),
(6,50,'Ramu','12','saharanpur','delhi','tata',347,75,43,NULL,'rana','ram','ram 12','ram 23','rama','rama 1','wwwgooglecom','er.kc@gmail,com','normal',3,'2021-05-01 08:15:39',0,3,'2021-05-17 01:11:49',0,NULL,0,2,3,0,NULL,0);

/*Table structure for table `t_companyaddress_log` */

DROP TABLE IF EXISTS `t_companyaddress_log`;

CREATE TABLE `t_companyaddress_log` (
  `logId` int(11) NOT NULL AUTO_INCREMENT,
  `companyAddressId` int(11) DEFAULT NULL,
  `companyId` int(11) DEFAULT NULL,
  `contactPerson` varchar(200) DEFAULT NULL,
  `houseBuildingNo` varchar(100) DEFAULT NULL,
  `street1` varchar(100) DEFAULT NULL,
  `street2` varchar(100) DEFAULT NULL,
  `landmark` varchar(100) DEFAULT NULL,
  `countryId` int(11) DEFAULT NULL,
  `stateId` int(11) DEFAULT NULL,
  `cityId` int(11) DEFAULT NULL,
  `areaId` int(11) DEFAULT NULL,
  `pincode` varchar(15) DEFAULT NULL,
  `mobileNumber` varchar(15) DEFAULT NULL,
  `altMobileNumber` varchar(15) DEFAULT NULL,
  `telephoneNumber` varchar(10) DEFAULT NULL,
  `landLineNumber` varchar(20) DEFAULT NULL,
  `faxNumber` varchar(20) DEFAULT NULL,
  `website` varchar(100) DEFAULT NULL,
  `emailId` varchar(50) DEFAULT NULL,
  `category` varchar(50) DEFAULT NULL,
  `isApproved` int(11) DEFAULT '0',
  `userId` int(11) DEFAULT NULL,
  `isDeleted` int(11) DEFAULT '0',
  `userAction` varchar(20) DEFAULT NULL,
  `transDate` datetime DEFAULT CURRENT_TIMESTAMP,
  `isActive` tinyint(1) DEFAULT '0',
  PRIMARY KEY (`logId`)
) ENGINE=InnoDB AUTO_INCREMENT=25 DEFAULT CHARSET=utf8mb4;

/*Data for the table `t_companyaddress_log` */

insert  into `t_companyaddress_log`(`logId`,`companyAddressId`,`companyId`,`contactPerson`,`houseBuildingNo`,`street1`,`street2`,`landmark`,`countryId`,`stateId`,`cityId`,`areaId`,`pincode`,`mobileNumber`,`altMobileNumber`,`telephoneNumber`,`landLineNumber`,`faxNumber`,`website`,`emailId`,`category`,`isApproved`,`userId`,`isDeleted`,`userAction`,`transDate`,`isActive`) values 
(1,1,1,'A1A1','A1','Street 1','Street 2','Near Sample',2,1,1,NULL,'600096','9638527410','2377237745','44','44','3434','https://www.sample.com/','sample@gmail.com','Mr.Sample',0,10,0,'insert','2020-10-26 18:45:20',0),
(2,2,2,'Punita','hp/103','road','panki','sapmarpan hospital',3,2,2,NULL,'208017','89065432345','90457432','7890654','903235','90867','www.web.com','wer@gmail.com','category',0,3,0,'insert','2020-10-27 09:26:31',0),
(3,1,1,'A1A1','A1','Street 1','Street 2','Near Sample',2,1,1,NULL,'600096','9638527410','2377237745','44','44','3434','https://www.sample.com/','sample@gmail.com','Mr.Sample',0,10,0,'approve','2020-10-26 18:45:20',0),
(4,2,2,'Punita','hp/103','road','panki','sapmarpan hospital',3,2,2,NULL,'208017','89065432345','90457432','7890654','903235','90867','www.web.com','wer@gmail.com','category',0,3,0,'approve','2020-10-27 09:26:31',0),
(5,2,2,'Punita','hp/103','road','panki','sapmarpan hospital',3,2,2,NULL,'208017','89065432345','90457432','7890654','903235','90867','www.web.com','wer@gmail.com','category',1,3,0,'approve','2020-10-27 09:26:31',0),
(6,2,2,'Punita','hp/103','road','panki','sapmarpan hospital',3,2,2,NULL,'208017','89065432345','90457432','7890654','903235','90867','www.web.com','wer@gmail.com','category',0,3,0,'update','2020-10-27 09:26:31',0),
(7,3,2,'Vbbbbnn','','','','',101,17,2,NULL,'','','','','','','','','',0,3,0,'insert','2021-04-02 10:16:34',0),
(8,2,2,'Punita','hp/103','road','panki','sapmarpan hospital',3,2,2,NULL,'208017','89065432345','90457432','7890654','903235','90867','www.web.com','www.web.com','category',0,3,0,'approve','2020-10-27 09:26:31',0),
(9,3,2,'Vbbbbnn','','','','',101,17,2,NULL,'','','','','','','','','',0,3,0,'update','2021-04-02 10:16:34',0),
(10,3,2,'Vbbbbnn','','','','',101,17,2,NULL,'','','','','','','','','',0,3,0,'delete','2021-04-02 10:16:34',0),
(11,4,2,'Anil','landmark no.02','L-45','34','Chowk',243,25,8,NULL,'876545','7717871888','7624582282','056762689','0564267577','2876219612','@gmail.com','company.sec@gmail.com','l-68',0,3,0,'insert','2021-04-07 02:16:09',0),
(12,5,17,'RAM','RAMPUR','12','23','RAJ',274,29,10,NULL,'201301','1234567890','0987654321','4567890432','098765','4567890432','WWW.GOOGLE.COM','ram@gmail.com','gen',0,3,0,'insert','2021-04-12 04:55:51',0),
(13,5,17,'RAM','RAMPUR','12','23','RAJ',274,29,10,NULL,'201301','1234567890','0987654321','4567890432','098765','4567890432','WWW.GOOGLE.COM','ram@gmail.com','gen',0,3,0,'approve','2021-04-12 04:55:51',0),
(14,1,1,'A1A1','A1','Street 1','Street 2','Near Sample',2,1,1,NULL,'600096','9638527410','2377237745','44','44','3434','https://www.sample.com/','sample@gmail.com','Mr.Sample',0,10,0,'delete','2020-10-26 18:45:20',0),
(15,4,2,'Anil','landmark no.02','L-45','34','Chowk',243,25,8,NULL,'876545','7717871888','7624582282','056762689','0564267577','2876219612','@gmail.com','company.sec@gmail.com','l-68',0,3,0,'approve','2021-04-07 02:16:09',0),
(16,2,2,'Punita','hp/103','road','panki','sapmarpan hospital',3,2,2,NULL,'208017','89065432345','90457432','7890654','903235','90867','www.web.com','www.web.com','category',1,3,0,'approve','2020-10-27 09:26:31',0),
(17,2,2,'Punita','hp/103','road','panki','sapmarpan hospital',3,2,2,NULL,'208017','89065432345','90457432','7890654','903235','90867','www.web.com','www.web.com','category',0,3,0,'approve','2020-10-27 09:26:31',0),
(18,4,2,'Anil','landmark no.02','L-45','34','Chowk',243,25,8,NULL,'876545','7717871888','7624582282','056762689','0564267577','2876219612','@gmail.com','company.sec@gmail.com','l-68',0,3,0,'delete','2021-04-07 02:16:09',0),
(19,6,50,'Ramu','12','saharanpur','delhi','tata',347,75,43,NULL,'247662','12345','4321','7890654','4456677','2334667u','www.google.com','bab@gmail.com','normal',0,3,0,'insert','2021-05-01 08:15:39',0),
(20,6,50,'Ramu','12','saharanpur','delhi','tata',347,75,43,NULL,'247662','12345','4321','7890654','4456677','2334667u','www.google.com','bab@gmail.com','normal',0,3,0,'update','2021-05-01 08:15:39',0),
(21,6,50,'Ramu','12','saharanpur','delhi','tata',347,75,43,NULL,'rana','ram','ram 12','ram 23','rama','rama 1','wwwgooglecom','er.kc@gmail,com','normal',0,3,0,'update','2021-05-01 08:15:39',0),
(22,6,50,'Ramu','12','saharanpur','delhi','tata',347,75,43,NULL,'rana','ram','ram 12','ram 23','rama','rama 1','wwwgooglecom','er.kc@gmail,com','normal',0,3,0,'approve','2021-05-01 08:15:39',0),
(23,6,50,'Ramu','12','saharanpur','delhi','tata',347,75,43,NULL,'rana','ram','ram 12','ram 23','rama','rama 1','wwwgooglecom','er.kc@gmail,com','normal',1,3,0,'approve','2021-05-01 08:15:39',0),
(24,2,2,'Punita','hp/103','road','panki','sapmarpan hospital',3,2,2,NULL,'208017','89065432345','90457432','7890654','903235','90867','www.web.com','www.web.com','category',1,3,0,'approve','2020-10-27 09:26:31',0);

/*Table structure for table `t_companyassignment` */

DROP TABLE IF EXISTS `t_companyassignment`;

CREATE TABLE `t_companyassignment` (
  `companyAssignmentId` int(11) NOT NULL AUTO_INCREMENT,
  `companyGroupId` int(11) DEFAULT NULL,
  `companyId` int(11) DEFAULT NULL,
  `userId` int(11) DEFAULT NULL,
  `transDate` datetime DEFAULT CURRENT_TIMESTAMP,
  `isApproved` int(11) DEFAULT '0',
  `approvedUserId` int(11) DEFAULT '0',
  `approvedDateTime` datetime DEFAULT NULL,
  `isDeleted` int(11) DEFAULT '0',
  `deleteDateTime` datetime DEFAULT NULL,
  `deleteUserId` int(11) DEFAULT '0',
  `updateCount` int(11) DEFAULT '0',
  `lastUpdateUserId` int(11) DEFAULT '0',
  `isActive` tinyint(1) DEFAULT '0',
  `activateDateTime` datetime DEFAULT NULL,
  `activateUserId` int(11) DEFAULT '0',
  PRIMARY KEY (`companyAssignmentId`)
) ENGINE=InnoDB AUTO_INCREMENT=43 DEFAULT CHARSET=utf8mb4;

/*Data for the table `t_companyassignment` */

insert  into `t_companyassignment`(`companyAssignmentId`,`companyGroupId`,`companyId`,`userId`,`transDate`,`isApproved`,`approvedUserId`,`approvedDateTime`,`isDeleted`,`deleteDateTime`,`deleteUserId`,`updateCount`,`lastUpdateUserId`,`isActive`,`activateDateTime`,`activateUserId`) values 
(1,1,1,10,'2020-10-26 18:45:41',1,3,'2020-12-10 12:57:45',1,'2020-12-10 12:58:06',3,0,0,0,NULL,0),
(2,2,1,3,'2020-10-27 09:28:51',1,3,'2021-04-02 09:12:04',1,'2021-04-26 01:43:51',3,2,3,0,NULL,0),
(3,1,1,3,'2020-12-10 12:58:21',1,3,'2021-02-13 08:47:39',1,'2021-04-12 05:36:34',3,2,3,0,NULL,0),
(4,2,2,3,'2021-02-13 08:50:18',0,0,NULL,1,'2021-02-13 08:50:29',3,0,0,0,NULL,0),
(5,2,2,3,'2021-04-02 10:17:44',0,0,NULL,1,'2021-04-02 10:17:54',3,0,0,0,NULL,0),
(6,2,5,3,'2021-04-03 02:45:05',1,3,'2021-04-03 02:45:11',1,'2021-04-03 02:45:23',3,0,0,0,NULL,0),
(7,6,2,3,'2021-04-07 02:25:15',1,3,'2021-04-15 23:59:34',1,'2021-04-16 00:01:28',3,0,0,0,NULL,0),
(8,6,22,3,'2021-04-08 02:16:52',1,3,'2021-04-15 23:58:46',1,'2021-04-15 23:59:28',3,1,3,0,NULL,0),
(9,19,39,3,'2021-04-12 05:36:05',0,3,'2021-05-17 01:12:42',0,NULL,0,11,3,0,NULL,0),
(10,20,23,0,'2021-04-16 01:06:38',0,0,NULL,1,'2021-04-16 01:10:14',3,0,0,0,NULL,0),
(11,1,23,0,'2021-04-16 01:11:50',0,0,NULL,1,'2021-04-23 15:24:31',3,3,3,0,NULL,0),
(12,28,52,3,'2021-05-03 00:32:40',1,3,'2021-05-03 00:38:27',1,'2021-05-13 03:11:02',3,1,3,0,NULL,0),
(13,56,64,0,'2021-05-13 03:10:48',0,3,'2021-05-17 01:13:21',0,NULL,0,0,0,0,NULL,0),
(14,57,65,0,'2021-05-13 03:10:48',0,0,NULL,0,NULL,0,0,0,0,NULL,0),
(15,58,66,0,'2021-05-13 03:10:49',0,0,NULL,0,NULL,0,0,0,0,NULL,0),
(16,59,67,0,'2021-05-13 03:10:49',0,0,NULL,0,NULL,0,0,0,0,NULL,0),
(17,60,68,0,'2021-05-13 03:10:49',0,0,NULL,0,NULL,0,0,0,0,NULL,0),
(18,61,69,0,'2021-05-13 03:10:49',0,0,NULL,0,NULL,0,0,0,0,NULL,0),
(19,62,70,0,'2021-05-13 03:10:49',0,0,NULL,0,NULL,0,0,0,0,NULL,0),
(20,63,71,0,'2021-05-13 03:10:49',0,0,NULL,0,NULL,0,0,0,0,NULL,0),
(21,64,72,0,'2021-05-13 03:10:49',0,0,NULL,0,NULL,0,0,0,0,NULL,0),
(22,65,73,0,'2021-05-13 03:10:49',0,0,NULL,1,'2021-05-13 03:11:06',3,0,0,0,NULL,0),
(23,66,74,0,'2021-05-13 03:10:49',0,0,NULL,0,NULL,0,0,0,0,NULL,0),
(24,67,75,0,'2021-05-13 03:10:49',0,0,NULL,0,NULL,0,0,0,0,NULL,0),
(25,68,76,0,'2021-05-13 03:10:49',0,0,NULL,0,NULL,0,0,0,0,NULL,0),
(26,69,77,0,'2021-05-13 03:10:49',0,0,NULL,0,NULL,0,0,0,0,NULL,0),
(27,70,78,0,'2021-05-13 03:10:49',0,0,NULL,0,NULL,0,0,0,0,NULL,0),
(28,71,79,0,'2021-05-13 03:10:49',0,0,NULL,0,NULL,0,0,0,0,NULL,0),
(29,72,80,0,'2021-05-13 03:10:49',0,0,NULL,0,NULL,0,0,0,0,NULL,0),
(30,73,81,0,'2021-05-13 03:10:49',1,3,'2021-05-20 05:57:00',0,NULL,0,0,0,0,NULL,0),
(31,74,82,0,'2021-05-13 03:10:49',0,0,NULL,0,NULL,0,0,0,0,NULL,0),
(32,75,83,0,'2021-05-13 03:10:49',0,0,NULL,0,NULL,0,0,0,0,NULL,0),
(33,76,84,0,'2021-05-13 03:10:49',0,0,NULL,0,NULL,0,0,0,0,NULL,0),
(34,77,85,0,'2021-05-13 03:10:49',0,0,NULL,0,NULL,0,0,0,0,NULL,0),
(35,78,86,0,'2021-05-13 03:10:49',0,0,NULL,0,NULL,0,0,0,0,NULL,0),
(36,79,87,0,'2021-05-13 03:10:49',0,0,NULL,0,NULL,0,0,0,0,NULL,0),
(37,80,88,0,'2021-05-13 03:10:49',0,0,NULL,0,NULL,0,0,0,0,NULL,0),
(38,81,89,0,'2021-05-13 03:10:49',0,0,NULL,0,NULL,0,0,0,0,NULL,0),
(39,82,90,0,'2021-05-13 03:10:49',0,0,NULL,0,NULL,0,0,0,0,NULL,0),
(40,83,91,0,'2021-05-13 03:10:49',0,0,NULL,0,NULL,0,0,0,0,NULL,0),
(41,84,92,0,'2021-05-13 03:10:49',0,0,NULL,0,NULL,0,0,0,0,NULL,0),
(42,85,93,0,'2021-05-13 03:10:49',0,0,NULL,0,NULL,0,0,0,0,NULL,0);

/*Table structure for table `t_companyassignment_log` */

DROP TABLE IF EXISTS `t_companyassignment_log`;

CREATE TABLE `t_companyassignment_log` (
  `logId` int(11) NOT NULL AUTO_INCREMENT,
  `companyAssignmentId` int(11) DEFAULT NULL,
  `companyGroupId` int(11) DEFAULT NULL,
  `companyId` int(11) DEFAULT NULL,
  `isApproved` int(11) DEFAULT '0',
  `userId` int(11) DEFAULT NULL,
  `isDeleted` int(11) DEFAULT '0',
  `userAction` varchar(20) DEFAULT NULL,
  `transDate` datetime DEFAULT CURRENT_TIMESTAMP,
  `isActive` tinyint(1) DEFAULT '0',
  PRIMARY KEY (`logId`)
) ENGINE=InnoDB AUTO_INCREMENT=88 DEFAULT CHARSET=utf8mb4;

/*Data for the table `t_companyassignment_log` */

insert  into `t_companyassignment_log`(`logId`,`companyAssignmentId`,`companyGroupId`,`companyId`,`isApproved`,`userId`,`isDeleted`,`userAction`,`transDate`,`isActive`) values 
(1,1,1,1,0,10,0,'insert','2020-10-26 18:45:41',0),
(2,2,2,1,0,3,0,'insert','2020-10-27 09:28:51',0),
(3,2,2,1,0,3,0,'update','2020-10-27 09:28:51',0),
(4,2,2,1,0,3,0,'approve','2020-10-27 09:28:51',0),
(5,1,1,1,0,10,0,'approve','2020-10-26 18:45:41',0),
(6,1,1,1,1,10,0,'approve','2020-10-26 18:45:41',0),
(7,1,1,1,0,10,0,'approve','2020-10-26 18:45:41',0),
(8,1,1,1,1,10,0,'approve','2020-10-26 18:45:41',0),
(9,1,1,1,0,10,0,'approve','2020-10-26 18:45:41',0),
(10,1,1,1,0,10,0,'delete','2020-10-26 18:45:41',0),
(11,3,2,2,0,3,0,'insert','2020-12-10 12:58:21',0),
(12,2,2,1,1,3,0,'approve','2020-10-27 09:28:51',0),
(13,2,2,1,0,3,0,'update','2020-10-27 09:28:51',0),
(14,2,2,1,0,3,0,'approve','2020-10-27 09:28:51',0),
(15,5,2,2,0,3,0,'insert','2021-04-02 10:17:44',0),
(16,5,2,2,0,3,0,'delete','2021-04-02 10:17:44',0),
(17,6,2,5,0,3,0,'insert','2021-04-03 02:45:05',0),
(18,6,2,5,0,3,0,'approve','2021-04-03 02:45:05',0),
(19,6,2,5,0,3,0,'delete','2021-04-03 02:45:05',0),
(20,7,6,2,0,3,0,'insert','2021-04-07 02:25:15',0),
(21,8,6,8,0,3,0,'insert','2021-04-08 02:16:52',0),
(22,9,13,18,0,3,0,'insert','2021-04-12 05:36:05',0),
(23,9,13,18,0,3,0,'approve','2021-04-12 05:36:05',0),
(24,3,1,1,0,3,0,'delete','2020-12-10 12:58:21',0),
(25,8,6,8,0,3,0,'approve','2021-04-08 02:16:52',0),
(26,8,6,8,0,3,0,'update','2021-04-08 02:16:52',0),
(27,8,6,22,0,3,0,'delete','2021-04-08 02:16:52',0),
(28,7,6,2,0,3,0,'approve','2021-04-07 02:25:15',0),
(29,7,6,2,0,3,0,'delete','2021-04-07 02:25:15',0),
(30,10,20,23,0,0,0,'insert','2021-04-16 01:06:38',0),
(31,10,20,23,0,0,0,'delete','2021-04-16 01:06:38',0),
(32,11,1,23,0,0,0,'insert','2021-04-16 01:11:50',0),
(33,11,1,23,0,0,0,'update','2021-04-16 01:11:50',0),
(34,11,1,23,0,0,0,'update','2021-04-16 01:11:50',0),
(35,11,1,23,0,0,0,'update','2021-04-16 01:11:50',0),
(36,11,1,23,0,0,0,'delete','2021-04-16 01:11:50',0),
(37,9,13,18,0,3,0,'update','2021-04-12 05:36:05',0),
(38,9,13,18,0,3,0,'update','2021-04-12 05:36:05',0),
(39,9,13,18,0,3,0,'update','2021-04-12 05:36:05',0),
(40,9,13,18,0,3,0,'update','2021-04-12 05:36:05',0),
(41,9,13,18,0,3,0,'update','2021-04-12 05:36:05',0),
(42,9,13,18,0,3,0,'update','2021-04-12 05:36:05',0),
(43,9,13,18,0,3,0,'update','2021-04-12 05:36:05',0),
(44,9,13,18,0,3,0,'update','2021-04-12 05:36:05',0),
(45,9,13,18,0,3,0,'update','2021-04-12 05:36:05',0),
(46,2,2,1,0,3,0,'delete','2020-10-27 09:28:51',0),
(47,9,13,18,0,3,0,'update','2021-04-12 05:36:05',0),
(48,9,25,39,0,3,0,'update','2021-04-12 05:36:05',0),
(49,12,29,52,0,3,0,'insert','2021-05-03 00:32:40',0),
(50,12,29,52,0,3,0,'update','2021-05-03 00:32:40',0),
(51,12,28,52,0,3,0,'approve','2021-05-03 00:32:40',0),
(52,13,56,64,0,0,0,'insert','2021-05-13 03:10:48',0),
(53,14,57,65,0,0,0,'insert','2021-05-13 03:10:48',0),
(54,15,58,66,0,0,0,'insert','2021-05-13 03:10:49',0),
(55,16,59,67,0,0,0,'insert','2021-05-13 03:10:49',0),
(56,17,60,68,0,0,0,'insert','2021-05-13 03:10:49',0),
(57,18,61,69,0,0,0,'insert','2021-05-13 03:10:49',0),
(58,19,62,70,0,0,0,'insert','2021-05-13 03:10:49',0),
(59,20,63,71,0,0,0,'insert','2021-05-13 03:10:49',0),
(60,21,64,72,0,0,0,'insert','2021-05-13 03:10:49',0),
(61,22,65,73,0,0,0,'insert','2021-05-13 03:10:49',0),
(62,23,66,74,0,0,0,'insert','2021-05-13 03:10:49',0),
(63,24,67,75,0,0,0,'insert','2021-05-13 03:10:49',0),
(64,25,68,76,0,0,0,'insert','2021-05-13 03:10:49',0),
(65,26,69,77,0,0,0,'insert','2021-05-13 03:10:49',0),
(66,27,70,78,0,0,0,'insert','2021-05-13 03:10:49',0),
(67,28,71,79,0,0,0,'insert','2021-05-13 03:10:49',0),
(68,29,72,80,0,0,0,'insert','2021-05-13 03:10:49',0),
(69,30,73,81,0,0,0,'insert','2021-05-13 03:10:49',0),
(70,31,74,82,0,0,0,'insert','2021-05-13 03:10:49',0),
(71,32,75,83,0,0,0,'insert','2021-05-13 03:10:49',0),
(72,33,76,84,0,0,0,'insert','2021-05-13 03:10:49',0),
(73,34,77,85,0,0,0,'insert','2021-05-13 03:10:49',0),
(74,35,78,86,0,0,0,'insert','2021-05-13 03:10:49',0),
(75,36,79,87,0,0,0,'insert','2021-05-13 03:10:49',0),
(76,37,80,88,0,0,0,'insert','2021-05-13 03:10:49',0),
(77,38,81,89,0,0,0,'insert','2021-05-13 03:10:49',0),
(78,39,82,90,0,0,0,'insert','2021-05-13 03:10:49',0),
(79,40,83,91,0,0,0,'insert','2021-05-13 03:10:49',0),
(80,41,84,92,0,0,0,'insert','2021-05-13 03:10:49',0),
(81,42,85,93,0,0,0,'insert','2021-05-13 03:10:49',0),
(82,12,28,52,0,3,0,'delete','2021-05-03 00:32:40',0),
(83,22,65,73,0,0,0,'delete','2021-05-13 03:10:49',0),
(84,13,56,64,0,0,0,'approve','2021-05-13 03:10:48',0),
(85,9,19,39,1,3,0,'approve','2021-04-12 05:36:05',0),
(86,13,56,64,1,0,0,'approve','2021-05-13 03:10:48',0),
(87,30,73,81,0,0,0,'approve','2021-05-13 03:10:49',0);

/*Table structure for table `t_exchange` */

DROP TABLE IF EXISTS `t_exchange`;

CREATE TABLE `t_exchange` (
  `exchangeRateId` int(11) NOT NULL AUTO_INCREMENT,
  `companyId` int(11) DEFAULT NULL,
  `exchangeDate` datetime(3) DEFAULT NULL,
  `currencyId` int(11) DEFAULT NULL,
  `exchageAmount` decimal(18,4) DEFAULT NULL,
  `userId` int(11) DEFAULT NULL,
  `transDate` datetime DEFAULT CURRENT_TIMESTAMP,
  `isApproved` int(11) DEFAULT '0',
  `approvedUserId` int(11) DEFAULT '0',
  `approvedDateTime` datetime DEFAULT NULL,
  `isDeleted` int(11) DEFAULT '0',
  `deleteDateTime` datetime DEFAULT NULL,
  `deleteUserId` int(11) DEFAULT '0',
  `updateCount` int(11) DEFAULT '0',
  `lastUpdateUserId` int(11) DEFAULT '0',
  `isActive` tinyint(1) DEFAULT '0',
  `activateDateTime` datetime DEFAULT NULL,
  `activateUserId` int(11) DEFAULT '0',
  PRIMARY KEY (`exchangeRateId`)
) ENGINE=InnoDB AUTO_INCREMENT=35 DEFAULT CHARSET=utf8mb4;

/*Data for the table `t_exchange` */

insert  into `t_exchange`(`exchangeRateId`,`companyId`,`exchangeDate`,`currencyId`,`exchageAmount`,`userId`,`transDate`,`isApproved`,`approvedUserId`,`approvedDateTime`,`isDeleted`,`deleteDateTime`,`deleteUserId`,`updateCount`,`lastUpdateUserId`,`isActive`,`activateDateTime`,`activateUserId`) values 
(1,2,'2020-10-26 00:00:00.000',2,12.0000,10,'2020-10-26 18:56:30',1,3,'2021-04-19 01:01:22',0,NULL,0,2,3,0,NULL,0),
(2,5,'2020-10-27 00:00:00.000',3,80000.0000,3,'2020-10-27 09:40:20',1,3,'2021-04-05 21:41:23',0,NULL,0,2,3,0,NULL,0),
(3,2,'2020-12-26 00:00:00.000',4,899.0000,3,'2020-12-10 11:32:31',1,3,'2020-12-10 11:32:35',1,'2020-12-10 11:32:48',3,1,3,0,NULL,0),
(4,2,'2021-04-16 00:00:00.000',1,4446.0000,3,'2021-04-02 10:00:34',1,3,'2021-04-02 10:00:48',1,'2021-04-02 10:01:01',3,1,3,0,NULL,0),
(5,5,'2021-04-23 00:00:00.000',6,33.0000,3,'2021-04-03 05:17:35',1,3,'2021-04-03 05:17:39',1,'2021-04-03 05:17:46',3,0,0,0,NULL,0),
(6,2,'2021-04-06 00:00:00.000',3,500000.0000,3,'2021-04-06 06:07:21',1,3,'2021-04-06 06:09:32',0,NULL,0,0,0,0,NULL,0),
(7,28,'0001-01-01 00:00:00.000',0,7452548.0000,0,'2021-04-19 03:21:19',0,0,NULL,1,'2021-04-21 03:34:05',3,0,0,0,NULL,0),
(8,28,'0000-00-00 00:00:00.000',0,7452548.0000,0,'2021-04-19 04:59:43',0,0,NULL,1,'2021-04-21 03:33:42',3,0,0,0,NULL,0),
(9,19,'2019-04-21 00:00:00.000',24,32000.0000,3,'2021-04-19 05:16:47',0,0,NULL,1,'2021-04-19 05:22:11',3,0,0,0,NULL,0),
(10,24,'2020-04-21 00:00:00.000',32,5000.0000,3,'2021-04-19 05:18:03',0,0,NULL,1,'2021-04-19 05:22:02',3,0,0,0,NULL,0),
(11,17,'2030-04-21 00:00:00.000',1,2500.0000,3,'2021-04-19 05:19:31',0,0,NULL,1,'2021-04-19 05:23:14',3,0,0,0,NULL,0),
(12,23,'2029-04-21 00:00:00.000',22,1000.0000,3,'2021-04-19 05:21:31',0,0,NULL,1,'2021-04-19 05:22:07',3,0,0,0,NULL,0),
(13,17,'2019-04-21 00:00:00.000',2,5000.0000,3,'2021-04-19 05:22:36',0,0,NULL,1,'2021-04-19 05:23:18',3,0,0,0,NULL,0),
(14,19,'2019-04-21 00:00:00.000',2,2400.0000,3,'2021-04-19 05:32:58',0,0,NULL,1,'2021-04-19 06:03:59',3,0,0,0,NULL,0),
(15,23,'2021-04-21 00:00:00.000',22,88.0000,3,'2021-04-19 05:57:07',0,0,NULL,1,'2021-04-19 06:03:52',3,0,0,0,NULL,0),
(16,19,'2019-04-21 00:00:00.000',32,1800.0000,3,'2021-04-19 06:04:28',0,0,NULL,1,'2021-04-19 06:04:54',3,0,0,0,NULL,0),
(17,19,'2019-04-21 00:00:00.000',1,2500.0000,3,'2021-04-19 06:08:11',0,0,NULL,1,'2021-04-21 07:19:39',3,0,0,0,NULL,0),
(18,30,'0001-01-01 00:00:00.000',0,900.0000,0,'2021-04-21 02:56:47',0,0,NULL,1,'2021-04-21 03:33:49',3,0,0,0,NULL,0),
(19,31,'0001-01-01 00:00:00.000',39,900.0000,0,'2021-04-21 03:27:02',0,0,NULL,1,'2021-04-21 03:34:00',3,0,0,0,NULL,0),
(20,32,'0001-01-01 00:00:00.000',40,344.0000,0,'2021-04-21 03:40:47',0,0,NULL,1,'2021-04-21 03:41:54',3,0,0,0,NULL,0),
(21,32,'2021-04-20 00:00:00.000',40,344.0000,0,'2021-04-21 03:46:17',0,0,NULL,0,NULL,0,0,0,0,NULL,0),
(22,25,'2021-04-21 00:00:00.000',37,786.0000,3,'2021-04-21 07:19:12',1,3,'2021-04-21 07:19:27',0,NULL,0,1,3,0,NULL,0),
(23,19,'2021-04-23 00:00:00.000',35,123.0000,3,'2021-04-21 23:33:48',0,3,'2021-05-17 02:32:18',0,NULL,0,0,0,0,NULL,0),
(24,28,'0000-00-00 00:00:00.000',0,7452548.0000,0,'2021-04-22 06:04:38',0,0,NULL,1,'2021-04-22 06:06:25',3,0,0,0,NULL,0),
(25,28,'0000-00-00 00:00:00.000',0,7452548.0000,0,'2021-04-22 06:12:40',0,0,NULL,1,'2021-04-22 06:28:36',3,0,0,0,NULL,0),
(26,38,'2021-04-24 00:00:00.000',6,616.0000,3,'2021-04-22 06:29:52',1,3,'2021-04-22 06:30:05',0,NULL,0,0,0,0,NULL,0),
(27,28,'0000-00-00 00:00:00.000',0,7452548.0000,0,'2021-04-22 06:33:48',0,0,NULL,1,'2021-04-22 07:00:57',3,0,0,0,NULL,0),
(28,28,'0000-00-00 00:00:00.000',0,7452548.0000,0,'2021-04-22 07:40:45',0,0,NULL,1,'2021-04-22 07:41:01',3,0,0,0,NULL,0),
(29,28,'0000-00-00 00:00:00.000',0,7452548.0000,0,'2021-04-22 07:44:25',0,0,NULL,1,'2021-04-22 07:44:35',3,0,0,0,NULL,0),
(30,44,'2021-03-20 00:00:00.000',13,488.0000,0,'2021-04-30 05:29:42',0,3,'2021-05-17 02:32:47',0,NULL,0,0,0,0,NULL,0),
(31,45,'2020-03-20 00:00:00.000',13,59.0000,0,'2021-04-30 05:38:56',0,0,NULL,0,NULL,0,0,0,0,NULL,0),
(32,47,'2023-02-22 00:00:00.000',50,21.0000,0,'2021-04-30 06:05:29',1,3,'2021-04-30 06:06:01',1,'2021-04-30 06:06:16',3,0,0,0,NULL,0),
(33,59,'2021-05-05 00:00:00.000',58,321.0000,3,'2021-05-05 07:29:49',0,0,NULL,0,NULL,0,0,0,0,NULL,0),
(34,44,'2021-03-20 00:00:00.000',78,488.0000,0,'2021-05-10 03:47:11',1,3,'2021-05-10 03:47:35',1,'2021-05-10 03:47:46',3,0,0,0,NULL,0);

/*Table structure for table `t_exchange_log` */

DROP TABLE IF EXISTS `t_exchange_log`;

CREATE TABLE `t_exchange_log` (
  `logId` int(11) NOT NULL AUTO_INCREMENT,
  `exchangeRateId` int(11) DEFAULT NULL,
  `companyId` int(11) DEFAULT NULL,
  `exchangeDate` datetime(3) DEFAULT NULL,
  `currencyId` int(11) DEFAULT NULL,
  `exchageAmount` decimal(18,4) DEFAULT NULL,
  `isApproved` int(11) DEFAULT '0',
  `userId` int(11) DEFAULT NULL,
  `isDeleted` int(11) DEFAULT '0',
  `userAction` varchar(20) DEFAULT NULL,
  `transDate` datetime DEFAULT CURRENT_TIMESTAMP,
  `isActive` tinyint(1) DEFAULT '0',
  PRIMARY KEY (`logId`)
) ENGINE=InnoDB AUTO_INCREMENT=88 DEFAULT CHARSET=utf8mb4;

/*Data for the table `t_exchange_log` */

insert  into `t_exchange_log`(`logId`,`exchangeRateId`,`companyId`,`exchangeDate`,`currencyId`,`exchageAmount`,`isApproved`,`userId`,`isDeleted`,`userAction`,`transDate`,`isActive`) values 
(1,1,1,'2020-10-26 00:00:00.000',2,7845889.0000,0,10,0,'insert','2020-10-26 18:56:30',0),
(2,2,1,'2020-10-27 00:00:00.000',3,90000.0000,0,3,0,'insert','2020-10-27 09:40:20',0),
(3,2,1,'2020-10-27 00:00:00.000',3,90000.0000,0,3,0,'update','2020-10-27 09:40:20',0),
(4,2,1,'2020-10-27 00:00:00.000',3,80000.0000,0,3,0,'approve','2020-10-27 09:40:20',0),
(5,1,1,'2020-10-26 00:00:00.000',2,7845889.0000,0,10,0,'approve','2020-10-26 18:56:30',0),
(6,3,2,'2020-12-25 00:00:00.000',4,899.0000,0,3,0,'insert','2020-12-10 11:32:31',0),
(7,3,2,'2020-12-25 00:00:00.000',4,899.0000,0,3,0,'approve','2020-12-10 11:32:31',0),
(8,3,2,'2020-12-25 00:00:00.000',4,899.0000,0,3,0,'update','2020-12-10 11:32:31',0),
(9,3,2,'2020-12-26 00:00:00.000',4,899.0000,0,3,0,'delete','2020-12-10 11:32:31',0),
(10,4,2,'2021-04-16 00:00:00.000',1,4446.0000,0,3,0,'insert','2021-04-02 10:00:34',0),
(11,4,2,'2021-04-16 00:00:00.000',1,4446.0000,0,3,0,'approve','2021-04-02 10:00:34',0),
(12,4,2,'2021-04-16 00:00:00.000',1,4446.0000,0,3,0,'update','2021-04-02 10:00:34',0),
(13,4,2,'2021-04-16 00:00:00.000',1,4446.0000,0,3,0,'delete','2021-04-02 10:00:34',0),
(14,5,5,'2021-04-23 00:00:00.000',6,33.0000,0,3,0,'insert','2021-04-03 05:17:35',0),
(15,5,5,'2021-04-23 00:00:00.000',6,33.0000,0,3,0,'approve','2021-04-03 05:17:35',0),
(16,5,5,'2021-04-23 00:00:00.000',6,33.0000,0,3,0,'delete','2021-04-03 05:17:35',0),
(17,1,1,'2020-10-26 00:00:00.000',2,7845889.0000,1,10,0,'approve','2020-10-26 18:56:30',0),
(18,1,1,'2020-10-26 00:00:00.000',2,7845889.0000,0,10,0,'update','2020-10-26 18:56:30',0),
(19,2,1,'2020-10-27 00:00:00.000',3,80000.0000,1,3,0,'approve','2020-10-27 09:40:20',0),
(20,2,1,'2020-10-27 00:00:00.000',3,80000.0000,0,3,0,'update','2020-10-27 09:40:20',0),
(21,1,2,'2020-10-26 00:00:00.000',2,7845889.0000,0,10,0,'approve','2020-10-26 18:56:30',0),
(22,2,5,'2020-10-27 00:00:00.000',3,80000.0000,0,3,0,'approve','2020-10-27 09:40:20',0),
(23,6,2,'2021-04-06 00:00:00.000',3,500000.0000,0,3,0,'insert','2021-04-06 06:07:21',0),
(24,6,2,'2021-04-06 00:00:00.000',3,500000.0000,0,3,0,'approve','2021-04-06 06:07:21',0),
(25,1,2,'2020-10-26 00:00:00.000',2,7845889.0000,1,10,0,'approve','2020-10-26 18:56:30',0),
(27,1,2,'2020-10-26 00:00:00.000',2,7845889.0000,0,10,0,'update','2020-10-26 18:56:30',0),
(28,1,2,'2020-10-26 00:00:00.000',2,12.0000,0,10,0,'approve','2020-10-26 18:56:30',0),
(29,7,28,'0001-01-01 00:00:00.000',0,7452548.0000,0,0,0,'insert','2021-04-19 03:21:19',0),
(30,8,28,'0000-00-00 00:00:00.000',0,7452548.0000,0,0,0,'insert','2021-04-19 04:59:43',0),
(31,9,19,'2019-04-21 00:00:00.000',24,32000.0000,0,3,0,'insert','2021-04-19 05:16:47',0),
(32,10,24,'2020-04-21 00:00:00.000',32,5000.0000,0,3,0,'insert','2021-04-19 05:18:03',0),
(33,11,17,'2030-04-21 00:00:00.000',1,2500.0000,0,3,0,'insert','2021-04-19 05:19:31',0),
(34,12,23,'2029-04-21 00:00:00.000',22,1000.0000,0,3,0,'insert','2021-04-19 05:21:31',0),
(35,10,24,'2020-04-21 00:00:00.000',32,5000.0000,0,3,0,'delete','2021-04-19 05:18:03',0),
(36,12,23,'2029-04-21 00:00:00.000',22,1000.0000,0,3,0,'delete','2021-04-19 05:21:31',0),
(37,9,19,'2019-04-21 00:00:00.000',24,32000.0000,0,3,0,'delete','2021-04-19 05:16:47',0),
(38,13,17,'2019-04-21 00:00:00.000',2,5000.0000,0,3,0,'insert','2021-04-19 05:22:36',0),
(39,11,17,'2030-04-21 00:00:00.000',1,2500.0000,0,3,0,'delete','2021-04-19 05:19:31',0),
(40,13,17,'2019-04-21 00:00:00.000',2,5000.0000,0,3,0,'delete','2021-04-19 05:22:36',0),
(41,14,19,'2019-04-21 00:00:00.000',2,2400.0000,0,3,0,'insert','2021-04-19 05:32:58',0),
(42,15,23,'2021-04-21 00:00:00.000',22,88.0000,0,3,0,'insert','2021-04-19 05:57:07',0),
(43,15,23,'2021-04-21 00:00:00.000',22,88.0000,0,3,0,'delete','2021-04-19 05:57:07',0),
(44,14,19,'2019-04-21 00:00:00.000',2,2400.0000,0,3,0,'delete','2021-04-19 05:32:58',0),
(45,16,19,'2019-04-21 00:00:00.000',32,1800.0000,0,3,0,'insert','2021-04-19 06:04:28',0),
(46,16,19,'2019-04-21 00:00:00.000',32,1800.0000,0,3,0,'delete','2021-04-19 06:04:28',0),
(47,17,19,'2019-04-21 00:00:00.000',1,2500.0000,0,3,0,'insert','2021-04-19 06:08:11',0),
(48,18,30,'0001-01-01 00:00:00.000',0,900.0000,0,0,0,'insert','2021-04-21 02:56:47',0),
(49,19,31,'0001-01-01 00:00:00.000',39,900.0000,0,0,0,'insert','2021-04-21 03:27:02',0),
(50,8,28,'0000-00-00 00:00:00.000',0,7452548.0000,0,0,0,'delete','2021-04-19 04:59:43',0),
(51,18,30,'0001-01-01 00:00:00.000',0,900.0000,0,0,0,'delete','2021-04-21 02:56:47',0),
(52,19,31,'0001-01-01 00:00:00.000',39,900.0000,0,0,0,'delete','2021-04-21 03:27:02',0),
(53,7,28,'0001-01-01 00:00:00.000',0,7452548.0000,0,0,0,'delete','2021-04-19 03:21:19',0),
(54,20,32,'0001-01-01 00:00:00.000',40,344.0000,0,0,0,'insert','2021-04-21 03:40:47',0),
(55,20,32,'0001-01-01 00:00:00.000',40,344.0000,0,0,0,'delete','2021-04-21 03:40:47',0),
(56,21,32,'2021-04-20 00:00:00.000',40,344.0000,0,0,0,'insert','2021-04-21 03:46:17',0),
(57,22,25,'2021-04-21 00:00:00.000',12,786.0000,0,3,0,'insert','2021-04-21 07:19:12',0),
(58,22,25,'2021-04-21 00:00:00.000',12,786.0000,0,3,0,'approve','2021-04-21 07:19:12',0),
(59,17,19,'2019-04-21 00:00:00.000',1,2500.0000,0,3,0,'delete','2021-04-19 06:08:11',0),
(60,23,19,'2021-04-23 00:00:00.000',35,123.0000,0,3,0,'insert','2021-04-21 23:33:48',0),
(61,23,19,'2021-04-23 00:00:00.000',35,123.0000,0,3,0,'approve','2021-04-21 23:33:48',0),
(62,24,28,'0000-00-00 00:00:00.000',0,7452548.0000,0,0,0,'insert','2021-04-22 06:04:38',0),
(63,24,28,'0000-00-00 00:00:00.000',0,7452548.0000,0,0,0,'delete','2021-04-22 06:04:38',0),
(64,25,28,'0000-00-00 00:00:00.000',0,7452548.0000,0,0,0,'insert','2021-04-22 06:12:40',0),
(65,25,28,'0000-00-00 00:00:00.000',0,7452548.0000,0,0,0,'delete','2021-04-22 06:12:40',0),
(66,26,38,'2021-04-24 00:00:00.000',6,616.0000,0,3,0,'insert','2021-04-22 06:29:52',0),
(67,26,38,'2021-04-24 00:00:00.000',6,616.0000,0,3,0,'approve','2021-04-22 06:29:52',0),
(68,27,28,'0000-00-00 00:00:00.000',0,7452548.0000,0,0,0,'insert','2021-04-22 06:33:48',0),
(69,27,28,'0000-00-00 00:00:00.000',0,7452548.0000,0,0,0,'delete','2021-04-22 06:33:48',0),
(70,28,28,'0000-00-00 00:00:00.000',0,7452548.0000,0,0,0,'insert','2021-04-22 07:40:45',0),
(71,28,28,'0000-00-00 00:00:00.000',0,7452548.0000,0,0,0,'delete','2021-04-22 07:40:45',0),
(72,29,28,'0000-00-00 00:00:00.000',0,7452548.0000,0,0,0,'insert','2021-04-22 07:44:25',0),
(73,29,28,'0000-00-00 00:00:00.000',0,7452548.0000,0,0,0,'delete','2021-04-22 07:44:25',0),
(74,22,25,'2021-04-21 00:00:00.000',12,786.0000,0,3,0,'update','2021-04-21 07:19:12',0),
(75,30,44,'2021-03-20 00:00:00.000',13,488.0000,0,0,0,'insert','2021-04-30 05:29:42',0),
(76,31,45,'2020-03-20 00:00:00.000',13,59.0000,0,0,0,'insert','2021-04-30 05:38:56',0),
(77,32,47,'2023-02-22 00:00:00.000',50,21.0000,0,0,0,'insert','2021-04-30 06:05:29',0),
(78,32,47,'2023-02-22 00:00:00.000',50,21.0000,0,0,0,'approve','2021-04-30 06:05:29',0),
(79,32,47,'2023-02-22 00:00:00.000',50,21.0000,0,0,0,'delete','2021-04-30 06:05:29',0),
(80,32,47,'2023-02-22 00:00:00.000',50,21.0000,0,0,1,'delete','2021-04-30 06:05:29',0),
(81,33,59,'2021-05-05 00:00:00.000',58,321.0000,0,3,0,'insert','2021-05-05 07:29:49',0),
(82,34,44,'2021-03-20 00:00:00.000',78,488.0000,0,0,0,'insert','2021-05-10 03:47:11',0),
(83,34,44,'2021-03-20 00:00:00.000',78,488.0000,0,0,0,'approve','2021-05-10 03:47:11',0),
(84,34,44,'2021-03-20 00:00:00.000',78,488.0000,0,0,0,'delete','2021-05-10 03:47:11',0),
(85,30,44,'2021-03-20 00:00:00.000',13,488.0000,0,0,0,'approve','2021-04-30 05:29:42',0),
(86,23,19,'2021-04-23 00:00:00.000',35,123.0000,1,3,0,'approve','2021-04-21 23:33:48',0),
(87,30,44,'2021-03-20 00:00:00.000',13,488.0000,1,0,0,'approve','2021-04-30 05:29:42',0);

/*Table structure for table `t_hsn` */

DROP TABLE IF EXISTS `t_hsn`;

CREATE TABLE `t_hsn` (
  `hsnId` int(11) NOT NULL AUTO_INCREMENT,
  `hsnName` varchar(50) DEFAULT NULL,
  `userId` int(11) DEFAULT NULL,
  `transDate` datetime DEFAULT CURRENT_TIMESTAMP,
  `isApproved` int(11) DEFAULT '0',
  `approvedUserId` int(11) DEFAULT '0',
  `approvedDateTime` datetime DEFAULT NULL,
  `isDeleted` int(11) DEFAULT '0',
  `deleteDateTime` datetime DEFAULT NULL,
  `deleteUserId` int(11) DEFAULT '0',
  `updateCount` int(11) DEFAULT '0',
  `lastUpdateUserId` int(11) DEFAULT '0',
  `isActive` tinyint(1) DEFAULT '0',
  `activateDateTime` datetime DEFAULT NULL,
  `activateUserId` int(11) DEFAULT '0',
  PRIMARY KEY (`hsnId`)
) ENGINE=InnoDB AUTO_INCREMENT=71 DEFAULT CHARSET=utf8mb4;

/*Data for the table `t_hsn` */

insert  into `t_hsn`(`hsnId`,`hsnName`,`userId`,`transDate`,`isApproved`,`approvedUserId`,`approvedDateTime`,`isDeleted`,`deleteDateTime`,`deleteUserId`,`updateCount`,`lastUpdateUserId`,`isActive`,`activateDateTime`,`activateUserId`) values 
(1,'KALATMAK SPATIAL SYSTEMS',10,'2020-10-26 18:54:10',1,3,'2020-10-27 09:37:49',0,NULL,0,0,0,0,NULL,0),
(2,'HS01',3,'2020-10-27 09:37:40',1,3,'2021-04-13 02:43:43',1,'2021-04-13 02:44:44',3,3,3,0,NULL,0),
(3,'HHKK',3,'2020-12-10 11:29:00',1,3,'2020-12-10 11:29:03',1,'2020-12-10 11:29:14',3,1,3,0,NULL,0),
(4,'HS900',3,'2021-02-13 06:09:58',0,0,NULL,1,'2021-02-13 06:10:29',3,1,3,0,NULL,0),
(5,'KKK',3,'2021-04-02 09:34:01',0,0,NULL,1,'2021-04-02 09:34:08',3,0,0,0,NULL,0),
(6,'DFFD',3,'2021-04-02 09:53:40',0,0,NULL,1,'2021-04-02 09:53:48',3,0,0,0,NULL,0),
(7,'VCVV',3,'2021-04-03 05:12:44',1,3,'2021-04-03 05:12:49',1,'2021-04-03 05:12:57',3,0,0,0,NULL,0),
(8,'HSOO1',3,'2021-04-06 05:31:12',0,3,'2021-04-06 05:32:09',1,'2021-04-13 02:44:53',3,0,0,0,NULL,0),
(9,'LLPQ11',3,'2021-04-07 00:33:24',0,0,NULL,0,NULL,0,0,0,0,NULL,0),
(10,'0001AAWWWWWWW',3,'2021-04-13 02:44:08',1,3,'2021-04-13 02:44:13',1,'2021-05-03 08:20:26',3,2,3,0,NULL,0),
(11,'KKK',3,'2021-04-13 02:46:26',0,0,NULL,0,NULL,0,0,0,0,NULL,0),
(12,'AA',3,'2021-04-13 02:46:37',1,3,'2021-04-14 00:09:34',0,NULL,0,0,0,0,NULL,0),
(13,'SD',3,'2021-04-13 02:46:43',0,0,NULL,0,NULL,0,0,0,0,NULL,0),
(14,'GHJ',3,'2021-04-13 02:46:50',1,3,'2021-05-14 07:23:07',0,NULL,0,0,0,0,NULL,0),
(15,'RW',3,'2021-04-13 02:46:57',0,0,NULL,1,'2021-04-14 00:09:18',3,0,0,0,NULL,0),
(16,'HJ',3,'2021-04-13 02:47:04',0,0,NULL,0,NULL,0,0,0,0,NULL,0),
(17,'AS',3,'2021-04-13 02:47:09',1,3,'2021-05-10 04:06:43',0,NULL,0,0,0,0,NULL,0),
(18,'SDF',3,'2021-04-13 02:47:23',0,0,NULL,0,NULL,0,0,0,0,NULL,0),
(19,'PAPA01',3,'2021-04-14 00:08:25',1,3,'2021-04-14 00:08:39',0,NULL,0,0,0,0,NULL,0),
(20,'HSN',3,'2021-04-14 00:36:21',1,3,'2021-04-14 00:36:33',1,'2021-04-14 00:36:53',3,0,0,0,NULL,0),
(21,'H1',0,'2021-04-14 01:34:07',0,0,NULL,0,NULL,0,0,0,0,NULL,0),
(22,'H2',0,'2021-04-14 01:34:08',0,0,NULL,0,NULL,0,0,0,0,NULL,0),
(23,'H3',0,'2021-04-14 01:34:11',0,0,NULL,0,NULL,0,0,0,0,NULL,0),
(24,'H4',0,'2021-04-14 01:34:13',0,0,NULL,0,NULL,0,0,0,0,NULL,0),
(25,'001h',0,'2021-04-17 01:04:28',0,3,'2021-04-17 01:05:35',1,'2021-04-17 01:05:44',3,0,0,0,NULL,0),
(26,'0098k',0,'2021-04-17 01:04:28',0,3,'2021-05-17 01:23:04',0,NULL,0,0,0,0,NULL,0),
(27,'Lalit123',0,'2021-04-17 07:24:43',1,3,'2021-04-17 07:25:09',1,'2021-04-17 07:25:29',3,0,0,0,NULL,0),
(28,'Kapil23',0,'2021-04-17 07:24:43',0,0,NULL,0,NULL,0,0,0,0,NULL,0),
(29,'KAPIL4321',3,'2021-05-03 08:19:47',0,0,NULL,0,NULL,0,0,0,0,NULL,0),
(30,'Rana4556',0,'2021-05-03 08:23:03',0,0,NULL,0,NULL,0,0,0,0,NULL,0),
(31,'Hsn1',0,'2021-05-14 06:01:14',0,0,NULL,0,NULL,0,0,0,0,NULL,0),
(32,'Hsn2',0,'2021-05-14 06:01:14',0,0,NULL,0,NULL,0,0,0,0,NULL,0),
(33,'Hsn3',0,'2021-05-14 06:01:14',0,0,NULL,0,NULL,0,0,0,0,NULL,0),
(34,'Hsn4',0,'2021-05-14 06:01:14',0,0,NULL,0,NULL,0,0,0,0,NULL,0),
(35,'Hsn5',0,'2021-05-14 06:01:14',0,0,NULL,0,NULL,0,0,0,0,NULL,0),
(36,'Hsn6',0,'2021-05-14 06:01:14',0,0,NULL,0,NULL,0,0,0,0,NULL,0),
(37,'Hsn7',0,'2021-05-14 06:01:14',0,0,NULL,0,NULL,0,0,0,0,NULL,0),
(38,'Hsn8',0,'2021-05-14 06:01:14',0,0,NULL,0,NULL,0,0,0,0,NULL,0),
(39,'Hsn9',0,'2021-05-14 06:01:14',0,0,NULL,0,NULL,0,0,0,0,NULL,0),
(40,'Hsn10',0,'2021-05-14 06:01:14',0,0,NULL,0,NULL,0,0,0,0,NULL,0),
(41,'Hsn11',0,'2021-05-14 06:01:14',0,0,NULL,0,NULL,0,0,0,0,NULL,0),
(42,'Hsn12',0,'2021-05-14 06:01:14',0,0,NULL,0,NULL,0,0,0,0,NULL,0),
(43,'Hsn13',0,'2021-05-14 06:01:14',0,0,NULL,0,NULL,0,0,0,0,NULL,0),
(44,'Hsn14',0,'2021-05-14 06:01:14',0,0,NULL,0,NULL,0,0,0,0,NULL,0),
(45,'Hsn15',0,'2021-05-14 06:01:14',0,0,NULL,0,NULL,0,0,0,0,NULL,0),
(46,'Hsn16',0,'2021-05-14 06:01:14',0,0,NULL,0,NULL,0,0,0,0,NULL,0),
(47,'Hsn17',0,'2021-05-14 06:01:14',0,0,NULL,0,NULL,0,0,0,0,NULL,0),
(48,'Hsn18',0,'2021-05-14 06:01:14',0,0,NULL,0,NULL,0,0,0,0,NULL,0),
(49,'Hsn19',0,'2021-05-14 06:01:14',0,0,NULL,0,NULL,0,0,0,0,NULL,0),
(50,'Hsn20',0,'2021-05-14 06:01:15',0,0,NULL,0,NULL,0,0,0,0,NULL,0),
(51,'Hsn21',0,'2021-05-14 06:01:15',0,0,NULL,0,NULL,0,0,0,0,NULL,0),
(52,'Hsn22',0,'2021-05-14 06:01:15',0,0,NULL,0,NULL,0,0,0,0,NULL,0),
(53,'Hsn23',0,'2021-05-14 06:01:15',0,0,NULL,0,NULL,0,0,0,0,NULL,0),
(54,'Hsn24',0,'2021-05-14 06:01:15',0,0,NULL,0,NULL,0,0,0,0,NULL,0),
(55,'Hsn25',0,'2021-05-14 06:01:15',0,0,NULL,0,NULL,0,0,0,0,NULL,0),
(56,'Hsn26',0,'2021-05-14 06:01:15',0,0,NULL,0,NULL,0,0,0,0,NULL,0),
(57,'Hsn27',0,'2021-05-14 06:01:15',0,0,NULL,0,NULL,0,0,0,0,NULL,0),
(58,'Hsn28',0,'2021-05-14 06:01:15',0,0,NULL,0,NULL,0,0,0,0,NULL,0),
(59,'Hsn29',0,'2021-05-14 06:01:15',0,0,NULL,0,NULL,0,0,0,0,NULL,0),
(60,'Hsn30',0,'2021-05-14 06:01:15',0,0,NULL,0,NULL,0,0,0,0,NULL,0),
(61,'Hsn31',0,'2021-05-14 06:01:15',0,0,NULL,0,NULL,0,0,0,0,NULL,0),
(62,'Hsn32',0,'2021-05-14 06:01:15',0,0,NULL,0,NULL,0,0,0,0,NULL,0),
(63,'Hsn33',0,'2021-05-14 06:01:15',0,0,NULL,0,NULL,0,0,0,0,NULL,0),
(64,'Hsn34',0,'2021-05-14 06:01:15',0,0,NULL,0,NULL,0,0,0,0,NULL,0),
(65,'Hsn35',0,'2021-05-14 06:01:15',0,0,NULL,0,NULL,0,0,0,0,NULL,0),
(66,'Hsn36',0,'2021-05-14 06:01:15',0,0,NULL,0,NULL,0,0,0,0,NULL,0),
(67,'Hsn37',0,'2021-05-14 06:01:15',0,0,NULL,0,NULL,0,0,0,0,NULL,0),
(68,'Hsn38',0,'2021-05-14 06:01:15',0,0,NULL,0,NULL,0,0,0,0,NULL,0),
(69,'Hsn39',0,'2021-05-14 06:01:15',0,0,NULL,0,NULL,0,0,0,0,NULL,0),
(70,'Hsn40',0,'2021-05-14 06:01:15',0,0,NULL,0,NULL,0,0,0,0,NULL,0);

/*Table structure for table `t_hsn_log` */

DROP TABLE IF EXISTS `t_hsn_log`;

CREATE TABLE `t_hsn_log` (
  `logId` int(11) NOT NULL AUTO_INCREMENT,
  `hsnId` int(11) DEFAULT NULL,
  `hsnName` varchar(50) DEFAULT NULL,
  `isApproved` int(11) DEFAULT '0',
  `userId` int(11) DEFAULT NULL,
  `isDeleted` int(11) DEFAULT '0',
  `userAction` varchar(20) DEFAULT NULL,
  `transDate` datetime DEFAULT CURRENT_TIMESTAMP,
  `isActive` tinyint(1) DEFAULT '0',
  PRIMARY KEY (`logId`)
) ENGINE=InnoDB AUTO_INCREMENT=111 DEFAULT CHARSET=utf8mb4;

/*Data for the table `t_hsn_log` */

insert  into `t_hsn_log`(`logId`,`hsnId`,`hsnName`,`isApproved`,`userId`,`isDeleted`,`userAction`,`transDate`,`isActive`) values 
(1,1,'KALATMAK SPATIAL SYSTEMS',0,10,0,'insert','2020-10-26 18:54:10',0),
(2,2,'HS01',0,3,0,'insert','2020-10-27 09:37:40',0),
(3,2,'HS01',0,3,0,'update','2020-10-27 09:37:40',0),
(4,1,'KALATMAK SPATIAL SYSTEMS',0,10,0,'approve','2020-10-26 18:54:10',0),
(5,2,'HS011',0,3,0,'approve','2020-10-27 09:37:40',0),
(6,3,'HH',0,3,0,'insert','2020-12-10 11:29:00',0),
(7,3,'HH',0,3,0,'approve','2020-12-10 11:29:00',0),
(8,3,'HH',0,3,0,'update','2020-12-10 11:29:00',0),
(9,3,'HHKK',0,3,0,'delete','2020-12-10 11:29:00',0),
(10,4,'HS90',0,3,0,'insert','2021-02-13 06:09:58',0),
(11,4,'HS90',0,3,0,'update','2021-02-13 06:09:58',0),
(12,4,'HS900',0,3,0,'delete','2021-02-13 06:09:58',0),
(13,2,'HS011',1,3,0,'approve','2020-10-27 09:37:40',0),
(14,2,'HS011',0,3,0,'approve','2020-10-27 09:37:40',0),
(15,2,'HS011',1,3,0,'approve','2020-10-27 09:37:40',0),
(16,2,'HS011',0,3,0,'update','2020-10-27 09:37:40',0),
(17,5,'KKK',0,3,0,'insert','2021-04-02 09:34:01',0),
(18,5,'KKK',0,3,0,'delete','2021-04-02 09:34:01',0),
(19,6,'DFFD',0,3,0,'insert','2021-04-02 09:53:40',0),
(20,6,'DFFD',0,3,0,'delete','2021-04-02 09:53:40',0),
(21,7,'VCVV',0,3,0,'insert','2021-04-03 05:12:44',0),
(22,7,'VCVV',0,3,0,'approve','2021-04-03 05:12:44',0),
(23,7,'VCVV',0,3,0,'delete','2021-04-03 05:12:44',0),
(24,8,'HSOO1',0,3,0,'insert','2021-04-06 05:31:12',0),
(25,8,'HSOO1',0,3,0,'approve','2021-04-06 05:31:12',0),
(26,8,'HSOO1',1,3,0,'approve','2021-04-06 05:31:12',0),
(27,9,'LLPQ11',0,3,0,'insert','2021-04-07 00:33:24',0),
(28,2,'HS011',0,3,0,'approve','2020-10-27 09:37:40',0),
(29,10,'0001AA',0,3,0,'insert','2021-04-13 02:44:08',0),
(30,10,'0001AA',0,3,0,'approve','2021-04-13 02:44:08',0),
(31,2,'HS011',0,3,0,'update','2020-10-27 09:37:40',0),
(32,2,'HS01',0,3,0,'delete','2020-10-27 09:37:40',0),
(33,8,'HSOO1',0,3,0,'delete','2021-04-06 05:31:12',0),
(34,11,'KKK',0,3,0,'insert','2021-04-13 02:46:26',0),
(35,12,'AA',0,3,0,'insert','2021-04-13 02:46:37',0),
(36,13,'SD',0,3,0,'insert','2021-04-13 02:46:43',0),
(37,14,'GHJ',0,3,0,'insert','2021-04-13 02:46:50',0),
(38,15,'RW',0,3,0,'insert','2021-04-13 02:46:57',0),
(39,16,'HJ',0,3,0,'insert','2021-04-13 02:47:04',0),
(40,17,'AS',0,3,0,'insert','2021-04-13 02:47:09',0),
(41,18,'SDF',0,3,0,'insert','2021-04-13 02:47:23',0),
(42,19,'PAPA01',0,3,0,'insert','2021-04-14 00:08:25',0),
(43,19,'PAPA01',0,3,0,'approve','2021-04-14 00:08:25',0),
(44,15,'RW',0,3,0,'delete','2021-04-13 02:46:57',0),
(45,12,'AA',0,3,0,'approve','2021-04-13 02:46:37',0),
(46,20,'HSN',0,3,0,'insert','2021-04-14 00:36:21',0),
(47,20,'HSN',0,3,0,'approve','2021-04-14 00:36:21',0),
(48,20,'HSN',0,3,0,'delete','2021-04-14 00:36:21',0),
(49,21,'H1',0,0,0,'insert','2021-04-14 01:34:07',0),
(50,22,'H2',0,0,0,'insert','2021-04-14 01:34:08',0),
(51,23,'H3',0,0,0,'insert','2021-04-14 01:34:11',0),
(52,24,'H4',0,0,0,'insert','2021-04-14 01:34:13',0),
(53,25,'001h',0,0,0,'insert','2021-04-17 01:04:28',0),
(54,26,'0098k',0,0,0,'insert','2021-04-17 01:04:28',0),
(55,25,'001h',0,0,0,'approve','2021-04-17 01:04:28',0),
(56,26,'0098k',0,0,0,'approve','2021-04-17 01:04:28',0),
(57,25,'001h',1,0,0,'approve','2021-04-17 01:04:28',0),
(58,25,'001h',0,0,0,'delete','2021-04-17 01:04:28',0),
(59,27,'Lalit123',0,0,0,'insert','2021-04-17 07:24:43',0),
(60,28,'Kapil23',0,0,0,'insert','2021-04-17 07:24:43',0),
(61,27,'Lalit123',0,0,0,'approve','2021-04-17 07:24:43',0),
(62,27,'Lalit123',0,0,0,'delete','2021-04-17 07:24:43',0),
(63,10,'0001AA',0,3,0,'update','2021-04-13 02:44:08',0),
(64,29,'KAPIL4321',0,3,0,'insert','2021-05-03 08:19:47',0),
(65,10,'0001AA',0,3,0,'update','2021-04-13 02:44:08',0),
(66,10,'0001AAWWWWWWW',0,3,0,'delete','2021-04-13 02:44:08',0),
(67,30,'Rana4556',0,0,0,'insert','2021-05-03 08:23:03',0),
(68,17,'AS',0,3,0,'approve','2021-04-13 02:47:09',0),
(69,31,'Hsn1',0,0,0,'insert','2021-05-14 06:01:14',0),
(70,32,'Hsn2',0,0,0,'insert','2021-05-14 06:01:14',0),
(71,33,'Hsn3',0,0,0,'insert','2021-05-14 06:01:14',0),
(72,34,'Hsn4',0,0,0,'insert','2021-05-14 06:01:14',0),
(73,35,'Hsn5',0,0,0,'insert','2021-05-14 06:01:14',0),
(74,36,'Hsn6',0,0,0,'insert','2021-05-14 06:01:14',0),
(75,37,'Hsn7',0,0,0,'insert','2021-05-14 06:01:14',0),
(76,38,'Hsn8',0,0,0,'insert','2021-05-14 06:01:14',0),
(77,39,'Hsn9',0,0,0,'insert','2021-05-14 06:01:14',0),
(78,40,'Hsn10',0,0,0,'insert','2021-05-14 06:01:14',0),
(79,41,'Hsn11',0,0,0,'insert','2021-05-14 06:01:14',0),
(80,42,'Hsn12',0,0,0,'insert','2021-05-14 06:01:14',0),
(81,43,'Hsn13',0,0,0,'insert','2021-05-14 06:01:14',0),
(82,44,'Hsn14',0,0,0,'insert','2021-05-14 06:01:14',0),
(83,45,'Hsn15',0,0,0,'insert','2021-05-14 06:01:14',0),
(84,46,'Hsn16',0,0,0,'insert','2021-05-14 06:01:14',0),
(85,47,'Hsn17',0,0,0,'insert','2021-05-14 06:01:14',0),
(86,48,'Hsn18',0,0,0,'insert','2021-05-14 06:01:14',0),
(87,49,'Hsn19',0,0,0,'insert','2021-05-14 06:01:14',0),
(88,50,'Hsn20',0,0,0,'insert','2021-05-14 06:01:15',0),
(89,51,'Hsn21',0,0,0,'insert','2021-05-14 06:01:15',0),
(90,52,'Hsn22',0,0,0,'insert','2021-05-14 06:01:15',0),
(91,53,'Hsn23',0,0,0,'insert','2021-05-14 06:01:15',0),
(92,54,'Hsn24',0,0,0,'insert','2021-05-14 06:01:15',0),
(93,55,'Hsn25',0,0,0,'insert','2021-05-14 06:01:15',0),
(94,56,'Hsn26',0,0,0,'insert','2021-05-14 06:01:15',0),
(95,57,'Hsn27',0,0,0,'insert','2021-05-14 06:01:15',0),
(96,58,'Hsn28',0,0,0,'insert','2021-05-14 06:01:15',0),
(97,59,'Hsn29',0,0,0,'insert','2021-05-14 06:01:15',0),
(98,60,'Hsn30',0,0,0,'insert','2021-05-14 06:01:15',0),
(99,61,'Hsn31',0,0,0,'insert','2021-05-14 06:01:15',0),
(100,62,'Hsn32',0,0,0,'insert','2021-05-14 06:01:15',0),
(101,63,'Hsn33',0,0,0,'insert','2021-05-14 06:01:15',0),
(102,64,'Hsn34',0,0,0,'insert','2021-05-14 06:01:15',0),
(103,65,'Hsn35',0,0,0,'insert','2021-05-14 06:01:15',0),
(104,66,'Hsn36',0,0,0,'insert','2021-05-14 06:01:15',0),
(105,67,'Hsn37',0,0,0,'insert','2021-05-14 06:01:15',0),
(106,68,'Hsn38',0,0,0,'insert','2021-05-14 06:01:15',0),
(107,69,'Hsn39',0,0,0,'insert','2021-05-14 06:01:15',0),
(108,70,'Hsn40',0,0,0,'insert','2021-05-14 06:01:15',0),
(109,14,'GHJ',0,3,0,'approve','2021-04-13 02:46:50',0),
(110,26,'0098k',1,0,0,'approve','2021-04-17 01:04:28',0);

/*Table structure for table `t_paymentterm` */

DROP TABLE IF EXISTS `t_paymentterm`;

CREATE TABLE `t_paymentterm` (
  `paymentTermId` int(11) NOT NULL AUTO_INCREMENT,
  `paymentTermCode` varchar(30) DEFAULT NULL,
  `paymentTermName` varchar(100) DEFAULT NULL,
  `creditDays` varchar(30) DEFAULT NULL,
  `toleranceDays` varchar(30) DEFAULT NULL,
  `relateTo` varchar(20) DEFAULT NULL,
  `userId` int(11) DEFAULT NULL,
  `transDate` datetime DEFAULT CURRENT_TIMESTAMP,
  `isApproved` int(11) DEFAULT '0',
  `approvedUserId` int(11) DEFAULT '0',
  `approvedDateTime` datetime DEFAULT NULL,
  `isDeleted` int(11) DEFAULT '0',
  `deleteDateTime` datetime DEFAULT NULL,
  `deleteUserId` int(11) DEFAULT '0',
  `updateCount` int(11) DEFAULT '0',
  `lastUpdateUserId` int(11) DEFAULT '0',
  `isActive` tinyint(1) DEFAULT '0',
  `activateDateTime` datetime DEFAULT NULL,
  `activateUserId` int(11) DEFAULT '0',
  PRIMARY KEY (`paymentTermId`)
) ENGINE=InnoDB AUTO_INCREMENT=38 DEFAULT CHARSET=utf8mb4;

/*Data for the table `t_paymentterm` */

insert  into `t_paymentterm`(`paymentTermId`,`paymentTermCode`,`paymentTermName`,`creditDays`,`toleranceDays`,`relateTo`,`userId`,`transDate`,`isApproved`,`approvedUserId`,`approvedDateTime`,`isDeleted`,`deleteDateTime`,`deleteUserId`,`updateCount`,`lastUpdateUserId`,`isActive`,`activateDateTime`,`activateUserId`) values 
(1,'PTS','PTS','10','1500','Customer',10,'2020-10-26 18:51:20',1,3,'2020-10-27 09:33:13',1,'2021-02-13 06:39:59',3,0,0,0,NULL,0),
(2,'PTR','Payment','450','23','Customer',3,'2020-10-27 09:33:01',1,3,'2021-04-03 07:52:53',0,NULL,0,4,3,0,NULL,0),
(3,'FGFGHF','Fgfgf','4545','454','Customer',3,'2020-12-10 11:25:00',1,3,'2020-12-10 11:25:03',1,'2020-12-10 11:25:16',3,1,3,0,NULL,0),
(4,'VNBNBMB','Nm,m,.m.','55','21','Vendor',3,'2021-04-02 10:21:13',0,0,NULL,1,'2021-04-02 10:21:34',3,0,0,0,NULL,0),
(5,'ERRRR','Tyt','33','44','Customer',3,'2021-04-03 05:07:26',1,3,'2021-04-03 05:07:32',1,'2021-04-03 05:07:44',3,1,3,0,NULL,0),
(6,'LTR','Cash','500','15','Customer',3,'2021-04-07 03:12:24',1,3,'2021-04-12 23:18:58',1,'2021-04-12 23:19:05',3,0,0,0,NULL,0),
(7,'LAKHAN','Term','25','522','Vendor',3,'2021-04-12 23:18:45',1,3,'2021-04-12 23:18:53',1,'2021-05-03 06:38:09',3,3,3,0,NULL,0),
(8,'DD','Ff','EE','WW','QQ',0,'2021-04-14 06:51:24',1,3,'2021-05-14 07:18:45',0,NULL,0,0,0,0,NULL,0),
(9,'KA1','KA2','KA3','KA4','KA5',0,'2021-04-16 00:39:25',0,0,NULL,0,NULL,0,0,0,0,NULL,0),
(10,'RANA1','Rana2','RANA3','RANA4','RANA5',0,'2021-04-16 00:41:27',1,3,'2021-04-16 00:41:46',1,'2021-04-16 00:44:25',3,0,0,0,NULL,0),
(11,'RANA1','Rana2','RANA3','RANA4','RANA5',0,'2021-04-16 00:44:35',0,0,NULL,0,NULL,0,0,0,0,NULL,0),
(12,'P1','P2','4','5','Customer',0,'2021-04-16 04:53:29',0,0,NULL,0,NULL,0,1,3,0,NULL,0),
(13,'HA','Pp','YY','KA','PL',0,'2021-04-16 07:44:42',1,3,'2021-04-16 07:45:01',1,'2021-04-16 07:45:35',3,0,0,0,NULL,0),
(14,'AK','AK1','AK2','AK3aaaaaaaaaaa','Vendor',0,'2021-04-17 04:08:24',1,3,'2021-05-03 06:40:03',1,'2021-05-03 06:40:25',3,2,3,0,NULL,0),
(15,'HA','Pp','YY','KA','PL',0,'2021-04-17 04:09:54',0,0,NULL,0,NULL,0,0,0,0,NULL,0),
(16,'AATA','Rata','12','212','Customer',3,'2021-05-03 06:37:07',1,3,'2021-05-03 06:37:19',0,NULL,0,1,3,0,NULL,0),
(17,'AAAA','Bbbb','21','56','VENDOR',0,'2021-05-03 06:39:47',0,3,'2021-05-17 01:17:14',0,NULL,0,0,0,0,NULL,0),
(18,'JAJA','Taya','12','23','VENDOR',0,'2021-05-03 07:21:44',0,0,NULL,0,NULL,0,0,0,0,NULL,0),
(19,'PTC1','Ot1','1','TD1','VENDOR1',0,'2021-05-13 03:22:10',0,0,NULL,0,NULL,0,0,0,0,NULL,0),
(20,'K1','P1','C1','T1','V1',0,'2021-05-13 03:25:39',0,0,NULL,0,NULL,0,0,0,0,NULL,0),
(21,'P2','P3','4','5','CUSTOMER',0,'2021-05-17 07:16:18',0,0,NULL,0,NULL,0,0,0,0,NULL,0),
(22,'P3','P4','4','5','CUSTOMER',0,'2021-05-17 07:16:19',0,0,NULL,0,NULL,0,0,0,0,NULL,0),
(23,'P4','P5','4','5','CUSTOMER',0,'2021-05-17 07:16:20',0,0,NULL,0,NULL,0,0,0,0,NULL,0),
(24,'P5','P6','4','5','CUSTOMER',0,'2021-05-17 07:16:20',0,0,NULL,0,NULL,0,0,0,0,NULL,0),
(25,'P6','P7','4','5','CUSTOMER',0,'2021-05-17 07:16:21',0,0,NULL,0,NULL,0,0,0,0,NULL,0),
(26,'P7','P8','4','5','CUSTOMER',0,'2021-05-17 07:16:22',0,0,NULL,0,NULL,0,0,0,0,NULL,0),
(27,'P8','P9','4','5','CUSTOMER',0,'2021-05-17 07:16:23',0,0,NULL,0,NULL,0,0,0,0,NULL,0),
(28,'P9','P10','4','5','CUSTOMER',0,'2021-05-17 07:16:24',0,0,NULL,0,NULL,0,0,0,0,NULL,0),
(29,'P10','P11','4','5','CUSTOMER',0,'2021-05-17 07:16:25',0,0,NULL,0,NULL,0,0,0,0,NULL,0),
(30,'P11','P12','4','5','CUSTOMER',0,'2021-05-17 07:16:26',0,0,NULL,0,NULL,0,0,0,0,NULL,0),
(31,'P12','P13','4','5','CUSTOMER',0,'2021-05-17 07:16:27',0,0,NULL,0,NULL,0,0,0,0,NULL,0),
(32,'P13','P14','4','5','CUSTOMER',0,'2021-05-17 07:16:27',0,0,NULL,0,NULL,0,0,0,0,NULL,0),
(33,'P14','P15','4','5','CUSTOMER',0,'2021-05-17 07:16:28',0,0,NULL,0,NULL,0,0,0,0,NULL,0),
(34,'P15','P16','4','5','CUSTOMER',0,'2021-05-17 07:16:29',0,0,NULL,0,NULL,0,0,0,0,NULL,0),
(35,'P16','P17','4','5','CUSTOMER',0,'2021-05-17 07:16:30',0,0,NULL,0,NULL,0,0,0,0,NULL,0),
(36,'P17','P18','4','5','CUSTOMER',0,'2021-05-17 07:16:31',0,0,NULL,0,NULL,0,0,0,0,NULL,0),
(37,'P18','P19','4','5','CUSTOMER',0,'2021-05-17 07:16:32',0,0,NULL,0,NULL,0,0,0,0,NULL,0);

/*Table structure for table `t_paymentterm_log` */

DROP TABLE IF EXISTS `t_paymentterm_log`;

CREATE TABLE `t_paymentterm_log` (
  `logId` int(11) NOT NULL AUTO_INCREMENT,
  `paymentTermId` int(11) DEFAULT NULL,
  `paymentTermCode` varchar(30) DEFAULT NULL,
  `paymentTermName` varchar(100) DEFAULT NULL,
  `creditDays` varchar(30) DEFAULT NULL,
  `toleranceDays` varchar(30) DEFAULT NULL,
  `relateTo` varchar(20) DEFAULT NULL,
  `isApproved` int(11) DEFAULT '0',
  `userId` int(11) DEFAULT NULL,
  `isDeleted` int(11) DEFAULT '0',
  `userAction` varchar(20) DEFAULT NULL,
  `transDate` datetime DEFAULT CURRENT_TIMESTAMP,
  `isActive` tinyint(1) DEFAULT '0',
  PRIMARY KEY (`logId`)
) ENGINE=InnoDB AUTO_INCREMENT=74 DEFAULT CHARSET=utf8mb4;

/*Data for the table `t_paymentterm_log` */

insert  into `t_paymentterm_log`(`logId`,`paymentTermId`,`paymentTermCode`,`paymentTermName`,`creditDays`,`toleranceDays`,`relateTo`,`isApproved`,`userId`,`isDeleted`,`userAction`,`transDate`,`isActive`) values 
(1,2,'PTR','Payment','45','23','Customer',0,3,0,'update','2020-10-27 09:33:01',0),
(2,1,'PTS','PTS','10','1500','Customer',0,10,0,'approve','2020-10-26 18:51:20',0),
(3,2,'PTR','Payment','450','23','Customer',0,3,0,'approve','2020-10-27 09:33:01',0),
(4,3,'FGFGHF','Fgfgf','454','454','Customer',0,3,0,'approve','2020-12-10 11:25:00',0),
(5,3,'FGFGHF','Fgfgf','454','454','Customer',0,3,0,'update','2020-12-10 11:25:00',0),
(6,3,'FGFGHF','Fgfgf','4545','454','Customer',0,3,0,'delete','2020-12-10 11:25:00',0),
(7,2,'PTR','Payment','450','23','Customer',1,3,0,'approve','2020-10-27 09:33:01',0),
(8,2,'PTR','Payment','450','23','Customer',0,3,0,'update','2020-10-27 09:33:01',0),
(9,1,'PTS','PTS','10','1500','Customer',0,10,0,'delete','2020-10-26 18:51:20',0),
(10,2,'PTR','Payment','450','23','Vendor',0,3,0,'approve','2020-10-27 09:33:01',0),
(11,2,'PTR','Payment','450','23','Vendor',0,3,0,'update','2020-10-27 09:33:01',0),
(12,4,'VNBNBMB','Nm,m,.m.','55','21','Vendor',0,3,0,'insert','2021-04-02 10:21:13',0),
(13,4,'VNBNBMB','Nm,m,.m.','55','21','Vendor',0,3,0,'delete','2021-04-02 10:21:13',0),
(14,5,'ERRRR','Tyt','33','44','Customer',0,3,0,'insert','2021-04-03 05:07:26',0),
(15,5,'ERRRR','Tyt','33','44','Customer',0,3,0,'approve','2021-04-03 05:07:26',0),
(16,5,'ERRRR','Tyt','33','44','Customer',0,3,0,'update','2021-04-03 05:07:26',0),
(17,5,'ERRRR','Tyt','33','44','Customer',0,3,0,'delete','2021-04-03 05:07:26',0),
(18,2,'PTR','Payment','450','23','Vendor',1,3,0,'approve','2020-10-27 09:33:01',0),
(19,2,'PTR','Payment','450','23','Vendor',0,3,0,'approve','2020-10-27 09:33:01',0),
(20,6,'LTR','Cash','500','15','Customer',0,3,0,'insert','2021-04-07 03:12:24',0),
(21,7,'RAM','Baba','500','50','Vendor',0,3,0,'insert','2021-04-12 23:18:45',0),
(22,7,'RAM','Baba','500','50','Vendor',0,3,0,'approve','2021-04-12 23:18:45',0),
(23,6,'LTR','Cash','500','15','Customer',0,3,0,'approve','2021-04-07 03:12:24',0),
(24,6,'LTR','Cash','500','15','Customer',0,3,0,'delete','2021-04-07 03:12:24',0),
(25,7,'RAM','Baba','500','50','Vendor',0,3,0,'update','2021-04-12 23:18:45',0),
(26,7,'RAM','Term','','','Vendor',0,3,0,'update','2021-04-12 23:18:45',0),
(27,2,'PTR','Payment','450','23','Vendor',0,3,0,'update','2020-10-27 09:33:01',0),
(28,8,'DD','Ff','EE','WW','QQ',0,0,0,'insert','2021-04-14 06:51:24',0),
(29,9,'KA1','KA2','KA3','KA4','KA5',0,0,0,'insert','2021-04-16 00:39:25',0),
(30,10,'RANA1','Rana2','RANA3','RANA4','RANA5',0,0,0,'insert','2021-04-16 00:41:27',0),
(31,10,'RANA1','Rana2','RANA3','RANA4','RANA5',0,0,0,'approve','2021-04-16 00:41:27',0),
(32,10,'RANA1','Rana2','RANA3','RANA4','RANA5',0,0,0,'delete','2021-04-16 00:41:27',0),
(33,11,'RANA1','Rana2','RANA3','RANA4','RANA5',0,0,0,'insert','2021-04-16 00:44:35',0),
(34,12,'P1','P2','4','5','CUSTOMER',0,0,0,'insert','2021-04-16 04:53:29',0),
(35,13,'HA','Pp','YY','KA','PL',0,0,0,'insert','2021-04-16 07:44:42',0),
(36,13,'HA','Pp','YY','KA','PL',0,0,0,'approve','2021-04-16 07:44:42',0),
(37,13,'HA','Pp','YY','KA','PL',0,0,0,'delete','2021-04-16 07:44:42',0),
(38,14,'AK','AK1','AK2','AK3','AK4',0,0,0,'insert','2021-04-17 04:08:24',0),
(39,15,'HA','Pp','YY','KA','PL',0,0,0,'insert','2021-04-17 04:09:54',0),
(40,7,'RAM','Term','50','78','Vendor',0,3,0,'update','2021-04-12 23:18:45',0),
(41,12,'P1','P2','4','5','CUSTOMER',0,0,0,'update','2021-04-16 04:53:29',0),
(42,14,'AK','AK1','AK2','AK3','AK4',0,0,0,'update','2021-04-17 04:08:24',0),
(43,16,'AATA','Rata','12','21','Customer',0,3,0,'insert','2021-05-03 06:37:07',0),
(44,16,'AATA','Rata','12','21','Customer',0,3,0,'approve','2021-05-03 06:37:07',0),
(45,16,'AATA','Rata','12','21','Customer',0,3,0,'update','2021-05-03 06:37:07',0),
(46,7,'LAKHAN','Term','25','522','Vendor',0,3,0,'delete','2021-04-12 23:18:45',0),
(47,17,'AAAA','Bbbb','21','56','VENDOR',0,0,0,'insert','2021-05-03 06:39:47',0),
(48,14,'AK','AK1','AK2','AK3','Vendor',0,0,0,'approve','2021-04-17 04:08:24',0),
(49,14,'AK','AK1','AK2','AK3','Vendor',0,0,0,'update','2021-04-17 04:08:24',0),
(50,14,'AK','AK1','AK2','AK3aaaaaaaaaaa','Vendor',0,0,0,'delete','2021-04-17 04:08:24',0),
(51,17,'AAAA','Bbbb','21','56','VENDOR',0,0,0,'approve','2021-05-03 06:39:47',0),
(52,18,'JAJA','Taya','12','23','VENDOR',0,0,0,'insert','2021-05-03 07:21:44',0),
(53,19,'PTC1','Ot1','1','TD1','VENDOR1',0,0,0,'insert','2021-05-13 03:22:10',0),
(54,20,'K1','P1','C1','T1','V1',0,0,0,'insert','2021-05-13 03:25:39',0),
(55,8,'DD','Ff','EE','WW','QQ',0,0,0,'approve','2021-04-14 06:51:24',0),
(56,17,'AAAA','Bbbb','21','56','VENDOR',1,0,0,'approve','2021-05-03 06:39:47',0),
(57,21,'P2','P3','4','5','CUSTOMER',0,0,0,'insert','2021-05-17 07:16:18',0),
(58,22,'P3','P4','4','5','CUSTOMER',0,0,0,'insert','2021-05-17 07:16:19',0),
(59,23,'P4','P5','4','5','CUSTOMER',0,0,0,'insert','2021-05-17 07:16:20',0),
(60,24,'P5','P6','4','5','CUSTOMER',0,0,0,'insert','2021-05-17 07:16:20',0),
(61,25,'P6','P7','4','5','CUSTOMER',0,0,0,'insert','2021-05-17 07:16:21',0),
(62,26,'P7','P8','4','5','CUSTOMER',0,0,0,'insert','2021-05-17 07:16:22',0),
(63,27,'P8','P9','4','5','CUSTOMER',0,0,0,'insert','2021-05-17 07:16:23',0),
(64,28,'P9','P10','4','5','CUSTOMER',0,0,0,'insert','2021-05-17 07:16:24',0),
(65,29,'P10','P11','4','5','CUSTOMER',0,0,0,'insert','2021-05-17 07:16:25',0),
(66,30,'P11','P12','4','5','CUSTOMER',0,0,0,'insert','2021-05-17 07:16:26',0),
(67,31,'P12','P13','4','5','CUSTOMER',0,0,0,'insert','2021-05-17 07:16:27',0),
(68,32,'P13','P14','4','5','CUSTOMER',0,0,0,'insert','2021-05-17 07:16:27',0),
(69,33,'P14','P15','4','5','CUSTOMER',0,0,0,'insert','2021-05-17 07:16:28',0),
(70,34,'P15','P16','4','5','CUSTOMER',0,0,0,'insert','2021-05-17 07:16:29',0),
(71,35,'P16','P17','4','5','CUSTOMER',0,0,0,'insert','2021-05-17 07:16:30',0),
(72,36,'P17','P18','4','5','CUSTOMER',0,0,0,'insert','2021-05-17 07:16:31',0),
(73,37,'P18','P19','4','5','CUSTOMER',0,0,0,'insert','2021-05-17 07:16:32',0);

/*Table structure for table `t_postingperiod` */

DROP TABLE IF EXISTS `t_postingperiod`;

CREATE TABLE `t_postingperiod` (
  `postperiodId` int(11) NOT NULL AUTO_INCREMENT,
  `companyId` int(11) DEFAULT NULL,
  `periodCode` varchar(50) DEFAULT NULL,
  `periodName` varchar(50) DEFAULT NULL,
  `subPeriod` varchar(50) DEFAULT NULL,
  `fiscalYearStart` datetime DEFAULT NULL,
  `userId` int(11) DEFAULT NULL,
  `transDate` datetime DEFAULT CURRENT_TIMESTAMP,
  `isApproved` int(11) DEFAULT '0',
  `approvedUserId` int(11) DEFAULT '0',
  `approvedDateTime` datetime DEFAULT NULL,
  `isDeleted` int(11) DEFAULT '0',
  `deleteDateTime` datetime DEFAULT NULL,
  `deleteUserId` int(11) DEFAULT '0',
  `updateCount` int(11) DEFAULT '0',
  `lastUpdateUserId` int(11) DEFAULT '0',
  `isActive` tinyint(1) DEFAULT '0',
  `activateDateTime` datetime DEFAULT NULL,
  `activateUserId` int(11) DEFAULT '0',
  PRIMARY KEY (`postperiodId`)
) ENGINE=InnoDB AUTO_INCREMENT=34 DEFAULT CHARSET=utf8mb4;

/*Data for the table `t_postingperiod` */

insert  into `t_postingperiod`(`postperiodId`,`companyId`,`periodCode`,`periodName`,`subPeriod`,`fiscalYearStart`,`userId`,`transDate`,`isApproved`,`approvedUserId`,`approvedDateTime`,`isDeleted`,`deleteDateTime`,`deleteUserId`,`updateCount`,`lastUpdateUserId`,`isActive`,`activateDateTime`,`activateUserId`) values 
(1,1,'789654566','78954566','Year','2020-10-29 00:00:00',10,'2020-10-26 18:51:37',1,3,'2021-04-17 01:26:53',0,NULL,0,4,3,0,NULL,0),
(2,1,'876543','444','Year','2020-10-21 00:00:00',3,'2020-10-27 09:33:43',1,3,'2021-04-22 07:03:46',0,NULL,0,3,3,0,NULL,0),
(3,2,'444','Fdsfgdgfg','Year','2020-12-23 00:00:00',3,'2020-12-10 11:25:39',1,3,'2020-12-10 11:25:43',1,'2020-12-10 11:25:54',3,1,3,0,NULL,0),
(4,2,'VBVNBVN','Nmnm,','Month','2021-04-22 00:00:00',3,'2021-04-02 10:22:09',0,0,NULL,1,'2021-04-02 10:22:18',3,0,0,0,NULL,0),
(5,1,'FFFF','Sdd','Month','2021-04-30 00:00:00',3,'2021-04-03 05:08:15',1,3,'2021-04-03 05:08:34',1,'2021-04-03 05:08:49',3,1,3,0,NULL,0),
(6,2,'78698','102','Year','2021-04-07 00:00:00',3,'2021-04-07 03:15:29',1,3,'2021-04-16 01:54:30',1,'2021-04-16 01:55:31',3,1,3,0,NULL,0),
(7,13,'PO','Pon','Month','2021-04-08 00:00:00',3,'2021-04-08 09:52:14',0,0,NULL,1,'2021-04-12 23:40:41',3,0,0,0,NULL,0),
(8,20,'45667788','Tata','Year','2021-05-07 00:00:00',3,'2021-04-12 23:39:28',1,3,'2021-04-12 23:39:44',1,'2021-04-22 07:05:59',3,0,0,0,NULL,0),
(9,26,'5855','Undefined','jhuy','0001-01-01 00:00:00',0,'2021-04-17 00:40:51',0,0,NULL,1,'2021-04-17 00:41:51',3,0,0,0,NULL,0),
(10,26,'5855','Undefined','year','0001-01-01 00:00:00',0,'2021-04-17 00:45:57',0,0,NULL,1,'2021-04-17 00:57:40',3,0,0,0,NULL,0),
(11,26,'5855','Undefined','year','0001-01-01 00:00:00',0,'2021-04-17 01:23:45',0,0,NULL,1,'2021-04-17 01:24:21',3,0,0,0,NULL,0),
(12,26,'1245','Undefined','Year','0001-01-01 00:00:00',0,'2021-04-17 03:45:28',0,0,NULL,1,'2021-04-17 03:47:23',3,0,0,0,NULL,0),
(13,25,'6266','Jjjj','Year','2021-04-17 00:00:00',3,'2021-04-17 05:27:04',0,0,NULL,1,'2021-04-17 05:27:19',3,0,0,0,NULL,0),
(14,26,'1245','Abbbv','Year','0001-01-01 00:00:00',0,'2021-04-17 05:50:21',0,0,NULL,1,'2021-04-17 05:53:15',3,0,0,0,NULL,0),
(15,26,'1245','Abbbv','Year','0001-01-01 00:00:00',0,'2021-04-17 05:53:33',0,0,NULL,0,NULL,0,0,0,0,NULL,0),
(16,29,'D4','Ghgjghj','Month','2021-04-20 00:00:00',0,'2021-04-21 01:43:37',0,0,NULL,0,NULL,0,2,3,0,NULL,0),
(17,39,'BPT','Balaji','Month','2021-04-30 00:00:00',3,'2021-04-22 06:48:48',1,3,'2021-04-22 06:49:29',1,'2021-04-22 06:50:00',3,1,3,0,NULL,0),
(18,39,'KCL','Cjjj','Year','2022-06-22 00:00:00',0,'2021-04-22 06:53:46',0,3,'2021-04-22 07:03:50',0,NULL,0,1,3,0,NULL,0),
(19,19,'2','Ttt','Year','2021-07-25 00:00:00',3,'2021-04-25 04:17:58',0,3,'2021-05-20 22:16:37',0,NULL,0,0,0,0,NULL,0),
(20,42,'CQQQ','Dd','Year','2021-03-20 00:00:00',0,'2021-04-30 01:55:44',1,3,'2021-05-03 07:23:56',1,'2021-05-03 07:24:26',3,2,3,0,NULL,0),
(21,46,'12','Dev','Year','2022-02-20 00:00:00',0,'2021-04-30 05:58:14',1,3,'2021-05-20 09:10:23',0,NULL,0,0,0,0,NULL,0),
(22,54,'UU','Uyy','Year','2021-05-03 00:00:00',3,'2021-05-03 07:23:46',0,0,NULL,0,NULL,0,0,0,0,NULL,0),
(23,55,'KH','Jk','Year','0001-01-01 00:00:00',0,'2021-05-03 07:25:30',1,3,'2021-05-03 07:28:34',1,'2021-05-03 07:30:01',3,1,3,0,NULL,0),
(24,98,'DD1','Ghgjghj1','ee1','2021-04-20 00:00:00',0,'2021-05-17 07:24:48',0,0,NULL,0,NULL,0,0,0,0,NULL,0),
(25,99,'DD2','Ghgjghj2','ee2','2022-04-20 00:00:00',0,'2021-05-17 07:24:49',0,0,NULL,0,NULL,0,0,0,0,NULL,0),
(26,100,'DD3','Ghgjghj3','ee3','2023-04-20 00:00:00',0,'2021-05-17 07:24:51',0,0,NULL,0,NULL,0,0,0,0,NULL,0),
(27,101,'DD4','Ghgjghj4','ee4','2024-04-20 00:00:00',0,'2021-05-17 07:24:53',0,0,NULL,0,NULL,0,0,0,0,NULL,0),
(28,102,'DD5','Ghgjghj5','ee5','2025-04-20 00:00:00',0,'2021-05-17 07:24:54',0,0,NULL,0,NULL,0,0,0,0,NULL,0),
(29,103,'DD6','Ghgjghj6','ee6','2026-04-20 00:00:00',0,'2021-05-17 07:24:56',0,0,NULL,0,NULL,0,0,0,0,NULL,0),
(30,104,'DD7','Ghgjghj7','ee7','2027-04-20 00:00:00',0,'2021-05-17 07:24:58',0,0,NULL,0,NULL,0,0,0,0,NULL,0),
(31,105,'DD8','Ghgjghj8','ee8','2028-04-20 00:00:00',0,'2021-05-17 07:25:00',0,0,NULL,0,NULL,0,0,0,0,NULL,0),
(32,106,'DD9','Ghgjghj9','ee9','2029-04-20 00:00:00',0,'2021-05-17 07:25:01',0,0,NULL,0,NULL,0,0,0,0,NULL,0),
(33,107,'DD10','Ghgjghj10','ee10','2030-04-20 00:00:00',0,'2021-05-17 07:25:03',0,0,NULL,0,NULL,0,0,0,0,NULL,0);

/*Table structure for table `t_postingperiod_log` */

DROP TABLE IF EXISTS `t_postingperiod_log`;

CREATE TABLE `t_postingperiod_log` (
  `logId` int(11) NOT NULL AUTO_INCREMENT,
  `postperiodId` int(11) DEFAULT NULL,
  `companyId` int(11) DEFAULT NULL,
  `periodCode` varchar(50) DEFAULT NULL,
  `periodName` varchar(50) DEFAULT NULL,
  `subPeriod` varchar(50) DEFAULT NULL,
  `fiscalYearStart` datetime DEFAULT NULL,
  `isApproved` tinyint(4) DEFAULT NULL,
  `userId` int(11) DEFAULT NULL,
  `isDeleted` int(11) DEFAULT '0',
  `userAction` varchar(20) DEFAULT NULL,
  `transDate` datetime DEFAULT CURRENT_TIMESTAMP,
  `isActive` tinyint(1) DEFAULT '0',
  PRIMARY KEY (`logId`)
) ENGINE=InnoDB AUTO_INCREMENT=92 DEFAULT CHARSET=utf8mb4;

/*Data for the table `t_postingperiod_log` */

insert  into `t_postingperiod_log`(`logId`,`postperiodId`,`companyId`,`periodCode`,`periodName`,`subPeriod`,`fiscalYearStart`,`isApproved`,`userId`,`isDeleted`,`userAction`,`transDate`,`isActive`) values 
(1,1,1,'789654566','78954566','Year','2020-10-26 00:00:00',NULL,10,0,'insert','2020-10-26 18:51:37',0),
(2,2,1,'78','17-19','Year','2020-10-21 00:00:00',NULL,3,0,'insert','2020-10-27 09:33:43',0),
(3,2,1,'78','17-19','Year','2020-10-21 00:00:00',NULL,3,0,'update','2020-10-27 09:33:43',0),
(4,1,1,'789654566','78954566','Year','2020-10-26 00:00:00',0,10,0,'approve','2020-10-26 18:51:37',0),
(5,2,1,'78','17-20','Year','2020-10-21 00:00:00',0,3,0,'approve','2020-10-27 09:33:43',0),
(6,3,2,'444','Fdsfgdgfg','Year','2020-12-12 00:00:00',NULL,3,0,'insert','2020-12-10 11:25:39',0),
(7,3,2,'444','Fdsfgdgfg','Year','2020-12-12 00:00:00',0,3,0,'approve','2020-12-10 11:25:39',0),
(8,3,2,'444','Fdsfgdgfg','Year','2020-12-12 00:00:00',NULL,3,0,'update','2020-12-10 11:25:39',0),
(9,3,2,'444','Fdsfgdgfg','Year','2020-12-23 00:00:00',NULL,3,0,'delete','2020-12-10 11:25:39',0),
(10,1,1,'789654566','78954566','Year','2020-10-26 00:00:00',NULL,10,0,'update','2020-10-26 18:51:37',0),
(11,1,1,'789654566','78954566','Year','2020-10-26 00:00:00',NULL,10,0,'update','2020-10-26 18:51:37',0),
(12,2,1,'78','17-20','Year','2020-10-21 00:00:00',1,3,0,'approve','2020-10-27 09:33:43',0),
(13,2,1,'78','17-20','Year','2020-10-21 00:00:00',NULL,3,0,'update','2020-10-27 09:33:43',0),
(14,4,2,'VBVNBVN','Nmnm,','Month','2021-04-22 00:00:00',NULL,3,0,'insert','2021-04-02 10:22:09',0),
(15,4,2,'VBVNBVN','Nmnm,','Month','2021-04-22 00:00:00',NULL,3,0,'delete','2021-04-02 10:22:09',0),
(16,5,1,'FFFF','Sdd','Month','2021-04-30 00:00:00',NULL,3,0,'insert','2021-04-03 05:08:15',0),
(17,5,1,'FFFF','Sdd','Month','2021-04-30 00:00:00',0,3,0,'approve','2021-04-03 05:08:15',0),
(18,5,1,'FFFF','Sdd','Month','2021-04-30 00:00:00',NULL,3,0,'update','2021-04-03 05:08:15',0),
(19,5,1,'FFFF','Sdd','Month','2021-04-30 00:00:00',NULL,3,0,'delete','2021-04-03 05:08:15',0),
(20,6,2,'78698','100','Year','2021-04-07 00:00:00',NULL,3,0,'insert','2021-04-07 03:15:29',0),
(21,7,13,'PO','Pon','Month','2021-04-08 00:00:00',NULL,3,0,'insert','2021-04-08 09:52:14',0),
(22,1,1,'789654566','78954566','Year','2020-10-29 00:00:00',NULL,10,0,'update','2020-10-26 18:51:37',0),
(23,8,20,'45667788','Tata','Year','2021-05-07 00:00:00',NULL,3,0,'insert','2021-04-12 23:39:28',0),
(24,8,20,'45667788','Tata','Year','2021-05-07 00:00:00',0,3,0,'approve','2021-04-12 23:39:28',0),
(25,2,1,'78','17-20','Year','2020-10-21 00:00:00',NULL,3,0,'update','2020-10-27 09:33:43',0),
(26,7,13,'PO','Pon','Month','2021-04-08 00:00:00',NULL,3,0,'delete','2021-04-08 09:52:14',0),
(27,6,2,'78698','100','Year','2021-04-07 00:00:00',0,3,0,'approve','2021-04-07 03:15:29',0),
(28,6,2,'78698','100','Year','2021-04-07 00:00:00',NULL,3,0,'update','2021-04-07 03:15:29',0),
(29,6,2,'78698','102','Year','2021-04-07 00:00:00',NULL,3,0,'delete','2021-04-07 03:15:29',0),
(30,9,26,'5855','Undefined','jhuy','0001-01-01 00:00:00',NULL,0,0,'insert','2021-04-17 00:40:51',0),
(31,9,26,'5855','Undefined','jhuy','0001-01-01 00:00:00',NULL,0,0,'delete','2021-04-17 00:40:51',0),
(32,10,26,'5855','Undefined','year','0001-01-01 00:00:00',NULL,0,0,'insert','2021-04-17 00:45:57',0),
(33,10,26,'5855','Undefined','year','0001-01-01 00:00:00',NULL,0,0,'delete','2021-04-17 00:45:57',0),
(34,11,26,'5855','Undefined','year','0001-01-01 00:00:00',NULL,0,0,'insert','2021-04-17 01:23:45',0),
(35,11,26,'5855','Undefined','year','0001-01-01 00:00:00',NULL,0,0,'delete','2021-04-17 01:23:45',0),
(36,2,1,'876543','444','Year','2020-10-21 00:00:00',0,3,0,'approve','2020-10-27 09:33:43',0),
(37,2,1,'876543','444','Year','2020-10-21 00:00:00',1,3,0,'approve','2020-10-27 09:33:43',0),
(38,2,1,'876543','444','Year','2020-10-21 00:00:00',0,3,0,'approve','2020-10-27 09:33:43',0),
(39,1,1,'789654566','78954566','Year','2020-10-29 00:00:00',1,10,0,'approve','2020-10-26 18:51:37',0),
(40,2,1,'876543','444','Year','2020-10-21 00:00:00',1,3,0,'approve','2020-10-27 09:33:43',0),
(41,1,1,'789654566','78954566','Year','2020-10-29 00:00:00',0,10,0,'approve','2020-10-26 18:51:37',0),
(42,12,26,'1245','Undefined','Year','0001-01-01 00:00:00',NULL,0,0,'insert','2021-04-17 03:45:28',0),
(43,12,26,'1245','Undefined','Year','0001-01-01 00:00:00',NULL,0,0,'delete','2021-04-17 03:45:28',0),
(44,1,1,'789654566','78954566','Year','2020-10-29 00:00:00',NULL,10,0,'update','2020-10-26 18:51:37',0),
(45,13,25,'6266','Jjjj','Year','2021-04-17 00:00:00',NULL,3,0,'insert','2021-04-17 05:27:04',0),
(46,13,25,'6266','Jjjj','Year','2021-04-17 00:00:00',NULL,3,0,'delete','2021-04-17 05:27:04',0),
(47,14,26,'1245','Abbbv','Year','0001-01-01 00:00:00',NULL,0,0,'insert','2021-04-17 05:50:21',0),
(48,14,26,'1245','Abbbv','Year','0001-01-01 00:00:00',NULL,0,0,'delete','2021-04-17 05:50:21',0),
(49,15,26,'1245','Abbbv','Year','0001-01-01 00:00:00',NULL,0,0,'insert','2021-04-17 05:53:33',0),
(50,16,29,'DD','Ghgjghj','ee','2021-04-20 00:00:00',NULL,0,0,'insert','2021-04-21 01:43:37',0),
(51,17,39,'BPT','Balaji','Year','2021-04-30 00:00:00',NULL,3,0,'insert','2021-04-22 06:48:48',0),
(52,17,39,'BPT','Balaji','Year','2021-04-30 00:00:00',0,3,0,'approve','2021-04-22 06:48:48',0),
(53,17,39,'BPT','Balaji','Year','2021-04-30 00:00:00',NULL,3,0,'update','2021-04-22 06:48:48',0),
(54,17,39,'BPT','Balaji','Month','2021-04-30 00:00:00',NULL,3,0,'delete','2021-04-22 06:48:48',0),
(55,18,39,'BPT','Undefined','month','2022-06-22 00:00:00',NULL,0,0,'insert','2021-04-22 06:53:46',0),
(56,18,39,'BPT','Undefined','month','2022-06-22 00:00:00',0,0,0,'approve','2021-04-22 06:53:46',0),
(57,18,39,'BPT','Undefined','month','2022-06-22 00:00:00',1,0,0,'approve','2021-04-22 06:53:46',0),
(58,18,39,'BPT','Undefined','month','2022-06-22 00:00:00',0,0,0,'approve','2021-04-22 06:53:46',0),
(59,2,1,'876543','444','Year','2020-10-21 00:00:00',0,3,0,'approve','2020-10-27 09:33:43',0),
(60,18,39,'BPT','Undefined','month','2022-06-22 00:00:00',1,0,0,'approve','2021-04-22 06:53:46',0),
(61,16,29,'DD','Ghgjghj','ee','2021-04-20 00:00:00',NULL,0,0,'update','2021-04-21 01:43:37',0),
(62,8,20,'45667788','Tata','Year','2021-05-07 00:00:00',NULL,3,0,'delete','2021-04-12 23:39:28',0),
(63,19,19,'2','Ttt','Year','2021-07-25 00:00:00',NULL,3,0,'insert','2021-04-25 04:17:58',0),
(64,18,39,'BPT','Undefined','month','2022-06-22 00:00:00',NULL,0,0,'update','2021-04-22 06:53:46',0),
(65,16,29,'D4','Ghgjghj','Month','2021-04-20 00:00:00',NULL,0,0,'update','2021-04-21 01:43:37',0),
(66,20,42,'C','Dd','ss','2021-03-20 00:00:00',NULL,0,0,'insert','2021-04-30 01:55:44',0),
(67,21,46,'12','Dev','Year','2022-02-20 00:00:00',NULL,0,0,'insert','2021-04-30 05:58:14',0),
(68,20,42,'C','Dd','ss','2021-03-20 00:00:00',NULL,0,0,'update','2021-04-30 01:55:44',0),
(69,22,54,'UU','Uyy','Year','2021-05-03 00:00:00',NULL,3,0,'insert','2021-05-03 07:23:46',0),
(70,20,42,'C','Dd','Year','2021-03-20 00:00:00',0,0,0,'approve','2021-04-30 01:55:44',0),
(71,20,42,'C','Dd','Year','2021-03-20 00:00:00',NULL,0,0,'update','2021-04-30 01:55:44',0),
(72,20,42,'CQQQ','Dd','Year','2021-03-20 00:00:00',NULL,0,0,'delete','2021-04-30 01:55:44',0),
(73,23,55,'KH','Jk','kk','0001-01-01 00:00:00',NULL,0,0,'insert','2021-05-03 07:25:30',0),
(74,23,55,'KH','Jk','kk','0001-01-01 00:00:00',0,0,0,'approve','2021-05-03 07:25:30',0),
(75,23,55,'KH','Jk','kk','0001-01-01 00:00:00',NULL,0,0,'update','2021-05-03 07:25:30',0),
(76,23,55,'KH','Jk','Year','0001-01-01 00:00:00',NULL,0,0,'delete','2021-05-03 07:25:30',0),
(77,19,19,'2','Ttt','Year','2021-07-25 00:00:00',0,3,0,'approve','2021-04-25 04:17:58',0),
(78,19,19,'2','Ttt','Year','2021-07-25 00:00:00',1,3,0,'approve','2021-04-25 04:17:58',0),
(79,24,98,'DD1','Ghgjghj1','ee1','2021-04-20 00:00:00',NULL,0,0,'insert','2021-05-17 07:24:48',0),
(80,25,99,'DD2','Ghgjghj2','ee2','2022-04-20 00:00:00',NULL,0,0,'insert','2021-05-17 07:24:49',0),
(81,26,100,'DD3','Ghgjghj3','ee3','2023-04-20 00:00:00',NULL,0,0,'insert','2021-05-17 07:24:51',0),
(82,27,101,'DD4','Ghgjghj4','ee4','2024-04-20 00:00:00',NULL,0,0,'insert','2021-05-17 07:24:53',0),
(83,28,102,'DD5','Ghgjghj5','ee5','2025-04-20 00:00:00',NULL,0,0,'insert','2021-05-17 07:24:54',0),
(84,29,103,'DD6','Ghgjghj6','ee6','2026-04-20 00:00:00',NULL,0,0,'insert','2021-05-17 07:24:56',0),
(85,30,104,'DD7','Ghgjghj7','ee7','2027-04-20 00:00:00',NULL,0,0,'insert','2021-05-17 07:24:58',0),
(86,31,105,'DD8','Ghgjghj8','ee8','2028-04-20 00:00:00',NULL,0,0,'insert','2021-05-17 07:25:00',0),
(87,32,106,'DD9','Ghgjghj9','ee9','2029-04-20 00:00:00',NULL,0,0,'insert','2021-05-17 07:25:01',0),
(88,33,107,'DD10','Ghgjghj10','ee10','2030-04-20 00:00:00',NULL,0,0,'insert','2021-05-17 07:25:03',0),
(89,21,46,'12','Dev','Year','2022-02-20 00:00:00',0,0,0,'approve','2021-04-30 05:58:14',0),
(90,19,19,'2','Ttt','Year','2021-07-25 00:00:00',0,3,0,'approve','2021-04-25 04:17:58',0),
(91,19,19,'2','Ttt','Year','2021-07-25 00:00:00',1,3,0,'approve','2021-04-25 04:17:58',0);

/*Table structure for table `t_uomgroupmapping` */

DROP TABLE IF EXISTS `t_uomgroupmapping`;

CREATE TABLE `t_uomgroupmapping` (
  `uomMappingId` int(11) NOT NULL AUTO_INCREMENT,
  `uomGroupId` int(11) DEFAULT NULL,
  `baseQty` decimal(18,4) DEFAULT NULL,
  `baseUOMId` int(11) DEFAULT NULL,
  `altQty` decimal(18,4) DEFAULT NULL,
  `altUOMId` int(11) DEFAULT NULL,
  `userId` int(11) DEFAULT NULL,
  `transDate` datetime DEFAULT CURRENT_TIMESTAMP,
  `isApproved` int(11) DEFAULT '0',
  `approvedUserId` int(11) DEFAULT '0',
  `approvedDateTime` datetime DEFAULT NULL,
  `isDeleted` int(11) DEFAULT '0',
  `deleteDateTime` datetime DEFAULT NULL,
  `deleteUserId` int(11) DEFAULT '0',
  `updateCount` int(11) DEFAULT '0',
  `lastUpdateUserId` int(11) DEFAULT '0',
  `isActive` tinyint(1) DEFAULT '0',
  `activateDateTime` datetime DEFAULT NULL,
  `activateUserId` int(11) DEFAULT '0',
  PRIMARY KEY (`uomMappingId`)
) ENGINE=InnoDB AUTO_INCREMENT=102 DEFAULT CHARSET=utf8mb4;

/*Data for the table `t_uomgroupmapping` */

insert  into `t_uomgroupmapping`(`uomMappingId`,`uomGroupId`,`baseQty`,`baseUOMId`,`altQty`,`altUOMId`,`userId`,`transDate`,`isApproved`,`approvedUserId`,`approvedDateTime`,`isDeleted`,`deleteDateTime`,`deleteUserId`,`updateCount`,`lastUpdateUserId`,`isActive`,`activateDateTime`,`activateUserId`) values 
(1,1,10.0000,1,25.0000,1,10,'2020-10-26 18:53:55',1,3,'2020-10-27 11:00:38',1,'2020-11-24 16:21:29',3,0,0,0,NULL,0),
(2,3,10.0000,2,90.0000,1,3,'2020-10-27 09:36:53',0,10,'2020-10-27 11:14:01',1,'2020-11-24 16:21:34',3,1,3,0,NULL,0),
(3,1,0.0000,1,0.0000,1,3,'2020-11-24 16:21:56',0,0,NULL,0,NULL,0,0,0,0,NULL,0),
(4,2,0.0000,3,0.0000,3,3,'2020-11-24 16:22:31',0,0,NULL,0,NULL,0,0,0,0,NULL,0),
(5,3,0.0000,7,0.0000,7,3,'2020-11-24 16:25:51',0,0,NULL,0,NULL,0,0,0,0,NULL,0),
(6,4,0.0000,12,0.0000,12,3,'2020-11-24 16:26:34',0,0,NULL,0,NULL,0,0,0,0,NULL,0),
(7,4,0.0000,13,0.0000,13,3,'2020-12-05 12:51:49',0,0,NULL,0,NULL,0,0,0,0,NULL,0),
(8,4,0.0000,14,0.0000,14,3,'2020-12-05 12:52:40',0,0,NULL,0,NULL,0,0,0,0,NULL,0),
(9,4,0.0000,15,0.0000,15,3,'2020-12-05 12:53:16',0,0,NULL,0,NULL,0,0,0,0,NULL,0),
(10,5,0.0000,12,0.0000,12,3,'2020-12-05 12:54:38',0,0,NULL,0,NULL,0,0,0,0,NULL,0),
(11,5,0.0000,13,0.0000,13,3,'2020-12-05 12:57:40',0,0,NULL,0,NULL,0,0,0,0,NULL,0),
(12,5,0.0000,14,0.0000,14,3,'2020-12-05 12:58:02',0,0,NULL,0,NULL,0,0,0,0,NULL,0),
(13,5,0.0000,15,0.0000,15,3,'2020-12-05 12:58:20',0,0,NULL,0,NULL,0,0,0,0,NULL,0),
(14,6,0.0000,12,0.0000,12,3,'2020-12-05 12:58:38',0,0,NULL,0,NULL,0,0,0,0,NULL,0),
(15,6,0.0000,13,0.0000,13,3,'2020-12-05 12:59:08',0,0,NULL,0,NULL,0,0,0,0,NULL,0),
(16,6,0.0000,14,0.0000,14,3,'2020-12-05 12:59:26',0,0,NULL,0,NULL,0,0,0,0,NULL,0),
(17,6,0.0000,15,0.0000,15,3,'2020-12-05 12:59:41',0,0,NULL,0,NULL,0,0,0,0,NULL,0),
(18,1,0.0000,3,0.0000,4,3,'2020-12-05 13:01:35',0,0,NULL,0,NULL,0,0,0,0,NULL,0),
(19,2,0.0000,1,0.0000,1,3,'2020-12-05 13:02:09',0,0,NULL,0,NULL,0,0,0,0,NULL,0),
(20,3,0.0000,8,0.0000,8,3,'2020-12-05 13:03:03',0,0,NULL,0,NULL,0,0,0,0,NULL,0),
(21,3,0.0000,9,0.0000,9,3,'2020-12-05 13:03:19',0,0,NULL,0,NULL,0,0,0,0,NULL,0),
(22,3,0.0000,10,0.0000,10,3,'2020-12-05 13:03:38',0,0,NULL,0,NULL,0,0,0,0,NULL,0),
(23,9,0.0000,16,0.0000,16,3,'2020-12-05 13:04:21',1,3,'2021-05-03 08:11:37',0,NULL,0,0,0,0,NULL,0),
(24,9,0.0000,17,0.0000,17,3,'2020-12-05 13:04:55',0,0,NULL,0,NULL,0,0,0,0,NULL,0),
(25,9,0.0000,18,0.0000,18,3,'2020-12-05 13:05:30',0,0,NULL,0,NULL,0,0,0,0,NULL,0),
(26,9,0.0000,19,0.0000,19,3,'2020-12-05 13:05:44',0,0,NULL,0,NULL,0,0,0,0,NULL,0),
(27,10,0.0000,20,0.0000,20,3,'2020-12-05 13:06:43',0,0,NULL,0,NULL,0,0,0,0,NULL,0),
(28,10,0.0000,21,0.0000,21,3,'2020-12-05 13:07:06',0,0,NULL,0,NULL,0,0,0,0,NULL,0),
(29,10,0.0000,22,0.0000,22,3,'2020-12-05 13:07:37',0,0,NULL,0,NULL,0,0,0,0,NULL,0),
(30,11,0.0000,23,0.0000,23,3,'2020-12-05 13:08:21',0,0,NULL,0,NULL,0,0,0,0,NULL,0),
(31,11,0.0000,24,0.0000,24,3,'2020-12-05 13:08:40',0,0,NULL,0,NULL,0,0,0,0,NULL,0),
(32,12,0.0000,25,0.0000,25,3,'2020-12-05 13:09:17',1,3,'2021-02-13 07:38:10',0,NULL,0,2,3,0,NULL,0),
(33,12,0.0000,26,0.0000,26,3,'2020-12-05 13:09:40',1,3,'2021-05-03 08:07:34',0,NULL,0,1,3,0,NULL,0),
(34,12,0.0000,27,0.0000,27,3,'2020-12-05 13:10:01',0,0,NULL,0,NULL,0,0,0,0,NULL,0),
(35,13,0.0000,28,0.0000,28,3,'2020-12-05 13:10:32',0,0,NULL,0,NULL,0,0,0,0,NULL,0),
(36,13,0.0000,29,0.0000,29,3,'2020-12-05 13:10:54',0,0,NULL,0,NULL,0,0,0,0,NULL,0),
(37,13,0.0000,30,0.0000,30,3,'2020-12-05 13:11:37',0,3,'2021-04-05 21:27:06',0,NULL,0,1,3,0,NULL,0),
(38,14,0.0000,31,0.0000,31,3,'2020-12-05 13:12:29',0,0,NULL,1,'2021-04-20 02:15:55',3,0,0,0,NULL,0),
(39,14,0.0000,32,0.0000,32,3,'2020-12-05 13:12:58',0,0,NULL,1,'2021-04-20 02:16:07',3,0,0,0,NULL,0),
(40,15,0.0000,32,0.0000,32,3,'2020-12-05 13:13:40',0,0,NULL,0,NULL,0,0,0,0,NULL,0),
(41,15,0.0000,31,0.0000,31,3,'2020-12-05 13:14:06',0,0,NULL,0,NULL,0,0,0,0,NULL,0),
(42,16,0.0000,33,0.0000,33,3,'2020-12-05 13:15:36',0,0,NULL,0,NULL,0,0,0,0,NULL,0),
(43,17,0.0000,34,0.0000,34,3,'2020-12-05 13:16:10',0,0,NULL,0,NULL,0,0,0,0,NULL,0),
(44,18,0.0000,35,0.0000,35,3,'2020-12-05 13:16:54',0,0,NULL,0,NULL,0,0,0,0,NULL,0),
(45,18,0.0000,36,0.0000,36,3,'2020-12-05 13:17:17',0,0,NULL,0,NULL,0,0,0,0,NULL,0),
(46,19,0.0000,37,0.0000,37,3,'2020-12-05 13:17:55',0,0,NULL,0,NULL,0,0,0,0,NULL,0),
(47,19,0.0000,38,0.0000,38,3,'2020-12-05 13:18:22',0,0,NULL,0,NULL,0,0,0,0,NULL,0),
(48,20,0.0000,39,0.0000,39,3,'2020-12-05 13:19:07',0,0,NULL,0,NULL,0,0,0,0,NULL,0),
(49,20,0.0000,40,0.0000,40,3,'2020-12-05 13:19:29',0,0,NULL,0,NULL,0,0,0,0,NULL,0),
(50,20,0.0000,41,0.0000,41,3,'2020-12-05 13:19:49',0,0,NULL,0,NULL,0,0,0,0,NULL,0),
(51,21,0.0000,42,0.0000,42,3,'2020-12-05 13:20:20',0,0,NULL,0,NULL,0,0,0,0,NULL,0),
(52,22,0.0000,43,0.0000,43,3,'2020-12-05 13:20:38',0,0,NULL,0,NULL,0,0,0,0,NULL,0),
(53,23,0.0000,44,0.0000,44,3,'2020-12-05 13:21:06',0,0,NULL,0,NULL,0,0,0,0,NULL,0),
(54,23,0.0000,45,0.0000,45,3,'2020-12-05 13:21:19',0,0,NULL,0,NULL,0,0,0,0,NULL,0),
(55,23,0.0000,46,0.0000,46,3,'2020-12-05 13:21:32',0,0,NULL,0,NULL,0,0,0,0,NULL,0),
(56,7,0.0000,12,0.0000,12,3,'2020-12-08 17:10:17',0,0,NULL,0,NULL,0,0,0,0,NULL,0),
(57,7,0.0000,13,0.0000,13,3,'2020-12-08 17:10:40',0,0,NULL,0,NULL,0,0,0,0,NULL,0),
(58,7,0.0000,14,0.0000,14,3,'2020-12-08 17:10:59',0,0,NULL,0,NULL,0,0,0,0,NULL,0),
(59,7,0.0000,15,0.0000,15,3,'2020-12-08 17:11:16',0,0,NULL,0,NULL,0,0,0,0,NULL,0),
(60,8,0.0000,12,0.0000,12,3,'2020-12-08 17:11:37',0,0,NULL,0,NULL,0,0,0,0,NULL,0),
(61,8,0.0000,13,0.0000,13,3,'2020-12-08 17:11:53',0,0,NULL,0,NULL,0,0,0,0,NULL,0),
(62,8,0.0000,14,0.0000,14,3,'2020-12-08 17:12:06',0,0,NULL,0,NULL,0,0,0,0,NULL,0),
(63,8,0.0000,15,0.0000,15,3,'2020-12-08 17:12:36',0,0,NULL,0,NULL,0,0,0,0,NULL,0),
(64,12,66.0000,10,5.0000,37,3,'2021-04-03 07:50:05',1,3,'2021-04-03 07:50:19',1,'2021-04-03 07:50:42',3,1,3,0,NULL,0),
(65,12,2342.0000,36,2432.0000,14,3,'2021-04-08 07:00:58',0,0,NULL,1,'2021-04-23 05:36:59',0,0,0,0,NULL,0),
(66,12,1111.0000,14,3453.0000,14,3,'2021-04-08 07:02:21',1,3,'2021-05-14 07:22:22',0,NULL,0,1,3,0,NULL,0),
(67,16,77.0000,7,89.0000,8,3,'2021-04-09 01:55:03',0,0,NULL,0,NULL,0,0,0,0,NULL,0),
(68,17,334.0000,23,665.0000,7,3,'2021-04-09 02:33:58',0,0,NULL,0,NULL,0,0,0,0,NULL,0),
(69,37,1234.0000,56,0.0000,39,3,'2021-04-14 00:32:45',1,3,'2021-04-14 00:33:05',1,'2021-04-14 00:33:34',0,0,0,0,NULL,0),
(70,0,10.2200,0,25.0000,0,0,'2021-04-19 14:05:04',0,0,NULL,1,'2021-04-20 00:44:14',3,0,0,0,NULL,0),
(71,0,10.2200,0,25.0000,0,0,'2021-04-20 01:09:37',0,0,NULL,1,'2021-04-20 02:18:39',3,0,0,0,NULL,0),
(72,0,10.2200,0,25.0000,0,0,'2021-04-20 02:21:01',0,0,NULL,1,'2021-04-20 02:38:22',3,0,0,0,NULL,0),
(73,0,10.2200,0,25.0000,0,0,'2021-04-20 02:39:57',0,0,NULL,1,'2021-04-20 02:40:59',3,0,0,0,NULL,0),
(74,0,10.2200,0,25.0000,0,0,'2021-04-20 02:42:00',0,0,NULL,1,'2021-04-20 02:44:09',3,0,0,0,NULL,0),
(75,0,10.2200,0,25.0000,0,0,'2021-04-20 02:54:06',0,0,NULL,1,'2021-04-20 02:54:36',3,0,0,0,NULL,0),
(76,0,10.2200,0,25.0000,0,0,'2021-04-20 03:29:10',0,0,NULL,1,'2021-04-20 03:29:49',3,0,0,0,NULL,0),
(77,0,10.2200,0,25.0000,0,0,'2021-04-20 03:30:13',0,0,NULL,1,'2021-04-20 03:42:47',3,0,0,0,NULL,0),
(78,0,10.2200,0,25.0000,0,0,'2021-04-20 03:57:34',0,0,NULL,1,'2021-04-20 04:40:50',3,0,0,0,NULL,0),
(79,0,10.2200,0,25.0000,0,0,'2021-04-20 04:46:36',0,0,NULL,1,'2021-04-20 04:53:25',3,0,0,0,NULL,0),
(80,49,36.0000,69,600.0000,70,0,'2021-04-20 05:53:15',0,0,NULL,1,'2021-04-21 05:14:02',3,0,0,0,NULL,0),
(81,0,90.0000,73,89.0000,74,0,'2021-04-21 05:06:43',0,0,NULL,1,'2021-04-21 05:13:57',3,0,0,0,NULL,0),
(82,0,90.0000,75,89.0000,74,0,'2021-04-21 05:08:30',0,0,NULL,1,'2021-04-21 05:13:40',3,0,0,0,NULL,0),
(83,51,90.0000,75,89.0000,74,0,'2021-04-21 05:14:17',0,0,NULL,0,NULL,0,0,0,0,NULL,0),
(84,52,12.0000,80,123.0000,84,3,'2021-04-23 05:36:10',1,3,'2021-04-23 05:36:39',0,NULL,0,0,0,0,NULL,0),
(85,53,12.0000,80,21.0000,80,0,'2021-04-23 05:45:11',1,3,'2021-04-23 05:46:02',0,NULL,0,0,0,0,NULL,0),
(86,61,12.0000,90,12.0000,91,3,'2021-05-03 08:07:09',0,0,NULL,0,NULL,0,0,0,0,NULL,0),
(87,62,12.0000,92,67.0000,93,0,'2021-05-03 08:13:50',0,0,NULL,0,NULL,0,0,0,0,NULL,0),
(88,63,56.0000,124,33.0000,125,0,'2021-05-17 07:47:20',0,0,NULL,0,NULL,0,0,0,0,NULL,0),
(89,64,56.0000,126,33.0000,127,0,'2021-05-17 07:47:24',0,0,NULL,0,NULL,0,0,0,0,NULL,0),
(90,65,56.0000,128,33.0000,129,0,'2021-05-17 07:47:27',0,0,NULL,0,NULL,0,0,0,0,NULL,0),
(91,66,56.0000,130,33.0000,131,0,'2021-05-17 07:47:30',0,0,NULL,0,NULL,0,0,0,0,NULL,0),
(92,67,56.0000,132,33.0000,133,0,'2021-05-17 07:47:34',0,0,NULL,0,NULL,0,0,0,0,NULL,0),
(93,68,56.0000,134,33.0000,135,0,'2021-05-17 07:47:37',0,0,NULL,0,NULL,0,0,0,0,NULL,0),
(94,69,56.0000,136,33.0000,137,0,'2021-05-17 07:47:41',0,0,NULL,0,NULL,0,0,0,0,NULL,0),
(95,70,56.0000,138,33.0000,139,0,'2021-05-17 07:47:44',0,0,NULL,0,NULL,0,0,0,0,NULL,0),
(96,71,56.0000,140,33.0000,141,0,'2021-05-17 07:47:47',0,0,NULL,0,NULL,0,0,0,0,NULL,0),
(97,72,56.0000,142,33.0000,143,0,'2021-05-17 07:47:51',0,0,NULL,0,NULL,0,0,0,0,NULL,0),
(98,73,56.0000,144,33.0000,145,0,'2021-05-17 07:47:54',0,0,NULL,0,NULL,0,0,0,0,NULL,0),
(99,74,56.0000,146,33.0000,147,0,'2021-05-17 07:47:58',0,0,NULL,0,NULL,0,0,0,0,NULL,0),
(100,75,56.0000,148,33.0000,149,0,'2021-05-17 07:48:01',0,0,NULL,0,NULL,0,0,0,0,NULL,0),
(101,76,56.0000,150,33.0000,151,0,'2021-05-17 07:48:05',0,0,NULL,0,NULL,0,0,0,0,NULL,0);

/*Table structure for table `t_uomgroupmapping_log` */

DROP TABLE IF EXISTS `t_uomgroupmapping_log`;

CREATE TABLE `t_uomgroupmapping_log` (
  `logId` int(11) NOT NULL AUTO_INCREMENT,
  `uomMappingId` int(11) DEFAULT NULL,
  `uomGroupId` int(11) DEFAULT NULL,
  `baseQty` decimal(18,4) DEFAULT NULL,
  `baseUOMId` int(11) DEFAULT NULL,
  `altQty` decimal(18,4) DEFAULT NULL,
  `altUOMId` int(11) DEFAULT NULL,
  `isApproved` int(11) DEFAULT '0',
  `userId` int(11) DEFAULT NULL,
  `isDeleted` int(11) DEFAULT '0',
  `userAction` varchar(20) DEFAULT NULL,
  `transDate` datetime DEFAULT CURRENT_TIMESTAMP,
  `isActive` tinyint(1) DEFAULT '0',
  PRIMARY KEY (`logId`)
) ENGINE=InnoDB AUTO_INCREMENT=144 DEFAULT CHARSET=utf8mb4;

/*Data for the table `t_uomgroupmapping_log` */

insert  into `t_uomgroupmapping_log`(`logId`,`uomMappingId`,`uomGroupId`,`baseQty`,`baseUOMId`,`altQty`,`altUOMId`,`isApproved`,`userId`,`isDeleted`,`userAction`,`transDate`,`isActive`) values 
(1,1,1,10.0000,1,25.0000,1,0,10,0,'insert','2020-10-26 18:53:55',0),
(2,2,3,10.0000,2,39.0000,1,0,3,0,'insert','2020-10-27 09:36:53',0),
(3,2,3,10.0000,2,39.0000,1,0,3,0,'update','2020-10-27 09:36:53',0),
(4,1,1,10.0000,1,25.0000,1,0,10,0,'approve','2020-10-26 18:53:55',0),
(5,2,3,10.0000,2,90.0000,1,0,3,0,'approve','2020-10-27 09:36:53',0),
(6,2,3,10.0000,2,90.0000,1,1,3,0,'approve','2020-10-27 09:36:53',0),
(7,1,1,10.0000,1,25.0000,1,0,10,0,'delete','2020-10-26 18:53:55',0),
(8,2,3,10.0000,2,90.0000,1,0,3,0,'delete','2020-10-27 09:36:53',0),
(9,3,1,0.0000,1,0.0000,1,0,3,0,'insert','2020-11-24 16:21:56',0),
(10,4,2,0.0000,3,0.0000,3,0,3,0,'insert','2020-11-24 16:22:31',0),
(11,5,3,0.0000,7,0.0000,7,0,3,0,'insert','2020-11-24 16:25:51',0),
(12,6,4,0.0000,12,0.0000,12,0,3,0,'insert','2020-11-24 16:26:34',0),
(13,7,4,0.0000,13,0.0000,13,0,3,0,'insert','2020-12-05 12:51:49',0),
(14,8,4,0.0000,14,0.0000,14,0,3,0,'insert','2020-12-05 12:52:40',0),
(15,9,4,0.0000,15,0.0000,15,0,3,0,'insert','2020-12-05 12:53:16',0),
(16,10,5,0.0000,12,0.0000,12,0,3,0,'insert','2020-12-05 12:54:38',0),
(17,11,5,0.0000,13,0.0000,13,0,3,0,'insert','2020-12-05 12:57:40',0),
(18,12,5,0.0000,14,0.0000,14,0,3,0,'insert','2020-12-05 12:58:02',0),
(19,13,5,0.0000,15,0.0000,15,0,3,0,'insert','2020-12-05 12:58:20',0),
(20,14,6,0.0000,12,0.0000,12,0,3,0,'insert','2020-12-05 12:58:38',0),
(21,15,6,0.0000,13,0.0000,13,0,3,0,'insert','2020-12-05 12:59:08',0),
(22,16,6,0.0000,14,0.0000,14,0,3,0,'insert','2020-12-05 12:59:26',0),
(23,17,6,0.0000,15,0.0000,15,0,3,0,'insert','2020-12-05 12:59:41',0),
(24,18,1,0.0000,3,0.0000,4,0,3,0,'insert','2020-12-05 13:01:35',0),
(25,19,2,0.0000,1,0.0000,1,0,3,0,'insert','2020-12-05 13:02:09',0),
(26,20,3,0.0000,8,0.0000,8,0,3,0,'insert','2020-12-05 13:03:03',0),
(27,21,3,0.0000,9,0.0000,9,0,3,0,'insert','2020-12-05 13:03:19',0),
(28,22,3,0.0000,10,0.0000,10,0,3,0,'insert','2020-12-05 13:03:38',0),
(29,23,9,0.0000,16,0.0000,16,0,3,0,'insert','2020-12-05 13:04:21',0),
(30,24,9,0.0000,17,0.0000,17,0,3,0,'insert','2020-12-05 13:04:55',0),
(31,25,9,0.0000,18,0.0000,18,0,3,0,'insert','2020-12-05 13:05:30',0),
(32,26,9,0.0000,19,0.0000,19,0,3,0,'insert','2020-12-05 13:05:44',0),
(33,27,10,0.0000,20,0.0000,20,0,3,0,'insert','2020-12-05 13:06:43',0),
(34,28,10,0.0000,21,0.0000,21,0,3,0,'insert','2020-12-05 13:07:06',0),
(35,29,10,0.0000,22,0.0000,22,0,3,0,'insert','2020-12-05 13:07:37',0),
(36,30,11,0.0000,23,0.0000,23,0,3,0,'insert','2020-12-05 13:08:21',0),
(37,31,11,0.0000,24,0.0000,24,0,3,0,'insert','2020-12-05 13:08:40',0),
(38,32,12,0.0000,25,0.0000,25,0,3,0,'insert','2020-12-05 13:09:17',0),
(39,33,12,0.0000,26,0.0000,26,0,3,0,'insert','2020-12-05 13:09:40',0),
(40,34,12,0.0000,27,0.0000,27,0,3,0,'insert','2020-12-05 13:10:01',0),
(41,35,13,0.0000,28,0.0000,28,0,3,0,'insert','2020-12-05 13:10:32',0),
(42,36,13,0.0000,29,0.0000,29,0,3,0,'insert','2020-12-05 13:10:54',0),
(43,37,12,0.0000,30,0.0000,30,0,3,0,'insert','2020-12-05 13:11:37',0),
(44,38,14,0.0000,31,0.0000,31,0,3,0,'insert','2020-12-05 13:12:29',0),
(45,39,14,0.0000,32,0.0000,32,0,3,0,'insert','2020-12-05 13:12:58',0),
(46,40,15,0.0000,32,0.0000,32,0,3,0,'insert','2020-12-05 13:13:40',0),
(47,41,15,0.0000,31,0.0000,31,0,3,0,'insert','2020-12-05 13:14:06',0),
(48,42,16,0.0000,33,0.0000,33,0,3,0,'insert','2020-12-05 13:15:36',0),
(49,43,17,0.0000,34,0.0000,34,0,3,0,'insert','2020-12-05 13:16:10',0),
(50,44,18,0.0000,35,0.0000,35,0,3,0,'insert','2020-12-05 13:16:54',0),
(51,45,18,0.0000,36,0.0000,36,0,3,0,'insert','2020-12-05 13:17:17',0),
(52,46,19,0.0000,37,0.0000,37,0,3,0,'insert','2020-12-05 13:17:55',0),
(53,47,19,0.0000,38,0.0000,38,0,3,0,'insert','2020-12-05 13:18:22',0),
(54,48,20,0.0000,39,0.0000,39,0,3,0,'insert','2020-12-05 13:19:07',0),
(55,49,20,0.0000,40,0.0000,40,0,3,0,'insert','2020-12-05 13:19:29',0),
(56,50,20,0.0000,41,0.0000,41,0,3,0,'insert','2020-12-05 13:19:49',0),
(57,51,21,0.0000,42,0.0000,42,0,3,0,'insert','2020-12-05 13:20:20',0),
(58,52,22,0.0000,43,0.0000,43,0,3,0,'insert','2020-12-05 13:20:38',0),
(59,53,23,0.0000,44,0.0000,44,0,3,0,'insert','2020-12-05 13:21:06',0),
(60,54,23,0.0000,45,0.0000,45,0,3,0,'insert','2020-12-05 13:21:19',0),
(61,55,23,0.0000,46,0.0000,46,0,3,0,'insert','2020-12-05 13:21:32',0),
(62,56,7,0.0000,12,0.0000,12,0,3,0,'insert','2020-12-08 17:10:17',0),
(63,57,7,0.0000,13,0.0000,13,0,3,0,'insert','2020-12-08 17:10:40',0),
(64,58,7,0.0000,14,0.0000,14,0,3,0,'insert','2020-12-08 17:10:59',0),
(65,59,7,0.0000,15,0.0000,15,0,3,0,'insert','2020-12-08 17:11:16',0),
(66,60,8,0.0000,12,0.0000,12,0,3,0,'insert','2020-12-08 17:11:37',0),
(67,61,8,0.0000,13,0.0000,13,0,3,0,'insert','2020-12-08 17:11:53',0),
(68,62,8,0.0000,14,0.0000,14,0,3,0,'insert','2020-12-08 17:12:06',0),
(69,63,8,0.0000,15,0.0000,15,0,3,0,'insert','2020-12-08 17:12:36',0),
(70,32,12,0.0000,25,0.0000,25,0,3,0,'approve','2020-12-05 13:09:17',0),
(71,32,12,0.0000,25,0.0000,25,0,3,0,'update','2020-12-05 13:09:17',0),
(72,37,12,0.0000,30,0.0000,30,0,3,0,'approve','2020-12-05 13:11:37',0),
(73,32,12,0.0000,25,0.0000,25,0,3,0,'update','2020-12-05 13:09:17',0),
(74,64,12,66.0000,41,5.0000,37,0,3,0,'insert','2021-04-03 07:50:05',0),
(75,64,12,66.0000,41,5.0000,37,0,3,0,'approve','2021-04-03 07:50:05',0),
(76,64,12,66.0000,41,5.0000,37,0,3,0,'update','2021-04-03 07:50:05',0),
(77,64,12,66.0000,10,5.0000,37,0,3,0,'delete','2021-04-03 07:50:05',0),
(78,37,12,0.0000,30,0.0000,30,1,3,0,'approve','2020-12-05 13:11:37',0),
(79,37,12,0.0000,30,0.0000,30,0,3,0,'update','2020-12-05 13:11:37',0),
(80,65,12,2342.0000,36,2432.0000,14,0,3,0,'insert','2021-04-08 07:00:58',0),
(81,66,12,4543.0000,14,3453.0000,14,0,3,0,'insert','2021-04-08 07:02:21',0),
(82,67,16,77.0000,7,89.0000,8,0,3,0,'insert','2021-04-09 01:55:03',0),
(83,68,17,334.0000,23,665.0000,7,0,3,0,'insert','2021-04-09 02:33:58',0),
(84,69,37,1234.0000,56,0.0000,39,0,3,0,'insert','2021-04-14 00:32:45',0),
(85,69,37,1234.0000,56,0.0000,39,0,3,0,'approve','2021-04-14 00:32:45',0),
(86,69,37,1234.0000,56,0.0000,39,0,3,0,'delete','2021-04-14 00:32:45',0),
(87,70,0,10.2200,0,25.0000,0,0,0,0,'insert','2021-04-19 14:05:04',0),
(88,70,0,10.2200,0,25.0000,0,0,0,0,'delete','2021-04-19 14:05:04',0),
(89,71,0,10.2200,0,25.0000,0,0,0,0,'insert','2021-04-20 01:09:37',0),
(90,38,14,0.0000,31,0.0000,31,0,3,0,'delete','2020-12-05 13:12:29',0),
(91,39,14,0.0000,32,0.0000,32,0,3,0,'delete','2020-12-05 13:12:58',0),
(92,71,0,10.2200,0,25.0000,0,0,0,0,'delete','2021-04-20 01:09:37',0),
(93,72,0,10.2200,0,25.0000,0,0,0,0,'insert','2021-04-20 02:21:01',0),
(94,72,0,10.2200,0,25.0000,0,0,0,0,'delete','2021-04-20 02:21:01',0),
(95,73,0,10.2200,0,25.0000,0,0,0,0,'insert','2021-04-20 02:39:57',0),
(96,73,0,10.2200,0,25.0000,0,0,0,0,'delete','2021-04-20 02:39:57',0),
(97,74,0,10.2200,0,25.0000,0,0,0,0,'insert','2021-04-20 02:42:00',0),
(98,74,0,10.2200,0,25.0000,0,0,0,0,'delete','2021-04-20 02:42:00',0),
(99,75,0,10.2200,0,25.0000,0,0,0,0,'insert','2021-04-20 02:54:06',0),
(100,75,0,10.2200,0,25.0000,0,0,0,0,'delete','2021-04-20 02:54:06',0),
(101,76,0,10.2200,0,25.0000,0,0,0,0,'insert','2021-04-20 03:29:10',0),
(102,76,0,10.2200,0,25.0000,0,0,0,0,'delete','2021-04-20 03:29:10',0),
(103,77,0,10.2200,0,25.0000,0,0,0,0,'insert','2021-04-20 03:30:13',0),
(104,77,0,10.2200,0,25.0000,0,0,0,0,'delete','2021-04-20 03:30:13',0),
(105,78,0,10.2200,0,25.0000,0,0,0,0,'insert','2021-04-20 03:57:34',0),
(106,78,0,10.2200,0,25.0000,0,0,0,0,'delete','2021-04-20 03:57:34',0),
(107,79,0,10.2200,0,25.0000,0,0,0,0,'insert','2021-04-20 04:46:36',0),
(108,79,0,10.2200,0,25.0000,0,0,0,0,'delete','2021-04-20 04:46:36',0),
(109,80,49,36.0000,69,600.0000,70,0,0,0,'insert','2021-04-20 05:53:15',0),
(110,81,0,90.0000,73,89.0000,74,0,0,0,'insert','2021-04-21 05:06:43',0),
(111,82,0,90.0000,75,89.0000,74,0,0,0,'insert','2021-04-21 05:08:30',0),
(112,82,0,90.0000,75,89.0000,74,0,0,0,'delete','2021-04-21 05:08:30',0),
(113,81,0,90.0000,73,89.0000,74,0,0,0,'delete','2021-04-21 05:06:43',0),
(114,80,49,36.0000,69,600.0000,70,0,0,0,'delete','2021-04-20 05:53:15',0),
(115,83,51,90.0000,75,89.0000,74,0,0,0,'insert','2021-04-21 05:14:17',0),
(116,84,52,12.0000,80,123.0000,84,0,3,0,'insert','2021-04-23 05:36:10',0),
(117,84,52,12.0000,80,123.0000,84,0,3,0,'approve','2021-04-23 05:36:10',0),
(118,65,12,2342.0000,36,2432.0000,14,0,3,0,'delete','2021-04-08 07:00:58',0),
(119,85,53,12.0000,80,21.0000,80,0,0,0,'insert','2021-04-23 05:45:11',0),
(120,85,53,12.0000,80,21.0000,80,0,0,0,'approve','2021-04-23 05:45:11',0),
(121,66,12,4543.0000,14,3453.0000,14,0,3,0,'approve','2021-04-08 07:02:21',0),
(122,66,12,4543.0000,14,3453.0000,14,0,3,0,'update','2021-04-08 07:02:21',0),
(123,66,12,1111.0000,14,3453.0000,14,1,3,0,'approve','2021-04-08 07:02:21',0),
(124,33,12,0.0000,26,0.0000,26,0,3,0,'update','2020-12-05 13:09:40',0),
(125,86,61,12.0000,90,12.0000,91,0,3,0,'insert','2021-05-03 08:07:09',0),
(126,33,12,0.0000,26,0.0000,26,0,3,0,'approve','2020-12-05 13:09:40',0),
(127,23,9,0.0000,16,0.0000,16,0,3,0,'approve','2020-12-05 13:04:21',0),
(128,87,62,12.0000,92,67.0000,93,0,0,0,'insert','2021-05-03 08:13:50',0),
(129,66,12,1111.0000,14,3453.0000,14,0,3,0,'approve','2021-04-08 07:02:21',0),
(130,88,63,56.0000,124,33.0000,125,0,0,0,'insert','2021-05-17 07:47:20',0),
(131,89,64,56.0000,126,33.0000,127,0,0,0,'insert','2021-05-17 07:47:24',0),
(132,90,65,56.0000,128,33.0000,129,0,0,0,'insert','2021-05-17 07:47:27',0),
(133,91,66,56.0000,130,33.0000,131,0,0,0,'insert','2021-05-17 07:47:30',0),
(134,92,67,56.0000,132,33.0000,133,0,0,0,'insert','2021-05-17 07:47:34',0),
(135,93,68,56.0000,134,33.0000,135,0,0,0,'insert','2021-05-17 07:47:37',0),
(136,94,69,56.0000,136,33.0000,137,0,0,0,'insert','2021-05-17 07:47:41',0),
(137,95,70,56.0000,138,33.0000,139,0,0,0,'insert','2021-05-17 07:47:44',0),
(138,96,71,56.0000,140,33.0000,141,0,0,0,'insert','2021-05-17 07:47:47',0),
(139,97,72,56.0000,142,33.0000,143,0,0,0,'insert','2021-05-17 07:47:51',0),
(140,98,73,56.0000,144,33.0000,145,0,0,0,'insert','2021-05-17 07:47:54',0),
(141,99,74,56.0000,146,33.0000,147,0,0,0,'insert','2021-05-17 07:47:58',0),
(142,100,75,56.0000,148,33.0000,149,0,0,0,'insert','2021-05-17 07:48:01',0),
(143,101,76,56.0000,150,33.0000,151,0,0,0,'insert','2021-05-17 07:48:05',0);

/*Table structure for table `u_department` */

DROP TABLE IF EXISTS `u_department`;

CREATE TABLE `u_department` (
  `departmentId` int(11) NOT NULL AUTO_INCREMENT,
  `departmentName` varchar(50) DEFAULT NULL,
  `departmentDescription` varchar(100) DEFAULT NULL,
  `userId` int(11) DEFAULT NULL,
  `transDate` datetime DEFAULT CURRENT_TIMESTAMP,
  `isApproved` int(11) DEFAULT '0',
  `approvedUserId` int(11) DEFAULT '0',
  `approvedDateTime` datetime DEFAULT NULL,
  `isDeleted` int(11) DEFAULT '0',
  `deleteDateTime` datetime DEFAULT NULL,
  `deleteUserId` int(11) DEFAULT '0',
  `updateCount` int(11) DEFAULT '0',
  `lastUpdateUserId` int(11) DEFAULT '0',
  `isActive` tinyint(1) DEFAULT '0',
  `activateDateTime` datetime DEFAULT NULL,
  `activateUserId` int(11) DEFAULT '0',
  PRIMARY KEY (`departmentId`)
) ENGINE=InnoDB AUTO_INCREMENT=72 DEFAULT CHARSET=utf8mb4;

/*Data for the table `u_department` */

insert  into `u_department`(`departmentId`,`departmentName`,`departmentDescription`,`userId`,`transDate`,`isApproved`,`approvedUserId`,`approvedDateTime`,`isDeleted`,`deleteDateTime`,`deleteUserId`,`updateCount`,`lastUpdateUserId`,`isActive`,`activateDateTime`,`activateUserId`) values 
(1,'Dept','dept des',10,'2020-10-26 18:51:56',0,3,'2021-04-02 09:14:11',1,'2021-04-12 23:53:28',3,1,3,0,NULL,0),
(2,'DPT1','department1',3,'2020-10-27 09:34:31',1,3,'2020-10-27 09:34:43',1,'2021-04-12 23:53:22',3,2,3,0,NULL,0),
(3,'D1','dept2',3,'2021-02-17 22:16:46',1,3,'2021-02-17 22:16:51',1,'2021-02-17 22:17:08',3,1,3,0,NULL,0),
(4,'nnb','nm,n,',3,'2021-04-02 10:22:38',0,0,NULL,1,'2021-04-02 10:22:45',3,0,0,0,NULL,0),
(5,'Fdsfgds','fghgh',3,'2021-04-03 05:09:18',1,3,'2021-04-03 05:09:24',1,'2021-04-03 05:09:30',3,0,0,0,NULL,0),
(6,'DTPT13','DEPTMENT',3,'2021-04-07 03:17:24',0,3,'2021-04-16 01:56:12',1,'2021-04-16 05:13:20',3,1,3,0,NULL,0),
(7,'Kaka','DEPT',3,'2021-04-12 23:51:55',1,3,'2021-04-12 23:52:10',1,'2021-04-16 05:13:25',3,2,3,0,NULL,0),
(8,'','',0,'2021-04-13 23:59:15',1,3,'2021-04-13 23:59:57',1,'2021-04-16 04:47:37',3,0,0,0,NULL,0),
(9,'D2','d2',0,'2021-04-13 23:59:36',1,3,'2021-04-16 01:52:36',1,'2021-04-16 04:47:30',3,0,0,0,NULL,0),
(10,'D4','d4',0,'2021-04-13 23:59:37',0,0,NULL,1,'2021-04-16 07:34:31',3,0,0,0,NULL,0),
(11,'Cs','The cs department',3,'2021-04-16 02:02:14',0,3,'2021-05-17 01:18:46',0,NULL,0,5,3,0,NULL,0),
(12,'Ta','la',3,'2021-04-16 05:13:54',1,3,'2021-04-16 05:14:02',1,'2021-04-16 05:14:11',3,0,0,0,NULL,0),
(13,'Dada','fzfz=====',3,'2021-04-16 07:32:00',1,3,'2021-04-16 07:32:32',1,'2021-04-20 08:28:58',3,1,3,0,NULL,0),
(14,'Rammmm','ghj',3,'2021-04-16 07:32:22',1,3,'2021-04-16 07:32:37',1,'2021-04-16 07:36:27',3,1,3,0,NULL,0),
(15,'Gy','ty',0,'2021-04-16 07:35:51',1,3,'2021-04-16 07:36:20',1,'2021-04-20 08:28:41',3,0,0,0,NULL,0),
(16,',ncnnN ,cnkjbHV',', nkjbjkhiuhihj',3,'2021-04-20 08:29:11',0,3,'2021-05-17 01:19:20',0,NULL,0,0,0,0,NULL,0),
(17,', m bjkd','',3,'2021-04-20 08:29:45',0,0,NULL,1,'2021-04-20 08:29:51',3,0,0,0,NULL,0),
(18,'Tatatatatta','',3,'2021-05-03 07:32:52',1,3,'2021-05-03 07:32:58',1,'2021-05-03 07:39:12',3,3,3,0,NULL,0),
(19,'Yyyyyy','',3,'2021-05-03 07:34:07',0,0,NULL,1,'2021-05-03 07:34:51',3,0,0,0,NULL,0),
(20,'Nokia','Ok',3,'2021-05-03 07:34:18',1,3,'2021-05-03 07:34:22',0,NULL,0,2,3,0,NULL,0),
(21,'Kala','Lalaaaaaaa',0,'2021-05-03 07:38:33',1,3,'2021-05-03 07:38:49',0,NULL,0,1,3,0,NULL,0),
(22,'Dd1','dd1',0,'2021-05-13 07:23:28',0,0,NULL,0,NULL,0,0,0,0,NULL,0),
(23,'Dd2','dd2',0,'2021-05-13 07:23:28',0,0,NULL,0,NULL,0,0,0,0,NULL,0),
(24,'Dd3','dd3',0,'2021-05-13 07:23:28',0,0,NULL,0,NULL,0,0,0,0,NULL,0),
(25,'Dd4','dd4',0,'2021-05-13 07:23:28',0,0,NULL,0,NULL,0,0,0,0,NULL,0),
(26,'Dd5','dd5',0,'2021-05-13 07:23:28',0,0,NULL,0,NULL,0,0,0,0,NULL,0),
(27,'Dd6','dd6',0,'2021-05-13 07:23:28',0,0,NULL,0,NULL,0,0,0,0,NULL,0),
(28,'Dd7','dd7',0,'2021-05-13 07:23:28',0,0,NULL,0,NULL,0,0,0,0,NULL,0),
(29,'Dd8','dd8',0,'2021-05-13 07:23:28',0,0,NULL,0,NULL,0,0,0,0,NULL,0),
(30,'Dd9','dd9',0,'2021-05-13 07:23:28',0,0,NULL,0,NULL,0,0,0,0,NULL,0),
(31,'Dd10','dd10',0,'2021-05-13 07:23:28',0,0,NULL,0,NULL,0,0,0,0,NULL,0),
(32,'Dd11','dd11',0,'2021-05-13 07:23:28',0,0,NULL,0,NULL,0,0,0,0,NULL,0),
(33,'Dd12','dd12',0,'2021-05-13 07:23:28',0,0,NULL,0,NULL,0,0,0,0,NULL,0),
(34,'Dd13','dd13',0,'2021-05-13 07:23:28',0,0,NULL,0,NULL,0,0,0,0,NULL,0),
(35,'Dd14','dd14',0,'2021-05-13 07:23:28',0,0,NULL,0,NULL,0,0,0,0,NULL,0),
(36,'Dd15','dd15',0,'2021-05-13 07:23:28',0,0,NULL,0,NULL,0,0,0,0,NULL,0),
(37,'Dd16','dd16',0,'2021-05-13 07:23:28',0,0,NULL,0,NULL,0,0,0,0,NULL,0),
(38,'Dd17','dd17',0,'2021-05-13 07:23:28',0,0,NULL,0,NULL,0,0,0,0,NULL,0),
(39,'Dd18','dd18',0,'2021-05-13 07:23:28',0,0,NULL,0,NULL,0,0,0,0,NULL,0),
(40,'Dd19','dd19',0,'2021-05-13 07:23:28',0,0,NULL,0,NULL,0,0,0,0,NULL,0),
(41,'Dd20','dd20',0,'2021-05-13 07:23:28',0,0,NULL,0,NULL,0,0,0,0,NULL,0),
(42,'Dd21','dd21',0,'2021-05-13 07:23:28',0,0,NULL,0,NULL,0,0,0,0,NULL,0),
(43,'Dd22','dd22',0,'2021-05-13 07:23:28',0,0,NULL,0,NULL,0,0,0,0,NULL,0),
(44,'Dd23','dd23',0,'2021-05-13 07:23:28',0,0,NULL,0,NULL,0,0,0,0,NULL,0),
(45,'Dd24','dd24',0,'2021-05-13 07:23:28',0,0,NULL,0,NULL,0,0,0,0,NULL,0),
(46,'Dd25','dd25',0,'2021-05-13 07:23:28',0,0,NULL,0,NULL,0,0,0,0,NULL,0),
(47,'Dd26','dd26',0,'2021-05-13 07:23:28',0,0,NULL,0,NULL,0,0,0,0,NULL,0),
(48,'Dd27','dd27',0,'2021-05-13 07:23:28',0,0,NULL,0,NULL,0,0,0,0,NULL,0),
(49,'Dd28','dd28',0,'2021-05-13 07:23:28',0,0,NULL,0,NULL,0,0,0,0,NULL,0),
(50,'Dd29','dd29',0,'2021-05-13 07:23:28',0,0,NULL,0,NULL,0,0,0,0,NULL,0),
(51,'Dd30','dd30',0,'2021-05-13 07:23:28',0,0,NULL,0,NULL,0,0,0,0,NULL,0),
(52,'Dd31','dd31',0,'2021-05-13 07:23:28',0,0,NULL,0,NULL,0,0,0,0,NULL,0),
(53,'Dd32','dd32',0,'2021-05-13 07:23:28',0,0,NULL,0,NULL,0,0,0,0,NULL,0),
(54,'Dd33','dd33',0,'2021-05-13 07:23:28',0,0,NULL,0,NULL,0,0,0,0,NULL,0),
(55,'Dd34','dd34',0,'2021-05-13 07:23:28',0,0,NULL,0,NULL,0,0,0,0,NULL,0),
(56,'Dd35','dd35',0,'2021-05-13 07:23:28',0,0,NULL,0,NULL,0,0,0,0,NULL,0),
(57,'Dd36','dd36',0,'2021-05-13 07:23:28',0,0,NULL,0,NULL,0,0,0,0,NULL,0),
(58,'Dd37','dd37',0,'2021-05-13 07:23:28',0,0,NULL,0,NULL,0,0,0,0,NULL,0),
(59,'Dd38','dd38',0,'2021-05-13 07:23:28',0,0,NULL,0,NULL,0,0,0,0,NULL,0),
(60,'Dd39','dd39',0,'2021-05-13 07:23:28',0,0,NULL,0,NULL,0,0,0,0,NULL,0),
(61,'Dd40','dd40',0,'2021-05-13 07:23:28',0,0,NULL,0,NULL,0,0,0,0,NULL,0),
(62,'Dd41','dd41',0,'2021-05-13 07:23:28',0,0,NULL,0,NULL,0,0,0,0,NULL,0),
(63,'Dd42','dd42',0,'2021-05-13 07:23:28',0,0,NULL,0,NULL,0,0,0,0,NULL,0),
(64,'Dd43','dd43',0,'2021-05-13 07:23:28',0,0,NULL,0,NULL,0,0,0,0,NULL,0),
(65,'Dd44','dd44',0,'2021-05-13 07:23:28',0,0,NULL,0,NULL,0,0,0,0,NULL,0),
(66,'Dd45','dd45',0,'2021-05-13 07:23:28',0,0,NULL,0,NULL,0,0,0,0,NULL,0),
(67,'Dd46','dd46',0,'2021-05-13 07:23:28',0,0,NULL,0,NULL,0,0,0,0,NULL,0),
(68,'Dd47','dd47',0,'2021-05-13 07:23:28',0,0,NULL,0,NULL,0,0,0,0,NULL,0),
(69,'Dd48','dd48',0,'2021-05-13 07:23:28',0,0,NULL,0,NULL,0,0,0,0,NULL,0),
(70,'Dd49','dd49',0,'2021-05-13 07:23:28',0,0,NULL,0,NULL,0,0,0,0,NULL,0),
(71,'Dd50','dd50',0,'2021-05-13 07:23:28',0,0,NULL,0,NULL,0,0,0,0,NULL,0);

/*Table structure for table `u_department_log` */

DROP TABLE IF EXISTS `u_department_log`;

CREATE TABLE `u_department_log` (
  `logId` int(11) NOT NULL AUTO_INCREMENT,
  `departmentId` int(11) DEFAULT NULL,
  `departmentName` varchar(50) DEFAULT NULL,
  `departmentDescription` varchar(100) DEFAULT NULL,
  `isApproved` int(11) DEFAULT '0',
  `userId` int(11) DEFAULT NULL,
  `isDeleted` int(11) DEFAULT '0',
  `userAction` varchar(20) DEFAULT NULL,
  `transDate` datetime DEFAULT CURRENT_TIMESTAMP,
  `isActive` tinyint(1) DEFAULT '0',
  PRIMARY KEY (`logId`)
) ENGINE=InnoDB AUTO_INCREMENT=130 DEFAULT CHARSET=utf8mb4;

/*Data for the table `u_department_log` */

insert  into `u_department_log`(`logId`,`departmentId`,`departmentName`,`departmentDescription`,`isApproved`,`userId`,`isDeleted`,`userAction`,`transDate`,`isActive`) values 
(1,1,'Dept','dept des',0,10,0,'insert','2020-10-26 18:51:56',0),
(2,2,'Dp','department1',0,3,0,'insert','2020-10-27 09:34:31',0),
(3,2,'Dp','department1',0,3,0,'update','2020-10-27 09:34:31',0),
(4,2,'DPT1','department1',0,3,0,'approve','2020-10-27 09:34:31',0),
(5,1,'Dept','dept des',0,10,0,'approve','2020-10-26 18:51:56',0),
(6,3,'D','dept2',0,3,0,'insert','2021-02-17 22:16:46',0),
(7,3,'D','dept2',0,3,0,'approve','2021-02-17 22:16:46',0),
(8,3,'D','dept2',0,3,0,'update','2021-02-17 22:16:46',0),
(9,3,'D1','dept2',0,3,0,'delete','2021-02-17 22:16:46',0),
(10,1,'Dept','dept des',1,10,0,'approve','2020-10-26 18:51:56',0),
(11,1,'Dept','dept des',0,10,0,'update','2020-10-26 18:51:56',0),
(12,4,'nnb','nm,n,',0,3,0,'insert','2021-04-02 10:22:38',0),
(13,4,'nnb','nm,n,',0,3,0,'delete','2021-04-02 10:22:38',0),
(14,5,'Fdsfgds','fghgh',0,3,0,'insert','2021-04-03 05:09:18',0),
(15,5,'Fdsfgds','fghgh',0,3,0,'approve','2021-04-03 05:09:18',0),
(16,5,'Fdsfgds','fghgh',0,3,0,'delete','2021-04-03 05:09:18',0),
(17,6,'DTPT11','DEPTMENT',0,3,0,'insert','2021-04-07 03:17:24',0),
(18,7,'Kaka','dept',0,3,0,'insert','2021-04-12 23:51:55',0),
(19,7,'Kaka','dept',0,3,0,'approve','2021-04-12 23:51:55',0),
(20,7,'Kaka','dept',0,3,0,'update','2021-04-12 23:51:55',0),
(21,7,'Kaka','DEPT',0,3,0,'update','2021-04-12 23:51:55',0),
(22,2,'DPT1','department1',0,3,0,'update','2020-10-27 09:34:31',0),
(23,2,'DPT1','department1',0,3,0,'delete','2020-10-27 09:34:31',0),
(24,1,'Dept','dept des',0,10,0,'delete','2020-10-26 18:51:56',0),
(25,8,'','',0,0,0,'insert','2021-04-13 23:59:15',0),
(26,9,'D2','d2',0,0,0,'insert','2021-04-13 23:59:36',0),
(27,10,'D4','d4',0,0,0,'insert','2021-04-13 23:59:37',0),
(28,8,'','',0,0,0,'approve','2021-04-13 23:59:15',0),
(29,9,'D2','d2',0,0,0,'approve','2021-04-13 23:59:36',0),
(30,6,'DTPT11','DEPTMENT',0,3,0,'approve','2021-04-07 03:17:24',0),
(31,6,'DTPT11','DEPTMENT',1,3,0,'approve','2021-04-07 03:17:24',0),
(32,6,'DTPT11','DEPTMENT',0,3,0,'update','2021-04-07 03:17:24',0),
(33,11,'Papa','',0,3,0,'insert','2021-04-16 02:02:14',0),
(34,11,'Papa','',0,3,0,'approve','2021-04-16 02:02:14',0),
(35,11,'Papa','',0,3,0,'update','2021-04-16 02:02:14',0),
(36,9,'D2','d2',0,0,0,'delete','2021-04-13 23:59:36',0),
(37,8,'','',0,0,0,'delete','2021-04-13 23:59:15',0),
(38,6,'DTPT13','DEPTMENT',0,3,0,'delete','2021-04-07 03:17:24',0),
(39,7,'Kaka','DEPT',0,3,0,'delete','2021-04-12 23:51:55',0),
(40,12,'Ta','la',0,3,0,'insert','2021-04-16 05:13:54',0),
(41,12,'Ta','la',0,3,0,'approve','2021-04-16 05:13:54',0),
(42,12,'Ta','la',0,3,0,'delete','2021-04-16 05:13:54',0),
(43,13,'Dada','fzfz',0,3,0,'insert','2021-04-16 07:32:00',0),
(44,14,'Rammmm','',0,3,0,'insert','2021-04-16 07:32:22',0),
(45,13,'Dada','fzfz',0,3,0,'approve','2021-04-16 07:32:00',0),
(46,14,'Rammmm','',0,3,0,'approve','2021-04-16 07:32:22',0),
(47,14,'Rammmm','',0,3,0,'update','2021-04-16 07:32:22',0),
(48,13,'Dada','fzfz',0,3,0,'update','2021-04-16 07:32:00',0),
(49,10,'D4','d4',0,0,0,'delete','2021-04-13 23:59:37',0),
(50,15,'Gy','ty',0,0,0,'insert','2021-04-16 07:35:51',0),
(51,15,'Gy','ty',0,0,0,'approve','2021-04-16 07:35:51',0),
(52,14,'Rammmm','ghj',0,3,0,'delete','2021-04-16 07:32:22',0),
(53,15,'Gy','ty',0,0,0,'delete','2021-04-16 07:35:51',0),
(54,13,'Dada','fzfz=====',0,3,0,'delete','2021-04-16 07:32:00',0),
(55,16,',ncnnN ,cnkjbHV',', nkjbjkhiuhihj',0,3,0,'insert','2021-04-20 08:29:11',0),
(56,17,', m bjkd','',0,3,0,'insert','2021-04-20 08:29:45',0),
(57,17,', m bjkd','',0,3,0,'delete','2021-04-20 08:29:45',0),
(58,11,'Papa','nana',0,3,0,'update','2021-04-16 02:02:14',0),
(59,11,'Machnical','nana',0,3,0,'update','2021-04-16 02:02:14',0),
(60,11,'Machnical','the machnical department',0,3,0,'update','2021-04-16 02:02:14',0),
(61,11,'Cs','The cs department',0,3,0,'update','2021-04-16 02:02:14',0),
(62,18,'Lovely','kkkkkkkk',0,3,0,'insert','2021-05-03 07:32:52',0),
(63,18,'Lovely','kkkkkkkk',0,3,0,'approve','2021-05-03 07:32:52',0),
(64,18,'Lovely','kkkkkkkk',0,3,0,'update','2021-05-03 07:32:52',0),
(65,18,'Lovely','Jmmmmm',0,3,0,'update','2021-05-03 07:32:52',0),
(66,18,'Tatatatatta','',0,3,0,'update','2021-05-03 07:32:52',0),
(67,19,'Yyyyyy','',0,3,0,'insert','2021-05-03 07:34:07',0),
(68,20,'Papa','haha',0,3,0,'insert','2021-05-03 07:34:18',0),
(69,20,'Papa','haha',0,3,0,'approve','2021-05-03 07:34:18',0),
(70,20,'Papa','haha',0,3,0,'update','2021-05-03 07:34:18',0),
(71,19,'Yyyyyy','',0,3,0,'delete','2021-05-03 07:34:07',0),
(72,20,'Papa','Ok',0,3,0,'update','2021-05-03 07:34:18',0),
(73,21,'Kala','lala',0,0,0,'insert','2021-05-03 07:38:33',0),
(74,21,'Kala','lala',0,0,0,'approve','2021-05-03 07:38:33',0),
(75,21,'Kala','lala',0,0,0,'update','2021-05-03 07:38:33',0),
(76,18,'Tatatatatta','',0,3,0,'delete','2021-05-03 07:32:52',0),
(77,22,'Dd1','dd1',0,0,0,'insert','2021-05-13 07:23:28',0),
(78,23,'Dd2','dd2',0,0,0,'insert','2021-05-13 07:23:28',0),
(79,24,'Dd3','dd3',0,0,0,'insert','2021-05-13 07:23:28',0),
(80,25,'Dd4','dd4',0,0,0,'insert','2021-05-13 07:23:28',0),
(81,26,'Dd5','dd5',0,0,0,'insert','2021-05-13 07:23:28',0),
(82,27,'Dd6','dd6',0,0,0,'insert','2021-05-13 07:23:28',0),
(83,28,'Dd7','dd7',0,0,0,'insert','2021-05-13 07:23:28',0),
(84,29,'Dd8','dd8',0,0,0,'insert','2021-05-13 07:23:28',0),
(85,30,'Dd9','dd9',0,0,0,'insert','2021-05-13 07:23:28',0),
(86,31,'Dd10','dd10',0,0,0,'insert','2021-05-13 07:23:28',0),
(87,32,'Dd11','dd11',0,0,0,'insert','2021-05-13 07:23:28',0),
(88,33,'Dd12','dd12',0,0,0,'insert','2021-05-13 07:23:28',0),
(89,34,'Dd13','dd13',0,0,0,'insert','2021-05-13 07:23:28',0),
(90,35,'Dd14','dd14',0,0,0,'insert','2021-05-13 07:23:28',0),
(91,36,'Dd15','dd15',0,0,0,'insert','2021-05-13 07:23:28',0),
(92,37,'Dd16','dd16',0,0,0,'insert','2021-05-13 07:23:28',0),
(93,38,'Dd17','dd17',0,0,0,'insert','2021-05-13 07:23:28',0),
(94,39,'Dd18','dd18',0,0,0,'insert','2021-05-13 07:23:28',0),
(95,40,'Dd19','dd19',0,0,0,'insert','2021-05-13 07:23:28',0),
(96,41,'Dd20','dd20',0,0,0,'insert','2021-05-13 07:23:28',0),
(97,42,'Dd21','dd21',0,0,0,'insert','2021-05-13 07:23:28',0),
(98,43,'Dd22','dd22',0,0,0,'insert','2021-05-13 07:23:28',0),
(99,44,'Dd23','dd23',0,0,0,'insert','2021-05-13 07:23:28',0),
(100,45,'Dd24','dd24',0,0,0,'insert','2021-05-13 07:23:28',0),
(101,46,'Dd25','dd25',0,0,0,'insert','2021-05-13 07:23:28',0),
(102,47,'Dd26','dd26',0,0,0,'insert','2021-05-13 07:23:28',0),
(103,48,'Dd27','dd27',0,0,0,'insert','2021-05-13 07:23:28',0),
(104,49,'Dd28','dd28',0,0,0,'insert','2021-05-13 07:23:28',0),
(105,50,'Dd29','dd29',0,0,0,'insert','2021-05-13 07:23:28',0),
(106,51,'Dd30','dd30',0,0,0,'insert','2021-05-13 07:23:28',0),
(107,52,'Dd31','dd31',0,0,0,'insert','2021-05-13 07:23:28',0),
(108,53,'Dd32','dd32',0,0,0,'insert','2021-05-13 07:23:28',0),
(109,54,'Dd33','dd33',0,0,0,'insert','2021-05-13 07:23:28',0),
(110,55,'Dd34','dd34',0,0,0,'insert','2021-05-13 07:23:28',0),
(111,56,'Dd35','dd35',0,0,0,'insert','2021-05-13 07:23:28',0),
(112,57,'Dd36','dd36',0,0,0,'insert','2021-05-13 07:23:28',0),
(113,58,'Dd37','dd37',0,0,0,'insert','2021-05-13 07:23:28',0),
(114,59,'Dd38','dd38',0,0,0,'insert','2021-05-13 07:23:28',0),
(115,60,'Dd39','dd39',0,0,0,'insert','2021-05-13 07:23:28',0),
(116,61,'Dd40','dd40',0,0,0,'insert','2021-05-13 07:23:28',0),
(117,62,'Dd41','dd41',0,0,0,'insert','2021-05-13 07:23:28',0),
(118,63,'Dd42','dd42',0,0,0,'insert','2021-05-13 07:23:28',0),
(119,64,'Dd43','dd43',0,0,0,'insert','2021-05-13 07:23:28',0),
(120,65,'Dd44','dd44',0,0,0,'insert','2021-05-13 07:23:28',0),
(121,66,'Dd45','dd45',0,0,0,'insert','2021-05-13 07:23:28',0),
(122,67,'Dd46','dd46',0,0,0,'insert','2021-05-13 07:23:28',0),
(123,68,'Dd47','dd47',0,0,0,'insert','2021-05-13 07:23:28',0),
(124,69,'Dd48','dd48',0,0,0,'insert','2021-05-13 07:23:28',0),
(125,70,'Dd49','dd49',0,0,0,'insert','2021-05-13 07:23:28',0),
(126,71,'Dd50','dd50',0,0,0,'insert','2021-05-13 07:23:28',0),
(127,16,',ncnnN ,cnkjbHV',', nkjbjkhiuhihj',0,3,0,'approve','2021-04-20 08:29:11',0),
(128,11,'Cs','The cs department',1,3,0,'approve','2021-04-16 02:02:14',0),
(129,16,',ncnnN ,cnkjbHV',', nkjbjkhiuhihj',1,3,0,'approve','2021-04-20 08:29:11',0);

/*Table structure for table `u_designation` */

DROP TABLE IF EXISTS `u_designation`;

CREATE TABLE `u_designation` (
  `designationId` int(11) NOT NULL AUTO_INCREMENT,
  `designationName` varchar(50) DEFAULT NULL,
  `designationDescription` varchar(100) DEFAULT NULL,
  `userId` int(11) DEFAULT NULL,
  `transDate` datetime DEFAULT CURRENT_TIMESTAMP,
  `isApproved` int(11) DEFAULT '0',
  `approvedUserId` int(11) DEFAULT '0',
  `approvedDateTime` datetime DEFAULT NULL,
  `isDeleted` int(11) DEFAULT '0',
  `deleteDateTime` datetime DEFAULT NULL,
  `deleteUserId` int(11) DEFAULT '0',
  `updateCount` int(11) DEFAULT '0',
  `lastUpdateUserId` int(11) DEFAULT '0',
  `isActive` tinyint(1) DEFAULT '0',
  `activateDateTime` datetime DEFAULT NULL,
  `activateUserId` int(11) DEFAULT '0',
  PRIMARY KEY (`designationId`)
) ENGINE=InnoDB AUTO_INCREMENT=51 DEFAULT CHARSET=utf8mb4;

/*Data for the table `u_designation` */

insert  into `u_designation`(`designationId`,`designationName`,`designationDescription`,`userId`,`transDate`,`isApproved`,`approvedUserId`,`approvedDateTime`,`isDeleted`,`deleteDateTime`,`deleteUserId`,`updateCount`,`lastUpdateUserId`,`isActive`,`activateDateTime`,`activateUserId`) values 
(1,'Desig','Desig',10,'2020-10-26 18:52:07',0,3,'2021-04-02 09:14:43',1,'2021-04-13 00:17:30',3,1,3,0,NULL,0),
(2,'DES','Designation',3,'2020-10-27 09:35:18',0,3,'2021-05-17 01:19:49',0,NULL,0,6,3,0,NULL,0),
(3,'d','desik',3,'2021-02-17 22:17:33',1,3,'2021-02-17 22:17:38',1,'2021-02-17 22:18:18',3,1,3,0,NULL,0),
(4,'bnbnmnb','nmmn,',3,'2021-04-02 10:23:05',0,0,NULL,1,'2021-04-02 10:23:14',3,0,0,0,NULL,0),
(5,'dsf','sddsf',3,'2021-04-03 05:11:16',1,3,'2021-04-03 05:11:21',1,'2021-04-03 05:11:33',3,1,3,0,NULL,0),
(6,'SSP','Depps',3,'2021-04-07 03:21:56',0,0,NULL,1,'2021-04-12 23:57:13',3,0,0,0,NULL,0),
(7,'collector','COLLege',3,'2021-04-12 23:56:24',0,3,'2021-05-17 01:20:26',0,NULL,0,2,3,0,NULL,0),
(8,'undefined','undefined',0,'2021-04-14 00:00:50',0,0,NULL,1,'2021-04-16 04:49:05',3,0,0,0,NULL,0),
(9,'','',0,'2021-04-14 00:00:51',0,0,NULL,1,'2021-04-16 04:48:58',3,0,0,0,NULL,0),
(10,'Cndefined','undefined',0,'2021-04-14 00:00:52',0,0,NULL,1,'2021-04-16 04:49:11',3,0,0,0,NULL,0),
(11,'C2','c2',0,'2021-04-14 00:06:01',1,3,'2021-04-16 05:15:11',1,'2021-04-16 05:15:22',3,0,0,0,NULL,0),
(12,'C4','c4',0,'2021-04-14 00:06:02',0,0,NULL,1,'2021-04-16 05:15:07',3,0,0,0,NULL,0),
(13,'undefined','undefined',0,'2021-04-16 05:18:57',1,3,'2021-04-16 05:19:27',1,'2021-04-16 05:19:39',3,0,0,0,NULL,0),
(14,'','',0,'2021-04-16 05:18:57',0,0,NULL,1,'2021-04-16 05:19:12',3,0,0,0,NULL,0),
(15,'Pa2','pa2',0,'2021-04-16 05:18:57',1,3,'2021-04-16 05:19:18',1,'2021-04-16 05:19:34',3,0,0,0,NULL,0),
(16,'DES','Designation',3,'2021-04-25 02:58:12',0,0,NULL,1,'2021-04-25 03:02:22',3,0,0,0,NULL,0),
(17,'Up','Hp kk',3,'2021-05-03 07:40:21',1,3,'2021-05-03 07:40:26',0,NULL,0,1,3,0,NULL,0),
(18,'undefined','undefined',0,'2021-05-03 07:42:29',1,3,'2021-05-14 07:20:49',1,'2021-05-14 07:20:57',3,0,0,0,NULL,0),
(19,'','',0,'2021-05-03 07:42:29',0,0,NULL,1,'2021-05-14 07:21:03',3,0,0,0,NULL,0),
(20,'Op','pp',0,'2021-05-03 07:42:29',0,0,NULL,0,NULL,0,0,0,0,NULL,0),
(21,'Ff1','ff1',0,'2021-05-13 07:25:53',0,0,NULL,0,NULL,0,0,0,0,NULL,0),
(22,'Ff2','ff2',0,'2021-05-13 07:25:53',0,0,NULL,0,NULL,0,0,0,0,NULL,0),
(23,'Ff3','ff3',0,'2021-05-13 07:25:53',0,0,NULL,0,NULL,0,0,0,0,NULL,0),
(24,'Ff4','ff4',0,'2021-05-13 07:25:53',0,0,NULL,0,NULL,0,0,0,0,NULL,0),
(25,'Ff5','ff5',0,'2021-05-13 07:25:53',0,0,NULL,0,NULL,0,0,0,0,NULL,0),
(26,'Ff6','ff6',0,'2021-05-13 07:25:53',0,0,NULL,0,NULL,0,0,0,0,NULL,0),
(27,'Ff7','ff7',0,'2021-05-13 07:25:53',0,0,NULL,0,NULL,0,0,0,0,NULL,0),
(28,'Ff8','ff8',0,'2021-05-13 07:25:53',0,0,NULL,0,NULL,0,0,0,0,NULL,0),
(29,'Ff9','ff9',0,'2021-05-13 07:25:53',0,0,NULL,0,NULL,0,0,0,0,NULL,0),
(30,'Ff10','ff10',0,'2021-05-13 07:25:53',0,0,NULL,0,NULL,0,0,0,0,NULL,0),
(31,'Ff11','ff11',0,'2021-05-13 07:25:53',0,0,NULL,0,NULL,0,0,0,0,NULL,0),
(32,'Ff12','ff12',0,'2021-05-13 07:25:53',0,0,NULL,0,NULL,0,0,0,0,NULL,0),
(33,'Ff13','ff13',0,'2021-05-13 07:25:53',0,0,NULL,0,NULL,0,0,0,0,NULL,0),
(34,'Ff14','ff14',0,'2021-05-13 07:25:53',0,0,NULL,0,NULL,0,0,0,0,NULL,0),
(35,'Ff15','ff15',0,'2021-05-13 07:25:53',0,0,NULL,0,NULL,0,0,0,0,NULL,0),
(36,'Ff16','ff16',0,'2021-05-13 07:25:53',0,0,NULL,0,NULL,0,0,0,0,NULL,0),
(37,'Ff17','ff17',0,'2021-05-13 07:25:53',0,0,NULL,0,NULL,0,0,0,0,NULL,0),
(38,'Ff18','ff18',0,'2021-05-13 07:25:53',0,0,NULL,0,NULL,0,0,0,0,NULL,0),
(39,'Ff19','ff19',0,'2021-05-13 07:25:53',0,0,NULL,0,NULL,0,0,0,0,NULL,0),
(40,'Ff20','ff20',0,'2021-05-13 07:25:53',0,0,NULL,0,NULL,0,0,0,0,NULL,0),
(41,'Ff21','ff21',0,'2021-05-13 07:25:53',0,0,NULL,0,NULL,0,0,0,0,NULL,0),
(42,'Ff22','ff22',0,'2021-05-13 07:25:53',0,0,NULL,0,NULL,0,0,0,0,NULL,0),
(43,'Ff23','ff23',0,'2021-05-13 07:25:53',0,0,NULL,0,NULL,0,0,0,0,NULL,0),
(44,'Ff24','ff24',0,'2021-05-13 07:25:53',0,0,NULL,0,NULL,0,0,0,0,NULL,0),
(45,'Ff25','ff25',0,'2021-05-13 07:25:53',0,0,NULL,0,NULL,0,0,0,0,NULL,0),
(46,'Ff26','ff26',0,'2021-05-13 07:25:53',0,0,NULL,0,NULL,0,0,0,0,NULL,0),
(47,'Ff27','ff27',0,'2021-05-13 07:25:53',0,0,NULL,0,NULL,0,0,0,0,NULL,0),
(48,'Ff28','ff28',0,'2021-05-13 07:25:53',0,0,NULL,0,NULL,0,0,0,0,NULL,0),
(49,'Ff29','ff29',0,'2021-05-13 07:25:53',0,0,NULL,0,NULL,0,0,0,0,NULL,0),
(50,'Ff30','ff30',0,'2021-05-13 07:25:53',0,0,NULL,0,NULL,0,0,0,0,NULL,0);

/*Table structure for table `u_designation_log` */

DROP TABLE IF EXISTS `u_designation_log`;

CREATE TABLE `u_designation_log` (
  `logId` int(11) NOT NULL AUTO_INCREMENT,
  `designationId` int(11) DEFAULT NULL,
  `designationName` varchar(50) DEFAULT NULL,
  `designationDescription` varchar(100) DEFAULT NULL,
  `isApproved` int(11) DEFAULT '0',
  `userId` int(11) DEFAULT NULL,
  `isDeleted` int(11) DEFAULT '0',
  `userAction` varchar(20) DEFAULT NULL,
  `transDate` datetime DEFAULT CURRENT_TIMESTAMP,
  `isActive` tinyint(1) DEFAULT '0',
  PRIMARY KEY (`logId`)
) ENGINE=InnoDB AUTO_INCREMENT=94 DEFAULT CHARSET=utf8mb4;

/*Data for the table `u_designation_log` */

insert  into `u_designation_log`(`logId`,`designationId`,`designationName`,`designationDescription`,`isApproved`,`userId`,`isDeleted`,`userAction`,`transDate`,`isActive`) values 
(1,1,'Desig','Desig',0,10,0,'insert','2020-10-26 18:52:07',0),
(2,2,'DESI','designation name',0,3,0,'insert','2020-10-27 09:35:18',0),
(3,2,'DESI','designation name',0,3,0,'update','2020-10-27 09:35:18',0),
(4,2,'DES','designation name',0,3,0,'approve','2020-10-27 09:35:18',0),
(5,1,'Desig','Desig',0,10,0,'approve','2020-10-26 18:52:07',0),
(6,3,'d','desi',0,3,0,'insert','2021-02-17 22:17:33',0),
(7,3,'d','desi',0,3,0,'approve','2021-02-17 22:17:33',0),
(8,3,'d','desi',0,3,0,'update','2021-02-17 22:17:33',0),
(9,3,'d','desik',0,3,0,'delete','2021-02-17 22:17:33',0),
(10,1,'Desig','Desig',1,10,0,'approve','2020-10-26 18:52:07',0),
(11,1,'Desig','Desig',0,10,0,'update','2020-10-26 18:52:07',0),
(12,2,'DES','designation name',1,3,0,'approve','2020-10-27 09:35:18',0),
(13,2,'DES','designation name',0,3,0,'approve','2020-10-27 09:35:18',0),
(14,4,'bnbnmnb','nmmn,',0,3,0,'insert','2021-04-02 10:23:05',0),
(15,4,'bnbnmnb','nmmn,',0,3,0,'delete','2021-04-02 10:23:05',0),
(16,5,'dsf','sddsf',0,3,0,'insert','2021-04-03 05:11:16',0),
(17,5,'dsf','sddsf',0,3,0,'approve','2021-04-03 05:11:16',0),
(18,5,'dsf','sddsf',0,3,0,'update','2021-04-03 05:11:16',0),
(19,5,'dsf','sddsf',0,3,0,'delete','2021-04-03 05:11:16',0),
(20,6,'SSP','Depps',0,3,0,'insert','2021-04-07 03:21:56',0),
(21,7,'collector','coll',0,3,0,'insert','2021-04-12 23:56:24',0),
(22,7,'collector','coll',0,3,0,'approve','2021-04-12 23:56:24',0),
(23,7,'collector','coll',0,3,0,'update','2021-04-12 23:56:24',0),
(24,6,'SSP','Depps',0,3,0,'delete','2021-04-07 03:21:56',0),
(25,1,'Desig','Desig',0,10,0,'delete','2020-10-26 18:52:07',0),
(26,8,'undefined','undefined',0,0,0,'insert','2021-04-14 00:00:50',0),
(27,9,'','',0,0,0,'insert','2021-04-14 00:00:51',0),
(28,10,'Cndefined','undefined',0,0,0,'insert','2021-04-14 00:00:52',0),
(29,11,'C2','c2',0,0,0,'insert','2021-04-14 00:06:01',0),
(30,12,'C4','c4',0,0,0,'insert','2021-04-14 00:06:02',0),
(31,2,'DES','designation name',0,3,0,'update','2020-10-27 09:35:18',0),
(32,9,'','',0,0,0,'delete','2021-04-14 00:00:51',0),
(33,8,'undefined','undefined',0,0,0,'delete','2021-04-14 00:00:50',0),
(34,10,'Cndefined','undefined',0,0,0,'delete','2021-04-14 00:00:52',0),
(35,12,'C4','c4',0,0,0,'delete','2021-04-14 00:06:02',0),
(36,11,'C2','c2',0,0,0,'approve','2021-04-14 00:06:01',0),
(37,11,'C2','c2',0,0,0,'delete','2021-04-14 00:06:01',0),
(38,7,'collector','COLL',0,3,0,'update','2021-04-12 23:56:24',0),
(39,13,'undefined','undefined',0,0,0,'insert','2021-04-16 05:18:57',0),
(40,14,'','',0,0,0,'insert','2021-04-16 05:18:57',0),
(41,15,'Pa2','pa2',0,0,0,'insert','2021-04-16 05:18:57',0),
(42,14,'','',0,0,0,'delete','2021-04-16 05:18:57',0),
(43,15,'Pa2','pa2',0,0,0,'approve','2021-04-16 05:18:57',0),
(44,13,'undefined','undefined',0,0,0,'approve','2021-04-16 05:18:57',0),
(45,15,'Pa2','pa2',0,0,0,'delete','2021-04-16 05:18:57',0),
(46,13,'undefined','undefined',0,0,0,'delete','2021-04-16 05:18:57',0),
(47,2,'DES 12','designation name',0,3,0,'update','2020-10-27 09:35:18',0),
(48,2,'DES 12lll','designation name',0,3,0,'update','2020-10-27 09:35:18',0),
(49,16,'DES','Designation',0,3,0,'insert','2021-04-25 02:58:12',0),
(50,16,'DES','Designation',0,3,0,'delete','2021-04-25 02:58:12',0),
(51,2,'DES 12lll','designation nameionn',0,3,0,'update','2020-10-27 09:35:18',0),
(52,2,'DES','Designation',0,3,0,'update','2020-10-27 09:35:18',0),
(53,17,'up','hp',0,3,0,'insert','2021-05-03 07:40:21',0),
(54,17,'up','hp',0,3,0,'approve','2021-05-03 07:40:21',0),
(55,17,'up','hp',0,3,0,'update','2021-05-03 07:40:21',0),
(56,18,'undefined','undefined',0,0,0,'insert','2021-05-03 07:42:29',0),
(57,19,'','',0,0,0,'insert','2021-05-03 07:42:29',0),
(58,20,'Op','pp',0,0,0,'insert','2021-05-03 07:42:29',0),
(59,21,'Ff1','ff1',0,0,0,'insert','2021-05-13 07:25:53',0),
(60,22,'Ff2','ff2',0,0,0,'insert','2021-05-13 07:25:53',0),
(61,23,'Ff3','ff3',0,0,0,'insert','2021-05-13 07:25:53',0),
(62,24,'Ff4','ff4',0,0,0,'insert','2021-05-13 07:25:53',0),
(63,25,'Ff5','ff5',0,0,0,'insert','2021-05-13 07:25:53',0),
(64,26,'Ff6','ff6',0,0,0,'insert','2021-05-13 07:25:53',0),
(65,27,'Ff7','ff7',0,0,0,'insert','2021-05-13 07:25:53',0),
(66,28,'Ff8','ff8',0,0,0,'insert','2021-05-13 07:25:53',0),
(67,29,'Ff9','ff9',0,0,0,'insert','2021-05-13 07:25:53',0),
(68,30,'Ff10','ff10',0,0,0,'insert','2021-05-13 07:25:53',0),
(69,31,'Ff11','ff11',0,0,0,'insert','2021-05-13 07:25:53',0),
(70,32,'Ff12','ff12',0,0,0,'insert','2021-05-13 07:25:53',0),
(71,33,'Ff13','ff13',0,0,0,'insert','2021-05-13 07:25:53',0),
(72,34,'Ff14','ff14',0,0,0,'insert','2021-05-13 07:25:53',0),
(73,35,'Ff15','ff15',0,0,0,'insert','2021-05-13 07:25:53',0),
(74,36,'Ff16','ff16',0,0,0,'insert','2021-05-13 07:25:53',0),
(75,37,'Ff17','ff17',0,0,0,'insert','2021-05-13 07:25:53',0),
(76,38,'Ff18','ff18',0,0,0,'insert','2021-05-13 07:25:53',0),
(77,39,'Ff19','ff19',0,0,0,'insert','2021-05-13 07:25:53',0),
(78,40,'Ff20','ff20',0,0,0,'insert','2021-05-13 07:25:53',0),
(79,41,'Ff21','ff21',0,0,0,'insert','2021-05-13 07:25:53',0),
(80,42,'Ff22','ff22',0,0,0,'insert','2021-05-13 07:25:53',0),
(81,43,'Ff23','ff23',0,0,0,'insert','2021-05-13 07:25:53',0),
(82,44,'Ff24','ff24',0,0,0,'insert','2021-05-13 07:25:53',0),
(83,45,'Ff25','ff25',0,0,0,'insert','2021-05-13 07:25:53',0),
(84,46,'Ff26','ff26',0,0,0,'insert','2021-05-13 07:25:53',0),
(85,47,'Ff27','ff27',0,0,0,'insert','2021-05-13 07:25:53',0),
(86,48,'Ff28','ff28',0,0,0,'insert','2021-05-13 07:25:53',0),
(87,49,'Ff29','ff29',0,0,0,'insert','2021-05-13 07:25:53',0),
(88,50,'Ff30','ff30',0,0,0,'insert','2021-05-13 07:25:53',0),
(89,18,'undefined','undefined',0,0,0,'approve','2021-05-03 07:42:29',0),
(90,18,'undefined','undefined',0,0,0,'delete','2021-05-03 07:42:29',0),
(91,19,'','',0,0,0,'delete','2021-05-03 07:42:29',0),
(92,2,'DES','Designation',1,3,0,'approve','2020-10-27 09:35:18',0),
(93,7,'collector','COLLege',1,3,0,'approve','2021-04-12 23:56:24',0);

/*Table structure for table `u_role` */

DROP TABLE IF EXISTS `u_role`;

CREATE TABLE `u_role` (
  `roleId` int(11) NOT NULL AUTO_INCREMENT,
  `rolecode` varchar(50) DEFAULT NULL,
  `rolename` varchar(30) DEFAULT NULL,
  `userId` int(11) DEFAULT NULL,
  `transDate` datetime DEFAULT CURRENT_TIMESTAMP,
  `isApproved` int(11) DEFAULT '0',
  `approvedUserId` int(11) DEFAULT '0',
  `approvedDateTime` datetime DEFAULT NULL,
  `isDeleted` int(11) DEFAULT '0',
  `deleteDateTime` datetime DEFAULT NULL,
  `deleteUserId` int(11) DEFAULT '0',
  `updateCount` int(11) DEFAULT '0',
  `lastUpdateUserId` int(11) DEFAULT '0',
  `isActive` tinyint(1) DEFAULT '0',
  `activateDateTime` datetime DEFAULT NULL,
  `activateUserId` int(11) DEFAULT '0',
  PRIMARY KEY (`roleId`)
) ENGINE=InnoDB AUTO_INCREMENT=12 DEFAULT CHARSET=utf8mb4;

/*Data for the table `u_role` */

insert  into `u_role`(`roleId`,`rolecode`,`rolename`,`userId`,`transDate`,`isApproved`,`approvedUserId`,`approvedDateTime`,`isDeleted`,`deleteDateTime`,`deleteUserId`,`updateCount`,`lastUpdateUserId`,`isActive`,`activateDateTime`,`activateUserId`) values 
(6,'A','All',3,'2020-10-03 17:38:31',1,3,'2020-10-05 15:21:31',0,NULL,0,0,0,0,NULL,0),
(7,'w','write',3,'2020-10-05 15:28:39',0,0,NULL,0,NULL,0,0,0,0,NULL,0),
(8,'Mas','Master',3,'2020-10-05 16:18:14',0,0,NULL,0,NULL,0,2,3,0,NULL,0),
(9,'1','1',3,'2020-10-06 17:50:07',1,3,'2020-10-06 17:50:11',1,'2020-10-06 17:50:15',3,0,0,0,NULL,0),
(10,'Item','ItemUser',3,'2020-10-16 15:28:57',0,0,NULL,0,NULL,0,0,0,0,NULL,0),
(11,'A','Admin',3,'2020-10-21 19:12:02',0,0,NULL,0,NULL,0,0,0,0,NULL,0);

/*Table structure for table `u_role_log` */

DROP TABLE IF EXISTS `u_role_log`;

CREATE TABLE `u_role_log` (
  `logId` int(11) NOT NULL AUTO_INCREMENT,
  `roleId` int(11) DEFAULT NULL,
  `rolecode` varchar(30) DEFAULT NULL,
  `rolename` varchar(30) DEFAULT NULL,
  `isApproved` int(11) DEFAULT '0',
  `userId` int(11) DEFAULT NULL,
  `isDeleted` int(11) DEFAULT '0',
  `userAction` varchar(20) DEFAULT NULL,
  `transDate` datetime DEFAULT CURRENT_TIMESTAMP,
  `isActive` tinyint(1) DEFAULT '0',
  PRIMARY KEY (`logId`)
) ENGINE=InnoDB AUTO_INCREMENT=32 DEFAULT CHARSET=utf8mb4;

/*Data for the table `u_role_log` */

insert  into `u_role_log`(`logId`,`roleId`,`rolecode`,`rolename`,`isApproved`,`userId`,`isDeleted`,`userAction`,`transDate`,`isActive`) values 
(23,6,'A','All',0,NULL,0,'approve','2020-10-03 17:38:31',0),
(24,7,'w','write',0,3,0,'insert','2020-10-05 15:28:39',0),
(25,8,'Mas','Master',0,3,0,'insert','2020-10-05 16:18:14',0),
(26,9,'1','1',0,3,0,'insert','2020-10-06 17:50:07',0),
(27,9,'1','1',0,3,0,'approve','2020-10-06 17:50:07',0),
(28,9,'1','1',0,3,0,'update','2020-10-06 17:50:07',0),
(29,8,'Mas','Master',0,3,0,'update','2020-10-05 16:18:14',0),
(30,8,'Mas','Master',0,3,0,'update','2020-10-05 16:18:14',0),
(31,10,'Item','ItemUser',0,3,0,'insert','2020-10-16 15:28:57',0);

/*Table structure for table `u_rolepermission` */

DROP TABLE IF EXISTS `u_rolepermission`;

CREATE TABLE `u_rolepermission` (
  `permissionId` int(11) NOT NULL AUTO_INCREMENT,
  `roleId` int(11) DEFAULT NULL,
  `subtosubMenuId` int(11) DEFAULT NULL,
  `isAdd` tinyint(4) DEFAULT NULL,
  `isEdit` tinyint(4) DEFAULT NULL,
  `isView` tinyint(4) DEFAULT NULL,
  `isApprove` tinyint(4) DEFAULT NULL,
  `isDelete` tinyint(4) DEFAULT NULL,
  `userId` int(11) DEFAULT NULL,
  `transDate` datetime DEFAULT CURRENT_TIMESTAMP,
  `isApproved` int(11) DEFAULT '0',
  `approvedUserId` int(11) DEFAULT '0',
  `approvedDateTime` datetime DEFAULT NULL,
  `isDeleted` int(11) DEFAULT '0',
  `deleteDateTime` datetime DEFAULT NULL,
  `deleteUserId` int(11) DEFAULT '0',
  `updateCount` int(11) DEFAULT '0',
  `lastUpdateUserId` int(11) DEFAULT '0',
  `isActive` tinyint(1) DEFAULT '0',
  `activateDateTime` datetime DEFAULT NULL,
  `activateUserId` int(11) DEFAULT '0',
  PRIMARY KEY (`permissionId`)
) ENGINE=InnoDB AUTO_INCREMENT=188 DEFAULT CHARSET=utf8mb4;

/*Data for the table `u_rolepermission` */

insert  into `u_rolepermission`(`permissionId`,`roleId`,`subtosubMenuId`,`isAdd`,`isEdit`,`isView`,`isApprove`,`isDelete`,`userId`,`transDate`,`isApproved`,`approvedUserId`,`approvedDateTime`,`isDeleted`,`deleteDateTime`,`deleteUserId`,`updateCount`,`lastUpdateUserId`,`isActive`,`activateDateTime`,`activateUserId`) values 
(45,6,43,1,1,1,1,1,3,'2020-10-02 17:30:47',0,0,NULL,0,NULL,0,0,0,0,NULL,0),
(46,6,44,1,1,1,1,1,3,'2020-10-02 17:30:47',0,0,NULL,0,NULL,0,0,0,0,NULL,0),
(47,6,45,1,1,1,1,1,3,'2020-10-02 17:30:47',0,0,NULL,0,NULL,0,0,0,0,NULL,0),
(50,6,48,1,1,1,1,1,3,'2020-10-02 17:30:47',0,0,NULL,0,NULL,0,0,0,0,NULL,0),
(51,6,49,1,1,1,1,1,3,'2020-10-02 17:30:47',0,0,NULL,0,NULL,0,0,0,0,NULL,0),
(54,6,23,1,1,1,1,1,3,'2020-10-02 17:30:47',0,0,NULL,0,NULL,0,0,0,0,NULL,0),
(55,6,24,1,1,1,1,1,3,'2020-10-02 17:30:47',0,0,NULL,0,NULL,0,0,0,0,NULL,0),
(56,6,25,1,1,1,1,1,3,'2020-10-02 17:30:47',0,0,NULL,0,NULL,0,0,0,0,NULL,0),
(57,6,26,1,1,1,1,1,3,'2020-10-02 17:30:47',0,0,NULL,0,NULL,0,0,0,0,NULL,0),
(58,6,27,1,1,1,1,1,3,'2020-10-02 17:30:47',0,0,NULL,0,NULL,0,0,0,0,NULL,0),
(59,6,28,1,1,1,1,1,3,'2020-10-02 17:30:47',0,0,NULL,0,NULL,0,0,0,0,NULL,0),
(60,6,29,1,1,1,1,1,3,'2020-10-02 17:30:47',0,0,NULL,0,NULL,0,0,0,0,NULL,0),
(61,6,30,1,1,1,1,1,3,'2020-10-02 17:30:47',0,0,NULL,0,NULL,0,0,0,0,NULL,0),
(62,6,31,1,1,1,1,1,3,'2020-10-02 17:30:47',0,0,NULL,0,NULL,0,0,0,0,NULL,0),
(63,6,32,1,1,1,1,1,3,'2020-10-02 17:30:47',0,0,NULL,0,NULL,0,0,0,0,NULL,0),
(64,6,33,1,1,1,1,1,3,'2020-10-02 17:30:47',0,0,NULL,0,NULL,0,0,0,0,NULL,0),
(65,6,34,1,1,1,1,1,3,'2020-10-02 17:30:47',0,0,NULL,0,NULL,0,0,0,0,NULL,0),
(66,6,35,1,1,1,1,1,3,'2020-10-02 17:30:47',0,0,NULL,0,NULL,0,0,0,0,NULL,0),
(67,6,36,1,1,1,1,1,3,'2020-10-02 17:30:47',0,0,NULL,0,NULL,0,0,0,0,NULL,0),
(68,6,37,1,1,1,1,1,3,'2020-10-02 17:30:47',0,0,NULL,0,NULL,0,0,0,0,NULL,0),
(69,6,38,1,1,1,1,1,3,'2020-10-02 17:30:47',0,0,NULL,0,NULL,0,0,0,0,NULL,0),
(70,6,39,1,1,1,1,1,3,'2020-10-02 17:30:47',0,0,NULL,0,NULL,0,0,0,0,NULL,0),
(71,6,40,1,1,1,1,1,3,'2020-10-02 17:30:48',0,0,NULL,0,NULL,0,0,0,0,NULL,0),
(72,6,41,1,1,1,1,1,3,'2020-10-02 17:30:48',0,0,NULL,0,NULL,0,0,0,0,NULL,0),
(73,6,42,1,1,1,1,1,3,'2020-10-02 17:30:48',0,0,NULL,0,NULL,0,0,0,0,NULL,0),
(84,7,23,1,1,1,1,1,3,'2020-10-05 15:33:15',0,0,NULL,1,'2020-10-16 17:49:28',3,0,0,0,NULL,0),
(85,7,24,1,1,1,1,1,3,'2020-10-05 15:57:52',0,0,NULL,0,NULL,0,0,0,0,NULL,0),
(86,7,25,1,1,0,0,0,3,'2020-10-05 16:00:05',0,0,NULL,0,NULL,0,0,0,0,NULL,0),
(87,7,26,1,1,1,1,1,3,'2020-10-05 16:02:39',0,0,NULL,0,NULL,0,0,0,0,NULL,0),
(88,7,27,0,1,1,1,1,3,'2020-10-05 16:13:14',0,0,NULL,0,NULL,0,0,0,0,NULL,0),
(89,8,23,0,1,1,1,1,3,'2020-10-05 16:20:21',0,0,NULL,0,NULL,0,0,0,0,NULL,0),
(90,8,24,0,1,0,0,1,3,'2020-10-05 16:20:21',0,0,NULL,0,NULL,0,0,0,0,NULL,0),
(91,8,25,1,1,0,0,0,3,'2020-10-05 16:20:21',0,0,NULL,0,NULL,0,0,0,0,NULL,0),
(92,8,26,0,1,0,1,1,3,'2020-10-05 16:20:21',0,0,NULL,0,NULL,0,0,0,0,NULL,0),
(93,8,27,1,1,1,1,0,3,'2020-10-05 16:20:21',0,0,NULL,0,NULL,0,0,0,0,NULL,0),
(94,8,28,1,1,0,1,0,3,'2020-10-05 16:20:21',0,0,NULL,0,NULL,0,0,0,0,NULL,0),
(95,8,29,1,1,1,0,0,3,'2020-10-05 16:20:21',0,0,NULL,0,NULL,0,0,0,0,NULL,0),
(96,8,30,1,1,0,0,0,3,'2020-10-05 16:20:21',0,0,NULL,0,NULL,0,0,0,0,NULL,0),
(97,8,31,1,1,1,1,1,3,'2020-10-05 16:20:21',0,0,NULL,0,NULL,0,0,0,0,NULL,0),
(98,8,32,1,1,1,1,1,3,'2020-10-05 16:20:21',0,0,NULL,0,NULL,0,0,0,0,NULL,0),
(99,7,31,1,1,0,0,0,3,'2020-10-05 16:32:07',0,0,NULL,0,NULL,0,0,0,0,NULL,0),
(100,7,32,1,1,0,0,0,3,'2020-10-05 16:32:07',0,0,NULL,0,NULL,0,0,0,0,NULL,0),
(101,7,35,1,0,0,0,1,3,'2020-10-05 16:36:48',0,0,NULL,0,NULL,0,0,0,0,NULL,0),
(102,7,52,1,1,1,1,1,3,'2020-10-05 17:06:59',0,0,NULL,0,NULL,0,0,0,0,NULL,0),
(103,7,36,1,1,0,1,1,3,'2020-10-05 18:57:15',0,0,NULL,0,NULL,0,0,0,0,NULL,0),
(104,7,37,1,1,0,1,1,3,'2020-10-05 18:57:15',0,0,NULL,0,NULL,0,0,0,0,NULL,0),
(105,7,40,0,0,0,0,0,3,'2020-10-05 19:08:00',0,0,NULL,0,NULL,0,0,0,0,NULL,0),
(106,7,48,0,1,1,0,1,3,'2020-10-05 19:10:22',0,0,NULL,0,NULL,0,0,0,0,NULL,0),
(107,7,42,0,0,0,0,0,3,'2020-10-05 19:10:22',0,0,NULL,0,NULL,0,0,0,0,NULL,0),
(108,7,47,1,1,1,1,1,3,'2020-10-06 17:51:37',0,0,NULL,0,NULL,0,0,0,0,NULL,0),
(109,7,34,1,1,1,1,1,3,'2020-10-06 17:55:19',0,0,NULL,0,NULL,0,0,0,0,NULL,0),
(110,6,53,1,1,1,1,1,1,'2020-10-07 10:33:28',0,0,NULL,0,NULL,0,0,0,0,NULL,0),
(111,6,54,1,1,1,1,1,1,'2020-10-07 10:33:28',0,0,NULL,0,NULL,0,0,0,0,NULL,0),
(112,6,55,1,1,1,1,1,1,'2020-10-08 09:57:26',0,0,NULL,0,NULL,0,0,0,0,NULL,0),
(113,6,56,1,1,1,1,1,1,'2020-10-13 20:58:46',0,0,NULL,0,NULL,0,0,0,0,NULL,0),
(114,7,53,1,1,0,0,0,3,'2020-10-16 14:33:27',0,0,NULL,0,NULL,0,0,0,0,NULL,0),
(115,7,54,0,1,0,0,0,3,'2020-10-16 14:33:27',0,0,NULL,0,NULL,0,0,0,0,NULL,0),
(116,7,50,1,1,0,0,1,3,'2020-10-16 14:33:56',0,0,NULL,0,NULL,0,0,0,0,NULL,0),
(117,7,28,1,1,1,1,1,3,'2020-10-16 14:36:57',0,0,NULL,0,NULL,0,0,0,0,NULL,0),
(118,7,49,1,1,0,0,1,3,'2020-10-16 14:37:22',0,0,NULL,0,NULL,0,0,0,0,NULL,0),
(119,7,29,1,1,0,0,0,3,'2020-10-16 14:51:28',0,0,NULL,0,NULL,0,0,0,0,NULL,0),
(120,7,46,1,1,0,0,0,3,'2020-10-16 14:51:40',0,0,NULL,0,NULL,0,0,0,0,NULL,0),
(121,10,36,0,0,0,0,0,3,'2020-10-16 15:30:34',0,0,NULL,1,'2020-10-16 17:55:45',10,0,0,0,NULL,0),
(122,10,37,1,1,0,1,1,3,'2020-10-16 15:30:34',0,0,NULL,1,'2020-10-16 17:54:16',3,0,0,0,NULL,0),
(123,10,38,1,1,1,0,1,3,'2020-10-16 15:30:34',0,0,NULL,1,'2020-10-16 17:54:28',3,0,0,0,NULL,0),
(124,10,39,0,1,0,1,1,3,'2020-10-16 15:30:34',0,0,NULL,0,NULL,0,0,0,0,NULL,0),
(125,10,40,1,1,0,0,0,3,'2020-10-16 15:30:34',0,0,NULL,0,NULL,0,0,0,0,NULL,0),
(126,10,41,0,1,0,1,0,3,'2020-10-16 15:30:34',0,0,NULL,0,NULL,0,0,0,0,NULL,0),
(127,10,42,1,1,0,1,1,3,'2020-10-16 15:30:34',0,0,NULL,0,NULL,0,0,0,0,NULL,0),
(128,10,43,1,1,0,0,0,10,'2020-10-16 15:43:33',0,0,NULL,0,NULL,0,0,0,0,NULL,0),
(129,10,44,0,0,0,0,0,3,'2020-10-16 15:47:47',0,0,NULL,0,NULL,0,0,0,0,NULL,0),
(130,10,35,0,0,0,0,0,10,'2020-10-16 16:10:29',0,0,NULL,1,'2020-10-16 17:53:48',3,0,0,0,NULL,0),
(131,10,34,0,0,0,0,0,10,'2020-10-16 16:16:04',0,0,NULL,1,'2020-10-16 17:53:58',3,0,0,0,NULL,0),
(132,7,23,1,1,1,0,1,3,'2020-10-16 17:49:41',0,0,NULL,0,NULL,0,0,0,0,NULL,0),
(133,10,36,1,0,0,0,0,3,'2020-10-17 11:08:32',0,0,NULL,0,NULL,0,0,0,0,NULL,0),
(134,10,37,1,0,1,0,0,3,'2020-10-17 11:08:32',0,0,NULL,0,NULL,0,0,0,0,NULL,0),
(137,11,23,1,1,1,1,1,3,'2020-10-21 19:30:03',0,0,NULL,0,NULL,0,0,0,0,NULL,0),
(138,11,24,1,1,1,1,1,3,'2020-10-21 19:30:03',0,0,NULL,0,NULL,0,0,0,0,NULL,0),
(139,11,25,1,1,1,1,1,3,'2020-10-21 19:30:03',0,0,NULL,0,NULL,0,0,0,0,NULL,0),
(140,11,26,1,1,1,1,1,3,'2020-10-21 19:30:03',0,0,NULL,0,NULL,0,0,0,0,NULL,0),
(141,11,27,1,1,1,1,1,3,'2020-10-21 19:30:03',0,0,NULL,0,NULL,0,0,0,0,NULL,0),
(142,11,28,1,1,1,1,1,3,'2020-10-21 19:30:03',0,0,NULL,0,NULL,0,0,0,0,NULL,0),
(143,11,29,1,1,1,1,1,3,'2020-10-21 19:30:03',0,0,NULL,0,NULL,0,0,0,0,NULL,0),
(144,11,30,1,1,1,1,1,3,'2020-10-21 19:30:03',0,0,NULL,0,NULL,0,0,0,0,NULL,0),
(145,11,31,1,1,1,1,1,3,'2020-10-21 19:30:03',0,0,NULL,0,NULL,0,0,0,0,NULL,0),
(146,11,32,1,1,1,1,1,3,'2020-10-21 19:30:03',0,0,NULL,0,NULL,0,0,0,0,NULL,0),
(147,11,33,1,1,1,1,1,3,'2020-10-21 19:34:59',0,0,NULL,0,NULL,0,0,0,0,NULL,0),
(148,11,34,1,1,1,1,1,3,'2020-10-21 19:34:59',0,0,NULL,0,NULL,0,0,0,0,NULL,0),
(149,11,35,1,1,1,1,1,3,'2020-10-21 19:34:59',0,0,NULL,0,NULL,0,0,0,0,NULL,0),
(150,11,36,1,1,1,1,1,3,'2020-10-21 19:34:59',0,0,NULL,0,NULL,0,0,0,0,NULL,0),
(151,11,37,1,1,1,1,1,3,'2020-10-21 19:34:59',0,0,NULL,0,NULL,0,0,0,0,NULL,0),
(152,11,38,1,1,1,1,1,3,'2020-10-21 19:34:59',0,0,NULL,0,NULL,0,0,0,0,NULL,0),
(153,11,39,1,1,1,1,1,3,'2020-10-21 19:34:59',0,0,NULL,0,NULL,0,0,0,0,NULL,0),
(154,11,40,1,1,1,1,1,3,'2020-10-21 19:34:59',0,0,NULL,0,NULL,0,0,0,0,NULL,0),
(155,11,41,1,1,1,1,1,3,'2020-10-21 19:34:59',0,0,NULL,0,NULL,0,0,0,0,NULL,0),
(156,11,42,1,1,1,1,1,3,'2020-10-21 19:34:59',0,0,NULL,0,NULL,0,0,0,0,NULL,0),
(157,11,43,1,1,1,1,1,3,'2020-10-21 19:34:59',0,0,NULL,0,NULL,0,0,0,0,NULL,0),
(158,11,44,1,1,1,1,1,3,'2020-10-21 19:34:59',0,0,NULL,0,NULL,0,0,0,0,NULL,0),
(159,11,45,1,1,1,1,1,3,'2020-10-21 19:39:55',0,0,NULL,0,NULL,0,0,0,0,NULL,0),
(160,11,46,1,1,1,1,1,3,'2020-10-21 19:39:55',0,0,NULL,0,NULL,0,0,0,0,NULL,0),
(161,11,47,1,1,1,1,1,3,'2020-10-21 19:39:55',0,0,NULL,0,NULL,0,0,0,0,NULL,0),
(162,11,48,1,1,1,1,1,3,'2020-10-21 19:39:55',0,0,NULL,0,NULL,0,0,0,0,NULL,0),
(163,11,49,1,1,1,1,1,3,'2020-10-21 19:39:55',0,0,NULL,0,NULL,0,0,0,0,NULL,0),
(164,11,50,1,1,1,1,1,3,'2020-10-21 19:39:55',0,0,NULL,0,NULL,0,0,0,0,NULL,0),
(165,11,51,1,1,1,1,1,3,'2020-10-21 19:39:55',0,0,NULL,0,NULL,0,0,0,0,NULL,0),
(166,11,52,1,1,1,1,1,3,'2020-10-21 19:39:55',0,0,NULL,0,NULL,0,0,0,0,NULL,0),
(167,11,53,1,1,1,1,1,3,'2020-10-21 19:39:55',0,0,NULL,0,NULL,0,0,0,0,NULL,0),
(168,11,54,1,1,1,1,1,3,'2020-10-21 19:39:55',0,0,NULL,0,NULL,0,0,0,0,NULL,0),
(169,11,55,1,1,1,1,1,3,'2020-10-21 19:39:55',0,0,NULL,0,NULL,0,0,0,0,NULL,0),
(170,11,56,1,1,1,1,1,3,'2020-10-21 19:39:55',0,0,NULL,0,NULL,0,0,0,0,NULL,0),
(171,11,57,1,1,1,1,1,3,'2020-10-21 19:39:55',0,0,NULL,0,NULL,0,0,0,0,NULL,0),
(172,11,58,1,1,1,1,1,3,'2020-10-21 19:39:55',0,0,NULL,0,NULL,0,0,0,0,NULL,0),
(173,11,59,1,1,1,1,1,3,'2020-10-21 19:39:55',0,0,NULL,0,NULL,0,0,0,0,NULL,0),
(174,11,60,1,1,1,1,1,3,'2020-10-24 16:55:51',0,0,NULL,0,NULL,0,0,0,0,NULL,0),
(175,6,61,1,1,1,1,1,3,'2020-11-26 17:54:22',0,0,NULL,0,NULL,0,0,0,0,NULL,0),
(176,6,62,1,1,1,1,1,3,'2020-11-30 10:31:06',0,0,NULL,0,NULL,0,0,0,0,NULL,0),
(177,6,63,1,1,1,1,1,3,'2021-01-15 14:33:11',0,0,NULL,0,NULL,0,0,0,0,NULL,0),
(178,6,64,1,1,1,1,1,3,'2021-01-15 16:44:23',0,0,NULL,0,NULL,0,0,0,0,NULL,0),
(179,6,65,1,1,1,1,1,3,'2021-01-15 18:32:36',0,0,NULL,0,NULL,0,0,0,0,NULL,0),
(180,6,69,1,1,1,1,1,1,'2021-03-06 03:53:38',0,0,NULL,0,NULL,0,0,0,0,NULL,0),
(181,6,70,1,1,1,1,1,1,'2021-03-07 23:10:34',0,0,NULL,0,NULL,0,0,0,0,NULL,0),
(182,6,71,1,1,1,1,1,1,'2021-03-11 04:40:40',0,0,NULL,0,NULL,0,0,0,0,NULL,0),
(183,6,72,1,1,1,1,1,1,'2021-03-16 08:08:43',0,0,NULL,0,NULL,0,0,0,0,NULL,0),
(184,6,73,1,1,1,1,1,1,'2021-03-17 05:37:57',0,0,NULL,0,NULL,0,0,0,0,NULL,0),
(185,6,74,1,1,1,1,1,1,'2021-04-01 02:18:26',0,0,NULL,0,NULL,0,0,0,0,NULL,0),
(186,6,75,1,1,1,1,1,1,'2021-04-07 02:39:17',0,0,NULL,0,NULL,0,0,0,0,NULL,0),
(187,6,76,1,1,1,1,1,1,'2021-04-28 00:09:42',0,0,NULL,0,NULL,0,0,0,0,NULL,0);

/*Table structure for table `u_rolepermission_log` */

DROP TABLE IF EXISTS `u_rolepermission_log`;

CREATE TABLE `u_rolepermission_log` (
  `logId` int(11) NOT NULL AUTO_INCREMENT,
  `permissionId` int(11) DEFAULT NULL,
  `roleId` int(11) DEFAULT NULL,
  `subtosubMenuId` int(11) DEFAULT NULL,
  `isAdd` tinyint(4) DEFAULT NULL,
  `isEdit` tinyint(4) DEFAULT NULL,
  `isView` tinyint(4) DEFAULT NULL,
  `isApprove` tinyint(4) DEFAULT NULL,
  `isDelete` tinyint(4) DEFAULT NULL,
  `isApproved` int(11) DEFAULT '0',
  `userId` int(11) DEFAULT NULL,
  `isDeleted` int(11) DEFAULT '0',
  `userAction` varchar(20) DEFAULT NULL,
  `transDate` datetime DEFAULT CURRENT_TIMESTAMP,
  `isActive` tinyint(1) DEFAULT '0',
  PRIMARY KEY (`logId`)
) ENGINE=InnoDB AUTO_INCREMENT=153 DEFAULT CHARSET=utf8mb4;

/*Data for the table `u_rolepermission_log` */

insert  into `u_rolepermission_log`(`logId`,`permissionId`,`roleId`,`subtosubMenuId`,`isAdd`,`isEdit`,`isView`,`isApprove`,`isDelete`,`isApproved`,`userId`,`isDeleted`,`userAction`,`transDate`,`isActive`) values 
(68,45,5,43,1,1,1,1,1,0,3,0,'insert','2020-10-02 17:30:47',0),
(69,46,5,44,1,1,1,1,1,0,3,0,'insert','2020-10-02 17:30:47',0),
(70,47,5,45,1,1,1,1,1,0,3,0,'insert','2020-10-02 17:30:47',0),
(71,48,5,46,1,1,1,1,1,0,3,0,'insert','2020-10-02 17:30:47',0),
(72,49,5,47,1,1,1,1,1,0,3,0,'insert','2020-10-02 17:30:47',0),
(73,50,5,48,1,1,1,1,1,0,3,0,'insert','2020-10-02 17:30:47',0),
(74,51,5,49,1,1,1,1,1,0,3,0,'insert','2020-10-02 17:30:47',0),
(75,52,5,50,1,1,1,1,1,0,3,0,'insert','2020-10-02 17:30:47',0),
(76,53,5,51,1,1,1,1,1,0,3,0,'insert','2020-10-02 17:30:47',0),
(77,54,5,23,1,1,1,1,1,0,3,0,'insert','2020-10-02 17:30:47',0),
(78,55,5,24,1,1,1,1,1,0,3,0,'insert','2020-10-02 17:30:47',0),
(79,56,5,25,1,1,1,1,1,0,3,0,'insert','2020-10-02 17:30:47',0),
(80,57,5,26,1,1,1,1,1,0,3,0,'insert','2020-10-02 17:30:47',0),
(81,58,5,27,1,1,1,1,1,0,3,0,'insert','2020-10-02 17:30:47',0),
(82,59,5,28,1,1,1,1,1,0,3,0,'insert','2020-10-02 17:30:47',0),
(83,60,5,29,1,1,1,1,1,0,3,0,'insert','2020-10-02 17:30:47',0),
(84,61,5,30,1,1,1,1,1,0,3,0,'insert','2020-10-02 17:30:47',0),
(85,62,5,31,1,1,1,1,1,0,3,0,'insert','2020-10-02 17:30:47',0),
(86,63,5,32,1,1,1,1,1,0,3,0,'insert','2020-10-02 17:30:47',0),
(87,64,5,33,1,1,1,1,1,0,3,0,'insert','2020-10-02 17:30:47',0),
(88,65,5,34,1,1,1,1,1,0,3,0,'insert','2020-10-02 17:30:47',0),
(89,66,5,35,1,1,1,1,1,0,3,0,'insert','2020-10-02 17:30:47',0),
(90,67,5,36,1,1,1,1,1,0,3,0,'insert','2020-10-02 17:30:47',0),
(91,68,5,37,1,1,1,1,1,0,3,0,'insert','2020-10-02 17:30:47',0),
(92,69,5,38,1,1,1,1,1,0,3,0,'insert','2020-10-02 17:30:47',0),
(93,70,5,39,1,1,1,1,1,0,3,0,'insert','2020-10-02 17:30:47',0),
(94,71,5,40,1,1,1,1,1,0,3,0,'insert','2020-10-02 17:30:48',0),
(95,72,5,41,1,1,1,1,1,0,3,0,'insert','2020-10-02 17:30:48',0),
(96,73,5,42,1,1,1,1,1,0,3,0,'insert','2020-10-02 17:30:48',0),
(97,74,6,23,1,1,0,0,0,0,3,0,'insert','2020-10-02 20:53:52',0),
(98,75,6,24,1,1,0,0,0,0,3,0,'insert','2020-10-02 20:53:52',0),
(99,76,6,26,1,1,0,0,0,0,3,0,'insert','2020-10-02 20:53:52',0),
(100,77,6,27,1,1,0,0,0,0,3,0,'insert','2020-10-02 20:53:52',0),
(101,78,6,28,1,1,0,0,0,0,3,0,'insert','2020-10-02 20:53:52',0),
(102,79,6,29,1,1,0,0,0,0,3,0,'insert','2020-10-02 20:53:52',0),
(103,80,6,30,1,1,0,0,0,0,3,0,'insert','2020-10-02 20:53:52',0),
(104,81,6,31,1,1,0,0,0,0,3,0,'insert','2020-10-02 20:53:52',0),
(105,82,6,32,1,1,0,0,0,0,3,0,'insert','2020-10-02 20:53:52',0),
(106,84,7,23,1,1,1,1,1,0,3,0,'insert','2020-10-05 15:33:15',0),
(107,85,7,24,1,1,1,1,1,0,3,0,'insert','2020-10-05 15:57:52',0),
(108,86,7,25,1,0,0,0,0,0,3,0,'insert','2020-10-05 16:00:05',0),
(109,87,7,26,0,1,1,1,1,0,3,0,'insert','2020-10-05 16:02:39',0),
(110,88,7,27,0,1,1,1,1,0,3,0,'insert','2020-10-05 16:13:14',0),
(111,89,8,23,0,1,1,1,1,0,3,0,'insert','2020-10-05 16:20:21',0),
(112,90,8,24,0,1,0,0,1,0,3,0,'insert','2020-10-05 16:20:21',0),
(113,91,8,25,1,1,0,0,0,0,3,0,'insert','2020-10-05 16:20:21',0),
(114,92,8,26,0,1,0,1,1,0,3,0,'insert','2020-10-05 16:20:21',0),
(115,93,8,27,1,1,1,1,0,0,3,0,'insert','2020-10-05 16:20:21',0),
(116,94,8,28,1,1,0,1,0,0,3,0,'insert','2020-10-05 16:20:21',0),
(117,95,8,29,1,1,1,0,0,0,3,0,'insert','2020-10-05 16:20:21',0),
(118,96,8,30,1,1,0,0,0,0,3,0,'insert','2020-10-05 16:20:21',0),
(119,97,8,31,1,1,1,1,1,0,3,0,'insert','2020-10-05 16:20:21',0),
(120,98,8,32,1,1,1,1,1,0,3,0,'insert','2020-10-05 16:20:21',0),
(121,99,7,31,1,1,0,0,0,0,3,0,'insert','2020-10-05 16:32:07',0),
(122,100,7,32,1,1,0,0,0,0,3,0,'insert','2020-10-05 16:32:07',0),
(123,101,7,35,1,0,0,0,1,0,3,0,'insert','2020-10-05 16:36:48',0),
(124,102,7,52,1,1,1,1,1,0,3,0,'insert','2020-10-05 17:06:59',0),
(125,103,7,36,1,1,0,1,1,0,3,0,'insert','2020-10-05 18:57:15',0),
(126,104,7,37,1,1,0,1,1,0,3,0,'insert','2020-10-05 18:57:15',0),
(127,105,7,40,0,0,0,0,0,0,3,0,'insert','2020-10-05 19:08:00',0),
(128,106,7,48,0,1,1,0,1,0,3,0,'insert','2020-10-05 19:10:22',0),
(129,107,7,42,0,0,0,0,0,0,3,0,'insert','2020-10-05 19:10:22',0),
(130,108,7,47,1,1,1,1,1,0,3,0,'insert','2020-10-06 17:51:37',0),
(131,109,7,34,1,1,1,1,1,0,3,0,'insert','2020-10-06 17:55:19',0),
(132,114,7,53,1,1,0,0,0,0,3,0,'insert','2020-10-16 14:33:27',0),
(133,115,7,54,0,1,0,0,0,0,3,0,'insert','2020-10-16 14:33:27',0),
(134,116,7,50,1,1,0,0,1,0,3,0,'insert','2020-10-16 14:33:56',0),
(135,117,7,28,1,1,1,1,1,0,3,0,'insert','2020-10-16 14:36:57',0),
(136,118,7,49,1,1,0,0,1,0,3,0,'insert','2020-10-16 14:37:22',0),
(137,119,7,29,1,1,0,0,0,0,3,0,'insert','2020-10-16 14:51:28',0),
(138,120,7,46,1,1,0,0,0,0,3,0,'insert','2020-10-16 14:51:40',0),
(139,121,10,36,1,1,0,1,1,0,3,0,'insert','2020-10-16 15:30:34',0),
(140,122,10,37,1,1,0,1,1,0,3,0,'insert','2020-10-16 15:30:34',0),
(141,123,10,38,1,0,1,0,1,0,3,0,'insert','2020-10-16 15:30:34',0),
(142,124,10,39,0,1,0,1,1,0,3,0,'insert','2020-10-16 15:30:34',0),
(143,125,10,40,1,1,0,0,0,0,3,0,'insert','2020-10-16 15:30:34',0),
(144,126,10,41,1,0,1,1,1,0,3,0,'insert','2020-10-16 15:30:34',0),
(145,127,10,42,1,1,0,1,1,0,3,0,'insert','2020-10-16 15:30:34',0),
(146,128,10,43,1,1,0,0,0,0,10,0,'insert','2020-10-16 15:43:33',0),
(147,129,10,44,1,1,0,0,0,0,3,0,'insert','2020-10-16 15:47:47',0),
(148,130,10,35,0,0,0,0,0,0,10,0,'insert','2020-10-16 16:10:29',0),
(149,131,10,34,0,0,0,0,0,0,10,0,'insert','2020-10-16 16:16:04',0),
(150,132,7,23,1,1,1,0,1,0,3,0,'insert','2020-10-16 17:49:41',0),
(151,133,10,36,1,0,0,0,0,0,3,0,'insert','2020-10-17 11:08:32',0),
(152,134,10,37,1,0,1,0,0,0,3,0,'insert','2020-10-17 11:08:32',0);

/*Table structure for table `u_user` */

DROP TABLE IF EXISTS `u_user`;

CREATE TABLE `u_user` (
  `newuserId` int(11) NOT NULL AUTO_INCREMENT,
  `userfirstName` varchar(50) DEFAULT NULL,
  `userlastName` varchar(50) DEFAULT NULL,
  `usercontactNo` varchar(20) DEFAULT NULL,
  `useremail` varchar(50) DEFAULT NULL,
  `userpwd` varchar(50) DEFAULT NULL,
  `userId` int(11) DEFAULT NULL,
  `transDate` datetime DEFAULT CURRENT_TIMESTAMP,
  `isApproved` int(11) DEFAULT '0',
  `approvedUserId` int(11) DEFAULT '0',
  `approvedDateTime` datetime DEFAULT NULL,
  `isDeleted` int(11) DEFAULT '0',
  `deleteDateTime` datetime DEFAULT NULL,
  `deleteUserId` int(11) DEFAULT '0',
  `updateCount` int(11) DEFAULT '0',
  `lastUpdateUserId` int(11) DEFAULT '0',
  `isActive` tinyint(1) DEFAULT '0',
  `activateDateTime` datetime DEFAULT NULL,
  `activateUserId` int(11) DEFAULT '0',
  PRIMARY KEY (`newuserId`)
) ENGINE=InnoDB AUTO_INCREMENT=13 DEFAULT CHARSET=utf8mb4;

/*Data for the table `u_user` */

insert  into `u_user`(`newuserId`,`userfirstName`,`userlastName`,`usercontactNo`,`useremail`,`userpwd`,`userId`,`transDate`,`isApproved`,`approvedUserId`,`approvedDateTime`,`isDeleted`,`deleteDateTime`,`deleteUserId`,`updateCount`,`lastUpdateUserId`,`isActive`,`activateDateTime`,`activateUserId`) values 
(3,'Punita','yadav',NULL,'admin@gmail.com','admin',0,'2020-10-02 17:16:11',0,0,NULL,0,'2020-10-13 16:05:42',3,0,0,0,NULL,0),
(4,'Bhumi','Yadav','9876543212','way2punita@gmail.com','12345',3,'2020-10-02 20:56:47',0,3,'2020-10-05 15:21:18',1,'2020-10-17 17:05:28',3,0,0,0,NULL,0),
(5,'Udit','tripathi','8299281756','uditptripathi97@gmail.com','udit',3,'2020-10-05 15:24:06',0,0,NULL,0,NULL,0,0,0,0,NULL,0),
(6,'Naveen','Maurya','8786548746','naveen@gmail.com','00GT9FF2T1',3,'2020-10-05 16:12:37',0,3,'2020-10-06 17:48:12',1,'2020-10-06 18:45:01',3,0,0,0,NULL,0),
(7,'f1','f1','243534534','u97@gmail.com','O2SYTECVB8',3,'2020-10-06 17:48:48',0,0,NULL,1,'2020-10-06 17:49:52',3,0,0,0,NULL,0),
(8,'ss','aa','22222','maurya.naveen@gmail.com','NGPMPPZD8N',3,'2020-10-06 18:45:52',0,0,NULL,1,'2020-10-06 18:46:37',3,1,3,0,NULL,0),
(9,'sd','asd','234','xcfvc@gmail.com','094TPW123U',3,'2020-10-06 18:46:57',0,0,NULL,1,'2020-10-06 18:47:13',3,1,3,0,NULL,0),
(10,'Jitendra','Shukla','98745511554','jitendra@gmail.com','jitendra',3,'2020-10-16 15:25:15',0,0,NULL,0,NULL,0,0,0,0,NULL,0),
(11,'aa','aa','33','way2punita@gmail.com','1QUB9EGZ83',3,'2020-10-17 17:05:42',0,0,NULL,1,'2020-10-17 17:09:38',3,0,0,0,NULL,0),
(12,'aa','dd','rr','way2punita@gmail.com','Bh1234567',3,'2020-10-17 17:10:04',0,0,NULL,0,NULL,0,0,0,0,NULL,0);

/*Table structure for table `u_user_log` */

DROP TABLE IF EXISTS `u_user_log`;

CREATE TABLE `u_user_log` (
  `logId` int(11) NOT NULL AUTO_INCREMENT,
  `newuserId` int(11) DEFAULT NULL,
  `userfirstName` varchar(50) DEFAULT NULL,
  `userlastName` varchar(50) DEFAULT NULL,
  `usercontactNo` varchar(20) DEFAULT NULL,
  `useremail` varchar(50) DEFAULT NULL,
  `userpwd` varchar(50) DEFAULT NULL,
  `isApproved` int(11) DEFAULT '0',
  `userId` int(11) DEFAULT NULL,
  `isDeleted` int(11) DEFAULT '0',
  `userAction` varchar(20) DEFAULT NULL,
  `transDate` datetime DEFAULT CURRENT_TIMESTAMP,
  `isActive` tinyint(1) DEFAULT '0',
  PRIMARY KEY (`logId`)
) ENGINE=InnoDB AUTO_INCREMENT=27 DEFAULT CHARSET=utf8mb4;

/*Data for the table `u_user_log` */

insert  into `u_user_log`(`logId`,`newuserId`,`userfirstName`,`userlastName`,`usercontactNo`,`useremail`,`userpwd`,`isApproved`,`userId`,`isDeleted`,`userAction`,`transDate`,`isActive`) values 
(5,4,'Bhumi','Yadav','9876543212','way2punita@gmail.com','626TJH4TMA',0,3,0,'insert','2020-10-02 20:56:47',0),
(6,4,'Bhumi','Yadav','9876543212','way2punita@gmail.com','12345',0,3,0,'approve','2020-10-02 20:56:47',0),
(7,4,'Bhumi','Yadav','9876543212','way2punita@gmail.com','12345',1,3,0,'approve','2020-10-02 20:56:47',0),
(8,5,'Udit','tripathi','8299281756','uditptripathi97@gmail.com','17JODR1K90',0,3,0,'insert','2020-10-05 15:24:06',0),
(9,6,'Naveen','Maurya','8786548746','naveen@gmail.com','00GT9FF2T1',0,3,0,'insert','2020-10-05 16:12:37',0),
(10,6,'Naveen','Maurya','8786548746','naveen@gmail.com','00GT9FF2T1',0,3,0,'approve','2020-10-05 16:12:37',0),
(11,6,'Naveen','Maurya','8786548746','naveen@gmail.com','00GT9FF2T1',1,3,0,'approve','2020-10-05 16:12:37',0),
(12,7,'f1','f1','243534534','u97@gmail.com','O2SYTECVB8',0,3,0,'insert','2020-10-06 17:48:48',0),
(13,7,'f1','f1','243534534','u97@gmail.com',NULL,0,1,3,'delete','2020-10-06 17:49:52',0),
(14,6,'Naveen','Maurya','8786548746','naveen@gmail.com',NULL,0,1,3,'delete','2020-10-06 18:45:01',0),
(15,8,'ss','aa','22222','maurya.naveen@gmail.com','NGPMPPZD8N',0,3,0,'insert','2020-10-06 18:45:52',0),
(16,8,'ss','aa','22222','maurya.naveen@gmail.com',NULL,0,3,0,'update','2020-10-06 18:45:52',0),
(17,8,'ss','aa','22222','maurya.naveen@gmail.com',NULL,0,1,3,'delete','2020-10-06 18:46:37',0),
(18,9,'sd','asd','234','xcfvc@gmail.com','094TPW123U',0,3,0,'insert','2020-10-06 18:46:57',0),
(19,9,'sd','asd','234','xcfvc@gmail.com',NULL,0,3,0,'update','2020-10-06 18:46:57',0),
(20,9,'sd','asd','234','xcfvc@gmail.com',NULL,0,1,3,'delete','2020-10-06 18:47:13',0),
(21,3,'Punita','yadav',NULL,'admin@gmail.com',NULL,0,1,3,'delete','2020-10-13 16:05:42',0),
(22,10,'Jitendra','Shukla','98745511554','jitendra@gmail.com','D0VI35LP02',0,3,0,'insert','2020-10-16 15:25:15',0),
(23,4,'Bhumi','Yadav','9876543212','way2punita@gmail.com',NULL,0,1,3,'delete','2020-10-17 17:05:28',0),
(24,11,'aa','aa','33','way2punita@gmail.com','1QUB9EGZ83',0,3,0,'insert','2020-10-17 17:05:42',0),
(25,11,'aa','aa','33','way2punita@gmail.com',NULL,0,1,3,'delete','2020-10-17 17:09:38',0),
(26,12,'aa','dd','rr','way2punita@gmail.com','0017834SN6',0,3,0,'insert','2020-10-17 17:10:04',0);

/*Table structure for table `u_userassign` */

DROP TABLE IF EXISTS `u_userassign`;

CREATE TABLE `u_userassign` (
  `userassignId` int(11) NOT NULL AUTO_INCREMENT,
  `userregid` int(11) DEFAULT NULL,
  `branchId` int(11) DEFAULT NULL,
  `departmentId` int(11) DEFAULT NULL,
  `designationId` int(11) DEFAULT NULL,
  `roleId` int(11) DEFAULT NULL,
  `userId` int(11) DEFAULT NULL,
  `transDate` datetime DEFAULT CURRENT_TIMESTAMP,
  `isApproved` int(11) DEFAULT '0',
  `approvedUserId` int(11) DEFAULT '0',
  `approvedDateTime` datetime DEFAULT NULL,
  `isDeleted` int(11) DEFAULT '0',
  `deleteDateTime` datetime DEFAULT NULL,
  `deleteUserId` int(11) DEFAULT '0',
  `updateCount` int(11) DEFAULT '0',
  `lastUpdateUserId` int(11) DEFAULT '0',
  `isActive` tinyint(1) DEFAULT '0',
  `activateDateTime` datetime DEFAULT NULL,
  `activateUserId` int(11) DEFAULT '0',
  PRIMARY KEY (`userassignId`)
) ENGINE=InnoDB AUTO_INCREMENT=10 DEFAULT CHARSET=utf8mb4;

/*Data for the table `u_userassign` */

insert  into `u_userassign`(`userassignId`,`userregid`,`branchId`,`departmentId`,`designationId`,`roleId`,`userId`,`transDate`,`isApproved`,`approvedUserId`,`approvedDateTime`,`isDeleted`,`deleteDateTime`,`deleteUserId`,`updateCount`,`lastUpdateUserId`,`isActive`,`activateDateTime`,`activateUserId`) values 
(5,3,1,1,1,6,NULL,'2020-10-03 17:39:26',0,0,NULL,0,NULL,0,0,0,0,NULL,0),
(6,5,13,3,5,7,3,'2020-10-05 15:38:53',0,0,NULL,0,NULL,0,0,0,0,NULL,0),
(7,4,18,3,5,7,3,'2020-10-06 17:56:12',0,0,NULL,1,'2020-10-06 17:56:43',3,1,3,0,NULL,0),
(8,10,18,3,5,11,3,'2020-10-16 15:31:45',0,0,NULL,0,NULL,0,0,0,0,NULL,0),
(9,11,18,3,5,11,3,'2020-10-21 19:14:00',0,0,NULL,0,NULL,0,0,0,0,NULL,0);

/*Table structure for table `u_userassign_log` */

DROP TABLE IF EXISTS `u_userassign_log`;

CREATE TABLE `u_userassign_log` (
  `logId` int(11) NOT NULL AUTO_INCREMENT,
  `userassignId` int(11) DEFAULT NULL,
  `userregid` int(11) DEFAULT NULL,
  `branchId` int(11) DEFAULT NULL,
  `departmentId` int(11) DEFAULT NULL,
  `designationId` int(11) DEFAULT NULL,
  `roleId` int(11) DEFAULT NULL,
  `isApproved` tinyint(4) DEFAULT '0',
  `userId` int(11) DEFAULT NULL,
  `transDate` datetime DEFAULT CURRENT_TIMESTAMP,
  `isDeleted` int(11) DEFAULT '0',
  `userAction` varchar(20) DEFAULT NULL,
  `isActive` tinyint(1) DEFAULT '0',
  PRIMARY KEY (`logId`)
) ENGINE=InnoDB AUTO_INCREMENT=18 DEFAULT CHARSET=utf8mb4;

/*Data for the table `u_userassign_log` */

insert  into `u_userassign_log`(`logId`,`userassignId`,`userregid`,`branchId`,`departmentId`,`designationId`,`roleId`,`isApproved`,`userId`,`transDate`,`isDeleted`,`userAction`,`isActive`) values 
(13,NULL,5,13,3,5,6,0,3,'2020-10-05 15:38:53',0,'insert',0),
(14,NULL,4,18,3,5,7,0,3,'2020-10-06 17:56:12',0,'insert',0),
(15,NULL,4,18,3,5,7,0,3,'2020-10-06 17:56:12',0,'update',0),
(16,NULL,4,18,3,5,7,0,3,'2020-10-06 17:56:12',0,'delete',0),
(17,NULL,10,18,3,5,10,0,3,'2020-10-16 15:31:45',0,'insert',0);

/*Table structure for table `v_actionpermission` */

DROP TABLE IF EXISTS `v_actionpermission`;

CREATE TABLE `v_actionpermission` (
  `ActionId` int(11) NOT NULL AUTO_INCREMENT,
  `vendorId` int(11) DEFAULT NULL,
  `permissionId` int(11) DEFAULT NULL,
  `isAdd` tinyint(4) DEFAULT NULL,
  `isEdit` tinyint(4) DEFAULT NULL,
  `isView` tinyint(4) DEFAULT NULL,
  `isApprove` tinyint(4) DEFAULT NULL,
  `isDelete` tinyint(4) DEFAULT NULL,
  `userId` int(11) DEFAULT NULL,
  `transDate` datetime DEFAULT CURRENT_TIMESTAMP,
  `isApproved` int(11) DEFAULT '0',
  `approvedUserId` int(11) DEFAULT '0',
  `approvedDateTime` datetime DEFAULT NULL,
  `isDeleted` int(11) DEFAULT '0',
  `deleteDateTime` datetime DEFAULT NULL,
  `deleteUserId` int(11) DEFAULT '0',
  `updateCount` int(11) DEFAULT '0',
  `lastUpdateUserId` int(11) DEFAULT '0',
  `isActive` tinyint(1) DEFAULT '0',
  `activateDateTime` datetime DEFAULT NULL,
  `activateUserId` int(11) DEFAULT '0',
  PRIMARY KEY (`ActionId`)
) ENGINE=InnoDB AUTO_INCREMENT=112 DEFAULT CHARSET=utf8mb4;

/*Data for the table `v_actionpermission` */

insert  into `v_actionpermission`(`ActionId`,`vendorId`,`permissionId`,`isAdd`,`isEdit`,`isView`,`isApprove`,`isDelete`,`userId`,`transDate`,`isApproved`,`approvedUserId`,`approvedDateTime`,`isDeleted`,`deleteDateTime`,`deleteUserId`,`updateCount`,`lastUpdateUserId`,`isActive`,`activateDateTime`,`activateUserId`) values 
(1,12,15,NULL,NULL,1,NULL,NULL,3,'2021-03-18 10:31:52',0,0,NULL,1,'2021-03-24 03:04:25',0,0,0,0,NULL,0),
(2,12,3,NULL,NULL,1,NULL,NULL,3,'2021-03-18 11:37:22',0,0,NULL,1,'2021-03-24 03:04:25',0,0,0,0,NULL,0),
(3,10,15,NULL,NULL,1,NULL,NULL,3,'2021-03-18 11:37:50',0,0,NULL,1,'2021-03-24 07:51:14',0,0,0,0,NULL,0),
(4,10,3,NULL,NULL,1,NULL,NULL,3,'2021-03-18 11:37:51',0,0,NULL,1,'2021-03-24 07:51:14',0,0,0,0,NULL,0),
(5,12,3,NULL,NULL,1,NULL,NULL,3,'2021-03-18 23:44:31',0,0,NULL,1,'2021-03-24 03:04:25',0,0,0,0,NULL,0),
(6,12,15,NULL,NULL,1,NULL,NULL,3,'2021-03-19 00:07:57',0,0,NULL,1,'2021-03-24 03:04:25',0,0,0,0,NULL,0),
(7,12,3,NULL,NULL,1,NULL,NULL,3,'2021-03-19 00:07:57',0,0,NULL,1,'2021-03-24 03:04:25',0,0,0,0,NULL,0),
(8,12,15,NULL,NULL,1,NULL,NULL,3,'2021-03-19 00:12:17',0,0,NULL,1,'2021-03-24 03:04:25',0,0,0,0,NULL,0),
(9,12,3,NULL,NULL,1,NULL,NULL,3,'2021-03-19 00:13:21',0,0,NULL,1,'2021-03-24 03:04:25',0,0,0,0,NULL,0),
(10,12,15,NULL,NULL,1,NULL,NULL,3,'2021-03-19 00:13:49',0,0,NULL,1,'2021-03-24 03:04:25',0,0,0,0,NULL,0),
(11,10,15,NULL,NULL,1,NULL,NULL,3,'2021-03-19 04:56:24',0,0,NULL,1,'2021-03-24 07:51:14',0,0,0,0,NULL,0),
(12,12,15,NULL,NULL,1,NULL,NULL,3,'2021-03-19 05:00:13',0,0,NULL,1,'2021-03-24 03:04:25',0,0,0,0,NULL,0),
(13,12,15,NULL,NULL,1,NULL,NULL,3,'2021-03-19 05:04:22',0,0,NULL,1,'2021-03-24 03:04:25',0,0,0,0,NULL,0),
(14,10,15,NULL,NULL,1,NULL,NULL,3,'2021-03-19 07:53:42',0,0,NULL,1,'2021-03-24 07:51:14',0,0,0,0,NULL,0),
(15,10,16,NULL,NULL,1,NULL,NULL,3,'2021-03-19 07:53:42',0,0,NULL,1,'2021-03-24 07:51:14',0,0,0,0,NULL,0),
(16,10,15,NULL,NULL,1,NULL,NULL,3,'2021-03-20 05:03:58',0,0,NULL,1,'2021-03-24 07:51:14',0,0,0,0,NULL,0),
(17,13,16,NULL,NULL,1,NULL,NULL,3,'2021-03-20 05:44:58',0,0,NULL,1,'2021-03-24 08:26:50',0,0,0,0,NULL,0),
(18,13,17,NULL,NULL,1,NULL,NULL,3,'2021-03-20 05:44:59',0,0,NULL,1,'2021-03-24 08:26:50',0,0,0,0,NULL,0),
(19,12,15,NULL,NULL,1,NULL,NULL,3,'2021-03-23 07:01:39',0,0,NULL,1,'2021-03-24 03:04:25',0,0,0,0,NULL,0),
(20,12,16,NULL,NULL,1,NULL,NULL,3,'2021-03-23 07:01:39',0,0,NULL,1,'2021-03-24 03:04:25',0,0,0,0,NULL,0),
(21,12,17,NULL,NULL,1,NULL,NULL,3,'2021-03-23 07:01:39',0,0,NULL,1,'2021-03-24 03:04:25',0,0,0,0,NULL,0),
(22,12,18,NULL,NULL,1,NULL,NULL,3,'2021-03-23 07:01:39',0,0,NULL,1,'2021-03-24 03:04:25',0,0,0,0,NULL,0),
(23,12,15,NULL,NULL,1,NULL,NULL,3,'2021-03-23 07:01:58',0,0,NULL,1,'2021-03-24 03:04:25',0,0,0,0,NULL,0),
(24,12,16,NULL,NULL,1,NULL,NULL,3,'2021-03-23 07:01:58',0,0,NULL,1,'2021-03-24 03:04:25',0,0,0,0,NULL,0),
(25,12,17,NULL,NULL,1,NULL,NULL,3,'2021-03-23 07:01:58',0,0,NULL,1,'2021-03-24 03:04:25',0,0,0,0,NULL,0),
(26,12,18,NULL,NULL,1,NULL,NULL,3,'2021-03-23 07:01:58',0,0,NULL,1,'2021-03-24 03:04:25',0,0,0,0,NULL,0),
(27,12,15,NULL,NULL,1,NULL,NULL,0,'2021-03-23 07:10:34',0,0,NULL,1,'2021-03-24 03:04:25',0,0,0,0,NULL,0),
(28,12,16,NULL,NULL,1,NULL,NULL,0,'2021-03-23 07:10:34',0,0,NULL,1,'2021-03-24 03:04:25',0,0,0,0,NULL,0),
(29,12,17,NULL,NULL,1,NULL,NULL,0,'2021-03-23 07:10:34',0,0,NULL,1,'2021-03-24 03:04:25',0,0,0,0,NULL,0),
(30,12,18,NULL,NULL,1,NULL,NULL,0,'2021-03-23 07:10:34',0,0,NULL,1,'2021-03-24 03:04:25',0,0,0,0,NULL,0),
(31,12,15,NULL,NULL,1,NULL,NULL,0,'2021-03-23 07:24:51',0,0,NULL,1,'2021-03-24 03:04:25',0,0,0,0,NULL,0),
(32,12,16,NULL,NULL,1,NULL,NULL,0,'2021-03-23 07:24:51',0,0,NULL,1,'2021-03-24 03:04:25',0,0,0,0,NULL,0),
(33,12,17,NULL,NULL,1,NULL,NULL,0,'2021-03-23 07:24:51',0,0,NULL,1,'2021-03-24 03:04:25',0,0,0,0,NULL,0),
(34,12,18,NULL,NULL,1,NULL,NULL,0,'2021-03-23 07:24:51',0,0,NULL,1,'2021-03-24 03:04:25',0,0,0,0,NULL,0),
(35,12,15,NULL,NULL,1,NULL,NULL,0,'2021-03-23 07:31:23',0,0,NULL,1,'2021-03-24 03:04:25',0,0,0,0,NULL,0),
(36,12,15,NULL,NULL,1,NULL,NULL,0,'2021-03-23 23:56:40',0,0,NULL,1,'2021-03-24 03:04:25',0,0,0,0,NULL,0),
(37,12,16,NULL,NULL,1,NULL,NULL,0,'2021-03-23 23:56:40',0,0,NULL,1,'2021-03-24 03:04:25',0,0,0,0,NULL,0),
(38,12,17,NULL,NULL,1,NULL,NULL,0,'2021-03-23 23:56:40',0,0,NULL,1,'2021-03-24 03:04:25',0,0,0,0,NULL,0),
(39,12,18,NULL,NULL,1,NULL,NULL,0,'2021-03-23 23:56:40',0,0,NULL,1,'2021-03-24 03:04:25',0,0,0,0,NULL,0),
(40,13,16,NULL,NULL,1,NULL,NULL,0,'2021-03-23 23:56:55',0,0,NULL,1,'2021-03-24 08:26:50',0,0,0,0,NULL,0),
(41,13,17,NULL,NULL,1,NULL,NULL,0,'2021-03-23 23:56:55',0,0,NULL,1,'2021-03-24 08:26:50',0,0,0,0,NULL,0),
(42,12,15,NULL,NULL,1,NULL,NULL,0,'2021-03-24 02:13:29',0,0,NULL,1,'2021-03-24 03:04:25',0,0,0,0,NULL,0),
(43,12,16,NULL,NULL,1,NULL,NULL,0,'2021-03-24 02:13:29',0,0,NULL,1,'2021-03-24 03:04:25',0,0,0,0,NULL,0),
(44,12,17,NULL,NULL,1,NULL,NULL,0,'2021-03-24 02:13:29',0,0,NULL,1,'2021-03-24 03:04:25',0,0,0,0,NULL,0),
(45,12,18,NULL,NULL,1,NULL,NULL,0,'2021-03-24 02:13:29',0,0,NULL,1,'2021-03-24 03:04:25',0,0,0,0,NULL,0),
(46,12,19,NULL,NULL,1,NULL,NULL,0,'2021-03-24 02:13:29',0,0,NULL,1,'2021-03-24 03:04:25',0,0,0,0,NULL,0),
(47,12,15,NULL,NULL,1,NULL,NULL,3,'2021-03-24 02:46:43',0,0,NULL,1,'2021-03-24 03:04:25',0,0,0,0,NULL,0),
(48,12,16,NULL,NULL,1,NULL,NULL,3,'2021-03-24 02:46:44',0,0,NULL,1,'2021-03-24 03:04:25',0,0,0,0,NULL,0),
(49,12,17,NULL,NULL,1,NULL,NULL,3,'2021-03-24 02:46:45',0,0,NULL,1,'2021-03-24 03:04:25',0,0,0,0,NULL,0),
(50,12,19,NULL,NULL,1,NULL,NULL,3,'2021-03-24 02:46:46',0,0,NULL,1,'2021-03-24 03:04:25',0,0,0,0,NULL,0),
(51,12,15,NULL,NULL,1,NULL,NULL,3,'2021-03-24 03:04:25',0,0,NULL,0,NULL,0,0,0,0,NULL,0),
(52,12,16,NULL,NULL,1,NULL,NULL,3,'2021-03-24 03:04:25',0,0,NULL,0,NULL,0,0,0,0,NULL,0),
(53,12,17,NULL,NULL,1,NULL,NULL,3,'2021-03-24 03:04:25',0,0,NULL,0,NULL,0,0,0,0,NULL,0),
(54,12,19,NULL,NULL,1,NULL,NULL,3,'2021-03-24 03:04:25',0,0,NULL,0,NULL,0,0,0,0,NULL,0),
(55,12,18,NULL,NULL,1,NULL,NULL,3,'2021-03-24 03:04:25',0,0,NULL,0,NULL,0,0,0,0,NULL,0),
(56,10,15,NULL,NULL,1,NULL,NULL,3,'2021-03-24 05:02:55',0,0,NULL,1,'2021-03-24 07:51:14',0,0,0,0,NULL,0),
(57,10,16,NULL,NULL,1,NULL,NULL,3,'2021-03-24 05:02:55',0,0,NULL,1,'2021-03-24 07:51:14',0,0,0,0,NULL,0),
(58,10,17,NULL,NULL,1,NULL,NULL,3,'2021-03-24 05:02:55',0,0,NULL,1,'2021-03-24 07:51:14',0,0,0,0,NULL,0),
(59,10,18,NULL,NULL,1,NULL,NULL,3,'2021-03-24 05:02:55',0,0,NULL,1,'2021-03-24 07:51:14',0,0,0,0,NULL,0),
(60,10,19,NULL,NULL,1,NULL,NULL,3,'2021-03-24 05:02:55',0,0,NULL,1,'2021-03-24 07:51:14',0,0,0,0,NULL,0),
(61,10,15,NULL,NULL,1,NULL,NULL,3,'2021-03-24 05:03:17',0,0,NULL,1,'2021-03-24 07:51:14',0,0,0,0,NULL,0),
(62,10,16,NULL,NULL,1,NULL,NULL,3,'2021-03-24 05:03:17',0,0,NULL,1,'2021-03-24 07:51:14',0,0,0,0,NULL,0),
(63,10,17,NULL,NULL,1,NULL,NULL,3,'2021-03-24 05:03:17',0,0,NULL,1,'2021-03-24 07:51:14',0,0,0,0,NULL,0),
(64,10,18,NULL,NULL,1,NULL,NULL,3,'2021-03-24 05:03:17',0,0,NULL,1,'2021-03-24 07:51:14',0,0,0,0,NULL,0),
(65,10,19,NULL,NULL,1,NULL,NULL,3,'2021-03-24 05:03:17',0,0,NULL,1,'2021-03-24 07:51:14',0,0,0,0,NULL,0),
(66,27,15,NULL,NULL,1,NULL,NULL,3,'2021-03-24 05:06:36',0,0,NULL,1,'2021-03-24 08:12:57',0,0,0,0,NULL,0),
(67,27,16,NULL,NULL,1,NULL,NULL,3,'2021-03-24 05:06:37',0,0,NULL,1,'2021-03-24 08:12:57',0,0,0,0,NULL,0),
(68,27,17,NULL,NULL,1,NULL,NULL,3,'2021-03-24 05:06:37',0,0,NULL,1,'2021-03-24 08:12:57',0,0,0,0,NULL,0),
(69,27,18,NULL,NULL,1,NULL,NULL,3,'2021-03-24 05:06:37',0,0,NULL,1,'2021-03-24 08:12:57',0,0,0,0,NULL,0),
(70,27,19,NULL,NULL,1,NULL,NULL,3,'2021-03-24 05:06:37',0,0,NULL,1,'2021-03-24 08:12:57',0,0,0,0,NULL,0),
(71,27,17,NULL,NULL,1,NULL,NULL,3,'2021-03-24 05:07:57',0,0,NULL,1,'2021-03-24 08:12:57',0,0,0,0,NULL,0),
(72,27,18,NULL,NULL,1,NULL,NULL,3,'2021-03-24 05:07:57',0,0,NULL,1,'2021-03-24 08:12:57',0,0,0,0,NULL,0),
(73,27,19,NULL,NULL,1,NULL,NULL,3,'2021-03-24 05:07:57',0,0,NULL,1,'2021-03-24 08:12:57',0,0,0,0,NULL,0),
(74,27,17,NULL,NULL,1,NULL,NULL,3,'2021-03-24 05:08:41',0,0,NULL,1,'2021-03-24 08:12:57',0,0,0,0,NULL,0),
(75,27,18,NULL,NULL,1,NULL,NULL,3,'2021-03-24 05:08:41',0,0,NULL,1,'2021-03-24 08:12:57',0,0,0,0,NULL,0),
(76,27,19,NULL,NULL,1,NULL,NULL,3,'2021-03-24 05:08:41',0,0,NULL,1,'2021-03-24 08:12:57',0,0,0,0,NULL,0),
(77,10,17,NULL,NULL,1,NULL,NULL,0,'2021-03-24 07:50:48',0,0,NULL,1,'2021-03-24 07:51:14',0,0,0,0,NULL,0),
(78,10,18,NULL,NULL,1,NULL,NULL,0,'2021-03-24 07:50:48',0,0,NULL,1,'2021-03-24 07:51:14',0,0,0,0,NULL,0),
(79,10,19,NULL,NULL,1,NULL,NULL,0,'2021-03-24 07:50:48',0,0,NULL,1,'2021-03-24 07:51:14',0,0,0,0,NULL,0),
(80,10,17,NULL,NULL,1,NULL,NULL,0,'2021-03-24 07:51:14',0,0,NULL,0,NULL,0,0,0,0,NULL,0),
(81,10,18,NULL,NULL,1,NULL,NULL,0,'2021-03-24 07:51:14',0,0,NULL,0,NULL,0,0,0,0,NULL,0),
(82,10,19,NULL,NULL,1,NULL,NULL,0,'2021-03-24 07:51:14',0,0,NULL,0,NULL,0,0,0,0,NULL,0),
(83,27,17,NULL,NULL,1,NULL,NULL,3,'2021-03-24 07:55:32',0,0,NULL,1,'2021-03-24 08:12:57',0,0,0,0,NULL,0),
(84,27,19,NULL,NULL,1,NULL,NULL,3,'2021-03-24 07:55:32',0,0,NULL,1,'2021-03-24 08:12:57',0,0,0,0,NULL,0),
(85,27,17,NULL,NULL,1,NULL,NULL,3,'2021-03-24 07:59:23',0,0,NULL,1,'2021-03-24 08:12:57',0,0,0,0,NULL,0),
(86,27,19,NULL,NULL,1,NULL,NULL,3,'2021-03-24 07:59:24',0,0,NULL,1,'2021-03-24 08:12:57',0,0,0,0,NULL,0),
(87,27,16,NULL,NULL,1,NULL,NULL,3,'2021-03-24 07:59:25',0,0,NULL,1,'2021-03-24 08:12:57',0,0,0,0,NULL,0),
(88,27,17,NULL,NULL,1,NULL,NULL,0,'2021-03-24 08:12:57',0,0,NULL,0,NULL,0,0,0,0,NULL,0),
(89,27,19,NULL,NULL,1,NULL,NULL,0,'2021-03-24 08:12:57',0,0,NULL,0,NULL,0,0,0,0,NULL,0),
(90,27,16,NULL,NULL,1,NULL,NULL,0,'2021-03-24 08:12:57',0,0,NULL,0,NULL,0,0,0,0,NULL,0),
(91,27,18,NULL,NULL,1,NULL,NULL,0,'2021-03-24 08:12:57',0,0,NULL,0,NULL,0,0,0,0,NULL,0),
(92,13,16,NULL,NULL,1,NULL,NULL,0,'2021-03-24 08:26:50',0,0,NULL,0,NULL,0,0,0,0,NULL,0),
(93,13,17,NULL,NULL,1,NULL,NULL,0,'2021-03-24 08:26:50',0,0,NULL,0,NULL,0,0,0,0,NULL,0),
(94,13,15,NULL,NULL,1,NULL,NULL,0,'2021-03-24 08:26:50',0,0,NULL,0,NULL,0,0,0,0,NULL,0),
(95,13,18,NULL,NULL,1,NULL,NULL,0,'2021-03-24 08:26:50',0,0,NULL,0,NULL,0,0,0,0,NULL,0),
(96,13,19,NULL,NULL,1,NULL,NULL,0,'2021-03-24 08:26:50',0,0,NULL,0,NULL,0,0,0,0,NULL,0),
(97,35,16,NULL,NULL,1,NULL,NULL,3,'2021-03-24 10:06:44',0,0,NULL,1,'2021-03-24 10:07:42',0,0,0,0,NULL,0),
(98,35,18,NULL,NULL,1,NULL,NULL,3,'2021-03-24 10:06:45',0,0,NULL,1,'2021-03-24 10:07:42',0,0,0,0,NULL,0),
(99,35,16,NULL,NULL,1,NULL,NULL,0,'2021-03-24 10:07:42',0,0,NULL,0,NULL,0,0,0,0,NULL,0),
(100,35,18,NULL,NULL,1,NULL,NULL,0,'2021-03-24 10:07:42',0,0,NULL,0,NULL,0,0,0,0,NULL,0),
(101,35,17,NULL,NULL,1,NULL,NULL,0,'2021-03-24 10:07:42',0,0,NULL,0,NULL,0,0,0,0,NULL,0),
(102,5,16,NULL,NULL,1,NULL,NULL,0,'2021-04-01 06:05:21',0,0,NULL,0,NULL,0,0,0,0,NULL,0),
(103,5,17,NULL,NULL,1,NULL,NULL,0,'2021-04-01 06:05:21',0,0,NULL,0,NULL,0,0,0,0,NULL,0),
(104,4,15,NULL,NULL,1,NULL,NULL,0,'2021-04-01 07:40:22',0,0,NULL,0,NULL,0,0,0,0,NULL,0),
(105,4,16,NULL,NULL,1,NULL,NULL,0,'2021-04-01 07:40:22',0,0,NULL,0,NULL,0,0,0,0,NULL,0),
(106,4,17,NULL,NULL,1,NULL,NULL,0,'2021-04-01 07:40:22',0,0,NULL,0,NULL,0,0,0,0,NULL,0),
(107,4,18,NULL,NULL,1,NULL,NULL,0,'2021-04-01 07:40:22',0,0,NULL,0,NULL,0,0,0,0,NULL,0),
(108,4,19,NULL,NULL,1,NULL,NULL,0,'2021-04-01 07:40:22',0,0,NULL,0,NULL,0,0,0,0,NULL,0),
(109,4,20,NULL,NULL,1,NULL,NULL,0,'2021-04-01 07:40:22',0,0,NULL,0,NULL,0,0,0,0,NULL,0),
(110,4,21,NULL,NULL,1,NULL,NULL,0,'2021-04-01 07:40:22',0,0,NULL,0,NULL,0,0,0,0,NULL,0),
(111,4,22,NULL,NULL,1,NULL,NULL,0,'2021-04-01 07:40:22',0,0,NULL,0,NULL,0,0,0,0,NULL,0);

/*Table structure for table `v_actionpermission_log` */

DROP TABLE IF EXISTS `v_actionpermission_log`;

CREATE TABLE `v_actionpermission_log` (
  `logId` int(11) NOT NULL AUTO_INCREMENT,
  `ActionId` int(11) DEFAULT NULL,
  `vendorId` int(11) DEFAULT NULL,
  `permissionId` int(11) DEFAULT NULL,
  `isAdd` tinyint(4) DEFAULT NULL,
  `isEdit` tinyint(4) DEFAULT NULL,
  `isView` tinyint(4) DEFAULT NULL,
  `isApprove` tinyint(4) DEFAULT NULL,
  `isDelete` tinyint(4) DEFAULT NULL,
  `isApproved` int(11) DEFAULT '0',
  `userId` int(11) DEFAULT NULL,
  `isDeleted` int(11) DEFAULT '0',
  `userAction` varchar(20) DEFAULT NULL,
  `transDate` datetime DEFAULT CURRENT_TIMESTAMP,
  `isActive` tinyint(1) DEFAULT '0',
  PRIMARY KEY (`logId`)
) ENGINE=InnoDB AUTO_INCREMENT=673 DEFAULT CHARSET=utf8mb4;

/*Data for the table `v_actionpermission_log` */

insert  into `v_actionpermission_log`(`logId`,`ActionId`,`vendorId`,`permissionId`,`isAdd`,`isEdit`,`isView`,`isApprove`,`isDelete`,`isApproved`,`userId`,`isDeleted`,`userAction`,`transDate`,`isActive`) values 
(1,1,12,15,NULL,NULL,1,NULL,NULL,0,3,0,'insert','2021-03-18 10:31:52',0),
(2,2,12,3,NULL,NULL,1,NULL,NULL,0,3,0,'insert','2021-03-18 11:37:22',0),
(3,3,10,15,NULL,NULL,1,NULL,NULL,0,3,0,'insert','2021-03-18 11:37:50',0),
(4,4,10,3,NULL,NULL,1,NULL,NULL,0,3,0,'insert','2021-03-18 11:37:51',0),
(5,1,NULL,15,NULL,NULL,1,NULL,NULL,0,3,0,'delete','2021-03-18 10:31:52',0),
(6,2,NULL,3,NULL,NULL,1,NULL,NULL,0,3,0,'delete','2021-03-18 11:37:22',0),
(8,5,12,3,NULL,NULL,1,NULL,NULL,0,3,0,'insert','2021-03-18 23:44:31',0),
(9,1,NULL,15,NULL,NULL,1,NULL,NULL,0,3,1,'delete','2021-03-18 10:31:52',0),
(10,2,NULL,3,NULL,NULL,1,NULL,NULL,0,3,1,'delete','2021-03-18 11:37:22',0),
(11,5,NULL,3,NULL,NULL,1,NULL,NULL,0,3,0,'delete','2021-03-18 23:44:31',0),
(12,6,12,15,NULL,NULL,1,NULL,NULL,0,3,0,'insert','2021-03-19 00:07:57',0),
(13,7,12,3,NULL,NULL,1,NULL,NULL,0,3,0,'insert','2021-03-19 00:07:57',0),
(14,1,NULL,15,NULL,NULL,1,NULL,NULL,0,3,1,'delete','2021-03-18 10:31:52',0),
(15,2,NULL,3,NULL,NULL,1,NULL,NULL,0,3,1,'delete','2021-03-18 11:37:22',0),
(16,5,NULL,3,NULL,NULL,1,NULL,NULL,0,3,1,'delete','2021-03-18 23:44:31',0),
(17,6,NULL,15,NULL,NULL,1,NULL,NULL,0,3,0,'delete','2021-03-19 00:07:57',0),
(18,7,NULL,3,NULL,NULL,1,NULL,NULL,0,3,0,'delete','2021-03-19 00:07:57',0),
(21,8,12,15,NULL,NULL,1,NULL,NULL,0,3,0,'insert','2021-03-19 00:12:17',0),
(22,1,NULL,15,NULL,NULL,1,NULL,NULL,0,3,1,'delete','2021-03-18 10:31:52',0),
(23,2,NULL,3,NULL,NULL,1,NULL,NULL,0,3,1,'delete','2021-03-18 11:37:22',0),
(24,5,NULL,3,NULL,NULL,1,NULL,NULL,0,3,1,'delete','2021-03-18 23:44:31',0),
(25,6,NULL,15,NULL,NULL,1,NULL,NULL,0,3,1,'delete','2021-03-19 00:07:57',0),
(26,7,NULL,3,NULL,NULL,1,NULL,NULL,0,3,1,'delete','2021-03-19 00:07:57',0),
(27,8,NULL,15,NULL,NULL,1,NULL,NULL,0,3,0,'delete','2021-03-19 00:12:17',0),
(29,9,12,3,NULL,NULL,1,NULL,NULL,0,3,0,'insert','2021-03-19 00:13:21',0),
(30,1,NULL,15,NULL,NULL,1,NULL,NULL,0,3,1,'delete','2021-03-18 10:31:52',0),
(31,2,NULL,3,NULL,NULL,1,NULL,NULL,0,3,1,'delete','2021-03-18 11:37:22',0),
(32,5,NULL,3,NULL,NULL,1,NULL,NULL,0,3,1,'delete','2021-03-18 23:44:31',0),
(33,6,NULL,15,NULL,NULL,1,NULL,NULL,0,3,1,'delete','2021-03-19 00:07:57',0),
(34,7,NULL,3,NULL,NULL,1,NULL,NULL,0,3,1,'delete','2021-03-19 00:07:57',0),
(35,8,NULL,15,NULL,NULL,1,NULL,NULL,0,3,1,'delete','2021-03-19 00:12:17',0),
(36,9,NULL,3,NULL,NULL,1,NULL,NULL,0,3,0,'delete','2021-03-19 00:13:21',0),
(37,10,12,15,NULL,NULL,1,NULL,NULL,0,3,0,'insert','2021-03-19 00:13:49',0),
(38,3,NULL,15,NULL,NULL,1,NULL,NULL,0,3,0,'delete','2021-03-18 11:37:50',0),
(39,4,NULL,3,NULL,NULL,1,NULL,NULL,0,3,0,'delete','2021-03-18 11:37:51',0),
(41,11,10,15,NULL,NULL,1,NULL,NULL,0,3,0,'insert','2021-03-19 04:56:24',0),
(42,1,NULL,15,NULL,NULL,1,NULL,NULL,0,3,1,'delete','2021-03-18 10:31:52',0),
(43,2,NULL,3,NULL,NULL,1,NULL,NULL,0,3,1,'delete','2021-03-18 11:37:22',0),
(44,5,NULL,3,NULL,NULL,1,NULL,NULL,0,3,1,'delete','2021-03-18 23:44:31',0),
(45,6,NULL,15,NULL,NULL,1,NULL,NULL,0,3,1,'delete','2021-03-19 00:07:57',0),
(46,7,NULL,3,NULL,NULL,1,NULL,NULL,0,3,1,'delete','2021-03-19 00:07:57',0),
(47,8,NULL,15,NULL,NULL,1,NULL,NULL,0,3,1,'delete','2021-03-19 00:12:17',0),
(48,9,NULL,3,NULL,NULL,1,NULL,NULL,0,3,1,'delete','2021-03-19 00:13:21',0),
(49,10,NULL,15,NULL,NULL,1,NULL,NULL,0,3,0,'delete','2021-03-19 00:13:49',0),
(57,12,12,15,NULL,NULL,1,NULL,NULL,0,3,0,'insert','2021-03-19 05:00:13',0),
(58,1,NULL,15,NULL,NULL,1,NULL,NULL,0,3,1,'delete','2021-03-18 10:31:52',0),
(59,2,NULL,3,NULL,NULL,1,NULL,NULL,0,3,1,'delete','2021-03-18 11:37:22',0),
(60,5,NULL,3,NULL,NULL,1,NULL,NULL,0,3,1,'delete','2021-03-18 23:44:31',0),
(61,6,NULL,15,NULL,NULL,1,NULL,NULL,0,3,1,'delete','2021-03-19 00:07:57',0),
(62,7,NULL,3,NULL,NULL,1,NULL,NULL,0,3,1,'delete','2021-03-19 00:07:57',0),
(63,8,NULL,15,NULL,NULL,1,NULL,NULL,0,3,1,'delete','2021-03-19 00:12:17',0),
(64,9,NULL,3,NULL,NULL,1,NULL,NULL,0,3,1,'delete','2021-03-19 00:13:21',0),
(65,10,NULL,15,NULL,NULL,1,NULL,NULL,0,3,1,'delete','2021-03-19 00:13:49',0),
(66,12,NULL,15,NULL,NULL,1,NULL,NULL,0,3,0,'delete','2021-03-19 05:00:13',0),
(73,13,12,15,NULL,NULL,1,NULL,NULL,0,3,0,'insert','2021-03-19 05:04:22',0),
(74,3,NULL,15,NULL,NULL,1,NULL,NULL,0,3,1,'delete','2021-03-18 11:37:50',0),
(75,4,NULL,3,NULL,NULL,1,NULL,NULL,0,3,1,'delete','2021-03-18 11:37:51',0),
(76,11,NULL,15,NULL,NULL,1,NULL,NULL,0,3,0,'delete','2021-03-19 04:56:24',0),
(77,14,10,15,NULL,NULL,1,NULL,NULL,0,3,0,'insert','2021-03-19 07:53:42',0),
(78,15,10,16,NULL,NULL,1,NULL,NULL,0,3,0,'insert','2021-03-19 07:53:42',0),
(79,3,NULL,15,NULL,NULL,1,NULL,NULL,0,3,1,'delete','2021-03-18 11:37:50',0),
(80,4,NULL,3,NULL,NULL,1,NULL,NULL,0,3,1,'delete','2021-03-18 11:37:51',0),
(81,11,NULL,15,NULL,NULL,1,NULL,NULL,0,3,1,'delete','2021-03-19 04:56:24',0),
(82,14,NULL,15,NULL,NULL,1,NULL,NULL,0,3,0,'delete','2021-03-19 07:53:42',0),
(83,15,NULL,16,NULL,NULL,1,NULL,NULL,0,3,0,'delete','2021-03-19 07:53:42',0),
(86,16,10,15,NULL,NULL,1,NULL,NULL,0,3,0,'insert','2021-03-20 05:03:58',0),
(87,17,13,16,NULL,NULL,1,NULL,NULL,0,3,0,'insert','2021-03-20 05:44:58',0),
(88,18,13,17,NULL,NULL,1,NULL,NULL,0,3,0,'insert','2021-03-20 05:44:59',0),
(89,1,NULL,15,NULL,NULL,1,NULL,NULL,0,3,1,'delete','2021-03-18 10:31:52',0),
(90,2,NULL,3,NULL,NULL,1,NULL,NULL,0,3,1,'delete','2021-03-18 11:37:22',0),
(91,5,NULL,3,NULL,NULL,1,NULL,NULL,0,3,1,'delete','2021-03-18 23:44:31',0),
(92,6,NULL,15,NULL,NULL,1,NULL,NULL,0,3,1,'delete','2021-03-19 00:07:57',0),
(93,7,NULL,3,NULL,NULL,1,NULL,NULL,0,3,1,'delete','2021-03-19 00:07:57',0),
(94,8,NULL,15,NULL,NULL,1,NULL,NULL,0,3,1,'delete','2021-03-19 00:12:17',0),
(95,9,NULL,3,NULL,NULL,1,NULL,NULL,0,3,1,'delete','2021-03-19 00:13:21',0),
(96,10,NULL,15,NULL,NULL,1,NULL,NULL,0,3,1,'delete','2021-03-19 00:13:49',0),
(97,12,NULL,15,NULL,NULL,1,NULL,NULL,0,3,1,'delete','2021-03-19 05:00:13',0),
(98,13,NULL,15,NULL,NULL,1,NULL,NULL,0,3,0,'delete','2021-03-19 05:04:22',0),
(104,19,12,15,NULL,NULL,1,NULL,NULL,0,3,0,'insert','2021-03-23 07:01:39',0),
(105,20,12,16,NULL,NULL,1,NULL,NULL,0,3,0,'insert','2021-03-23 07:01:39',0),
(106,21,12,17,NULL,NULL,1,NULL,NULL,0,3,0,'insert','2021-03-23 07:01:39',0),
(107,22,12,18,NULL,NULL,1,NULL,NULL,0,3,0,'insert','2021-03-23 07:01:39',0),
(108,1,NULL,15,NULL,NULL,1,NULL,NULL,0,3,1,'delete','2021-03-18 10:31:52',0),
(109,2,NULL,3,NULL,NULL,1,NULL,NULL,0,3,1,'delete','2021-03-18 11:37:22',0),
(110,5,NULL,3,NULL,NULL,1,NULL,NULL,0,3,1,'delete','2021-03-18 23:44:31',0),
(111,6,NULL,15,NULL,NULL,1,NULL,NULL,0,3,1,'delete','2021-03-19 00:07:57',0),
(112,7,NULL,3,NULL,NULL,1,NULL,NULL,0,3,1,'delete','2021-03-19 00:07:57',0),
(113,8,NULL,15,NULL,NULL,1,NULL,NULL,0,3,1,'delete','2021-03-19 00:12:17',0),
(114,9,NULL,3,NULL,NULL,1,NULL,NULL,0,3,1,'delete','2021-03-19 00:13:21',0),
(115,10,NULL,15,NULL,NULL,1,NULL,NULL,0,3,1,'delete','2021-03-19 00:13:49',0),
(116,12,NULL,15,NULL,NULL,1,NULL,NULL,0,3,1,'delete','2021-03-19 05:00:13',0),
(117,13,NULL,15,NULL,NULL,1,NULL,NULL,0,3,1,'delete','2021-03-19 05:04:22',0),
(118,19,NULL,15,NULL,NULL,1,NULL,NULL,0,3,0,'delete','2021-03-23 07:01:39',0),
(119,20,NULL,16,NULL,NULL,1,NULL,NULL,0,3,0,'delete','2021-03-23 07:01:39',0),
(120,21,NULL,17,NULL,NULL,1,NULL,NULL,0,3,0,'delete','2021-03-23 07:01:39',0),
(121,22,NULL,18,NULL,NULL,1,NULL,NULL,0,3,0,'delete','2021-03-23 07:01:39',0),
(123,23,12,15,NULL,NULL,1,NULL,NULL,0,3,0,'insert','2021-03-23 07:01:58',0),
(124,24,12,16,NULL,NULL,1,NULL,NULL,0,3,0,'insert','2021-03-23 07:01:58',0),
(125,25,12,17,NULL,NULL,1,NULL,NULL,0,3,0,'insert','2021-03-23 07:01:58',0),
(126,26,12,18,NULL,NULL,1,NULL,NULL,0,3,0,'insert','2021-03-23 07:01:58',0),
(127,1,NULL,15,NULL,NULL,1,NULL,NULL,0,3,1,'delete','2021-03-18 10:31:52',0),
(128,2,NULL,3,NULL,NULL,1,NULL,NULL,0,3,1,'delete','2021-03-18 11:37:22',0),
(129,5,NULL,3,NULL,NULL,1,NULL,NULL,0,3,1,'delete','2021-03-18 23:44:31',0),
(130,6,NULL,15,NULL,NULL,1,NULL,NULL,0,3,1,'delete','2021-03-19 00:07:57',0),
(131,7,NULL,3,NULL,NULL,1,NULL,NULL,0,3,1,'delete','2021-03-19 00:07:57',0),
(132,8,NULL,15,NULL,NULL,1,NULL,NULL,0,3,1,'delete','2021-03-19 00:12:17',0),
(133,9,NULL,3,NULL,NULL,1,NULL,NULL,0,3,1,'delete','2021-03-19 00:13:21',0),
(134,10,NULL,15,NULL,NULL,1,NULL,NULL,0,3,1,'delete','2021-03-19 00:13:49',0),
(135,12,NULL,15,NULL,NULL,1,NULL,NULL,0,3,1,'delete','2021-03-19 05:00:13',0),
(136,13,NULL,15,NULL,NULL,1,NULL,NULL,0,3,1,'delete','2021-03-19 05:04:22',0),
(137,19,NULL,15,NULL,NULL,1,NULL,NULL,0,3,1,'delete','2021-03-23 07:01:39',0),
(138,20,NULL,16,NULL,NULL,1,NULL,NULL,0,3,1,'delete','2021-03-23 07:01:39',0),
(139,21,NULL,17,NULL,NULL,1,NULL,NULL,0,3,1,'delete','2021-03-23 07:01:39',0),
(140,22,NULL,18,NULL,NULL,1,NULL,NULL,0,3,1,'delete','2021-03-23 07:01:39',0),
(141,23,NULL,15,NULL,NULL,1,NULL,NULL,0,3,0,'delete','2021-03-23 07:01:58',0),
(142,24,NULL,16,NULL,NULL,1,NULL,NULL,0,3,0,'delete','2021-03-23 07:01:58',0),
(143,25,NULL,17,NULL,NULL,1,NULL,NULL,0,3,0,'delete','2021-03-23 07:01:58',0),
(144,26,NULL,18,NULL,NULL,1,NULL,NULL,0,3,0,'delete','2021-03-23 07:01:58',0),
(158,27,12,15,NULL,NULL,1,NULL,NULL,0,0,0,'insert','2021-03-23 07:10:34',0),
(159,28,12,16,NULL,NULL,1,NULL,NULL,0,0,0,'insert','2021-03-23 07:10:34',0),
(160,29,12,17,NULL,NULL,1,NULL,NULL,0,0,0,'insert','2021-03-23 07:10:34',0),
(161,30,12,18,NULL,NULL,1,NULL,NULL,0,0,0,'insert','2021-03-23 07:10:34',0),
(162,1,NULL,15,NULL,NULL,1,NULL,NULL,0,3,1,'delete','2021-03-18 10:31:52',0),
(163,2,NULL,3,NULL,NULL,1,NULL,NULL,0,3,1,'delete','2021-03-18 11:37:22',0),
(164,5,NULL,3,NULL,NULL,1,NULL,NULL,0,3,1,'delete','2021-03-18 23:44:31',0),
(165,6,NULL,15,NULL,NULL,1,NULL,NULL,0,3,1,'delete','2021-03-19 00:07:57',0),
(166,7,NULL,3,NULL,NULL,1,NULL,NULL,0,3,1,'delete','2021-03-19 00:07:57',0),
(167,8,NULL,15,NULL,NULL,1,NULL,NULL,0,3,1,'delete','2021-03-19 00:12:17',0),
(168,9,NULL,3,NULL,NULL,1,NULL,NULL,0,3,1,'delete','2021-03-19 00:13:21',0),
(169,10,NULL,15,NULL,NULL,1,NULL,NULL,0,3,1,'delete','2021-03-19 00:13:49',0),
(170,12,NULL,15,NULL,NULL,1,NULL,NULL,0,3,1,'delete','2021-03-19 05:00:13',0),
(171,13,NULL,15,NULL,NULL,1,NULL,NULL,0,3,1,'delete','2021-03-19 05:04:22',0),
(172,19,NULL,15,NULL,NULL,1,NULL,NULL,0,3,1,'delete','2021-03-23 07:01:39',0),
(173,20,NULL,16,NULL,NULL,1,NULL,NULL,0,3,1,'delete','2021-03-23 07:01:39',0),
(174,21,NULL,17,NULL,NULL,1,NULL,NULL,0,3,1,'delete','2021-03-23 07:01:39',0),
(175,22,NULL,18,NULL,NULL,1,NULL,NULL,0,3,1,'delete','2021-03-23 07:01:39',0),
(176,23,NULL,15,NULL,NULL,1,NULL,NULL,0,3,1,'delete','2021-03-23 07:01:58',0),
(177,24,NULL,16,NULL,NULL,1,NULL,NULL,0,3,1,'delete','2021-03-23 07:01:58',0),
(178,25,NULL,17,NULL,NULL,1,NULL,NULL,0,3,1,'delete','2021-03-23 07:01:58',0),
(179,26,NULL,18,NULL,NULL,1,NULL,NULL,0,3,1,'delete','2021-03-23 07:01:58',0),
(180,27,NULL,15,NULL,NULL,1,NULL,NULL,0,0,0,'delete','2021-03-23 07:10:34',0),
(181,28,NULL,16,NULL,NULL,1,NULL,NULL,0,0,0,'delete','2021-03-23 07:10:34',0),
(182,29,NULL,17,NULL,NULL,1,NULL,NULL,0,0,0,'delete','2021-03-23 07:10:34',0),
(183,30,NULL,18,NULL,NULL,1,NULL,NULL,0,0,0,'delete','2021-03-23 07:10:34',0),
(193,31,12,15,NULL,NULL,1,NULL,NULL,0,0,0,'insert','2021-03-23 07:24:51',0),
(194,32,12,16,NULL,NULL,1,NULL,NULL,0,0,0,'insert','2021-03-23 07:24:51',0),
(195,33,12,17,NULL,NULL,1,NULL,NULL,0,0,0,'insert','2021-03-23 07:24:51',0),
(196,34,12,18,NULL,NULL,1,NULL,NULL,0,0,0,'insert','2021-03-23 07:24:51',0),
(197,1,NULL,15,NULL,NULL,1,NULL,NULL,0,3,1,'delete','2021-03-18 10:31:52',0),
(198,2,NULL,3,NULL,NULL,1,NULL,NULL,0,3,1,'delete','2021-03-18 11:37:22',0),
(199,5,NULL,3,NULL,NULL,1,NULL,NULL,0,3,1,'delete','2021-03-18 23:44:31',0),
(200,6,NULL,15,NULL,NULL,1,NULL,NULL,0,3,1,'delete','2021-03-19 00:07:57',0),
(201,7,NULL,3,NULL,NULL,1,NULL,NULL,0,3,1,'delete','2021-03-19 00:07:57',0),
(202,8,NULL,15,NULL,NULL,1,NULL,NULL,0,3,1,'delete','2021-03-19 00:12:17',0),
(203,9,NULL,3,NULL,NULL,1,NULL,NULL,0,3,1,'delete','2021-03-19 00:13:21',0),
(204,10,NULL,15,NULL,NULL,1,NULL,NULL,0,3,1,'delete','2021-03-19 00:13:49',0),
(205,12,NULL,15,NULL,NULL,1,NULL,NULL,0,3,1,'delete','2021-03-19 05:00:13',0),
(206,13,NULL,15,NULL,NULL,1,NULL,NULL,0,3,1,'delete','2021-03-19 05:04:22',0),
(207,19,NULL,15,NULL,NULL,1,NULL,NULL,0,3,1,'delete','2021-03-23 07:01:39',0),
(208,20,NULL,16,NULL,NULL,1,NULL,NULL,0,3,1,'delete','2021-03-23 07:01:39',0),
(209,21,NULL,17,NULL,NULL,1,NULL,NULL,0,3,1,'delete','2021-03-23 07:01:39',0),
(210,22,NULL,18,NULL,NULL,1,NULL,NULL,0,3,1,'delete','2021-03-23 07:01:39',0),
(211,23,NULL,15,NULL,NULL,1,NULL,NULL,0,3,1,'delete','2021-03-23 07:01:58',0),
(212,24,NULL,16,NULL,NULL,1,NULL,NULL,0,3,1,'delete','2021-03-23 07:01:58',0),
(213,25,NULL,17,NULL,NULL,1,NULL,NULL,0,3,1,'delete','2021-03-23 07:01:58',0),
(214,26,NULL,18,NULL,NULL,1,NULL,NULL,0,3,1,'delete','2021-03-23 07:01:58',0),
(215,27,NULL,15,NULL,NULL,1,NULL,NULL,0,0,1,'delete','2021-03-23 07:10:34',0),
(216,28,NULL,16,NULL,NULL,1,NULL,NULL,0,0,1,'delete','2021-03-23 07:10:34',0),
(217,29,NULL,17,NULL,NULL,1,NULL,NULL,0,0,1,'delete','2021-03-23 07:10:34',0),
(218,30,NULL,18,NULL,NULL,1,NULL,NULL,0,0,1,'delete','2021-03-23 07:10:34',0),
(219,31,NULL,15,NULL,NULL,1,NULL,NULL,0,0,0,'delete','2021-03-23 07:24:51',0),
(220,32,NULL,16,NULL,NULL,1,NULL,NULL,0,0,0,'delete','2021-03-23 07:24:51',0),
(221,33,NULL,17,NULL,NULL,1,NULL,NULL,0,0,0,'delete','2021-03-23 07:24:51',0),
(222,34,NULL,18,NULL,NULL,1,NULL,NULL,0,0,0,'delete','2021-03-23 07:24:51',0),
(228,35,12,15,NULL,NULL,1,NULL,NULL,0,0,0,'insert','2021-03-23 07:31:23',0),
(229,1,NULL,15,NULL,NULL,1,NULL,NULL,0,3,1,'delete','2021-03-18 10:31:52',0),
(230,2,NULL,3,NULL,NULL,1,NULL,NULL,0,3,1,'delete','2021-03-18 11:37:22',0),
(231,5,NULL,3,NULL,NULL,1,NULL,NULL,0,3,1,'delete','2021-03-18 23:44:31',0),
(232,6,NULL,15,NULL,NULL,1,NULL,NULL,0,3,1,'delete','2021-03-19 00:07:57',0),
(233,7,NULL,3,NULL,NULL,1,NULL,NULL,0,3,1,'delete','2021-03-19 00:07:57',0),
(234,8,NULL,15,NULL,NULL,1,NULL,NULL,0,3,1,'delete','2021-03-19 00:12:17',0),
(235,9,NULL,3,NULL,NULL,1,NULL,NULL,0,3,1,'delete','2021-03-19 00:13:21',0),
(236,10,NULL,15,NULL,NULL,1,NULL,NULL,0,3,1,'delete','2021-03-19 00:13:49',0),
(237,12,NULL,15,NULL,NULL,1,NULL,NULL,0,3,1,'delete','2021-03-19 05:00:13',0),
(238,13,NULL,15,NULL,NULL,1,NULL,NULL,0,3,1,'delete','2021-03-19 05:04:22',0),
(239,19,NULL,15,NULL,NULL,1,NULL,NULL,0,3,1,'delete','2021-03-23 07:01:39',0),
(240,20,NULL,16,NULL,NULL,1,NULL,NULL,0,3,1,'delete','2021-03-23 07:01:39',0),
(241,21,NULL,17,NULL,NULL,1,NULL,NULL,0,3,1,'delete','2021-03-23 07:01:39',0),
(242,22,NULL,18,NULL,NULL,1,NULL,NULL,0,3,1,'delete','2021-03-23 07:01:39',0),
(243,23,NULL,15,NULL,NULL,1,NULL,NULL,0,3,1,'delete','2021-03-23 07:01:58',0),
(244,24,NULL,16,NULL,NULL,1,NULL,NULL,0,3,1,'delete','2021-03-23 07:01:58',0),
(245,25,NULL,17,NULL,NULL,1,NULL,NULL,0,3,1,'delete','2021-03-23 07:01:58',0),
(246,26,NULL,18,NULL,NULL,1,NULL,NULL,0,3,1,'delete','2021-03-23 07:01:58',0),
(247,27,NULL,15,NULL,NULL,1,NULL,NULL,0,0,1,'delete','2021-03-23 07:10:34',0),
(248,28,NULL,16,NULL,NULL,1,NULL,NULL,0,0,1,'delete','2021-03-23 07:10:34',0),
(249,29,NULL,17,NULL,NULL,1,NULL,NULL,0,0,1,'delete','2021-03-23 07:10:34',0),
(250,30,NULL,18,NULL,NULL,1,NULL,NULL,0,0,1,'delete','2021-03-23 07:10:34',0),
(251,31,NULL,15,NULL,NULL,1,NULL,NULL,0,0,1,'delete','2021-03-23 07:24:51',0),
(252,32,NULL,16,NULL,NULL,1,NULL,NULL,0,0,1,'delete','2021-03-23 07:24:51',0),
(253,33,NULL,17,NULL,NULL,1,NULL,NULL,0,0,1,'delete','2021-03-23 07:24:51',0),
(254,34,NULL,18,NULL,NULL,1,NULL,NULL,0,0,1,'delete','2021-03-23 07:24:51',0),
(255,35,NULL,15,NULL,NULL,1,NULL,NULL,0,0,0,'delete','2021-03-23 07:31:23',0),
(260,36,12,15,NULL,NULL,1,NULL,NULL,0,0,0,'insert','2021-03-23 23:56:40',0),
(261,37,12,16,NULL,NULL,1,NULL,NULL,0,0,0,'insert','2021-03-23 23:56:40',0),
(262,38,12,17,NULL,NULL,1,NULL,NULL,0,0,0,'insert','2021-03-23 23:56:40',0),
(263,39,12,18,NULL,NULL,1,NULL,NULL,0,0,0,'insert','2021-03-23 23:56:40',0),
(264,17,NULL,16,NULL,NULL,1,NULL,NULL,0,3,0,'delete','2021-03-20 05:44:58',0),
(265,18,NULL,17,NULL,NULL,1,NULL,NULL,0,3,0,'delete','2021-03-20 05:44:59',0),
(267,40,13,16,NULL,NULL,1,NULL,NULL,0,0,0,'insert','2021-03-23 23:56:55',0),
(268,41,13,17,NULL,NULL,1,NULL,NULL,0,0,0,'insert','2021-03-23 23:56:55',0),
(269,1,NULL,15,NULL,NULL,1,NULL,NULL,0,3,1,'delete','2021-03-18 10:31:52',0),
(270,2,NULL,3,NULL,NULL,1,NULL,NULL,0,3,1,'delete','2021-03-18 11:37:22',0),
(271,5,NULL,3,NULL,NULL,1,NULL,NULL,0,3,1,'delete','2021-03-18 23:44:31',0),
(272,6,NULL,15,NULL,NULL,1,NULL,NULL,0,3,1,'delete','2021-03-19 00:07:57',0),
(273,7,NULL,3,NULL,NULL,1,NULL,NULL,0,3,1,'delete','2021-03-19 00:07:57',0),
(274,8,NULL,15,NULL,NULL,1,NULL,NULL,0,3,1,'delete','2021-03-19 00:12:17',0),
(275,9,NULL,3,NULL,NULL,1,NULL,NULL,0,3,1,'delete','2021-03-19 00:13:21',0),
(276,10,NULL,15,NULL,NULL,1,NULL,NULL,0,3,1,'delete','2021-03-19 00:13:49',0),
(277,12,NULL,15,NULL,NULL,1,NULL,NULL,0,3,1,'delete','2021-03-19 05:00:13',0),
(278,13,NULL,15,NULL,NULL,1,NULL,NULL,0,3,1,'delete','2021-03-19 05:04:22',0),
(279,19,NULL,15,NULL,NULL,1,NULL,NULL,0,3,1,'delete','2021-03-23 07:01:39',0),
(280,20,NULL,16,NULL,NULL,1,NULL,NULL,0,3,1,'delete','2021-03-23 07:01:39',0),
(281,21,NULL,17,NULL,NULL,1,NULL,NULL,0,3,1,'delete','2021-03-23 07:01:39',0),
(282,22,NULL,18,NULL,NULL,1,NULL,NULL,0,3,1,'delete','2021-03-23 07:01:39',0),
(283,23,NULL,15,NULL,NULL,1,NULL,NULL,0,3,1,'delete','2021-03-23 07:01:58',0),
(284,24,NULL,16,NULL,NULL,1,NULL,NULL,0,3,1,'delete','2021-03-23 07:01:58',0),
(285,25,NULL,17,NULL,NULL,1,NULL,NULL,0,3,1,'delete','2021-03-23 07:01:58',0),
(286,26,NULL,18,NULL,NULL,1,NULL,NULL,0,3,1,'delete','2021-03-23 07:01:58',0),
(287,27,NULL,15,NULL,NULL,1,NULL,NULL,0,0,1,'delete','2021-03-23 07:10:34',0),
(288,28,NULL,16,NULL,NULL,1,NULL,NULL,0,0,1,'delete','2021-03-23 07:10:34',0),
(289,29,NULL,17,NULL,NULL,1,NULL,NULL,0,0,1,'delete','2021-03-23 07:10:34',0),
(290,30,NULL,18,NULL,NULL,1,NULL,NULL,0,0,1,'delete','2021-03-23 07:10:34',0),
(291,31,NULL,15,NULL,NULL,1,NULL,NULL,0,0,1,'delete','2021-03-23 07:24:51',0),
(292,32,NULL,16,NULL,NULL,1,NULL,NULL,0,0,1,'delete','2021-03-23 07:24:51',0),
(293,33,NULL,17,NULL,NULL,1,NULL,NULL,0,0,1,'delete','2021-03-23 07:24:51',0),
(294,34,NULL,18,NULL,NULL,1,NULL,NULL,0,0,1,'delete','2021-03-23 07:24:51',0),
(295,35,NULL,15,NULL,NULL,1,NULL,NULL,0,0,1,'delete','2021-03-23 07:31:23',0),
(296,36,NULL,15,NULL,NULL,1,NULL,NULL,0,0,0,'delete','2021-03-23 23:56:40',0),
(297,37,NULL,16,NULL,NULL,1,NULL,NULL,0,0,0,'delete','2021-03-23 23:56:40',0),
(298,38,NULL,17,NULL,NULL,1,NULL,NULL,0,0,0,'delete','2021-03-23 23:56:40',0),
(299,39,NULL,18,NULL,NULL,1,NULL,NULL,0,0,0,'delete','2021-03-23 23:56:40',0),
(300,42,12,15,NULL,NULL,1,NULL,NULL,0,0,0,'insert','2021-03-24 02:13:29',0),
(301,43,12,16,NULL,NULL,1,NULL,NULL,0,0,0,'insert','2021-03-24 02:13:29',0),
(302,44,12,17,NULL,NULL,1,NULL,NULL,0,0,0,'insert','2021-03-24 02:13:29',0),
(303,45,12,18,NULL,NULL,1,NULL,NULL,0,0,0,'insert','2021-03-24 02:13:29',0),
(304,46,12,19,NULL,NULL,1,NULL,NULL,0,0,0,'insert','2021-03-24 02:13:29',0),
(305,1,NULL,15,NULL,NULL,1,NULL,NULL,0,3,1,'delete','2021-03-18 10:31:52',0),
(306,2,NULL,3,NULL,NULL,1,NULL,NULL,0,3,1,'delete','2021-03-18 11:37:22',0),
(307,5,NULL,3,NULL,NULL,1,NULL,NULL,0,3,1,'delete','2021-03-18 23:44:31',0),
(308,6,NULL,15,NULL,NULL,1,NULL,NULL,0,3,1,'delete','2021-03-19 00:07:57',0),
(309,7,NULL,3,NULL,NULL,1,NULL,NULL,0,3,1,'delete','2021-03-19 00:07:57',0),
(310,8,NULL,15,NULL,NULL,1,NULL,NULL,0,3,1,'delete','2021-03-19 00:12:17',0),
(311,9,NULL,3,NULL,NULL,1,NULL,NULL,0,3,1,'delete','2021-03-19 00:13:21',0),
(312,10,NULL,15,NULL,NULL,1,NULL,NULL,0,3,1,'delete','2021-03-19 00:13:49',0),
(313,12,NULL,15,NULL,NULL,1,NULL,NULL,0,3,1,'delete','2021-03-19 05:00:13',0),
(314,13,NULL,15,NULL,NULL,1,NULL,NULL,0,3,1,'delete','2021-03-19 05:04:22',0),
(315,19,NULL,15,NULL,NULL,1,NULL,NULL,0,3,1,'delete','2021-03-23 07:01:39',0),
(316,20,NULL,16,NULL,NULL,1,NULL,NULL,0,3,1,'delete','2021-03-23 07:01:39',0),
(317,21,NULL,17,NULL,NULL,1,NULL,NULL,0,3,1,'delete','2021-03-23 07:01:39',0),
(318,22,NULL,18,NULL,NULL,1,NULL,NULL,0,3,1,'delete','2021-03-23 07:01:39',0),
(319,23,NULL,15,NULL,NULL,1,NULL,NULL,0,3,1,'delete','2021-03-23 07:01:58',0),
(320,24,NULL,16,NULL,NULL,1,NULL,NULL,0,3,1,'delete','2021-03-23 07:01:58',0),
(321,25,NULL,17,NULL,NULL,1,NULL,NULL,0,3,1,'delete','2021-03-23 07:01:58',0),
(322,26,NULL,18,NULL,NULL,1,NULL,NULL,0,3,1,'delete','2021-03-23 07:01:58',0),
(323,27,NULL,15,NULL,NULL,1,NULL,NULL,0,0,1,'delete','2021-03-23 07:10:34',0),
(324,28,NULL,16,NULL,NULL,1,NULL,NULL,0,0,1,'delete','2021-03-23 07:10:34',0),
(325,29,NULL,17,NULL,NULL,1,NULL,NULL,0,0,1,'delete','2021-03-23 07:10:34',0),
(326,30,NULL,18,NULL,NULL,1,NULL,NULL,0,0,1,'delete','2021-03-23 07:10:34',0),
(327,31,NULL,15,NULL,NULL,1,NULL,NULL,0,0,1,'delete','2021-03-23 07:24:51',0),
(328,32,NULL,16,NULL,NULL,1,NULL,NULL,0,0,1,'delete','2021-03-23 07:24:51',0),
(329,33,NULL,17,NULL,NULL,1,NULL,NULL,0,0,1,'delete','2021-03-23 07:24:51',0),
(330,34,NULL,18,NULL,NULL,1,NULL,NULL,0,0,1,'delete','2021-03-23 07:24:51',0),
(331,35,NULL,15,NULL,NULL,1,NULL,NULL,0,0,1,'delete','2021-03-23 07:31:23',0),
(332,36,NULL,15,NULL,NULL,1,NULL,NULL,0,0,1,'delete','2021-03-23 23:56:40',0),
(333,37,NULL,16,NULL,NULL,1,NULL,NULL,0,0,1,'delete','2021-03-23 23:56:40',0),
(334,38,NULL,17,NULL,NULL,1,NULL,NULL,0,0,1,'delete','2021-03-23 23:56:40',0),
(335,39,NULL,18,NULL,NULL,1,NULL,NULL,0,0,1,'delete','2021-03-23 23:56:40',0),
(336,42,NULL,15,NULL,NULL,1,NULL,NULL,0,0,0,'delete','2021-03-24 02:13:29',0),
(337,43,NULL,16,NULL,NULL,1,NULL,NULL,0,0,0,'delete','2021-03-24 02:13:29',0),
(338,44,NULL,17,NULL,NULL,1,NULL,NULL,0,0,0,'delete','2021-03-24 02:13:29',0),
(339,45,NULL,18,NULL,NULL,1,NULL,NULL,0,0,0,'delete','2021-03-24 02:13:29',0),
(340,46,NULL,19,NULL,NULL,1,NULL,NULL,0,0,0,'delete','2021-03-24 02:13:29',0),
(368,47,12,15,NULL,NULL,1,NULL,NULL,0,3,0,'insert','2021-03-24 02:46:43',0),
(369,48,12,16,NULL,NULL,1,NULL,NULL,0,3,0,'insert','2021-03-24 02:46:44',0),
(370,49,12,17,NULL,NULL,1,NULL,NULL,0,3,0,'insert','2021-03-24 02:46:45',0),
(371,50,12,19,NULL,NULL,1,NULL,NULL,0,3,0,'insert','2021-03-24 02:46:46',0),
(372,1,NULL,15,NULL,NULL,1,NULL,NULL,0,3,1,'delete','2021-03-18 10:31:52',0),
(373,2,NULL,3,NULL,NULL,1,NULL,NULL,0,3,1,'delete','2021-03-18 11:37:22',0),
(374,5,NULL,3,NULL,NULL,1,NULL,NULL,0,3,1,'delete','2021-03-18 23:44:31',0),
(375,6,NULL,15,NULL,NULL,1,NULL,NULL,0,3,1,'delete','2021-03-19 00:07:57',0),
(376,7,NULL,3,NULL,NULL,1,NULL,NULL,0,3,1,'delete','2021-03-19 00:07:57',0),
(377,8,NULL,15,NULL,NULL,1,NULL,NULL,0,3,1,'delete','2021-03-19 00:12:17',0),
(378,9,NULL,3,NULL,NULL,1,NULL,NULL,0,3,1,'delete','2021-03-19 00:13:21',0),
(379,10,NULL,15,NULL,NULL,1,NULL,NULL,0,3,1,'delete','2021-03-19 00:13:49',0),
(380,12,NULL,15,NULL,NULL,1,NULL,NULL,0,3,1,'delete','2021-03-19 05:00:13',0),
(381,13,NULL,15,NULL,NULL,1,NULL,NULL,0,3,1,'delete','2021-03-19 05:04:22',0),
(382,19,NULL,15,NULL,NULL,1,NULL,NULL,0,3,1,'delete','2021-03-23 07:01:39',0),
(383,20,NULL,16,NULL,NULL,1,NULL,NULL,0,3,1,'delete','2021-03-23 07:01:39',0),
(384,21,NULL,17,NULL,NULL,1,NULL,NULL,0,3,1,'delete','2021-03-23 07:01:39',0),
(385,22,NULL,18,NULL,NULL,1,NULL,NULL,0,3,1,'delete','2021-03-23 07:01:39',0),
(386,23,NULL,15,NULL,NULL,1,NULL,NULL,0,3,1,'delete','2021-03-23 07:01:58',0),
(387,24,NULL,16,NULL,NULL,1,NULL,NULL,0,3,1,'delete','2021-03-23 07:01:58',0),
(388,25,NULL,17,NULL,NULL,1,NULL,NULL,0,3,1,'delete','2021-03-23 07:01:58',0),
(389,26,NULL,18,NULL,NULL,1,NULL,NULL,0,3,1,'delete','2021-03-23 07:01:58',0),
(390,27,NULL,15,NULL,NULL,1,NULL,NULL,0,0,1,'delete','2021-03-23 07:10:34',0),
(391,28,NULL,16,NULL,NULL,1,NULL,NULL,0,0,1,'delete','2021-03-23 07:10:34',0),
(392,29,NULL,17,NULL,NULL,1,NULL,NULL,0,0,1,'delete','2021-03-23 07:10:34',0),
(393,30,NULL,18,NULL,NULL,1,NULL,NULL,0,0,1,'delete','2021-03-23 07:10:34',0),
(394,31,NULL,15,NULL,NULL,1,NULL,NULL,0,0,1,'delete','2021-03-23 07:24:51',0),
(395,32,NULL,16,NULL,NULL,1,NULL,NULL,0,0,1,'delete','2021-03-23 07:24:51',0),
(396,33,NULL,17,NULL,NULL,1,NULL,NULL,0,0,1,'delete','2021-03-23 07:24:51',0),
(397,34,NULL,18,NULL,NULL,1,NULL,NULL,0,0,1,'delete','2021-03-23 07:24:51',0),
(398,35,NULL,15,NULL,NULL,1,NULL,NULL,0,0,1,'delete','2021-03-23 07:31:23',0),
(399,36,NULL,15,NULL,NULL,1,NULL,NULL,0,0,1,'delete','2021-03-23 23:56:40',0),
(400,37,NULL,16,NULL,NULL,1,NULL,NULL,0,0,1,'delete','2021-03-23 23:56:40',0),
(401,38,NULL,17,NULL,NULL,1,NULL,NULL,0,0,1,'delete','2021-03-23 23:56:40',0),
(402,39,NULL,18,NULL,NULL,1,NULL,NULL,0,0,1,'delete','2021-03-23 23:56:40',0),
(403,42,NULL,15,NULL,NULL,1,NULL,NULL,0,0,1,'delete','2021-03-24 02:13:29',0),
(404,43,NULL,16,NULL,NULL,1,NULL,NULL,0,0,1,'delete','2021-03-24 02:13:29',0),
(405,44,NULL,17,NULL,NULL,1,NULL,NULL,0,0,1,'delete','2021-03-24 02:13:29',0),
(406,45,NULL,18,NULL,NULL,1,NULL,NULL,0,0,1,'delete','2021-03-24 02:13:29',0),
(407,46,NULL,19,NULL,NULL,1,NULL,NULL,0,0,1,'delete','2021-03-24 02:13:29',0),
(408,47,NULL,15,NULL,NULL,1,NULL,NULL,0,3,0,'delete','2021-03-24 02:46:43',0),
(409,48,NULL,16,NULL,NULL,1,NULL,NULL,0,3,0,'delete','2021-03-24 02:46:44',0),
(410,49,NULL,17,NULL,NULL,1,NULL,NULL,0,3,0,'delete','2021-03-24 02:46:45',0),
(411,50,NULL,19,NULL,NULL,1,NULL,NULL,0,3,0,'delete','2021-03-24 02:46:46',0),
(435,51,12,15,NULL,NULL,1,NULL,NULL,0,3,0,'insert','2021-03-24 03:04:25',0),
(436,52,12,16,NULL,NULL,1,NULL,NULL,0,3,0,'insert','2021-03-24 03:04:25',0),
(437,53,12,17,NULL,NULL,1,NULL,NULL,0,3,0,'insert','2021-03-24 03:04:25',0),
(438,54,12,19,NULL,NULL,1,NULL,NULL,0,3,0,'insert','2021-03-24 03:04:25',0),
(439,55,12,18,NULL,NULL,1,NULL,NULL,0,3,0,'insert','2021-03-24 03:04:25',0),
(440,3,NULL,15,NULL,NULL,1,NULL,NULL,0,3,1,'delete','2021-03-18 11:37:50',0),
(441,4,NULL,3,NULL,NULL,1,NULL,NULL,0,3,1,'delete','2021-03-18 11:37:51',0),
(442,11,NULL,15,NULL,NULL,1,NULL,NULL,0,3,1,'delete','2021-03-19 04:56:24',0),
(443,14,NULL,15,NULL,NULL,1,NULL,NULL,0,3,1,'delete','2021-03-19 07:53:42',0),
(444,15,NULL,16,NULL,NULL,1,NULL,NULL,0,3,1,'delete','2021-03-19 07:53:42',0),
(445,16,NULL,15,NULL,NULL,1,NULL,NULL,0,3,0,'delete','2021-03-20 05:03:58',0),
(447,56,10,15,NULL,NULL,1,NULL,NULL,0,3,0,'insert','2021-03-24 05:02:55',0),
(448,57,10,16,NULL,NULL,1,NULL,NULL,0,3,0,'insert','2021-03-24 05:02:55',0),
(449,58,10,17,NULL,NULL,1,NULL,NULL,0,3,0,'insert','2021-03-24 05:02:55',0),
(450,59,10,18,NULL,NULL,1,NULL,NULL,0,3,0,'insert','2021-03-24 05:02:55',0),
(451,60,10,19,NULL,NULL,1,NULL,NULL,0,3,0,'insert','2021-03-24 05:02:55',0),
(452,3,NULL,15,NULL,NULL,1,NULL,NULL,0,3,1,'delete','2021-03-18 11:37:50',0),
(453,4,NULL,3,NULL,NULL,1,NULL,NULL,0,3,1,'delete','2021-03-18 11:37:51',0),
(454,11,NULL,15,NULL,NULL,1,NULL,NULL,0,3,1,'delete','2021-03-19 04:56:24',0),
(455,14,NULL,15,NULL,NULL,1,NULL,NULL,0,3,1,'delete','2021-03-19 07:53:42',0),
(456,15,NULL,16,NULL,NULL,1,NULL,NULL,0,3,1,'delete','2021-03-19 07:53:42',0),
(457,16,NULL,15,NULL,NULL,1,NULL,NULL,0,3,1,'delete','2021-03-20 05:03:58',0),
(458,56,NULL,15,NULL,NULL,1,NULL,NULL,0,3,0,'delete','2021-03-24 05:02:55',0),
(459,57,NULL,16,NULL,NULL,1,NULL,NULL,0,3,0,'delete','2021-03-24 05:02:55',0),
(460,58,NULL,17,NULL,NULL,1,NULL,NULL,0,3,0,'delete','2021-03-24 05:02:55',0),
(461,59,NULL,18,NULL,NULL,1,NULL,NULL,0,3,0,'delete','2021-03-24 05:02:55',0),
(462,60,NULL,19,NULL,NULL,1,NULL,NULL,0,3,0,'delete','2021-03-24 05:02:55',0),
(467,61,10,15,NULL,NULL,1,NULL,NULL,0,3,0,'insert','2021-03-24 05:03:17',0),
(468,62,10,16,NULL,NULL,1,NULL,NULL,0,3,0,'insert','2021-03-24 05:03:17',0),
(469,63,10,17,NULL,NULL,1,NULL,NULL,0,3,0,'insert','2021-03-24 05:03:17',0),
(470,64,10,18,NULL,NULL,1,NULL,NULL,0,3,0,'insert','2021-03-24 05:03:17',0),
(471,65,10,19,NULL,NULL,1,NULL,NULL,0,3,0,'insert','2021-03-24 05:03:17',0),
(472,66,27,15,NULL,NULL,1,NULL,NULL,0,3,0,'insert','2021-03-24 05:06:36',0),
(473,67,27,16,NULL,NULL,1,NULL,NULL,0,3,0,'insert','2021-03-24 05:06:37',0),
(474,68,27,17,NULL,NULL,1,NULL,NULL,0,3,0,'insert','2021-03-24 05:06:37',0),
(475,69,27,18,NULL,NULL,1,NULL,NULL,0,3,0,'insert','2021-03-24 05:06:37',0),
(476,70,27,19,NULL,NULL,1,NULL,NULL,0,3,0,'insert','2021-03-24 05:06:37',0),
(477,66,NULL,15,NULL,NULL,1,NULL,NULL,0,3,0,'delete','2021-03-24 05:06:36',0),
(478,67,NULL,16,NULL,NULL,1,NULL,NULL,0,3,0,'delete','2021-03-24 05:06:37',0),
(479,68,NULL,17,NULL,NULL,1,NULL,NULL,0,3,0,'delete','2021-03-24 05:06:37',0),
(480,69,NULL,18,NULL,NULL,1,NULL,NULL,0,3,0,'delete','2021-03-24 05:06:37',0),
(481,70,NULL,19,NULL,NULL,1,NULL,NULL,0,3,0,'delete','2021-03-24 05:06:37',0),
(484,71,27,17,NULL,NULL,1,NULL,NULL,0,3,0,'insert','2021-03-24 05:07:57',0),
(485,72,27,18,NULL,NULL,1,NULL,NULL,0,3,0,'insert','2021-03-24 05:07:57',0),
(486,73,27,19,NULL,NULL,1,NULL,NULL,0,3,0,'insert','2021-03-24 05:07:57',0),
(487,66,NULL,15,NULL,NULL,1,NULL,NULL,0,3,1,'delete','2021-03-24 05:06:36',0),
(488,67,NULL,16,NULL,NULL,1,NULL,NULL,0,3,1,'delete','2021-03-24 05:06:37',0),
(489,68,NULL,17,NULL,NULL,1,NULL,NULL,0,3,1,'delete','2021-03-24 05:06:37',0),
(490,69,NULL,18,NULL,NULL,1,NULL,NULL,0,3,1,'delete','2021-03-24 05:06:37',0),
(491,70,NULL,19,NULL,NULL,1,NULL,NULL,0,3,1,'delete','2021-03-24 05:06:37',0),
(492,71,NULL,17,NULL,NULL,1,NULL,NULL,0,3,0,'delete','2021-03-24 05:07:57',0),
(493,72,NULL,18,NULL,NULL,1,NULL,NULL,0,3,0,'delete','2021-03-24 05:07:57',0),
(494,73,NULL,19,NULL,NULL,1,NULL,NULL,0,3,0,'delete','2021-03-24 05:07:57',0),
(502,74,27,17,NULL,NULL,1,NULL,NULL,0,3,0,'insert','2021-03-24 05:08:41',0),
(503,75,27,18,NULL,NULL,1,NULL,NULL,0,3,0,'insert','2021-03-24 05:08:41',0),
(504,76,27,19,NULL,NULL,1,NULL,NULL,0,3,0,'insert','2021-03-24 05:08:41',0),
(505,3,NULL,15,NULL,NULL,1,NULL,NULL,0,3,1,'delete','2021-03-18 11:37:50',0),
(506,4,NULL,3,NULL,NULL,1,NULL,NULL,0,3,1,'delete','2021-03-18 11:37:51',0),
(507,11,NULL,15,NULL,NULL,1,NULL,NULL,0,3,1,'delete','2021-03-19 04:56:24',0),
(508,14,NULL,15,NULL,NULL,1,NULL,NULL,0,3,1,'delete','2021-03-19 07:53:42',0),
(509,15,NULL,16,NULL,NULL,1,NULL,NULL,0,3,1,'delete','2021-03-19 07:53:42',0),
(510,16,NULL,15,NULL,NULL,1,NULL,NULL,0,3,1,'delete','2021-03-20 05:03:58',0),
(511,56,NULL,15,NULL,NULL,1,NULL,NULL,0,3,1,'delete','2021-03-24 05:02:55',0),
(512,57,NULL,16,NULL,NULL,1,NULL,NULL,0,3,1,'delete','2021-03-24 05:02:55',0),
(513,58,NULL,17,NULL,NULL,1,NULL,NULL,0,3,1,'delete','2021-03-24 05:02:55',0),
(514,59,NULL,18,NULL,NULL,1,NULL,NULL,0,3,1,'delete','2021-03-24 05:02:55',0),
(515,60,NULL,19,NULL,NULL,1,NULL,NULL,0,3,1,'delete','2021-03-24 05:02:55',0),
(516,61,NULL,15,NULL,NULL,1,NULL,NULL,0,3,0,'delete','2021-03-24 05:03:17',0),
(517,62,NULL,16,NULL,NULL,1,NULL,NULL,0,3,0,'delete','2021-03-24 05:03:17',0),
(518,63,NULL,17,NULL,NULL,1,NULL,NULL,0,3,0,'delete','2021-03-24 05:03:17',0),
(519,64,NULL,18,NULL,NULL,1,NULL,NULL,0,3,0,'delete','2021-03-24 05:03:17',0),
(520,65,NULL,19,NULL,NULL,1,NULL,NULL,0,3,0,'delete','2021-03-24 05:03:17',0),
(536,77,10,17,NULL,NULL,1,NULL,NULL,0,0,0,'insert','2021-03-24 07:50:48',0),
(537,78,10,18,NULL,NULL,1,NULL,NULL,0,0,0,'insert','2021-03-24 07:50:48',0),
(538,79,10,19,NULL,NULL,1,NULL,NULL,0,0,0,'insert','2021-03-24 07:50:48',0),
(539,3,NULL,15,NULL,NULL,1,NULL,NULL,0,3,1,'delete','2021-03-18 11:37:50',0),
(540,4,NULL,3,NULL,NULL,1,NULL,NULL,0,3,1,'delete','2021-03-18 11:37:51',0),
(541,11,NULL,15,NULL,NULL,1,NULL,NULL,0,3,1,'delete','2021-03-19 04:56:24',0),
(542,14,NULL,15,NULL,NULL,1,NULL,NULL,0,3,1,'delete','2021-03-19 07:53:42',0),
(543,15,NULL,16,NULL,NULL,1,NULL,NULL,0,3,1,'delete','2021-03-19 07:53:42',0),
(544,16,NULL,15,NULL,NULL,1,NULL,NULL,0,3,1,'delete','2021-03-20 05:03:58',0),
(545,56,NULL,15,NULL,NULL,1,NULL,NULL,0,3,1,'delete','2021-03-24 05:02:55',0),
(546,57,NULL,16,NULL,NULL,1,NULL,NULL,0,3,1,'delete','2021-03-24 05:02:55',0),
(547,58,NULL,17,NULL,NULL,1,NULL,NULL,0,3,1,'delete','2021-03-24 05:02:55',0),
(548,59,NULL,18,NULL,NULL,1,NULL,NULL,0,3,1,'delete','2021-03-24 05:02:55',0),
(549,60,NULL,19,NULL,NULL,1,NULL,NULL,0,3,1,'delete','2021-03-24 05:02:55',0),
(550,61,NULL,15,NULL,NULL,1,NULL,NULL,0,3,1,'delete','2021-03-24 05:03:17',0),
(551,62,NULL,16,NULL,NULL,1,NULL,NULL,0,3,1,'delete','2021-03-24 05:03:17',0),
(552,63,NULL,17,NULL,NULL,1,NULL,NULL,0,3,1,'delete','2021-03-24 05:03:17',0),
(553,64,NULL,18,NULL,NULL,1,NULL,NULL,0,3,1,'delete','2021-03-24 05:03:17',0),
(554,65,NULL,19,NULL,NULL,1,NULL,NULL,0,3,1,'delete','2021-03-24 05:03:17',0),
(555,77,NULL,17,NULL,NULL,1,NULL,NULL,0,0,0,'delete','2021-03-24 07:50:48',0),
(556,78,NULL,18,NULL,NULL,1,NULL,NULL,0,0,0,'delete','2021-03-24 07:50:48',0),
(557,79,NULL,19,NULL,NULL,1,NULL,NULL,0,0,0,'delete','2021-03-24 07:50:48',0),
(570,80,10,17,NULL,NULL,1,NULL,NULL,0,0,0,'insert','2021-03-24 07:51:14',0),
(571,81,10,18,NULL,NULL,1,NULL,NULL,0,0,0,'insert','2021-03-24 07:51:14',0),
(572,82,10,19,NULL,NULL,1,NULL,NULL,0,0,0,'insert','2021-03-24 07:51:14',0),
(573,66,NULL,15,NULL,NULL,1,NULL,NULL,0,3,1,'delete','2021-03-24 05:06:36',0),
(574,67,NULL,16,NULL,NULL,1,NULL,NULL,0,3,1,'delete','2021-03-24 05:06:37',0),
(575,68,NULL,17,NULL,NULL,1,NULL,NULL,0,3,1,'delete','2021-03-24 05:06:37',0),
(576,69,NULL,18,NULL,NULL,1,NULL,NULL,0,3,1,'delete','2021-03-24 05:06:37',0),
(577,70,NULL,19,NULL,NULL,1,NULL,NULL,0,3,1,'delete','2021-03-24 05:06:37',0),
(578,71,NULL,17,NULL,NULL,1,NULL,NULL,0,3,1,'delete','2021-03-24 05:07:57',0),
(579,72,NULL,18,NULL,NULL,1,NULL,NULL,0,3,1,'delete','2021-03-24 05:07:57',0),
(580,73,NULL,19,NULL,NULL,1,NULL,NULL,0,3,1,'delete','2021-03-24 05:07:57',0),
(581,74,NULL,17,NULL,NULL,1,NULL,NULL,0,3,0,'delete','2021-03-24 05:08:41',0),
(582,75,NULL,18,NULL,NULL,1,NULL,NULL,0,3,0,'delete','2021-03-24 05:08:41',0),
(583,76,NULL,19,NULL,NULL,1,NULL,NULL,0,3,0,'delete','2021-03-24 05:08:41',0),
(588,83,27,17,NULL,NULL,1,NULL,NULL,0,3,0,'insert','2021-03-24 07:55:32',0),
(589,84,27,19,NULL,NULL,1,NULL,NULL,0,3,0,'insert','2021-03-24 07:55:32',0),
(590,66,NULL,15,NULL,NULL,1,NULL,NULL,0,3,1,'delete','2021-03-24 05:06:36',0),
(591,67,NULL,16,NULL,NULL,1,NULL,NULL,0,3,1,'delete','2021-03-24 05:06:37',0),
(592,68,NULL,17,NULL,NULL,1,NULL,NULL,0,3,1,'delete','2021-03-24 05:06:37',0),
(593,69,NULL,18,NULL,NULL,1,NULL,NULL,0,3,1,'delete','2021-03-24 05:06:37',0),
(594,70,NULL,19,NULL,NULL,1,NULL,NULL,0,3,1,'delete','2021-03-24 05:06:37',0),
(595,71,NULL,17,NULL,NULL,1,NULL,NULL,0,3,1,'delete','2021-03-24 05:07:57',0),
(596,72,NULL,18,NULL,NULL,1,NULL,NULL,0,3,1,'delete','2021-03-24 05:07:57',0),
(597,73,NULL,19,NULL,NULL,1,NULL,NULL,0,3,1,'delete','2021-03-24 05:07:57',0),
(598,74,NULL,17,NULL,NULL,1,NULL,NULL,0,3,1,'delete','2021-03-24 05:08:41',0),
(599,75,NULL,18,NULL,NULL,1,NULL,NULL,0,3,1,'delete','2021-03-24 05:08:41',0),
(600,76,NULL,19,NULL,NULL,1,NULL,NULL,0,3,1,'delete','2021-03-24 05:08:41',0),
(601,83,NULL,17,NULL,NULL,1,NULL,NULL,0,3,0,'delete','2021-03-24 07:55:32',0),
(602,84,NULL,19,NULL,NULL,1,NULL,NULL,0,3,0,'delete','2021-03-24 07:55:32',0),
(605,85,27,17,NULL,NULL,1,NULL,NULL,0,3,0,'insert','2021-03-24 07:59:23',0),
(606,86,27,19,NULL,NULL,1,NULL,NULL,0,3,0,'insert','2021-03-24 07:59:24',0),
(607,87,27,16,NULL,NULL,1,NULL,NULL,0,3,0,'insert','2021-03-24 07:59:25',0),
(608,66,NULL,15,NULL,NULL,1,NULL,NULL,0,3,1,'delete','2021-03-24 05:06:36',0),
(609,67,NULL,16,NULL,NULL,1,NULL,NULL,0,3,1,'delete','2021-03-24 05:06:37',0),
(610,68,NULL,17,NULL,NULL,1,NULL,NULL,0,3,1,'delete','2021-03-24 05:06:37',0),
(611,69,NULL,18,NULL,NULL,1,NULL,NULL,0,3,1,'delete','2021-03-24 05:06:37',0),
(612,70,NULL,19,NULL,NULL,1,NULL,NULL,0,3,1,'delete','2021-03-24 05:06:37',0),
(613,71,NULL,17,NULL,NULL,1,NULL,NULL,0,3,1,'delete','2021-03-24 05:07:57',0),
(614,72,NULL,18,NULL,NULL,1,NULL,NULL,0,3,1,'delete','2021-03-24 05:07:57',0),
(615,73,NULL,19,NULL,NULL,1,NULL,NULL,0,3,1,'delete','2021-03-24 05:07:57',0),
(616,74,NULL,17,NULL,NULL,1,NULL,NULL,0,3,1,'delete','2021-03-24 05:08:41',0),
(617,75,NULL,18,NULL,NULL,1,NULL,NULL,0,3,1,'delete','2021-03-24 05:08:41',0),
(618,76,NULL,19,NULL,NULL,1,NULL,NULL,0,3,1,'delete','2021-03-24 05:08:41',0),
(619,83,NULL,17,NULL,NULL,1,NULL,NULL,0,3,1,'delete','2021-03-24 07:55:32',0),
(620,84,NULL,19,NULL,NULL,1,NULL,NULL,0,3,1,'delete','2021-03-24 07:55:32',0),
(621,85,NULL,17,NULL,NULL,1,NULL,NULL,0,3,0,'delete','2021-03-24 07:59:23',0),
(622,86,NULL,19,NULL,NULL,1,NULL,NULL,0,3,0,'delete','2021-03-24 07:59:24',0),
(623,87,NULL,16,NULL,NULL,1,NULL,NULL,0,3,0,'delete','2021-03-24 07:59:25',0),
(639,88,27,17,NULL,NULL,1,NULL,NULL,0,0,0,'insert','2021-03-24 08:12:57',0),
(640,89,27,19,NULL,NULL,1,NULL,NULL,0,0,0,'insert','2021-03-24 08:12:57',0),
(641,90,27,16,NULL,NULL,1,NULL,NULL,0,0,0,'insert','2021-03-24 08:12:57',0),
(642,91,27,18,NULL,NULL,1,NULL,NULL,0,0,0,'insert','2021-03-24 08:12:57',0),
(643,17,NULL,16,NULL,NULL,1,NULL,NULL,0,3,1,'delete','2021-03-20 05:44:58',0),
(644,18,NULL,17,NULL,NULL,1,NULL,NULL,0,3,1,'delete','2021-03-20 05:44:59',0),
(645,40,NULL,16,NULL,NULL,1,NULL,NULL,0,0,0,'delete','2021-03-23 23:56:55',0),
(646,41,NULL,17,NULL,NULL,1,NULL,NULL,0,0,0,'delete','2021-03-23 23:56:55',0),
(650,92,13,16,NULL,NULL,1,NULL,NULL,0,0,0,'insert','2021-03-24 08:26:50',0),
(651,93,13,17,NULL,NULL,1,NULL,NULL,0,0,0,'insert','2021-03-24 08:26:50',0),
(652,94,13,15,NULL,NULL,1,NULL,NULL,0,0,0,'insert','2021-03-24 08:26:50',0),
(653,95,13,18,NULL,NULL,1,NULL,NULL,0,0,0,'insert','2021-03-24 08:26:50',0),
(654,96,13,19,NULL,NULL,1,NULL,NULL,0,0,0,'insert','2021-03-24 08:26:50',0),
(655,97,35,16,NULL,NULL,1,NULL,NULL,0,3,0,'insert','2021-03-24 10:06:44',0),
(656,98,35,18,NULL,NULL,1,NULL,NULL,0,3,0,'insert','2021-03-24 10:06:45',0),
(657,97,NULL,16,NULL,NULL,1,NULL,NULL,0,3,0,'delete','2021-03-24 10:06:44',0),
(658,98,NULL,18,NULL,NULL,1,NULL,NULL,0,3,0,'delete','2021-03-24 10:06:45',0),
(660,99,35,16,NULL,NULL,1,NULL,NULL,0,0,0,'insert','2021-03-24 10:07:42',0),
(661,100,35,18,NULL,NULL,1,NULL,NULL,0,0,0,'insert','2021-03-24 10:07:42',0),
(662,101,35,17,NULL,NULL,1,NULL,NULL,0,0,0,'insert','2021-03-24 10:07:42',0),
(663,102,5,16,NULL,NULL,1,NULL,NULL,0,0,0,'insert','2021-04-01 06:05:21',0),
(664,103,5,17,NULL,NULL,1,NULL,NULL,0,0,0,'insert','2021-04-01 06:05:21',0),
(665,104,4,15,NULL,NULL,1,NULL,NULL,0,0,0,'insert','2021-04-01 07:40:22',0),
(666,105,4,16,NULL,NULL,1,NULL,NULL,0,0,0,'insert','2021-04-01 07:40:22',0),
(667,106,4,17,NULL,NULL,1,NULL,NULL,0,0,0,'insert','2021-04-01 07:40:22',0),
(668,107,4,18,NULL,NULL,1,NULL,NULL,0,0,0,'insert','2021-04-01 07:40:22',0),
(669,108,4,19,NULL,NULL,1,NULL,NULL,0,0,0,'insert','2021-04-01 07:40:22',0),
(670,109,4,20,NULL,NULL,1,NULL,NULL,0,0,0,'insert','2021-04-01 07:40:22',0),
(671,110,4,21,NULL,NULL,1,NULL,NULL,0,0,0,'insert','2021-04-01 07:40:22',0),
(672,111,4,22,NULL,NULL,1,NULL,NULL,0,0,0,'insert','2021-04-01 07:40:22',0);

/*Table structure for table `v_vendorcategory` */

DROP TABLE IF EXISTS `v_vendorcategory`;

CREATE TABLE `v_vendorcategory` (
  `vendorcategoryId` int(11) NOT NULL AUTO_INCREMENT,
  `vendorcategoryName` varchar(100) DEFAULT NULL,
  `userId` int(11) DEFAULT NULL,
  `transDate` datetime DEFAULT CURRENT_TIMESTAMP,
  `isApproved` int(11) DEFAULT '0',
  `approvedUserId` int(11) DEFAULT '0',
  `approvedDateTime` datetime DEFAULT NULL,
  `isDeleted` int(11) DEFAULT '0',
  `deleteDateTime` datetime DEFAULT NULL,
  `deleteUserId` int(11) DEFAULT '0',
  `updateCount` int(11) DEFAULT '0',
  `lastUpdateUserId` int(11) DEFAULT '0',
  `isActive` tinyint(1) DEFAULT '0',
  `activateDateTime` datetime DEFAULT NULL,
  `activateUserId` int(11) DEFAULT '0',
  `lastUpdateDateTime` datetime DEFAULT CURRENT_TIMESTAMP,
  PRIMARY KEY (`vendorcategoryId`)
) ENGINE=InnoDB AUTO_INCREMENT=60 DEFAULT CHARSET=utf8mb4;

/*Data for the table `v_vendorcategory` */

insert  into `v_vendorcategory`(`vendorcategoryId`,`vendorcategoryName`,`userId`,`transDate`,`isApproved`,`approvedUserId`,`approvedDateTime`,`isDeleted`,`deleteDateTime`,`deleteUserId`,`updateCount`,`lastUpdateUserId`,`isActive`,`activateDateTime`,`activateUserId`,`lastUpdateDateTime`) values 
(1,'FINISHING / TREATMENT',NULL,'2021-03-16 10:57:31',1,3,'2021-03-31 07:53:46',0,NULL,0,3,3,0,NULL,0,'2021-03-16 10:57:31'),
(2,'FABRICATION',NULL,'2021-03-16 10:58:50',1,3,'2021-04-01 08:27:27',0,NULL,0,0,0,0,NULL,0,'2021-03-16 10:58:50'),
(3,'FASTENER',NULL,'2021-03-16 10:58:50',1,3,'2021-03-19 06:14:12',0,NULL,0,0,0,0,NULL,0,'2021-03-16 10:58:50'),
(4,'MATERIAL',NULL,'2021-03-16 10:58:50',1,3,'2021-03-19 06:25:45',0,NULL,0,2,3,0,NULL,0,'2021-03-16 10:58:50'),
(5,'MAINTENANCE',NULL,'2021-03-16 10:58:50',1,3,'2021-04-03 08:07:29',0,NULL,0,0,0,0,NULL,0,'2021-03-16 10:58:50'),
(6,'OTHERS1',NULL,'2021-03-16 10:58:50',1,3,'2021-04-03 08:12:43',0,NULL,0,2,3,0,NULL,0,'2021-03-16 10:58:50'),
(7,'STANDARD PART ELECTRICAL',NULL,'2021-03-16 10:58:50',1,3,'2021-04-03 08:12:49',0,NULL,0,0,0,0,NULL,0,'2021-03-16 10:58:50'),
(8,'STATIONARY AND OFFICE EQUIPMENT',NULL,'2021-03-16 10:58:50',0,0,NULL,0,NULL,0,0,0,0,NULL,0,'2021-03-16 10:58:50'),
(9,'TOOLS AND HARDWARE(PMD AND SMD)',NULL,'2021-03-16 10:58:50',0,0,NULL,0,NULL,0,0,0,0,NULL,0,'2021-03-16 10:58:50'),
(10,'HARDWARE (ASSY)',NULL,'2021-03-16 10:58:50',0,0,NULL,0,NULL,0,0,0,0,NULL,0,'2021-03-16 10:58:50'),
(11,'MOX',3,'2021-03-17 05:10:33',0,0,NULL,1,'2021-03-18 07:10:31',3,0,0,0,NULL,0,'2021-03-17 05:10:33'),
(12,'ROX',3,'2021-03-17 07:16:22',0,0,NULL,1,'2021-03-18 07:10:46',3,0,0,0,NULL,0,'2021-03-17 07:16:22'),
(13,'MOX',3,'2021-03-18 07:11:05',0,0,NULL,1,'2021-03-18 07:33:58',3,0,0,0,NULL,0,'2021-03-18 07:11:05'),
(15,'MOX',3,'2021-03-19 04:50:57',0,0,NULL,1,'2021-03-19 04:51:13',3,0,0,0,NULL,0,'2021-03-19 04:50:57'),
(16,'MOX',3,'2021-03-19 05:13:49',0,0,NULL,1,'2021-03-19 05:14:02',3,0,0,0,NULL,0,'2021-03-19 05:13:49'),
(19,'Ddddd',3,'2021-03-22 01:18:02',0,0,NULL,1,'2021-03-22 01:18:35',3,2,3,0,NULL,0,'2021-03-22 01:18:02'),
(20,'Ccccc1',3,'2021-03-22 01:19:21',0,0,NULL,1,'2021-03-22 01:19:46',3,2,3,0,NULL,0,'2021-03-22 01:19:21'),
(21,'New',3,'2021-03-22 23:18:11',0,0,NULL,1,'2021-03-23 05:47:57',3,0,0,0,NULL,0,'2021-03-22 23:18:11'),
(22,'Category 1',3,'2021-03-24 01:26:17',0,0,NULL,0,NULL,0,0,0,0,NULL,0,'2021-03-24 01:26:17'),
(25,'Fvfgfgddmm',3,'2021-03-31 07:51:50',0,0,NULL,0,NULL,0,2,3,0,NULL,0,'2021-03-31 07:51:50'),
(26,'Category 2',3,'2021-04-01 06:09:10',0,0,NULL,0,NULL,0,0,0,0,NULL,0,'2021-04-01 06:09:10'),
(27,'KOI',3,'2021-04-01 07:32:47',0,0,NULL,1,'2021-04-02 06:48:08',3,0,0,0,NULL,0,'2021-04-01 07:32:47'),
(28,'Material1',3,'2021-04-02 07:33:15',0,0,NULL,0,NULL,0,1,3,0,NULL,0,'2021-04-02 07:33:15'),
(29,'Ram',3,'2021-04-02 07:33:45',0,0,NULL,1,'2021-04-03 08:20:33',3,0,0,0,NULL,0,'2021-04-02 07:33:45'),
(30,'C1',0,'2021-05-01 03:34:40',0,0,NULL,0,NULL,0,0,0,0,NULL,0,'2021-05-01 03:34:40'),
(31,'C2',0,'2021-05-01 03:34:41',0,0,NULL,0,NULL,0,0,0,0,NULL,0,'2021-05-01 03:34:41'),
(32,'C3',0,'2021-05-01 03:34:42',0,0,NULL,0,NULL,0,0,0,0,NULL,0,'2021-05-01 03:34:42'),
(33,'C4',0,'2021-05-01 03:34:42',0,0,NULL,0,NULL,0,0,0,0,NULL,0,'2021-05-01 03:34:42'),
(34,'C5',0,'2021-05-01 03:34:43',0,0,NULL,0,NULL,0,0,0,0,NULL,0,'2021-05-01 03:34:43'),
(35,'C6',0,'2021-05-01 03:34:44',0,0,NULL,0,NULL,0,0,0,0,NULL,0,'2021-05-01 03:34:44'),
(36,'C7',0,'2021-05-01 03:37:33',0,0,NULL,0,NULL,0,0,0,0,NULL,0,'2021-05-01 03:37:33'),
(37,'C7',0,'2021-05-22 00:12:54',0,0,NULL,0,NULL,0,0,0,0,NULL,0,'2021-05-22 00:12:54'),
(38,'C8',0,'2021-05-22 00:12:55',0,0,NULL,0,NULL,0,0,0,0,NULL,0,'2021-05-22 00:12:55'),
(39,'C9',0,'2021-05-22 00:12:55',0,0,NULL,0,NULL,0,0,0,0,NULL,0,'2021-05-22 00:12:55'),
(40,'C10',0,'2021-05-22 00:12:56',0,0,NULL,0,NULL,0,0,0,0,NULL,0,'2021-05-22 00:12:56'),
(41,'C11',0,'2021-05-22 00:12:57',0,0,NULL,0,NULL,0,0,0,0,NULL,0,'2021-05-22 00:12:57'),
(42,'C12',0,'2021-05-22 00:12:58',0,0,NULL,0,NULL,0,0,0,0,NULL,0,'2021-05-22 00:12:58'),
(43,'C13',0,'2021-05-22 00:12:59',0,0,NULL,0,NULL,0,0,0,0,NULL,0,'2021-05-22 00:12:59'),
(44,'C14',0,'2021-05-22 00:13:00',0,0,NULL,0,NULL,0,0,0,0,NULL,0,'2021-05-22 00:13:00'),
(45,'C15',0,'2021-05-22 00:13:01',0,0,NULL,0,NULL,0,0,0,0,NULL,0,'2021-05-22 00:13:01'),
(46,'C16',0,'2021-05-22 00:13:01',0,0,NULL,0,NULL,0,0,0,0,NULL,0,'2021-05-22 00:13:01'),
(47,'C17',0,'2021-05-22 00:13:02',0,0,NULL,0,NULL,0,0,0,0,NULL,0,'2021-05-22 00:13:02'),
(48,'C18',0,'2021-05-22 00:13:03',0,0,NULL,0,NULL,0,0,0,0,NULL,0,'2021-05-22 00:13:03'),
(49,'C19',0,'2021-05-22 00:13:04',0,0,NULL,0,NULL,0,0,0,0,NULL,0,'2021-05-22 00:13:04'),
(50,'C20',0,'2021-05-22 00:13:05',0,0,NULL,0,NULL,0,0,0,0,NULL,0,'2021-05-22 00:13:05'),
(51,'C21',0,'2021-05-22 00:13:06',0,0,NULL,0,NULL,0,0,0,0,NULL,0,'2021-05-22 00:13:06'),
(52,'C22',0,'2021-05-22 00:13:06',0,0,NULL,0,NULL,0,0,0,0,NULL,0,'2021-05-22 00:13:06'),
(53,'C23',0,'2021-05-22 00:13:07',0,0,NULL,0,NULL,0,0,0,0,NULL,0,'2021-05-22 00:13:07'),
(54,'C24',0,'2021-05-22 00:13:08',0,0,NULL,0,NULL,0,0,0,0,NULL,0,'2021-05-22 00:13:08'),
(55,'C25',0,'2021-05-22 00:13:09',0,0,NULL,0,NULL,0,0,0,0,NULL,0,'2021-05-22 00:13:09'),
(56,'C26',0,'2021-05-22 00:13:10',0,0,NULL,0,NULL,0,0,0,0,NULL,0,'2021-05-22 00:13:10'),
(57,'C27',0,'2021-05-22 00:13:11',0,0,NULL,0,NULL,0,0,0,0,NULL,0,'2021-05-22 00:13:11'),
(58,'C28',0,'2021-05-22 00:13:11',0,0,NULL,0,NULL,0,0,0,0,NULL,0,'2021-05-22 00:13:11'),
(59,'Sds',0,'2021-05-22 00:13:12',0,0,NULL,0,NULL,0,4,3,0,NULL,0,'2021-05-22 00:13:12');

/*Table structure for table `v_vendorcategory_log` */

DROP TABLE IF EXISTS `v_vendorcategory_log`;

CREATE TABLE `v_vendorcategory_log` (
  `logId` int(11) NOT NULL AUTO_INCREMENT,
  `vendorcategoryId` int(11) DEFAULT NULL,
  `vendorcategoryName` varchar(10) DEFAULT NULL,
  `isApproved` int(11) DEFAULT '0',
  `userId` int(11) DEFAULT NULL,
  `isDeleted` int(11) DEFAULT '0',
  `userAction` varchar(20) DEFAULT NULL,
  `transDate` datetime DEFAULT CURRENT_TIMESTAMP,
  `isActive` tinyint(1) DEFAULT '0',
  `lastUpdateUserId` int(11) DEFAULT '0',
  `lastUpdateDateTime` datetime DEFAULT NULL,
  PRIMARY KEY (`logId`)
) ENGINE=InnoDB AUTO_INCREMENT=157 DEFAULT CHARSET=utf8mb4;

/*Data for the table `v_vendorcategory_log` */

insert  into `v_vendorcategory_log`(`logId`,`vendorcategoryId`,`vendorcategoryName`,`isApproved`,`userId`,`isDeleted`,`userAction`,`transDate`,`isActive`,`lastUpdateUserId`,`lastUpdateDateTime`) values 
(19,NULL,'Category1',0,3,0,'insert','2020-10-20 14:28:45',0,0,NULL),
(20,8,'Category1',0,3,0,'approve','2020-10-20 14:28:45',0,0,'2020-10-20 14:28:45'),
(21,8,'Category1',1,3,0,'update','2020-10-20 14:28:45',0,0,'2020-10-20 14:28:45'),
(22,8,'Category1',1,3,0,'update','2020-10-20 14:28:45',0,3,'2020-10-20 14:28:45'),
(23,8,'Category2',1,3,0,'delete','2020-10-20 14:28:45',0,3,'2020-10-20 14:28:45'),
(24,NULL,'Category1',0,3,0,'insert','2020-10-20 14:29:16',0,0,NULL),
(25,9,'Category1',0,3,0,'approve','2020-10-20 14:29:16',0,0,'2020-10-20 14:29:16'),
(26,NULL,'Seller',0,10,0,'insert','2020-10-24 17:26:00',0,0,NULL),
(27,10,'Seller',0,10,0,'update','2020-10-24 17:26:00',0,0,'2020-10-24 17:26:00'),
(28,NULL,'Cvxxc',0,10,0,'insert','2020-10-24 17:26:11',0,0,NULL),
(29,11,'Cvxxc',0,10,0,'delete','2020-10-24 17:26:11',0,0,'2020-10-24 17:26:11'),
(30,NULL,'Category2',0,3,0,'insert','2021-03-06 04:26:56',0,0,NULL),
(31,12,'Category2',0,3,0,'approve','2021-03-06 04:26:56',0,0,'2021-03-06 04:26:56'),
(32,12,'Category2',1,3,0,'update','2021-03-06 04:26:56',0,0,'2021-03-06 04:26:56'),
(33,12,'Category21',1,3,0,'delete','2021-03-06 04:26:56',0,3,'2021-03-06 04:26:56'),
(41,NULL,'MOX',0,3,0,'insert','2021-03-17 05:10:33',0,0,NULL),
(47,NULL,'ROX',0,3,0,'insert','2021-03-17 07:16:22',0,0,NULL),
(48,11,'MOX',0,3,0,'delete','2021-03-17 05:10:33',0,0,'2021-03-17 05:10:33'),
(49,12,'ROX',0,3,0,'delete','2021-03-17 07:16:22',0,0,'2021-03-17 07:16:22'),
(50,NULL,'MOX',0,3,0,'insert','2021-03-18 07:11:05',0,0,NULL),
(52,13,'MOX',0,3,0,'delete','2021-03-18 07:11:05',0,0,'2021-03-18 07:11:05'),
(55,NULL,'MOX',0,3,0,'insert','2021-03-19 04:50:57',0,0,NULL),
(56,15,'MOX',0,3,0,'delete','2021-03-19 04:50:57',0,0,'2021-03-19 04:50:57'),
(57,NULL,'MOX',0,3,0,'insert','2021-03-19 05:13:49',0,0,NULL),
(58,16,'MOX',0,3,0,'delete','2021-03-19 05:13:49',0,0,'2021-03-19 05:13:49'),
(67,3,'FASTENER',0,NULL,0,'approve','2021-03-16 10:58:50',0,0,'2021-03-16 10:58:50'),
(72,4,'MATERIAL',0,NULL,0,'approve','2021-03-16 10:58:50',0,0,'2021-03-16 10:58:50'),
(78,NULL,'Dddd',0,3,0,'insert','2021-03-22 01:18:02',0,0,NULL),
(79,19,'Dddd',0,3,0,'update','2021-03-22 01:18:02',0,0,'2021-03-22 01:18:02'),
(80,19,'Dddd',0,3,0,'update','2021-03-22 01:18:02',0,3,'2021-03-22 01:18:02'),
(81,19,'Ddddd',0,3,0,'delete','2021-03-22 01:18:02',0,3,'2021-03-22 01:18:02'),
(82,NULL,'Ccccc',0,3,0,'insert','2021-03-22 01:19:21',0,0,NULL),
(83,20,'Ccccc',0,3,0,'update','2021-03-22 01:19:21',0,0,'2021-03-22 01:19:21'),
(84,20,'Ccccc',0,3,0,'update','2021-03-22 01:19:21',0,3,'2021-03-22 01:19:21'),
(85,20,'Ccccc1',0,3,0,'delete','2021-03-22 01:19:21',0,3,'2021-03-22 01:19:21'),
(86,NULL,'New',0,3,0,'insert','2021-03-22 23:18:11',0,0,NULL),
(87,4,'MATERIAL',1,NULL,0,'update','2021-03-16 10:58:50',0,0,'2021-03-16 10:58:50'),
(88,21,'New',0,3,0,'delete','2021-03-22 23:18:11',0,0,'2021-03-22 23:18:11'),
(89,4,'MATERIAL',1,NULL,0,'update','2021-03-16 10:58:50',0,3,'2021-03-16 10:58:50'),
(94,NULL,'Category 1',0,3,0,'insert','2021-03-24 01:26:17',0,0,NULL),
(95,6,'OTHERS',0,NULL,0,'update','2021-03-16 10:58:50',0,0,'2021-03-16 10:58:50'),
(99,NULL,'Fvfgfg',0,3,0,'insert','2021-03-31 07:51:50',0,0,NULL),
(100,25,'Fvfgfg',0,3,0,'update','2021-03-31 07:51:50',0,0,'2021-03-31 07:51:50'),
(105,25,'Fvfgfgdd',0,3,0,'update','2021-03-31 07:51:50',0,3,'2021-03-31 07:51:50'),
(107,NULL,'Category 2',0,3,0,'insert','2021-04-01 06:09:10',0,0,NULL),
(109,NULL,'KOI',0,3,0,'insert','2021-04-01 07:32:47',0,0,NULL),
(111,27,'KOI',0,3,0,'delete','2021-04-01 07:32:47',0,0,'2021-04-01 07:32:47'),
(112,NULL,'Material',0,3,0,'insert','2021-04-02 07:33:15',0,0,NULL),
(113,NULL,'Ram',0,3,0,'insert','2021-04-02 07:33:45',0,0,NULL),
(115,29,'Ram',0,3,0,'delete','2021-04-02 07:33:45',0,0,'2021-04-02 07:33:45'),
(119,28,'Material',0,3,0,'update','2021-04-02 07:33:15',0,0,'2021-04-02 07:33:15'),
(121,6,'OTHERS',1,NULL,0,'update','2021-03-16 10:58:50',0,3,'2021-03-16 10:58:50'),
(122,NULL,'C1',0,0,0,'insert','2021-05-01 03:34:40',0,0,NULL),
(123,NULL,'C2',0,0,0,'insert','2021-05-01 03:34:41',0,0,NULL),
(124,NULL,'C3',0,0,0,'insert','2021-05-01 03:34:42',0,0,NULL),
(125,NULL,'C4',0,0,0,'insert','2021-05-01 03:34:42',0,0,NULL),
(126,NULL,'C5',0,0,0,'insert','2021-05-01 03:34:43',0,0,NULL),
(127,NULL,'C6',0,0,0,'insert','2021-05-01 03:34:44',0,0,NULL),
(128,NULL,'C7',0,0,0,'insert','2021-05-01 03:37:33',0,0,NULL),
(129,NULL,'C7',0,0,0,'insert','2021-05-22 00:12:54',0,0,NULL),
(130,NULL,'C8',0,0,0,'insert','2021-05-22 00:12:55',0,0,NULL),
(131,NULL,'C9',0,0,0,'insert','2021-05-22 00:12:55',0,0,NULL),
(132,NULL,'C10',0,0,0,'insert','2021-05-22 00:12:56',0,0,NULL),
(133,NULL,'C11',0,0,0,'insert','2021-05-22 00:12:57',0,0,NULL),
(134,NULL,'C12',0,0,0,'insert','2021-05-22 00:12:58',0,0,NULL),
(135,NULL,'C13',0,0,0,'insert','2021-05-22 00:12:59',0,0,NULL),
(136,NULL,'C14',0,0,0,'insert','2021-05-22 00:13:00',0,0,NULL),
(137,NULL,'C15',0,0,0,'insert','2021-05-22 00:13:01',0,0,NULL),
(138,NULL,'C16',0,0,0,'insert','2021-05-22 00:13:01',0,0,NULL),
(139,NULL,'C17',0,0,0,'insert','2021-05-22 00:13:02',0,0,NULL),
(140,NULL,'C18',0,0,0,'insert','2021-05-22 00:13:03',0,0,NULL),
(141,NULL,'C19',0,0,0,'insert','2021-05-22 00:13:04',0,0,NULL),
(142,NULL,'C20',0,0,0,'insert','2021-05-22 00:13:05',0,0,NULL),
(143,NULL,'C21',0,0,0,'insert','2021-05-22 00:13:06',0,0,NULL),
(144,NULL,'C22',0,0,0,'insert','2021-05-22 00:13:06',0,0,NULL),
(145,NULL,'C23',0,0,0,'insert','2021-05-22 00:13:07',0,0,NULL),
(146,NULL,'C24',0,0,0,'insert','2021-05-22 00:13:08',0,0,NULL),
(147,NULL,'C25',0,0,0,'insert','2021-05-22 00:13:09',0,0,NULL),
(148,NULL,'C26',0,0,0,'insert','2021-05-22 00:13:10',0,0,NULL),
(149,NULL,'C27',0,0,0,'insert','2021-05-22 00:13:11',0,0,NULL),
(150,NULL,'C28',0,0,0,'insert','2021-05-22 00:13:11',0,0,NULL),
(151,NULL,'C29',0,0,0,'insert','2021-05-22 00:13:12',0,0,NULL),
(154,59,'C29',0,0,0,'update','2021-05-22 00:13:12',0,0,'2021-05-22 00:13:12'),
(155,59,'C29s',0,0,0,'update','2021-05-22 00:13:12',0,3,'2021-05-22 00:13:12'),
(156,59,'Ddd',0,0,0,'update','2021-05-22 00:13:12',0,3,'2021-05-22 00:13:12');

/*Table structure for table `v_vendorinvitation` */

DROP TABLE IF EXISTS `v_vendorinvitation`;

CREATE TABLE `v_vendorinvitation` (
  `vendorinvitationId` int(11) NOT NULL AUTO_INCREMENT,
  `vendorCompany` varchar(100) DEFAULT NULL,
  `contactPerson` varchar(50) DEFAULT NULL,
  `vendorEmail` varchar(100) DEFAULT NULL,
  `userId` int(11) DEFAULT NULL,
  `transDate` datetime DEFAULT CURRENT_TIMESTAMP,
  `isApproved` int(11) DEFAULT '0',
  `approvedUserId` int(11) DEFAULT '0',
  `approvedDateTime` datetime DEFAULT NULL,
  `isDeleted` int(11) DEFAULT '0',
  `deleteDateTime` datetime DEFAULT NULL,
  `deleteUserId` int(11) DEFAULT '0',
  `updateCount` int(11) DEFAULT '0',
  `lastUpdateUserId` int(11) DEFAULT '0',
  `lastUpdateDateTime` datetime DEFAULT NULL,
  `isActive` tinyint(1) DEFAULT '0',
  `activateDateTime` datetime DEFAULT NULL,
  `activateUserId` int(11) DEFAULT '0',
  PRIMARY KEY (`vendorinvitationId`)
) ENGINE=InnoDB AUTO_INCREMENT=21 DEFAULT CHARSET=utf8mb4;

/*Data for the table `v_vendorinvitation` */

insert  into `v_vendorinvitation`(`vendorinvitationId`,`vendorCompany`,`contactPerson`,`vendorEmail`,`userId`,`transDate`,`isApproved`,`approvedUserId`,`approvedDateTime`,`isDeleted`,`deleteDateTime`,`deleteUserId`,`updateCount`,`lastUpdateUserId`,`lastUpdateDateTime`,`isActive`,`activateDateTime`,`activateUserId`) values 
(1,'duplex technology','punita yadav','way2punita@gmail.com',3,'2021-03-08 00:29:20',1,3,'2021-04-05 23:41:43',0,NULL,0,6,3,NULL,0,NULL,0),
(2,'duplex technology pvt ltd','punta','dts.punitayadav@gmail.com',3,'2021-03-08 01:11:04',1,3,'2021-03-30 23:19:42',0,NULL,0,0,0,NULL,0,NULL,0),
(3,'specificview software pvt ltd','punita','way2punita@gmail.com',3,'2021-03-16 23:42:41',1,3,'2021-04-03 08:19:44',0,NULL,0,0,0,NULL,0,NULL,0),
(4,'specificview software','punita1','dts.punitayadav@gmail.com',3,'2021-03-16 23:48:56',0,0,NULL,0,NULL,0,0,0,NULL,0,NULL,0),
(5,'ss','sss','dts.punitayadav@gmail.com',3,'2021-03-17 00:16:13',0,0,NULL,0,NULL,0,0,0,NULL,0,NULL,0),
(6,'Duplex','Sophie','dts.dazy@yupmail.com',3,'2021-03-20 08:29:02',0,0,NULL,0,NULL,0,0,0,NULL,0,NULL,0),
(7,'DTS','Sophie','dts.dazy@yopmail.com',3,'2021-03-20 08:29:49',0,0,NULL,0,NULL,0,0,0,NULL,0,NULL,0),
(8,'Test','test','dts.dazy@gmail.com',3,'2021-03-20 08:30:54',1,3,'2021-03-30 23:07:13',0,NULL,0,0,0,NULL,0,NULL,0),
(9,'new','test','newtestid13@gmail.com',3,'2021-03-20 08:41:21',0,3,'2021-04-05 23:33:00',0,NULL,0,0,0,NULL,0,NULL,0),
(10,'Orange pvt Ltd','Sumit','hr.orange@gmail.com',3,'2021-03-23 23:53:39',1,3,'2021-03-23 23:53:53',0,NULL,0,1,3,NULL,0,NULL,0),
(11,'C india Pvt Ltd','Rajeev','shiv.kumar@gmail.com',3,'2021-03-24 01:28:10',1,3,'2021-04-05 23:30:25',0,NULL,0,0,0,NULL,0,NULL,0),
(12,'Sgk solutions pvt ltd','Rajeev Kumar','rajeev.kumar@gmail.com',3,'2021-03-24 04:47:25',0,0,NULL,0,NULL,0,0,0,NULL,0,NULL,0),
(13,'tata pvt ltd','deep','dts.punitayadav@gmail.com',3,'2021-03-24 09:57:09',0,0,NULL,0,NULL,0,0,0,NULL,0,NULL,0),
(14,'Topservices pvtltd','Raman','raman.kumar@gmail.com',3,'2021-04-01 06:00:18',0,0,NULL,0,NULL,0,0,0,NULL,0,NULL,0),
(15,'Baba 123 pvt ltd','Baba 123','Baba.chauhan@mail.com',3,'2021-04-02 06:02:29',0,0,NULL,0,NULL,0,1,3,NULL,0,NULL,0),
(16,'Test Pvt Ltd','Tester','er.kc1992@gmail.com',3,'2021-04-02 06:05:29',0,0,NULL,0,NULL,0,0,0,NULL,0,NULL,0),
(17,'Test Pvt Ltd','12345Test','test@ok.com',3,'2021-04-02 06:22:59',0,0,NULL,0,NULL,0,0,0,NULL,0,NULL,0),
(18,'Ram123 pvt ltd','Ram 123','Ram@616gmail.com',3,'2021-04-02 07:05:36',0,0,NULL,0,NULL,0,0,0,NULL,0,NULL,0),
(19,'tata moters pvt ltd','punita','way2punita@gmail.com',3,'2021-04-04 23:51:25',0,0,NULL,0,NULL,0,0,0,NULL,0,NULL,0),
(20,'1234','1234','1234@mail.Com',3,'2021-04-05 23:21:32',0,0,NULL,0,NULL,0,0,0,NULL,0,NULL,0);

/*Table structure for table `v_vendorinvitation_log` */

DROP TABLE IF EXISTS `v_vendorinvitation_log`;

CREATE TABLE `v_vendorinvitation_log` (
  `logId` int(11) NOT NULL AUTO_INCREMENT,
  `vendorinvitationId` int(11) DEFAULT NULL,
  `vendorCompany` varchar(100) DEFAULT NULL,
  `contactPerson` varchar(50) DEFAULT NULL,
  `vendorEmail` varchar(100) DEFAULT NULL,
  `isApproved` int(11) DEFAULT '0',
  `userId` int(11) DEFAULT NULL,
  `isDeleted` int(11) DEFAULT '0',
  `userAction` varchar(20) DEFAULT NULL,
  `transDate` datetime DEFAULT CURRENT_TIMESTAMP,
  `isActive` tinyint(1) DEFAULT '0',
  `lastUpdateUserId` int(11) DEFAULT '0',
  `lastUpdateDateTime` datetime DEFAULT NULL,
  PRIMARY KEY (`logId`)
) ENGINE=InnoDB AUTO_INCREMENT=43 DEFAULT CHARSET=utf8mb4;

/*Data for the table `v_vendorinvitation_log` */

insert  into `v_vendorinvitation_log`(`logId`,`vendorinvitationId`,`vendorCompany`,`contactPerson`,`vendorEmail`,`isApproved`,`userId`,`isDeleted`,`userAction`,`transDate`,`isActive`,`lastUpdateUserId`,`lastUpdateDateTime`) values 
(1,1,'duplex technology','punita','way2punita@gmail.com',0,3,0,'insert','2021-03-08 00:29:20',0,0,NULL),
(2,2,'duplex technology pvt ltd','punta','dts.punitayadav@gmail.com',0,3,0,'insert','2021-03-08 01:11:04',0,0,NULL),
(3,1,'duplex technology','punita','way2punita@gmail.com',0,3,0,'approve','2021-03-08 00:29:20',0,0,NULL),
(4,1,'duplex technology','punita','way2punita@gmail.com',0,3,0,'update','2021-03-08 00:29:20',0,0,NULL),
(5,3,'specificview software pvt ltd','punita','way2punita@gmail.com',0,3,0,'insert','2021-03-16 23:42:41',0,0,NULL),
(6,4,'specificview software','punita1','dts.punitayadav@gmail.com',0,3,0,'insert','2021-03-16 23:48:56',0,0,NULL),
(7,5,'ss','sss','dts.punitayadav@gmail.com',0,3,0,'insert','2021-03-17 00:16:13',0,0,NULL),
(8,1,'duplex technology','punita yadav','way2punita@gmail.com',0,3,0,'update','2021-03-08 00:29:20',0,3,NULL),
(9,1,'duplex technology','punita yadav','way2punita@gmail.com',0,3,0,'update','2021-03-08 00:29:20',0,3,NULL),
(10,1,'duplex technology','punita yadav','way2punita@gmail.com',0,3,0,'approve','2021-03-08 00:29:20',0,3,NULL),
(11,6,'Duplex','Sophie','dts.dazy@yupmail.com',0,3,0,'insert','2021-03-20 08:29:02',0,0,NULL),
(12,7,'DTS','Sophie','dts.dazy@yopmail.com',0,3,0,'insert','2021-03-20 08:29:49',0,0,NULL),
(13,8,'Test','test','dts.dazy@gmail.com',0,3,0,'insert','2021-03-20 08:30:54',0,0,NULL),
(14,9,'new','test','newtestid13@gmail.com',0,3,0,'insert','2021-03-20 08:41:21',0,0,NULL),
(15,10,'Orange pvt Ltd','Summet','hr.orange@gmail.com',0,3,0,'insert','2021-03-23 23:53:39',0,0,NULL),
(16,10,'Orange pvt Ltd','Summet','hr.orange@gmail.com',0,3,0,'approve','2021-03-23 23:53:39',0,0,NULL),
(17,10,'Orange pvt Ltd','Summet','hr.orange@gmail.com',0,3,0,'update','2021-03-23 23:53:39',0,0,NULL),
(18,11,'C india Pvt Ltd','Rajeev','shiv.kumar@gmail.com',0,3,0,'insert','2021-03-24 01:28:10',0,0,NULL),
(19,1,'duplex technology','punita yadav','way2punita@gmail.com',0,3,0,'approve','2021-03-08 00:29:20',0,3,NULL),
(20,12,'Sgk solutions pvt ltd','Rajeev Kumar','rajeev.kumar@gmail.com',0,3,0,'insert','2021-03-24 04:47:25',0,0,NULL),
(21,13,'tata pvt ltd','deep','dts.punitayadav@gmail.com',0,3,0,'insert','2021-03-24 09:57:09',0,0,NULL),
(22,8,'Test','test','dts.dazy@gmail.com',0,3,0,'approve','2021-03-20 08:30:54',0,0,NULL),
(23,2,'duplex technology pvt ltd','punta','dts.punitayadav@gmail.com',0,3,0,'approve','2021-03-08 01:11:04',0,0,NULL),
(24,1,'duplex technology','punita yadav','way2punita@gmail.com',0,3,0,'approve','2021-03-08 00:29:20',0,3,NULL),
(25,14,'Topservices pvtltd','Raman','raman.kumar@gmail.com',0,3,0,'insert','2021-04-01 06:00:18',0,0,NULL),
(26,15,'Kapil Pvt Ltd','Kapil Chauhan','kapil.chauhan@mail.com',0,3,0,'insert','2021-04-02 06:02:29',0,0,NULL),
(27,16,'Test Pvt Ltd','Tester','er.kc1992@gmail.com',0,3,0,'insert','2021-04-02 06:05:29',0,0,NULL),
(28,17,'Test Pvt Ltd','12345Test','test@ok.com',0,3,0,'insert','2021-04-02 06:22:59',0,0,NULL),
(29,18,'Ram123 pvt ltd','Ram 123','Ram@616gmail.com',0,3,0,'insert','2021-04-02 07:05:36',0,0,NULL),
(30,1,'duplex technology','punita yadav','way2punita@gmail.com',0,3,0,'approve','2021-03-08 00:29:20',0,3,NULL),
(31,3,'specificview software pvt ltd','punita','way2punita@gmail.com',0,3,0,'approve','2021-03-16 23:42:41',0,0,NULL),
(32,1,'duplex technology','punita yadav','way2punita@gmail.com',0,3,0,'update','2021-03-08 00:29:20',0,3,NULL),
(33,19,'tata moters pvt ltd','punita','way2punita@gmail.com',0,3,0,'insert','2021-04-04 23:51:25',0,0,NULL),
(34,15,'Kapil Pvt Ltd','Kapil Chauhan','kapil.chauhan@mail.com',0,3,0,'update','2021-04-02 06:02:29',0,0,NULL),
(35,20,'1234','1234','1234@mail.Com',0,3,0,'insert','2021-04-05 23:21:32',0,0,NULL),
(36,11,'C india Pvt Ltd','Rajeev','shiv.kumar@gmail.com',0,3,0,'approve','2021-03-24 01:28:10',0,0,NULL),
(37,9,'new','test','newtestid13@gmail.com',0,3,0,'approve','2021-03-20 08:41:21',0,0,NULL),
(38,9,'new','test','newtestid13@gmail.com',0,3,0,'approve','2021-03-20 08:41:21',0,0,NULL),
(39,1,'duplex technology','punita yadav','way2punita@gmail.com',0,3,0,'approve','2021-03-08 00:29:20',0,3,NULL),
(40,1,'duplex technology','punita yadav','way2punita@gmail.com',0,3,0,'approve','2021-03-08 00:29:20',0,3,NULL),
(41,1,'duplex technology','punita yadav','way2punita@gmail.com',0,3,0,'update','2021-03-08 00:29:20',0,3,NULL),
(42,1,'duplex technology','punita yadav','way2punita@gmail.com',0,3,0,'update','2021-03-08 00:29:20',0,3,NULL);

/*Table structure for table `v_vendorpermission` */

DROP TABLE IF EXISTS `v_vendorpermission`;

CREATE TABLE `v_vendorpermission` (
  `permissionId` int(11) NOT NULL AUTO_INCREMENT,
  `permissionName` varchar(100) DEFAULT NULL,
  `userId` int(11) DEFAULT NULL,
  `transDate` datetime DEFAULT CURRENT_TIMESTAMP,
  `isApproved` int(11) DEFAULT '0',
  `approvedUserId` int(11) DEFAULT '0',
  `approvedDateTime` datetime DEFAULT NULL,
  `isDeleted` int(11) DEFAULT '0',
  `deleteDateTime` datetime DEFAULT NULL,
  `deleteUserId` int(11) DEFAULT '0',
  `updateCount` int(11) DEFAULT '0',
  `lastUpdateUserId` int(11) DEFAULT '0',
  `isActive` tinyint(1) DEFAULT '0',
  `activateDateTime` datetime DEFAULT NULL,
  `activateUserId` int(11) DEFAULT '0',
  `isView` tinyint(1) DEFAULT '0',
  PRIMARY KEY (`permissionId`)
) ENGINE=InnoDB AUTO_INCREMENT=41 DEFAULT CHARSET=utf8mb4;

/*Data for the table `v_vendorpermission` */

insert  into `v_vendorpermission`(`permissionId`,`permissionName`,`userId`,`transDate`,`isApproved`,`approvedUserId`,`approvedDateTime`,`isDeleted`,`deleteDateTime`,`deleteUserId`,`updateCount`,`lastUpdateUserId`,`isActive`,`activateDateTime`,`activateUserId`,`isView`) values 
(1,'KPI',3,'2021-03-16 08:11:18',1,3,'2021-03-16 08:11:23',1,'2021-03-16 08:17:38',3,4,3,0,NULL,0,0),
(2,'PAYMENTS',3,'2021-03-16 08:17:29',0,3,'2021-03-17 02:37:00',1,'2021-03-17 02:37:14',3,0,0,0,NULL,0,0),
(3,'ROX',3,'2021-03-17 02:37:57',0,0,NULL,1,'2021-03-19 04:54:59',3,5,3,0,NULL,0,0),
(4,'FIX',3,'2021-03-17 02:38:16',0,0,NULL,1,'2021-03-17 02:38:31',3,0,0,0,NULL,0,0),
(5,'FIX',3,'2021-03-17 02:39:02',0,0,NULL,1,'2021-03-17 02:41:17',3,0,0,0,NULL,0,0),
(6,'GOOD',3,'2021-03-17 02:39:11',0,0,NULL,1,'2021-03-17 02:41:23',3,0,0,0,NULL,0,0),
(7,'RIGHT',3,'2021-03-17 02:39:22',0,0,NULL,1,'2021-03-17 02:43:51',3,0,0,0,NULL,0,0),
(8,'ALLOW',3,'2021-03-17 02:39:30',0,0,NULL,1,'2021-03-17 02:40:57',3,0,0,0,NULL,0,0),
(9,'NOW',3,'2021-03-17 02:39:39',0,0,NULL,1,'2021-03-17 02:43:45',3,0,0,0,NULL,0,0),
(10,'CORRECT',3,'2021-03-17 02:39:49',0,0,NULL,1,'2021-03-17 02:41:08',3,0,0,0,NULL,0,0),
(11,'NO',3,'2021-03-17 02:40:00',0,0,NULL,1,'2021-03-17 02:43:41',3,0,0,0,NULL,0,0),
(12,'YES',3,'2021-03-17 02:40:08',0,0,NULL,1,'2021-03-17 02:44:03',3,0,0,0,NULL,0,0),
(13,'CLEAR',3,'2021-03-17 02:40:22',0,0,NULL,1,'2021-03-17 02:41:02',3,0,0,0,NULL,0,0),
(14,'SAME',3,'2021-03-17 02:40:29',0,0,NULL,1,'2021-03-17 02:43:57',3,0,0,0,NULL,0,0),
(15,'PAYMENTS',3,'2021-03-17 07:24:05',1,3,'2021-03-19 07:02:56',0,NULL,0,0,0,0,NULL,0,0),
(16,'Vvbhj',3,'2021-03-19 07:02:51',1,3,'2021-03-20 05:30:26',1,'2021-05-22 02:23:29',3,1,3,0,NULL,0,0),
(17,'66',3,'2021-03-20 05:30:21',1,3,'2021-04-03 08:37:27',0,NULL,0,2,3,0,NULL,0,0),
(18,'PO',3,'2021-03-20 08:31:11',0,0,NULL,0,NULL,0,0,0,0,NULL,0,0),
(19,'ROX MM',3,'2021-03-24 01:29:07',1,3,'2021-04-03 08:37:33',0,NULL,0,0,0,0,NULL,0,0),
(20,'RMP',3,'2021-03-31 02:01:16',1,3,'2021-03-31 02:01:23',0,NULL,0,0,0,0,NULL,0,0),
(21,'Fffff',3,'2021-04-01 04:56:48',0,0,NULL,0,NULL,0,1,3,0,NULL,0,0),
(22,'RCI',3,'2021-04-01 04:57:11',0,0,NULL,0,NULL,0,0,0,0,NULL,0,0),
(23,'P1',0,'2021-05-01 05:18:12',0,0,NULL,0,NULL,0,0,0,0,NULL,0,0),
(24,'P2',0,'2021-05-01 05:18:13',0,0,NULL,0,NULL,0,0,0,0,NULL,0,0),
(25,'P3',0,'2021-05-01 05:18:16',0,0,NULL,0,NULL,0,0,0,0,NULL,0,0),
(26,'P4',0,'2021-05-01 05:18:18',0,0,NULL,0,NULL,0,0,0,0,NULL,0,0),
(27,'P5',0,'2021-05-01 05:18:21',0,0,NULL,0,NULL,0,0,0,0,NULL,0,0),
(28,'P6',0,'2021-05-22 02:20:46',0,0,NULL,0,NULL,0,0,0,0,NULL,0,0),
(29,'P7',0,'2021-05-22 02:20:47',0,0,NULL,0,NULL,0,0,0,0,NULL,0,0),
(30,'P8',0,'2021-05-22 02:20:48',0,0,NULL,0,NULL,0,0,0,0,NULL,0,0),
(31,'P9',0,'2021-05-22 02:20:49',0,0,NULL,0,NULL,0,0,0,0,NULL,0,0),
(32,'P10',0,'2021-05-22 02:20:51',0,0,NULL,0,NULL,0,0,0,0,NULL,0,0),
(33,'P11',0,'2021-05-22 02:20:54',0,0,NULL,0,NULL,0,0,0,0,NULL,0,0),
(34,'P12',0,'2021-05-22 02:20:56',0,0,NULL,0,NULL,0,0,0,0,NULL,0,0),
(35,'P13',0,'2021-05-22 02:20:59',0,0,NULL,0,NULL,0,0,0,0,NULL,0,0),
(36,'P14',0,'2021-05-22 02:21:01',0,0,NULL,0,NULL,0,0,0,0,NULL,0,0),
(37,'P15',0,'2021-05-22 02:21:04',0,0,NULL,0,NULL,0,0,0,0,NULL,0,0),
(38,'P16',0,'2021-05-22 02:21:06',0,0,NULL,0,NULL,0,0,0,0,NULL,0,0),
(39,'P17',0,'2021-05-22 02:21:09',0,0,NULL,0,NULL,0,0,0,0,NULL,0,0),
(40,'P18',0,'2021-05-22 02:21:11',0,0,NULL,0,NULL,0,0,0,0,NULL,0,0);

/*Table structure for table `v_vendorpermission_log` */

DROP TABLE IF EXISTS `v_vendorpermission_log`;

CREATE TABLE `v_vendorpermission_log` (
  `logId` int(11) NOT NULL AUTO_INCREMENT,
  `permissionId` int(11) DEFAULT NULL,
  `permissionName` varchar(100) DEFAULT NULL,
  `isApproved` int(11) DEFAULT '0',
  `userId` int(11) DEFAULT NULL,
  `isDeleted` int(11) DEFAULT '0',
  `userAction` varchar(20) DEFAULT NULL,
  `transDate` datetime DEFAULT CURRENT_TIMESTAMP,
  `isActive` tinyint(1) DEFAULT '0',
  `isView` tinyint(1) DEFAULT '0',
  PRIMARY KEY (`logId`)
) ENGINE=InnoDB AUTO_INCREMENT=87 DEFAULT CHARSET=utf8mb4;

/*Data for the table `v_vendorpermission_log` */

insert  into `v_vendorpermission_log`(`logId`,`permissionId`,`permissionName`,`isApproved`,`userId`,`isDeleted`,`userAction`,`transDate`,`isActive`,`isView`) values 
(1,1,'PAYMENTS',0,3,0,'insert','2021-03-16 08:11:18',0,0),
(2,1,'PAYMENTS',0,3,0,'approve','2021-03-16 08:11:18',0,0),
(4,1,'PAYMENTS',0,3,0,'update','2021-03-16 08:11:18',0,0),
(5,1,'PAYMENT',0,3,0,'update','2021-03-16 08:11:18',0,0),
(6,1,'KPI',0,3,0,'update','2021-03-16 08:11:18',0,0),
(7,1,'KPI',0,3,0,'update','2021-03-16 08:11:18',0,0),
(8,2,'PAYMENTS',0,3,0,'insert','2021-03-16 08:17:29',0,0),
(9,1,'KPI',0,3,0,'delete','2021-03-16 08:11:18',0,0),
(10,2,'PAYMENTS',0,3,0,'approve','2021-03-16 08:17:29',0,0),
(11,2,'PAYMENTS',0,3,0,'approve','2021-03-16 08:17:29',0,0),
(13,2,'PAYMENTS',0,3,0,'delete','2021-03-16 08:17:29',0,0),
(14,3,'PAYMENTS',0,3,0,'insert','2021-03-17 02:37:57',0,0),
(15,4,'FIX',0,3,0,'insert','2021-03-17 02:38:16',0,0),
(16,4,'FIX',0,3,0,'delete','2021-03-17 02:38:16',0,0),
(17,5,'FIX',0,3,0,'insert','2021-03-17 02:39:02',0,0),
(18,6,'GOOD',0,3,0,'insert','2021-03-17 02:39:11',0,0),
(19,7,'RIGHT',0,3,0,'insert','2021-03-17 02:39:22',0,0),
(20,8,'ALLOW',0,3,0,'insert','2021-03-17 02:39:30',0,0),
(21,9,'NOW',0,3,0,'insert','2021-03-17 02:39:39',0,0),
(22,10,'CORRECT',0,3,0,'insert','2021-03-17 02:39:49',0,0),
(23,11,'NO',0,3,0,'insert','2021-03-17 02:40:00',0,0),
(24,12,'YES',0,3,0,'insert','2021-03-17 02:40:08',0,0),
(25,13,'CLEAR',0,3,0,'insert','2021-03-17 02:40:22',0,0),
(26,14,'SAME',0,3,0,'insert','2021-03-17 02:40:29',0,0),
(27,8,'ALLOW',0,3,0,'delete','2021-03-17 02:39:30',0,0),
(28,13,'CLEAR',0,3,0,'delete','2021-03-17 02:40:22',0,0),
(29,10,'CORRECT',0,3,0,'delete','2021-03-17 02:39:49',0,0),
(30,5,'FIX',0,3,0,'delete','2021-03-17 02:39:02',0,0),
(31,6,'GOOD',0,3,0,'delete','2021-03-17 02:39:11',0,0),
(32,11,'NO',0,3,0,'delete','2021-03-17 02:40:00',0,0),
(33,9,'NOW',0,3,0,'delete','2021-03-17 02:39:39',0,0),
(34,7,'RIGHT',0,3,0,'delete','2021-03-17 02:39:22',0,0),
(35,14,'SAME',0,3,0,'delete','2021-03-17 02:40:29',0,0),
(36,12,'YES',0,3,0,'delete','2021-03-17 02:40:08',0,0),
(37,3,'PAYMENTS',0,3,0,'update','2021-03-17 02:37:57',0,0),
(38,15,'PAYMENTS',0,3,0,'insert','2021-03-17 07:24:05',0,0),
(39,3,'METHODS',0,3,0,'update','2021-03-17 02:37:57',0,0),
(40,3,'METHODSR',0,3,0,'update','2021-03-17 02:37:57',0,0),
(41,3,'MOX',0,3,0,'update','2021-03-17 02:37:57',0,0),
(42,3,'MOX',0,3,0,'update','2021-03-17 02:37:57',0,0),
(43,3,'ROX',0,3,0,'delete','2021-03-17 02:37:57',0,0),
(44,15,'PAYMENTS',0,3,0,'approve','2021-03-17 07:24:05',0,0),
(45,15,'PAYMENTS',0,3,0,'approve','2021-03-17 07:24:05',0,0),
(46,15,'PAYMENTS',0,3,0,'approve','2021-03-17 07:24:05',0,0),
(47,15,'PAYMENTS',0,3,0,'approve','2021-03-17 07:24:05',0,0),
(48,16,'METHODS',0,3,0,'insert','2021-03-19 07:02:51',0,0),
(49,15,'PAYMENTS',0,3,0,'approve','2021-03-17 07:24:05',0,0),
(50,16,'METHODS',0,3,0,'approve','2021-03-19 07:02:51',0,0),
(51,16,'METHODS',0,3,0,'approve','2021-03-19 07:02:51',0,0),
(52,17,'KPI',0,3,0,'insert','2021-03-20 05:30:21',0,0),
(53,16,'METHODS',0,3,0,'approve','2021-03-19 07:02:51',0,0),
(54,17,'KPI',0,3,0,'approve','2021-03-20 05:30:21',0,0),
(55,18,'PO',0,3,0,'insert','2021-03-20 08:31:11',0,0),
(56,19,'ROX MM',0,3,0,'insert','2021-03-24 01:29:07',0,0),
(57,17,'KPI',0,3,0,'approve','2021-03-20 05:30:21',0,0),
(58,20,'RMP',0,3,0,'insert','2021-03-31 02:01:16',0,0),
(59,20,'RMP',0,3,0,'approve','2021-03-31 02:01:16',0,0),
(60,21,'MPI',0,3,0,'insert','2021-04-01 04:56:48',0,0),
(61,22,'RCI',0,3,0,'insert','2021-04-01 04:57:11',0,0),
(62,17,'KPI',0,3,0,'approve','2021-03-20 05:30:21',0,0),
(63,19,'ROX MM',0,3,0,'approve','2021-03-24 01:29:07',0,0),
(64,23,'P1',0,0,0,'insert','2021-05-01 05:18:12',0,0),
(65,24,'P2',0,0,0,'insert','2021-05-01 05:18:13',0,0),
(66,25,'P3',0,0,0,'insert','2021-05-01 05:18:16',0,0),
(67,26,'P4',0,0,0,'insert','2021-05-01 05:18:18',0,0),
(68,27,'P5',0,0,0,'insert','2021-05-01 05:18:21',0,0),
(69,28,'P6',0,0,0,'insert','2021-05-22 02:20:46',0,0),
(70,29,'P7',0,0,0,'insert','2021-05-22 02:20:47',0,0),
(71,30,'P8',0,0,0,'insert','2021-05-22 02:20:48',0,0),
(72,31,'P9',0,0,0,'insert','2021-05-22 02:20:49',0,0),
(73,32,'P10',0,0,0,'insert','2021-05-22 02:20:51',0,0),
(74,33,'P11',0,0,0,'insert','2021-05-22 02:20:54',0,0),
(75,34,'P12',0,0,0,'insert','2021-05-22 02:20:56',0,0),
(76,35,'P13',0,0,0,'insert','2021-05-22 02:20:59',0,0),
(77,36,'P14',0,0,0,'insert','2021-05-22 02:21:01',0,0),
(78,37,'P15',0,0,0,'insert','2021-05-22 02:21:04',0,0),
(79,38,'P16',0,0,0,'insert','2021-05-22 02:21:06',0,0),
(80,39,'P17',0,0,0,'insert','2021-05-22 02:21:09',0,0),
(81,40,'P18',0,0,0,'insert','2021-05-22 02:21:11',0,0),
(82,17,'KPI',0,3,0,'update','2021-03-20 05:30:21',0,0),
(83,16,'METHODS',0,3,0,'update','2021-03-19 07:02:51',0,0),
(84,16,'Vvbhj',0,3,0,'delete','2021-03-19 07:02:51',0,0),
(85,21,'MPI',0,3,0,'update','2021-04-01 04:56:48',0,0),
(86,17,'KPI1',0,3,0,'update','2021-03-20 05:30:21',0,0);

/*Table structure for table `v_vendorregistration` */

DROP TABLE IF EXISTS `v_vendorregistration`;

CREATE TABLE `v_vendorregistration` (
  `vendorId` int(11) NOT NULL AUTO_INCREMENT,
  `registrationStatus` varchar(10) DEFAULT NULL,
  `vendorSortName` varchar(50) DEFAULT NULL,
  `companyName` varchar(100) DEFAULT NULL,
  `companyAddress` varchar(100) DEFAULT NULL,
  `companycountryId` int(11) DEFAULT NULL,
  `companystateId` int(11) DEFAULT NULL,
  `companycityId` int(11) DEFAULT NULL,
  `companypinCode` varchar(20) DEFAULT NULL,
  `companyTeliphone` varchar(30) DEFAULT NULL,
  `companyFaxNo` varchar(30) DEFAULT NULL,
  `companyMobileNo` varchar(30) DEFAULT NULL,
  `companyalternanteNo` varchar(50) DEFAULT NULL,
  `companyGST` varchar(50) DEFAULT NULL,
  `companySST` varchar(50) DEFAULT NULL,
  `paymentTermId` int(11) DEFAULT NULL,
  `currencyId` int(11) DEFAULT NULL,
  `categoryId` int(11) DEFAULT NULL,
  `companyRegion` varchar(30) DEFAULT NULL,
  `companyWorksampleUrl` varchar(3000) DEFAULT NULL,
  `machineName` varchar(1000) DEFAULT NULL,
  `machineFunction` varchar(1000) DEFAULT NULL,
  `machineCapability` varchar(1000) DEFAULT NULL,
  `vendorName` varchar(50) DEFAULT NULL,
  `vendorEmail` varchar(50) DEFAULT NULL,
  `altvendorname1` varchar(50) DEFAULT NULL,
  `altvendorEmail1` varchar(50) DEFAULT NULL,
  `altvendorname2` varchar(50) DEFAULT NULL,
  `altvendorEmail2` varchar(50) DEFAULT NULL,
  `vendorteliphoneNo1` varchar(50) DEFAULT NULL,
  `vendoraddress` varchar(100) DEFAULT NULL,
  `vendorcityId` int(11) DEFAULT NULL,
  `vendorpinCode` varchar(50) DEFAULT NULL,
  `vendorcountryId` int(11) DEFAULT NULL,
  `locationLongitude` varchar(50) DEFAULT NULL,
  `locationLatitude` varchar(50) DEFAULT NULL,
  `bankdetailType` varchar(50) DEFAULT NULL,
  `bankId` int(11) DEFAULT NULL,
  `swiftcode` varchar(20) DEFAULT NULL,
  `accountNo` varchar(50) DEFAULT NULL,
  `reciverName` varchar(50) DEFAULT NULL,
  `bankAddress` varchar(50) DEFAULT NULL,
  `postalCode` varchar(50) DEFAULT NULL,
  `bankcountryId` int(11) DEFAULT NULL,
  `bankstateId` int(11) DEFAULT NULL,
  `bankcityId` int(11) DEFAULT NULL,
  `bankContactNo1` varchar(50) DEFAULT NULL,
  `bankContactNo2` varchar(50) DEFAULT NULL,
  `paypalemailId` varchar(50) DEFAULT NULL,
  `ndaformUrl` varchar(200) DEFAULT NULL,
  `companyStatus` varchar(10) DEFAULT NULL,
  `accessPermission` varchar(1000) DEFAULT NULL,
  `userId` int(11) DEFAULT NULL,
  `transDate` datetime DEFAULT CURRENT_TIMESTAMP,
  `isApproved` int(11) DEFAULT '0',
  `approvedUserId` int(11) DEFAULT '0',
  `approvedDateTime` datetime DEFAULT NULL,
  `isDeleted` int(11) DEFAULT '0',
  `deleteDateTime` datetime DEFAULT NULL,
  `deleteUserId` int(11) DEFAULT '0',
  `updateCount` int(11) DEFAULT '0',
  `lastUpdateUserId` int(11) DEFAULT '0',
  `lastUpdateDateTime` datetime DEFAULT NULL,
  `isActive` tinyint(1) DEFAULT '0',
  `activateDateTime` datetime DEFAULT NULL,
  `activateUserId` int(11) DEFAULT '0',
  `requestStatus` varchar(45) DEFAULT NULL,
  `requestStatusDatetime` datetime DEFAULT NULL,
  `requestStatusUserId` int(11) DEFAULT NULL,
  `vendorloginId` varchar(50) DEFAULT NULL,
  `vendorloginPwd` varchar(50) DEFAULT NULL,
  `form24` varchar(200) DEFAULT NULL,
  `form48` varchar(200) DEFAULT NULL,
  `form9` varchar(200) DEFAULT NULL,
  `otherform` varchar(200) DEFAULT NULL,
  PRIMARY KEY (`vendorId`)
) ENGINE=InnoDB AUTO_INCREMENT=17 DEFAULT CHARSET=utf8mb4;

/*Data for the table `v_vendorregistration` */

insert  into `v_vendorregistration`(`vendorId`,`registrationStatus`,`vendorSortName`,`companyName`,`companyAddress`,`companycountryId`,`companystateId`,`companycityId`,`companypinCode`,`companyTeliphone`,`companyFaxNo`,`companyMobileNo`,`companyalternanteNo`,`companyGST`,`companySST`,`paymentTermId`,`currencyId`,`categoryId`,`companyRegion`,`companyWorksampleUrl`,`machineName`,`machineFunction`,`machineCapability`,`vendorName`,`vendorEmail`,`altvendorname1`,`altvendorEmail1`,`altvendorname2`,`altvendorEmail2`,`vendorteliphoneNo1`,`vendoraddress`,`vendorcityId`,`vendorpinCode`,`vendorcountryId`,`locationLongitude`,`locationLatitude`,`bankdetailType`,`bankId`,`swiftcode`,`accountNo`,`reciverName`,`bankAddress`,`postalCode`,`bankcountryId`,`bankstateId`,`bankcityId`,`bankContactNo1`,`bankContactNo2`,`paypalemailId`,`ndaformUrl`,`companyStatus`,`accessPermission`,`userId`,`transDate`,`isApproved`,`approvedUserId`,`approvedDateTime`,`isDeleted`,`deleteDateTime`,`deleteUserId`,`updateCount`,`lastUpdateUserId`,`lastUpdateDateTime`,`isActive`,`activateDateTime`,`activateUserId`,`requestStatus`,`requestStatusDatetime`,`requestStatusUserId`,`vendorloginId`,`vendorloginPwd`,`form24`,`form48`,`form9`,`otherform`) values 
(3,'Request','Dfgg','Sdsfdv bfjjyhj','',101,17,2,'','','','','','','',2,2,3,'Local','','','','','Dfdgf','ghggh@ghn.fgf','','','','','','',1,'',60,'80.949997','26.850000','Bank',6,'bddd','','','','',101,17,2,'','','','','Suspend',NULL,0,'2021-03-25 02:30:13',0,3,'2021-05-10 03:09:15',0,NULL,0,0,0,NULL,0,NULL,0,'Stand By','2021-04-30 23:42:00',3,NULL,NULL,NULL,NULL,NULL,NULL),
(4,'Request','Yogesh','Specificview softwate pvt ltd','Aliganj , Sector p',101,17,2,'','','','','','','',2,2,4,'Local','/uploaded_image/vendor_sample_file/202103310138_samplefile.xlsx','mac 1,mac2,mac3','fun1,fun2,fun3','cap1,cap2,cap3','Yogesh kumar','yogesh.kumar@gmail.com','','','','','','',2,'',101,'80.949997','26.850000','Bank',6,'SBI0012','','','','',101,17,2,'','','','','Suspend',NULL,0,'2021-03-31 01:01:09',1,3,'2021-05-08 06:40:15',0,NULL,0,0,0,NULL,0,NULL,0,'Submitted',NULL,NULL,NULL,NULL,NULL,NULL,NULL,NULL),
(5,'Request','Xdxdf','Fdfgd dfgdg','',101,17,2,'','','','','','','',2,6,5,'Local','','','','','Vfxcvcxvcb','dts.punitayadav@gmail.com','','','','','','',1,'',14,'80.3547177','26.4582241','PayPal',6,'','','','','',0,0,0,'','','dts.punitayadav@gmail.com','','Active',NULL,0,'2021-03-31 03:01:24',1,3,'2021-05-07 05:08:17',0,NULL,0,0,0,NULL,0,NULL,0,'Stand By','2021-04-02 07:44:18',3,NULL,NULL,NULL,NULL,NULL,NULL),
(6,'Request','CT','Company two','',101,17,2,'','','','','','','',2,6,1,'Local','/uploaded_image/vendor_sample_file/202103314530_samplefilecompanytwoCT.xlsx','m12','f12','c12','Bhumi','des@ss.com','','','','','','',1,'',68,'80.3547177','26.4582241','PayPal',0,'','','','','',0,0,0,'','','sfds@dgfdg.fgf','/uploaded_image/NDA_form/202103314900_ndacompanytw','Suspend',NULL,0,'2021-03-31 04:19:13',1,3,'2021-03-31 10:09:09',0,NULL,0,0,0,NULL,0,NULL,0,'Submitted',NULL,NULL,NULL,NULL,'/uploaded_image/form_files/202103314728_form24companytwoCT.xlsx','/uploaded_image/form_files/202103314820_form48companytwoCT.xlsx','','/uploaded_image/form_files/202103314829_OtherformcompanytwoCT.xlsx'),
(10,'Request','Fgfgf','Dfdgdfgf','',101,17,2,'','','','','','','',2,2,3,'Local','','','','','Fsdfgfdg','fgd@gh.ttt','','','','','','',2,'',9,'80.3547177','26.4582241','PayPal',0,'','','','','',0,0,0,'','','dsfdsf@gfhgf.ftg','/uploaded_image/NDA_form/202103315651_ndadfdgdfgffgfgf.pdf','Active',NULL,0,'2021-03-31 06:26:58',1,3,'2021-05-08 07:25:04',0,NULL,0,0,0,NULL,0,NULL,0,'Submitted',NULL,NULL,NULL,NULL,'','','',''),
(11,'Request','Cts','Company three','',101,17,2,'','','','','','','',2,2,1,'Local','/uploaded_image/vendor_sample_file/202103313535_samplefilecompanythreects.xlsx','m1','f1','c1','Bhumika','dts.punitayadav@gmail.com','','','','','','',2,'',101,'80.3547177','26.4582241','PayPal',0,'','','','','',0,0,0,'','','way2punita@gmail.com','/uploaded_image/NDA_form/202103313711_ndacompanythreects.pdf','Active',NULL,0,'2021-03-31 06:37:15',1,3,'2021-05-04 06:35:17',0,NULL,0,0,0,NULL,0,NULL,0,'Stand By','2021-03-31 07:48:28',3,NULL,NULL,'/uploaded_image/form_files/202103313615_form24companythreects.xlsx','/uploaded_image/form_files/202103313634_form48companythreects.xlsx','/uploaded_image/form_files/202103313626_form9companythreects.xlsx','/uploaded_image/form_files/202103313643_Otherformcompanythreects.xlsx'),
(12,'Request','Cf','Company four','',101,17,2,'','','','','','','',2,2,1,'Local','/uploaded_image/vendor_sample_file/202104015140_samplefilecompanyfourcf.xlsx','m2','f3','c4','Punita','dts.punita@gmail.com','','','','','','',2,'',11,'80.3318736','26.449923','PayPal',0,'','','','','',0,0,0,'','','ghfdhg@hl.jjj','/uploaded_image/NDA_form/202104015247_ndacompanyfourcf.pdf','Suspend',NULL,0,'2021-04-01 01:23:53',1,3,'2021-05-08 06:47:25',0,NULL,0,0,0,NULL,0,NULL,0,'Submitted',NULL,NULL,NULL,NULL,'/uploaded_image/form_files/202104015227_form24companyfourcf.xlsx','','/uploaded_image/form_files/202104015234_form9companyfourcf.xlsx','/uploaded_image/form_files/202104015300_Otherformcompanyfourcf.xlsx'),
(13,'Request','Hina','Rolvax pvt Ltd','Safdar ganj phase 2',101,17,2,'575768','0865645465','578698','7868757988','45765879','64687430091','6789070786785',2,7,9,'Local','/uploaded_image/vendor_sample_file/202104014608_samplefileRolvaxpvtLtd.xlsx','m11,m22','f11,f22','c11,c22','HINA','hina.seingh@gmail.com','sskj','','gfsjgqk','','025645552','Sector l112',2,'892692',101,'80.9539367','26.8949176','PayPal',6,'SBI001L','6316198149712','Shom','Hill hop Sector','983909',101,17,2,'05677619891','89082908438','yogesh.kumar@gmail.com','/uploaded_image/NDA_form/202104015011_ndaRolvaxpvtLtdHina.PDF','Suspend',NULL,0,'2021-04-01 07:03:07',1,3,'2021-05-08 07:14:52',0,NULL,0,0,0,NULL,0,NULL,0,'Submitted',NULL,NULL,NULL,NULL,'/uploaded_image/form_files/202104014705_form24RolvaxpvtLtd.xlsx','/uploaded_image/form_files/202104015148_form48RolvaxpvtLtdHina.xlsx','/uploaded_image/form_files/202104014731_form9RolvaxpvtLtd.xlsx','/uploaded_image/form_files/202104015222_OtherformRolvaxpvtLtdHina.xlsx'),
(14,'Invite','Dt','Duplex technology','',101,17,2,'','','','','','','',2,2,7,'Local','','','','','Punita yadav','way2punita@gmail.com','','','','','','',2,'',7,'80.3318736','26.449923','PayPal',0,'','','','','',0,0,0,'','','dff@gg.klo','','Active',NULL,0,'2021-04-01 07:03:40',1,3,'2021-05-07 13:36:10',0,NULL,0,0,0,NULL,0,NULL,0,'Invited',NULL,NULL,NULL,NULL,'','','',''),
(15,'Request','Rohil','SMPS PVT LTD','',101,17,2,'','','','','','','',2,7,7,'Oversea','','','','','Rohil','rohil.kumar@gmail.com','','','','','','',2,'',101,'80.9539367','26.8949176','Bank',4,'SBI1L009','8766987987897','','','',101,17,2,'','969687897897','','','Active',NULL,0,'2021-04-02 06:52:12',1,3,'2021-05-08 09:41:51',0,NULL,0,0,0,NULL,0,NULL,0,'Submitted',NULL,NULL,NULL,NULL,'','','',''),
(16,'Request','Ram','Xyz123 pvt','Rampur',101,17,2,'123456','123456','12345','123466','7665433','87655433','976544',2,6,4,'Local','','Ram','Ram','Ram','Ram','er.kc@gmail.com','Ram','kc@gmail.com','Ramyu','Ra@gmail.com','123456','Rampur',2,'123445',101,'','','Bank',2,'1245778999','1234677888','Ramu','Kapil','201301',101,17,2,'12344567778','145788899999','','','Active',NULL,0,'2021-04-05 05:06:26',1,3,'2021-05-07 23:41:43',0,NULL,0,0,0,NULL,0,NULL,0,'Submitted',NULL,NULL,NULL,NULL,'','','','');

/*Table structure for table `v_vendorregistration_log` */

DROP TABLE IF EXISTS `v_vendorregistration_log`;

CREATE TABLE `v_vendorregistration_log` (
  `logId` int(11) NOT NULL AUTO_INCREMENT,
  `vendorId` int(11) DEFAULT NULL,
  `registrationStatus` varchar(10) DEFAULT NULL,
  `vendorSortName` varchar(50) DEFAULT NULL,
  `companyName` varchar(100) DEFAULT NULL,
  `companyAddress` varchar(100) DEFAULT NULL,
  `companycountryId` int(11) DEFAULT NULL,
  `companystateId` int(11) DEFAULT NULL,
  `companycityId` int(11) DEFAULT NULL,
  `companypinCode` varchar(20) DEFAULT NULL,
  `companyTeliphone` varchar(30) DEFAULT NULL,
  `companyFaxNo` varchar(30) DEFAULT NULL,
  `companyMobileNo` varchar(30) DEFAULT NULL,
  `companyalternanteNo` varchar(50) DEFAULT NULL,
  `companyGST` varchar(50) DEFAULT NULL,
  `companySST` varchar(50) DEFAULT NULL,
  `paymentTermId` int(11) DEFAULT NULL,
  `currencyId` int(11) DEFAULT NULL,
  `categoryId` int(11) DEFAULT NULL,
  `companyRegion` varchar(30) DEFAULT NULL,
  `companyWorksampleUrl` varchar(3000) DEFAULT NULL,
  `machineName` varchar(1000) DEFAULT NULL,
  `machineFunction` varchar(1000) DEFAULT NULL,
  `machineCapability` varchar(1000) DEFAULT NULL,
  `vendorName` varchar(50) DEFAULT NULL,
  `vendorEmail` varchar(50) DEFAULT NULL,
  `altvendorname1` varchar(50) DEFAULT NULL,
  `altvendorEmail1` varchar(50) DEFAULT NULL,
  `altvendorname2` varchar(50) DEFAULT NULL,
  `altvendorEmail2` varchar(50) DEFAULT NULL,
  `vendorteliphoneNo1` varchar(50) DEFAULT NULL,
  `vendoraddress` varchar(100) DEFAULT NULL,
  `vendorcityId` int(11) DEFAULT NULL,
  `vendorpinCode` varchar(50) DEFAULT NULL,
  `vendorcountryId` int(11) DEFAULT NULL,
  `locationLongitude` varchar(50) DEFAULT NULL,
  `locationLatitude` varchar(50) DEFAULT NULL,
  `bankdetailType` varchar(50) DEFAULT NULL,
  `bankId` int(11) DEFAULT NULL,
  `swiftcode` varchar(20) DEFAULT NULL,
  `accountNo` varchar(50) DEFAULT NULL,
  `reciverName` varchar(50) DEFAULT NULL,
  `bankAddress` varchar(50) DEFAULT NULL,
  `postalCode` varchar(50) DEFAULT NULL,
  `bankcountryId` int(11) DEFAULT NULL,
  `bankstateId` int(11) DEFAULT NULL,
  `bankcityId` int(11) DEFAULT NULL,
  `bankContactNo1` varchar(50) DEFAULT NULL,
  `bankContactNo2` varchar(50) DEFAULT NULL,
  `paypalemailId` varchar(50) DEFAULT NULL,
  `ndaformUrl` varchar(200) DEFAULT NULL,
  `companyStatus` varchar(10) DEFAULT NULL,
  `accessPermission` varchar(1000) DEFAULT NULL,
  `isApproved` int(11) DEFAULT '0',
  `userId` int(11) DEFAULT NULL,
  `isDeleted` int(11) DEFAULT '0',
  `userAction` varchar(20) DEFAULT NULL,
  `transDate` datetime DEFAULT CURRENT_TIMESTAMP,
  `isActive` tinyint(1) DEFAULT '0',
  `lastUpdateUserId` int(11) DEFAULT '0',
  `lastUpdateDateTime` datetime DEFAULT NULL,
  `requestStatus` varchar(45) DEFAULT NULL,
  `requestStatusDatetime` datetime DEFAULT NULL,
  `requestStatusUserId` int(11) DEFAULT NULL,
  `vendorloginId` varchar(50) DEFAULT NULL,
  `vendorloginPwd` varchar(50) DEFAULT NULL,
  `form24` varchar(200) DEFAULT NULL,
  `form48` varchar(200) DEFAULT NULL,
  `form9` varchar(200) DEFAULT NULL,
  `otherform` varchar(200) DEFAULT NULL,
  PRIMARY KEY (`logId`)
) ENGINE=InnoDB AUTO_INCREMENT=12 DEFAULT CHARSET=utf8mb4;

/*Data for the table `v_vendorregistration_log` */

insert  into `v_vendorregistration_log`(`logId`,`vendorId`,`registrationStatus`,`vendorSortName`,`companyName`,`companyAddress`,`companycountryId`,`companystateId`,`companycityId`,`companypinCode`,`companyTeliphone`,`companyFaxNo`,`companyMobileNo`,`companyalternanteNo`,`companyGST`,`companySST`,`paymentTermId`,`currencyId`,`categoryId`,`companyRegion`,`companyWorksampleUrl`,`machineName`,`machineFunction`,`machineCapability`,`vendorName`,`vendorEmail`,`altvendorname1`,`altvendorEmail1`,`altvendorname2`,`altvendorEmail2`,`vendorteliphoneNo1`,`vendoraddress`,`vendorcityId`,`vendorpinCode`,`vendorcountryId`,`locationLongitude`,`locationLatitude`,`bankdetailType`,`bankId`,`swiftcode`,`accountNo`,`reciverName`,`bankAddress`,`postalCode`,`bankcountryId`,`bankstateId`,`bankcityId`,`bankContactNo1`,`bankContactNo2`,`paypalemailId`,`ndaformUrl`,`companyStatus`,`accessPermission`,`isApproved`,`userId`,`isDeleted`,`userAction`,`transDate`,`isActive`,`lastUpdateUserId`,`lastUpdateDateTime`,`requestStatus`,`requestStatusDatetime`,`requestStatusUserId`,`vendorloginId`,`vendorloginPwd`,`form24`,`form48`,`form9`,`otherform`) values 
(1,3,'Request','Dfgg','Sdsfdv bfjjyhj','',101,17,2,'','','','','','','',2,2,3,'Local','','','','','Dfdgf','ghggh@ghn.fgf','','','','','','',1,'',60,'80.949997','26.850000','Bank',6,'bddd','','','','',101,17,2,'','','','','Suspend',NULL,0,0,0,'insert','2021-03-25 02:30:13',0,0,NULL,'Submitted',NULL,NULL,NULL,NULL,NULL,NULL,NULL,NULL),
(2,4,'Request','Yogesh','Specificview softwate pvt ltd','Aliganj , Sector p',101,17,2,'','','','','','','',2,2,4,'Local','/uploaded_image/vendor_sample_file/202103310138_samplefile.xlsx','mac 1,mac2,mac3','fun1,fun2,fun3','cap1,cap2,cap3','Yogesh kumar','yogesh.kumar@gmail.com','','','','','','',2,'',101,'80.949997','26.850000','Bank',6,'SBI0012','','','','',101,17,2,'','','','','Suspend',NULL,0,0,0,'insert','2021-03-31 01:01:09',0,0,NULL,'Submitted',NULL,NULL,NULL,NULL,NULL,NULL,NULL,NULL),
(3,5,'Request','Xdxdf','Fdfgd dfgdg','',101,17,2,'','','','','','','',2,6,5,'Local','','','','','Vfxcvcxvcb','dts.punitayadav@gmail.com','','','','','','',1,'',14,'80.3547177','26.4582241','PayPal',6,'','','','','',0,0,0,'','','dts.punitayadav@gmail.com','','Suspend',NULL,0,0,0,'insert','2021-03-31 03:01:24',0,0,NULL,'Submitted',NULL,NULL,NULL,NULL,NULL,NULL,NULL,NULL),
(4,6,'Request','CT','Company two','',101,17,2,'','','','','','','',2,6,1,'Local','/uploaded_image/vendor_sample_file/202103314530_samplefilecompanytwoCT.xlsx','m12','f12','c12','Bhumi','des@ss.com','','','','','','',1,'',68,'80.3547177','26.4582241','PayPal',0,'','','','','',0,0,0,'','','sfds@dgfdg.fgf','/uploaded_image/NDA_form/202103314900_ndacompanytw','Suspend',NULL,0,0,0,'insert','2021-03-31 04:19:13',0,0,NULL,'Submitted',NULL,NULL,NULL,NULL,'/uploaded_image/form_files/202103314728_form24companytwoCT.xlsx','/uploaded_image/form_files/202103314820_form48companytwoCT.xlsx','','/uploaded_image/form_files/202103314829_OtherformcompanytwoCT.xlsx'),
(5,10,'Request','Fgfgf','Dfdgdfgf','',101,17,2,'','','','','','','',2,2,3,'Local','','','','','Fsdfgfdg','fgd@gh.ttt','','','','','','',2,'',9,'80.3547177','26.4582241','PayPal',0,'','','','','',0,0,0,'','','dsfdsf@gfhgf.ftg','/uploaded_image/NDA_form/202103315651_ndadfdgdfgffgfgf.pdf','Suspend',NULL,0,0,0,'insert','2021-03-31 06:26:58',0,0,NULL,'Submitted',NULL,NULL,NULL,NULL,'','','',''),
(6,11,'Request','Cts','Company three','',101,17,2,'','','','','','','',2,2,1,'Local','/uploaded_image/vendor_sample_file/202103313535_samplefilecompanythreects.xlsx','m1','f1','c1','Bhumika','dts.punitayadav@gmail.com','','','','','','',2,'',101,'80.3547177','26.4582241','PayPal',0,'','','','','',0,0,0,'','','way2punita@gmail.com','/uploaded_image/NDA_form/202103313711_ndacompanythreects.pdf','Suspend',NULL,0,0,0,'insert','2021-03-31 06:37:15',0,0,NULL,'Submitted',NULL,NULL,NULL,NULL,'/uploaded_image/form_files/202103313615_form24companythreects.xlsx','/uploaded_image/form_files/202103313634_form48companythreects.xlsx','/uploaded_image/form_files/202103313626_form9companythreects.xlsx','/uploaded_image/form_files/202103313643_Otherformcompanythreects.xlsx'),
(7,12,'Request','Cf','Company four','',101,17,2,'','','','','','','',2,2,1,'Local','/uploaded_image/vendor_sample_file/202104015140_samplefilecompanyfourcf.xlsx','m2','f3','c4','Punita','dts.punita@gmail.com','','','','','','',2,'',11,'80.3318736','26.449923','PayPal',0,'','','','','',0,0,0,'','','ghfdhg@hl.jjj','/uploaded_image/NDA_form/202104015247_ndacompanyfourcf.pdf','Suspend',NULL,0,0,0,'insert','2021-04-01 01:23:53',0,0,NULL,'Submitted',NULL,NULL,NULL,NULL,'/uploaded_image/form_files/202104015227_form24companyfourcf.xlsx','','/uploaded_image/form_files/202104015234_form9companyfourcf.xlsx','/uploaded_image/form_files/202104015300_Otherformcompanyfourcf.xlsx'),
(8,13,'Request','Hina','Rolvax pvt Ltd','Safdar ganj phase 2',101,17,2,'575768','0865645465','578698','7868757988','45765879','64687430091','6789070786785',2,7,9,'Local','/uploaded_image/vendor_sample_file/202104014608_samplefileRolvaxpvtLtd.xlsx','m11,m22','f11,f22','c11,c22','HINA','hina.seingh@gmail.com','sskj','','gfsjgqk','','025645552','Sector l112',2,'892692',101,'80.9539367','26.8949176','PayPal',6,'SBI001L','6316198149712','Shom','Hill hop Sector','983909',101,17,2,'05677619891','89082908438','yogesh.kumar@gmail.com','/uploaded_image/NDA_form/202104015011_ndaRolvaxpvtLtdHina.PDF','Suspend',NULL,0,0,0,'insert','2021-04-01 07:03:07',0,0,NULL,'Submitted',NULL,NULL,NULL,NULL,'/uploaded_image/form_files/202104014705_form24RolvaxpvtLtd.xlsx','/uploaded_image/form_files/202104015148_form48RolvaxpvtLtdHina.xlsx','/uploaded_image/form_files/202104014731_form9RolvaxpvtLtd.xlsx','/uploaded_image/form_files/202104015222_OtherformRolvaxpvtLtdHina.xlsx'),
(9,14,'Invite','Dt','Duplex technology','',101,17,2,'','','','','','','',2,2,7,'Local','','','','','Punita yadav','way2punita@gmail.com','','','','','','',2,'',7,'80.3318736','26.449923','PayPal',0,'','','','','',0,0,0,'','','dff@gg.klo','','Suspend',NULL,0,0,0,'insert','2021-04-01 07:03:40',0,0,NULL,'Invited',NULL,NULL,NULL,NULL,'','','',''),
(10,15,'Request','Rohil','SMPS PVT LTD','',101,17,2,'','','','','','','',2,7,7,'Oversea','','','','','Rohil','rohil.kumar@gmail.com','','','','','','',2,'',101,'80.9539367','26.8949176','Bank',4,'SBI1L009','8766987987897','','','',101,17,2,'','969687897897','','','Suspend',NULL,0,0,0,'insert','2021-04-02 06:52:12',0,0,NULL,'Submitted',NULL,NULL,NULL,NULL,'','','',''),
(11,16,'Request','Ram','Xyz123 pvt','Rampur',101,17,2,'123456','123456','12345','123466','7665433','87655433','976544',2,6,4,'Local','','Ram','Ram','Ram','Ram','er.kc@gmail.com','Ram','kc@gmail.com','Ramyu','Ra@gmail.com','123456','Rampur',2,'123445',101,'','','Bank',2,'1245778999','1234677888','Ramu','Kapil','201301',101,17,2,'12344567778','145788899999','','','Suspend',NULL,0,0,0,'insert','2021-04-05 05:06:26',0,0,NULL,'Submitted',NULL,NULL,NULL,NULL,'','','','');

/* Procedure structure for procedure `proc_approve_m_area_Status` */

/*!50003 DROP PROCEDURE IF EXISTS  `proc_approve_m_area_Status` */;

DELIMITER $$

/*!50003 CREATE DEFINER=`leade_testing2`@`%` PROCEDURE `proc_approve_m_area_Status`(Area_Id int,
User_Id int, out error1 int)
BEGIN
DECLARE exit handler for sqlexception
        BEGIN
        ROLLBACK;
        END;
    DECLARE exit handler for sqlwarning
        BEGIN
    ROLLBACK;
        END;
START TRANSACTION;
begin
declare Area_Status varchar(10);
set Area_Status=(select trim(isApproved) from m_area where areaId=trim(Area_Id) and isDeleted=0);

INSERT INTO m_area_log(areaId,countryId,stateId,cityId,areaName,isDeleted,isApproved,userId,userAction,transDate)
SELECT areaId,countryId,stateId,cityId,areaName,isDeleted,isApproved,userId,'approve',transDate FROM m_area where areaId=trim(Area_Id);

IF Area_Status = 1 THEN
update m_area set isApproved=0,approvedDateTime=now(),approvedUserId=trim(User_Id)  where areaId=trim(Area_Id);
else
update m_area set isApproved=1,approvedDateTime=now(),approvedUserId=trim(User_Id)  where areaId=trim(Area_Id);
END IF;
set error1=0;

end;

  COMMIT;
END */$$
DELIMITER ;

/* Procedure structure for procedure `proc_approve_m_bank_Status` */

/*!50003 DROP PROCEDURE IF EXISTS  `proc_approve_m_bank_Status` */;

DELIMITER $$

/*!50003 CREATE DEFINER=`leade_testing2`@`%` PROCEDURE `proc_approve_m_bank_Status`(Bank_Id int,
User_Id int,
 out error1 int)
BEGIN
DECLARE exit handler for sqlexception
        BEGIN
        ROLLBACK;
        END;
    DECLARE exit handler for sqlwarning
        BEGIN
    ROLLBACK;
        END;
START TRANSACTION;
begin
declare Bank_Status varchar(10);
set Bank_Status=(select trim(isApproved) from m_bank where bankId=trim(Bank_Id) and isDeleted=0);

INSERT INTO m_bank_log(bankId,bankCode,bankName,BankAmount,isDeleted,isApproved,userId,userAction,transDate)
SELECT bankId,bankCode,bankName,BankAmount,isDeleted,isApproved,userId,'approve',transDate FROM m_bank where bankId=trim(Bank_Id);

IF Bank_Status = 1 THEN
update m_bank set isApproved=0,approvedDateTime=now(),approvedUserId=trim(User_Id)  where bankId=trim(Bank_Id);
else
update m_bank set isApproved=1,approvedDateTime=now(),approvedUserId=trim(User_Id)  where bankId=trim(Bank_Id);
END IF;
set error1=0;

end;

  COMMIT;
END */$$
DELIMITER ;

/* Procedure structure for procedure `proc_approve_m_cellno_Status` */

/*!50003 DROP PROCEDURE IF EXISTS  `proc_approve_m_cellno_Status` */;

DELIMITER $$

/*!50003 CREATE DEFINER=`leade_testing2`@`%` PROCEDURE `proc_approve_m_cellno_Status`(
Cell_No_Id int,
User_Id int,
 out error1 int    
    )
BEGIN
DECLARE exit handler for sqlexception
        BEGIN
        ROLLBACK;
        END;
    DECLARE exit handler for sqlwarning
        BEGIN
    ROLLBACK;
        END;
START TRANSACTION;
begin
declare Cell_Status varchar(10);
set Cell_Status=(select trim(isApproved) from m_cellno where cellId=trim(Cell_No_Id) and isDeleted=0);

INSERT INTO m_cellno_log(cellId,cellNo,isDeleted,isApproved,userId,userAction,transDate)
SELECT cellId,cellNo,isDeleted,isApproved,userId,'approve',transDate FROM m_cellno where cellId=trim(Cell_No_Id);

IF Cell_Status = 1 THEN
update m_cellno set isApproved=0,approvedDateTime=now(),approvedUserId=trim(User_Id)  where cellId=trim(Cell_No_Id);
else
update m_cellno set isApproved=1,approvedDateTime=now(),approvedUserId=trim(User_Id)  where cellId=trim(Cell_No_Id);
END IF;
set error1=0;

end;

  COMMIT;
END */$$
DELIMITER ;

/* Procedure structure for procedure `proc_approve_m_city_Status` */

/*!50003 DROP PROCEDURE IF EXISTS  `proc_approve_m_city_Status` */;

DELIMITER $$

/*!50003 CREATE DEFINER=`leade_testing2`@`%` PROCEDURE `proc_approve_m_city_Status`(City_Id int,
User_Id int,
 out error1 int)
BEGIN
DECLARE exit handler for sqlexception
        BEGIN
        ROLLBACK;
        END;
    DECLARE exit handler for sqlwarning
        BEGIN
    ROLLBACK;
        END;
START TRANSACTION;
begin
declare City_Status varchar(10);
set City_Status=(select trim(isApproved) from m_city where cityId=trim(City_Id) and isDeleted=0);
INSERT INTO m_city_log(cityId,countryId,stateId,cityName,isDeleted,isApproved,userId,userAction,transDate)
SELECT cityId,countryId,stateId,cityName,isDeleted,isApproved,userId,'approve',transDate FROM m_city where cityId=trim(City_Id);


IF City_Status = 1 THEN
update m_city set isApproved=0,approvedDateTime=now(),approvedUserId=trim(User_Id)  where cityId=trim(City_Id);
else
update m_city set isApproved=1,approvedDateTime=now(),approvedUserId=trim(User_Id)  where cityId=trim(City_Id);
END IF;
set error1=0;

end;

  COMMIT;
END */$$
DELIMITER ;

/* Procedure structure for procedure `proc_approve_m_companygroup_Status` */

/*!50003 DROP PROCEDURE IF EXISTS  `proc_approve_m_companygroup_Status` */;

DELIMITER $$

/*!50003 CREATE DEFINER=`leade_testing2`@`%` PROCEDURE `proc_approve_m_companygroup_Status`(Company_Group_Id int,
User_Id int,
 out error1 int)
BEGIN
DECLARE exit handler for sqlexception
        BEGIN
        ROLLBACK;
        END;
    DECLARE exit handler for sqlwarning
        BEGIN
    ROLLBACK;
        END;
START TRANSACTION;
begin
declare Company_Group_Status varchar(10);
set Company_Group_Status=(select trim(isApproved) from m_companygroup where companyGroupId=trim(Company_Group_Id) and isDeleted=0);

INSERT INTO m_companygroup_log(companyGroupId,companyGroupCode,companyGroupName,currencyId,language_Id,companyLogo_Url,isDeleted,isApproved,userId,userAction,transDate)
SELECT companyGroupId,companyGroupCode,companyGroupName,currencyId,language_Id,companyLogo_Url,isDeleted,isApproved,userId,'approve',transDate FROM m_companygroup where companyGroupId=trim(Company_Group_Id);

IF Company_Group_Status = 1 THEN
update m_companygroup set isApproved=0,approvedDateTime=now(),approvedUserId=trim(User_Id)  where companyGroupId=trim(Company_Group_Id);
else
update m_companygroup set isApproved=1,approvedDateTime=now(),approvedUserId=trim(User_Id)  where companyGroupId=trim(Company_Group_Id);
END IF;
set error1=0;

end;

  COMMIT;
END */$$
DELIMITER ;

/* Procedure structure for procedure `proc_approve_m_country_Status` */

/*!50003 DROP PROCEDURE IF EXISTS  `proc_approve_m_country_Status` */;

DELIMITER $$

/*!50003 CREATE DEFINER=`leade_testing2`@`%` PROCEDURE `proc_approve_m_country_Status`(Country_Id int,
User_Id int,
 out error1 int)
BEGIN
DECLARE exit handler for sqlexception
        BEGIN
        ROLLBACK;
        END;
    DECLARE exit handler for sqlwarning
        BEGIN
    ROLLBACK;
        END;
START TRANSACTION;
begin
declare Country_Status varchar(10);
set Country_Status=(select trim(isApproved) from m_country where countryId=trim(Country_Id) and isDeleted=0);

INSERT INTO m_country_log(countryId,countryCode,countryName,isDeleted,isApproved,userId,userAction,transDate)
SELECT countryId,countryCode,countryName,isDeleted,isApproved,userId,'approve',transDate FROM m_country where countryId=trim(Country_Id);

IF Country_Status = 1 THEN
update m_country set isApproved=0,approvedDateTime=now(),approvedUserId=trim(User_Id)  where countryId=trim(Country_Id);
else
update m_country set isApproved=1,approvedDateTime=now(),approvedUserId=trim(User_Id)  where countryId=trim(Country_Id);
END IF;
set error1=0;

end;

  COMMIT;
END */$$
DELIMITER ;

/* Procedure structure for procedure `proc_approve_m_currency_Status` */

/*!50003 DROP PROCEDURE IF EXISTS  `proc_approve_m_currency_Status` */;

DELIMITER $$

/*!50003 CREATE DEFINER=`leade_testing2`@`%` PROCEDURE `proc_approve_m_currency_Status`(Currency_Id int,
User_Id int,
 out error1 int)
BEGIN
DECLARE exit handler for sqlexception
        BEGIN
        ROLLBACK;
        END;
    DECLARE exit handler for sqlwarning
        BEGIN
    ROLLBACK;
        END;
START TRANSACTION;
begin
declare Currency_Status varchar(10);
set Currency_Status=(select trim(isApproved) from m_currency where currencyId=trim(Currency_Id) and isDeleted=0);
INSERT INTO m_currency_log(currencyId,currencyCode,currencyName,interNationalCode,interNationalName,decimalUnit,currencySymbol,isDeleted,isApproved,userId,userAction,transDate)
SELECT currencyId,currencyCode,currencyName,interNationalCode,interNationalName,decimalUnit,currencySymbol,isDeleted,isApproved,userId,'approve',transDate FROM m_currency where currencyId=trim(Currency_Id);


IF Currency_Status = 1 THEN
update m_currency set isApproved=0,approvedDateTime=now(),approvedUserId=trim(User_Id)  where currencyId=trim(Currency_Id);
else
update m_currency set isApproved=1,approvedDateTime=now(),approvedUserId=trim(User_Id)  where currencyId=trim(Currency_Id);
END IF;
set error1=0;

end;

  COMMIT;
END */$$
DELIMITER ;

/* Procedure structure for procedure `proc_approve_m_itemtype_Status` */

/*!50003 DROP PROCEDURE IF EXISTS  `proc_approve_m_itemtype_Status` */;

DELIMITER $$

/*!50003 CREATE DEFINER=`leade_testing2`@`%` PROCEDURE `proc_approve_m_itemtype_Status`(Item_Type_Id int,
User_Id int,
 out error1 int)
BEGIN
DECLARE exit handler for sqlexception
        BEGIN
        ROLLBACK;
        END;
    DECLARE exit handler for sqlwarning
        BEGIN
    ROLLBACK;
        END;
START TRANSACTION;
begin
declare Item_Type_Status varchar(10);
set Item_Type_Status=(select trim(isApproved) from m_itemtype where itemTypeId=trim(Item_Type_Id) and isDeleted=0);

INSERT INTO m_itemtype_log(itemTypeId,itemTypeCode,itemTypeName,isDeleted,isApproved,userId,userAction,transDate)
SELECT itemTypeId,itemTypeCode,itemTypeName,isDeleted,isApproved,userId,'approve',transDate FROM m_itemtype where itemTypeId=trim(Item_Type_Id);

IF Item_Type_Status = 1 THEN
update m_itemtype set isApproved=0,approvedDateTime=now(),approvedUserId=trim(User_Id)  where itemTypeId=trim(Item_Type_Id);
else
update m_itemtype set isApproved=1,approvedDateTime=now(),approvedUserId=trim(User_Id)  where itemTypeId=trim(Item_Type_Id);
END IF;
set error1=0;

end;

  COMMIT;
END */$$
DELIMITER ;

/* Procedure structure for procedure `proc_approve_m_item_request` */

/*!50003 DROP PROCEDURE IF EXISTS  `proc_approve_m_item_request` */;

DELIMITER $$

/*!50003 CREATE DEFINER=`leade_testing2`@`%` PROCEDURE `proc_approve_m_item_request`(Request_Id int,
User_Id int,
out error1 int)
BEGIN
DECLARE exit handler for sqlexception
        BEGIN
        ROLLBACK;
        END;
    DECLARE exit handler for sqlwarning
        BEGIN
    ROLLBACK;
        END;
START TRANSACTION;
begin
declare Request_Status varchar(10);

set Request_Status=(select trim(isApproved) from m_itemrequestforapproval where requestId=trim(Request_Id) and isDeleted=0);

INSERT INTO m_itemrequestforapproval_log(requestId,itemId,internalItemCode,itemManufacturingPartNumber,requestDescription,isDeleted,isApproved,userId,userAction,transDate)
SELECT requestId,itemId,internalItemCode,itemManufacturingPartNumber,requestDescription,isDeleted,isApproved,userId,'approve',transDate
 FROM m_itemrequestforapproval where requestId=trim(Request_Id);

IF Request_Status = 1 THEN
update m_itemrequestforapproval set isApproved=0,approvedDateTime=now(),approvedUserId=trim(User_Id)  where requestId=trim(Request_Id);


else
update m_itemrequestforapproval set isApproved=1,approvedDateTime=now(),approvedUserId=trim(User_Id)  where requestId=trim(Request_Id);

END IF;
set error1=0;

end;

  COMMIT;
END */$$
DELIMITER ;

/* Procedure structure for procedure `proc_approve_m_item_Status` */

/*!50003 DROP PROCEDURE IF EXISTS  `proc_approve_m_item_Status` */;

DELIMITER $$

/*!50003 CREATE DEFINER=`leade_testing2`@`%` PROCEDURE `proc_approve_m_item_Status`(Item_Id int,
User_Id int,
 out error1 int)
BEGIN
DECLARE exit handler for sqlexception
        BEGIN
        ROLLBACK;
        END;
    DECLARE exit handler for sqlwarning
        BEGIN
    ROLLBACK;
        END;
START TRANSACTION;
begin
declare Item_Status varchar(10);
set Item_Status=(select trim(isApproved) from m_item where itemId=trim(Item_Id) and isDeleted=0);

INSERT INTO m_item_log(itemId,uomId,uomGroupId,valuationId,itemTypeId,itemSubTypeId,itemManageCodeId,
materialCategoryId,itemDescription,itemManufacture,itemBrand,supplierName,itemPrice,itemMinOrderQty,
itemThreshold,itemHSCode,itemURLLink,itemCoCountryofOrigin,itemManufacturingPartNumber,itemShippingCost,
itemContactDetails,itemEMail,itemWeChat,itemWhatsApp,itemOtherContactType,itemDataSheetUrl,
itemComplianceUrl,itemCADFileUrl,itemCertificationUrl,itemScrappingfromWebUrl,itemStatus,internalItemCode,
isDeleted,userId,isApproved,userAction,transDate)
SELECT itemId,uomId,uomGroupId,valuationId,itemTypeId,itemSubTypeId,itemManageCodeId,
materialCategoryId,itemDescription,itemManufacture,itemBrand,supplierName,itemPrice,itemMinOrderQty,
itemThreshold,itemHSCode,itemURLLink,itemCoCountryofOrigin,itemManufacturingPartNumber,itemShippingCost,
itemContactDetails,itemEMail,itemWeChat,itemWhatsApp,itemOtherContactType,itemDataSheetUrl,
itemComplianceUrl,itemCADFileUrl,itemCertificationUrl,itemScrappingfromWebUrl,itemStatus,internalItemCode,
isDeleted,userId,isApproved,'approve',transDate FROM m_item where itemId=trim(Item_Id);
IF Item_Status = 1 THEN
update m_item set isApproved=0,approvedDateTime=now(),approvedUserId=trim(User_Id) where itemId=trim(Item_Id) ;
else
update m_item set isApproved=1,approvedDateTime=now(),approvedUserId=trim(User_Id) where itemId=trim(Item_Id) ;
END IF;
set error1=0;

end;

  COMMIT;
END */$$
DELIMITER ;

/* Procedure structure for procedure `proc_approve_m_language_Status` */

/*!50003 DROP PROCEDURE IF EXISTS  `proc_approve_m_language_Status` */;

DELIMITER $$

/*!50003 CREATE DEFINER=`leade_testing2`@`%` PROCEDURE `proc_approve_m_language_Status`(
Language_Id int,
User_Id int, 
out error1 int    
    )
BEGIN
DECLARE exit handler for sqlexception
        BEGIN
        ROLLBACK;
        END;
    DECLARE exit handler for sqlwarning
        BEGIN
    ROLLBACK;
        END;
START TRANSACTION;
begin
declare Language_Status varchar(10);
set Language_Status=(select trim(isApproved) from m_language where languageId=trim(Language_Id) and isDeleted=0);

INSERT INTO m_language_log(languageId,languageName,isDeleted,isApproved,userId,userAction,transDate)
SELECT languageId,languageName,isDeleted,isApproved,userId,'approve',transDate FROM m_language where languageId=trim(Language_Id);

IF Language_Status = 1 THEN
update m_language set isApproved=0,approvedDateTime=now(),approvedUserId=trim(User_Id)  where languageId=trim(Language_Id);
else
update m_language set isApproved=1,approvedDateTime=now(),approvedUserId=trim(User_Id)  where languageId=trim(Language_Id);
END IF;
set error1=0;

end;

  COMMIT;
END */$$
DELIMITER ;

/* Procedure structure for procedure `proc_approve_m_manageitem_Status` */

/*!50003 DROP PROCEDURE IF EXISTS  `proc_approve_m_manageitem_Status` */;

DELIMITER $$

/*!50003 CREATE DEFINER=`leade_testing2`@`%` PROCEDURE `proc_approve_m_manageitem_Status`(Manage_Item_Id int,
User_Id int,
 out error1 int)
BEGIN
DECLARE exit handler for sqlexception
        BEGIN
        ROLLBACK;
        END;
    DECLARE exit handler for sqlwarning
        BEGIN
    ROLLBACK;
        END;
START TRANSACTION;
begin
declare Manage_Item_Status varchar(10);
set Manage_Item_Status=(select trim(isApproved) from m_manageitem where manageitemId=trim(Manage_Item_Id) and isDeleted=0);

INSERT INTO m_manageitem_log(manageitemId,manageitemCode,manageitemName,isDeleted,isApproved,userId,userAction,transDate)
SELECT manageitemId,manageitemCode,manageitemName,isDeleted,isApproved,userId,'approve',transDate FROM m_manageitem where manageitemId=trim(Manage_Item_Id);

IF Manage_Item_Status = 1 THEN
update m_manageitem set isApproved=0,approvedDateTime=now(),approvedUserId=trim(User_Id)  where manageitemId=trim(Manage_Item_Id);
else
update m_manageitem set isApproved=1,approvedDateTime=now(),approvedUserId=trim(User_Id)  where manageitemId=trim(Manage_Item_Id);
END IF;
set error1=0;

end;

  COMMIT;
END */$$
DELIMITER ;

/* Procedure structure for procedure `proc_approve_m_materialcategory_Status` */

/*!50003 DROP PROCEDURE IF EXISTS  `proc_approve_m_materialcategory_Status` */;

DELIMITER $$

/*!50003 CREATE DEFINER=`leade_testing2`@`%` PROCEDURE `proc_approve_m_materialcategory_Status`(Material_Category_Id int,
User_Id int,
 out error1 int
)
BEGIN
DECLARE exit handler for sqlexception
        BEGIN
        ROLLBACK;
        END;
    DECLARE exit handler for sqlwarning
        BEGIN
    ROLLBACK;
        END;
START TRANSACTION;
begin
declare Material_Category_Status varchar(10);
set Material_Category_Status=(select trim(isApproved) from m_materialcategory where materialCategoryId=trim(Material_Category_Id) and isDeleted=0);

INSERT INTO m_materialcategory_log(materialCategoryId,materialCategoryCode,materialCategoryName,isDeleted,isApproved,userId,userAction,transDate)
SELECT materialCategoryId,materialCategoryCode,materialCategoryName,isDeleted,isApproved,userId,'approve',transDate FROM m_materialcategory where materialCategoryId=trim(Material_Category_Id) ;

IF Material_Category_Status = 1 THEN
update m_materialcategory set isApproved=0,approvedDateTime=now(),approvedUserId=trim(User_Id)  where materialCategoryId=trim(Material_Category_Id) ;
else
update m_materialcategory set isApproved=1,approvedDateTime=now(),approvedUserId=trim(User_Id)  where materialCategoryId=trim(Material_Category_Id) ;
END IF;
set error1=0;

end;

  COMMIT;
END */$$
DELIMITER ;

/* Procedure structure for procedure `proc_approve_m_priority_Status` */

/*!50003 DROP PROCEDURE IF EXISTS  `proc_approve_m_priority_Status` */;

DELIMITER $$

/*!50003 CREATE DEFINER=`leade_testing2`@`%` PROCEDURE `proc_approve_m_priority_Status`(Priority_Id int,
User_Id int,
out error1 int)
BEGIN
DECLARE exit handler for sqlexception
        BEGIN
        ROLLBACK;
        END;
    DECLARE exit handler for sqlwarning
        BEGIN
    ROLLBACK;
        END;
START TRANSACTION;
begin
declare Priority_Status varchar(10);
set Priority_Status=(select trim(isApproved) from m_priority where priorityId=trim(Priority_Id) and isDeleted=0);

INSERT INTO m_priority_log(priorityId,priorityName,isDeleted,isApproved,userId,userAction,transDate)
SELECT priorityId,priorityName,isDeleted,isApproved,userId,'approve',transDate FROM m_priority where priorityId=trim(Priority_Id);

IF Priority_Status = 1 THEN
update m_priority set isApproved=0,approvedDateTime=now(),approvedUserId=trim(User_Id)  where priorityId=trim(Priority_Id);
else
update m_priority set isApproved=1,approvedDateTime=now(),approvedUserId=trim(User_Id)  where priorityId=trim(Priority_Id);
END IF;
set error1=0;

end;

  COMMIT;
END */$$
DELIMITER ;

/* Procedure structure for procedure `proc_approve_m_racknumber_Status` */

/*!50003 DROP PROCEDURE IF EXISTS  `proc_approve_m_racknumber_Status` */;

DELIMITER $$

/*!50003 CREATE DEFINER=`leade_testing2`@`%` PROCEDURE `proc_approve_m_racknumber_Status`(
Rack_Number_Id int,
User_Id int,
 out error1 int
)
BEGIN
DECLARE exit handler for sqlexception
        BEGIN
        ROLLBACK;
        END;
    DECLARE exit handler for sqlwarning
        BEGIN
    ROLLBACK;
        END;
START TRANSACTION;
begin
declare Rack_Status varchar(10);
set Rack_Status=(select trim(isApproved) from m_racknumber where racknumberId=trim(Rack_Number_Id) and isDeleted=0);

INSERT INTO m_racknumber_log(racknumberId,racknumberName,isDeleted,isApproved,userId,userAction,transDate)
SELECT racknumberId,racknumberName,isDeleted,isApproved,userId,'approve',transDate FROM m_racknumber where racknumberId=trim(Rack_Number_Id);

IF Rack_Status = 1 THEN
update m_racknumber set isApproved=0,approvedDateTime=now(),approvedUserId=trim(User_Id)  where racknumberId=trim(Rack_Number_Id);
else
update m_racknumber set isApproved=1,approvedDateTime=now(),approvedUserId=trim(User_Id)  where racknumberId=trim(Rack_Number_Id);
END IF;
set error1=0;

end;

  COMMIT;
END */$$
DELIMITER ;

/* Procedure structure for procedure `proc_approve_m_rack_Status` */

/*!50003 DROP PROCEDURE IF EXISTS  `proc_approve_m_rack_Status` */;

DELIMITER $$

/*!50003 CREATE DEFINER=`leade_testing2`@`%` PROCEDURE `proc_approve_m_rack_Status`(
Rack_Id int,
User_Id int,
 out error1 int
)
BEGIN
DECLARE exit handler for sqlexception
        BEGIN
        ROLLBACK;
        END;
    DECLARE exit handler for sqlwarning
        BEGIN
    ROLLBACK;
        END;
START TRANSACTION;
begin
declare Rack_Status varchar(10);
set Rack_Status=(select trim(isApproved) from m_rack where rackId=trim(Rack_Id) and isDeleted=0);

INSERT INTO m_rack_log(rackId,rackName,isDeleted,isApproved,userId,userAction,transDate)
SELECT rackId,rackName,isDeleted,isApproved,userId,'approve',transDate FROM m_rack where rackId=trim(Rack_Id);

IF Rack_Status = 1 THEN
update m_rack set isApproved=0,approvedDateTime=now(),approvedUserId=trim(User_Id)  where rackId=trim(Rack_Id);
else
update m_rack set isApproved=1,approvedDateTime=now(),approvedUserId=trim(User_Id)  where rackId=trim(Rack_Id);
END IF;
set error1=0;

end;

  COMMIT;
END */$$
DELIMITER ;

/* Procedure structure for procedure `proc_approve_m_salesgroup_Status` */

/*!50003 DROP PROCEDURE IF EXISTS  `proc_approve_m_salesgroup_Status` */;

DELIMITER $$

/*!50003 CREATE DEFINER=`leade_testing2`@`%` PROCEDURE `proc_approve_m_salesgroup_Status`(Sales_Group_Id int,
User_Id int,
out error1 int)
BEGIN
DECLARE exit handler for sqlexception
        BEGIN
        ROLLBACK;
        END;
    DECLARE exit handler for sqlwarning
        BEGIN
    ROLLBACK;
        END;
START TRANSACTION;
begin
declare Sales_Group_Status varchar(10);
set Sales_Group_Status=(select trim(isApproved) from m_salesgroup where salesGroupId=trim(Sales_Group_Id) and isDeleted=0);

INSERT INTO m_salesgroup_log(salesGroupId,salesGroupCode,salesGroupName,isDeleted,isApproved,userId,userAction,transDate)
SELECT salesGroupId,salesGroupCode,salesGroupName,isDeleted,isApproved,userId,'approve',transDate FROM m_salesgroup where salesGroupId=trim(Sales_Group_Id);

IF Sales_Group_Status = 1 THEN
update m_salesgroup set isApproved=0,approvedDateTime=now(),approvedUserId=trim(User_Id)  where salesGroupId=trim(Sales_Group_Id);
else
update m_salesgroup set isApproved=1,approvedDateTime=now(),approvedUserId=trim(User_Id)  where salesGroupId=trim(Sales_Group_Id);
END IF;
set error1=0;

end;

  COMMIT;
END */$$
DELIMITER ;

/* Procedure structure for procedure `proc_approve_m_state_Status` */

/*!50003 DROP PROCEDURE IF EXISTS  `proc_approve_m_state_Status` */;

DELIMITER $$

/*!50003 CREATE DEFINER=`leade_testing2`@`%` PROCEDURE `proc_approve_m_state_Status`(
State_Id int,
User_Id int,
out error1 int
)
BEGIN
DECLARE exit handler for sqlexception
        BEGIN
        ROLLBACK;
        END;
    DECLARE exit handler for sqlwarning
        BEGIN
    ROLLBACK;
        END;
START TRANSACTION;
begin
declare State_Status varchar(10);
set State_Status=(select trim(isApproved) from m_state where stateId=trim(State_Id) and isDeleted=0);

INSERT INTO m_state_log(stateId,countryId,stateCode,stateName,gstCode,isDeleted,isApproved,userId,userAction,transDate)
SELECT stateId,countryId,stateCode,stateName,gstCode,isDeleted,isApproved,userId,'approve',transDate FROM m_state where stateId=trim(State_Id);

IF State_Status = 1 THEN
update m_state set isApproved=0,approvedDateTime=now(),approvedUserId=trim(User_Id)  where stateId=trim(State_Id);
else
update m_state set isApproved=1,approvedDateTime=now(),approvedUserId=trim(User_Id)  where stateId=trim(State_Id);
END IF;
set error1=0;

end;

  COMMIT;
END */$$
DELIMITER ;

/* Procedure structure for procedure `proc_approve_m_storelocation_Status` */

/*!50003 DROP PROCEDURE IF EXISTS  `proc_approve_m_storelocation_Status` */;

DELIMITER $$

/*!50003 CREATE DEFINER=`leade_testing2`@`%` PROCEDURE `proc_approve_m_storelocation_Status`(
Store_Location_Id int,
User_Id int,
 out error1 int
)
BEGIN
DECLARE exit handler for sqlexception
        BEGIN
        ROLLBACK;
        END;
    DECLARE exit handler for sqlwarning
        BEGIN
    ROLLBACK;
        END;
START TRANSACTION;
begin
declare store_Status varchar(10);
set store_Status=(select trim(isApproved) from m_storelocation where storelocationId=trim(Store_Location_Id) and isDeleted=0);

INSERT INTO m_storelocation_log(storelocationId,storelocationName,storelocationCode,isDeleted,isApproved,userId,userAction,transDate)
SELECT storelocationId,storelocationName,storelocationCode,isDeleted,isApproved,userId,'approve',transDate FROM m_storelocation 
where storelocationId=trim(Store_Location_Id);

IF store_Status = 1 THEN
update m_storelocation set isApproved=0,approvedDateTime=now(),approvedUserId=trim(User_Id)  where storelocationId=trim(Store_Location_Id);
else
update m_storelocation set isApproved=1,approvedDateTime=now(),approvedUserId=trim(User_Id)  where storelocationId=trim(Store_Location_Id);
END IF;
set error1=0;

end;

  COMMIT;
END */$$
DELIMITER ;

/* Procedure structure for procedure `proc_approve_m_subitemtypefield_Status` */

/*!50003 DROP PROCEDURE IF EXISTS  `proc_approve_m_subitemtypefield_Status` */;

DELIMITER $$

/*!50003 CREATE DEFINER=`leade_testing2`@`%` PROCEDURE `proc_approve_m_subitemtypefield_Status`(
Sub_Item_Type_Field_Id int,
User_Id int,
 out error1 int
)
BEGIN
DECLARE exit handler for sqlexception
        BEGIN
        ROLLBACK;
        END;
    DECLARE exit handler for sqlwarning
        BEGIN
    ROLLBACK;
        END;
START TRANSACTION;
begin
declare Sub_Item_Type_Field_Status varchar(10);
set Sub_Item_Type_Field_Status=(select trim(isApproved) from m_subitemtypefield where subitemtypefieldId=trim(Sub_Item_Type_Field_Id) and isDeleted=0);

INSERT INTO m_subitemtypefield_log(subitemtypefieldId,itemtypeId,subitemtypeId,subitemtypefieldName,
optionaltype,optionalValue,textType,subitemtypefieldPriority,isDeleted,isApproved,userId,userAction,transDate)
SELECT subitemtypefieldId,itemtypeId,subitemtypeId,subitemtypefieldName,optionaltype,optionalValue,textType,
subitemtypefieldPriority,isDeleted,isApproved,userId,'approve',transDate FROM m_subitemtypefield where subitemtypefieldId=trim(Sub_Item_Type_Field_Id);

IF Sub_Item_Type_Field_Status = 1 THEN
update m_subitemtypefield set isApproved=0,approvedDateTime=now(),approvedUserId=trim(User_Id)  where subitemtypefieldId=trim(Sub_Item_Type_Field_Id);
else
update m_subitemtypefield set isApproved=1,approvedDateTime=now(),approvedUserId=trim(User_Id)  where subitemtypefieldId=trim(Sub_Item_Type_Field_Id);
END IF;
set error1=0;

end;

  COMMIT;
END */$$
DELIMITER ;

/* Procedure structure for procedure `proc_approve_m_subitemtype_Status` */

/*!50003 DROP PROCEDURE IF EXISTS  `proc_approve_m_subitemtype_Status` */;

DELIMITER $$

/*!50003 CREATE DEFINER=`leade_testing2`@`%` PROCEDURE `proc_approve_m_subitemtype_Status`(
Sub_Item_Type_Id int,
User_Id int,
out error1 int
)
BEGIN
DECLARE exit handler for sqlexception
        BEGIN
        ROLLBACK;
        END;
    DECLARE exit handler for sqlwarning
        BEGIN
    ROLLBACK;
        END;
START TRANSACTION;
begin
declare Sub_Item_Type_Status varchar(10);
set Sub_Item_Type_Status=(select trim(isApproved) from m_subitemtype where subitemtypeId=trim(Sub_Item_Type_Id) and isDeleted=0);

INSERT INTO m_subitemtype_log(subitemtypeId,itemtypeId,subitemtypeName,isDeleted,isApproved,userId,userAction,transDate)
SELECT subitemtypeId,itemtypeId,subitemtypeName,isDeleted,isApproved,userId,'approve',transDate FROM m_subitemtype where subitemtypeId=trim(Sub_Item_Type_Id);

IF Sub_Item_Type_Status = 1 THEN
update m_subitemtype set isApproved=0,approvedDateTime=now(),approvedUserId=trim(User_Id)  where subitemtypeId=trim(Sub_Item_Type_Id);
else
update m_subitemtype set isApproved=1,approvedDateTime=now(),approvedUserId=trim(User_Id)  where subitemtypeId=trim(Sub_Item_Type_Id);
END IF;
set error1=0;

end;

  COMMIT;
END */$$
DELIMITER ;

/* Procedure structure for procedure `proc_approve_m_uomgroup_Status` */

/*!50003 DROP PROCEDURE IF EXISTS  `proc_approve_m_uomgroup_Status` */;

DELIMITER $$

/*!50003 CREATE DEFINER=`leade_testing2`@`%` PROCEDURE `proc_approve_m_uomgroup_Status`(UOM_Group_Id int,
User_Id int,
out error1 int)
BEGIN
DECLARE exit handler for sqlexception
        BEGIN
        ROLLBACK;
        END;
    DECLARE exit handler for sqlwarning
        BEGIN
    ROLLBACK;
        END;
START TRANSACTION;
begin
declare UOM_Group_Status varchar(10);
set UOM_Group_Status=(select trim(isApproved) from m_uomgroup where uomGroupId=trim(UOM_Group_Id) and isDeleted=0);

INSERT INTO m_uomgroup_log(uomGroupId,uomGroupCode,uomGroupName,isDeleted,isApproved,userId,userAction,transDate)
SELECT uomGroupId,uomGroupCode,uomGroupName,isDeleted,isApproved,userId,'approve',transDate FROM m_uomgroup where uomGroupId=trim(UOM_Group_Id);

IF UOM_Group_Status = 1 THEN
update m_uomgroup set isApproved=0,approvedDateTime=now(),approvedUserId=trim(User_Id)  where uomGroupId=trim(UOM_Group_Id);
else
update m_uomgroup set isApproved=1,approvedDateTime=now(),approvedUserId=trim(User_Id)  where uomGroupId=trim(UOM_Group_Id);
END IF;
set error1=0;

end;

  COMMIT;
END */$$
DELIMITER ;

/* Procedure structure for procedure `proc_approve_m_uom_Status` */

/*!50003 DROP PROCEDURE IF EXISTS  `proc_approve_m_uom_Status` */;

DELIMITER $$

/*!50003 CREATE DEFINER=`leade_testing2`@`%` PROCEDURE `proc_approve_m_uom_Status`(UOM_Id int,
User_Id int,
out error1 int)
BEGIN
DECLARE exit handler for sqlexception
        BEGIN
        ROLLBACK;
        END;
    DECLARE exit handler for sqlwarning
        BEGIN
    ROLLBACK;
        END;
START TRANSACTION;
begin
declare UOM_Status varchar(10);
set UOM_Status=(select trim(isApproved) from m_uom where uomId=trim(UOM_Id) and isDeleted=0);

INSERT INTO m_uom_log(uomId,uomCode,uomName,isDeleted,isApproved,userId,userAction,transDate)
SELECT uomId,uomCode,uomName,isDeleted,isApproved,userId,'approve',transDate FROM m_uom where uomId=trim(UOM_Id);

IF UOM_Status = 1 THEN
update m_uom set isApproved=0,approvedDateTime=now(),approvedUserId=trim(User_Id)  where uomId=trim(UOM_Id);
else
update m_uom set isApproved=1,approvedDateTime=now(),approvedUserId=trim(User_Id)  where uomId=trim(UOM_Id);
END IF;
set error1=0;

end;

  COMMIT;
END */$$
DELIMITER ;

/* Procedure structure for procedure `proc_approve_m_valuationmethod_Status` */

/*!50003 DROP PROCEDURE IF EXISTS  `proc_approve_m_valuationmethod_Status` */;

DELIMITER $$

/*!50003 CREATE DEFINER=`leade_testing2`@`%` PROCEDURE `proc_approve_m_valuationmethod_Status`(Valuation_Method_Id int,
User_Id int,
out error1 int)
BEGIN
DECLARE exit handler for sqlexception
        BEGIN
        ROLLBACK;
        END;
    DECLARE exit handler for sqlwarning
        BEGIN
    ROLLBACK;
        END;
START TRANSACTION;
begin
declare Valuation_Method_Status varchar(10);
set Valuation_Method_Status=(select trim(isApproved) from m_valuationmethod where valuationMethodId=trim(Valuation_Method_Id) and isDeleted=0);

INSERT INTO m_valuationmethod_log(valuationMethodId,valuationMethodCode,valuationMethodName,isDeleted,isApproved,userId,userAction,transDate)
SELECT valuationMethodId,valuationMethodCode,valuationMethodName,isDeleted,isApproved,userId,'approve',transDate FROM m_valuationmethod where valuationMethodId=trim(Valuation_Method_Id);

IF Valuation_Method_Status = 1 THEN
update m_valuationmethod set isApproved=0,approvedDateTime=now(),approvedUserId=trim(User_Id)  where valuationMethodId=trim(Valuation_Method_Id);
else
update m_valuationmethod set isApproved=1,approvedDateTime=now(),approvedUserId=trim(User_Id)  where valuationMethodId=trim(Valuation_Method_Id);
END IF;
set error1=0;

end;

  COMMIT;
END */$$
DELIMITER ;

/* Procedure structure for procedure `proc_approve_m_valuation_Status` */

/*!50003 DROP PROCEDURE IF EXISTS  `proc_approve_m_valuation_Status` */;

DELIMITER $$

/*!50003 CREATE DEFINER=`leade_testing2`@`%` PROCEDURE `proc_approve_m_valuation_Status`(Valuation_Id int,
User_Id int,
out error1 int)
BEGIN
DECLARE exit handler for sqlexception
        BEGIN
        ROLLBACK;
        END;
    DECLARE exit handler for sqlwarning
        BEGIN
    ROLLBACK;
        END;
START TRANSACTION;
begin
declare Valuation_Status varchar(10);
set Valuation_Status=(select trim(isApproved) from m_valuation where valuationId=trim(Valuation_Id) and isDeleted=0);

INSERT INTO m_valuation_log(valuationId,valuationCode,valuationName,isDeleted,isApproved,userId,userAction,transDate)
SELECT valuationId,valuationCode,valuationName,isDeleted,isApproved,userId,'approve',transDate FROM m_valuation where valuationId=trim(Valuation_Id);

IF Valuation_Status = 1 THEN
update m_valuation set isApproved=0,approvedDateTime=now(),approvedUserId=trim(User_Id)  where valuationId=trim(Valuation_Id);
else
update m_valuation set isApproved=1,approvedDateTime=now(),approvedUserId=trim(User_Id)  where valuationId=trim(Valuation_Id);
END IF;
set error1=0;

end;

  COMMIT;
END */$$
DELIMITER ;

/* Procedure structure for procedure `proc_approve_t_branchaddress_Status` */

/*!50003 DROP PROCEDURE IF EXISTS  `proc_approve_t_branchaddress_Status` */;

DELIMITER $$

/*!50003 CREATE DEFINER=`leade_testing2`@`%` PROCEDURE `proc_approve_t_branchaddress_Status`(Branch_Address_Id int,
User_Id int,
out error1 int)
BEGIN
DECLARE exit handler for sqlexception
        BEGIN
        ROLLBACK;
        END;
    DECLARE exit handler for sqlwarning
        BEGIN
    ROLLBACK;
        END;
START TRANSACTION;
begin
declare Branch_Address_Status varchar(10);
set Branch_Address_Status=(select trim(isApproved) from t_branchaddress where branchAddressId=trim(Branch_Address_Id) and isDeleted=0);

INSERT INTO t_branchaddress_log(branchAddressId,branchId,contactPerson,houseBuildingNo,street1,street2,
landmark,countryId,stateId,cityId,pincode,mobileNumber,altMobileNumber,telephoneExtension,landLineNumber,
altLandLineNumber,website,isDeleted,isApproved,userId,userAction,transDate)
SELECT branchAddressId,branchId,contactPerson,houseBuildingNo,street1,street2,landmark,countryId,stateId,
cityId,pincode,mobileNumber,altMobileNumber,telephoneExtension,landLineNumber,altLandLineNumber,website,
isDeleted,isApproved,userId,'approve',transDate FROM t_branchaddress where branchAddressId=trim(Branch_Address_Id);

IF Branch_Address_Status = 1 THEN
update t_branchaddress set isApproved=0,approvedDateTime=now(),approvedUserId=trim(User_Id)  where branchAddressId=trim(Branch_Address_Id);
else
update t_branchaddress set isApproved=1,approvedDateTime=now(),approvedUserId=trim(User_Id)  where branchAddressId=trim(Branch_Address_Id);
END IF;
set error1=0;

end;

  COMMIT;
END */$$
DELIMITER ;

/* Procedure structure for procedure `proc_approve_t_branchassignment_Status` */

/*!50003 DROP PROCEDURE IF EXISTS  `proc_approve_t_branchassignment_Status` */;

DELIMITER $$

/*!50003 CREATE DEFINER=`leade_testing2`@`%` PROCEDURE `proc_approve_t_branchassignment_Status`(Branch_Assignment_Id int,
User_Id int,
out error1 int)
BEGIN
DECLARE exit handler for sqlexception
        BEGIN
        ROLLBACK;
        END;
    DECLARE exit handler for sqlwarning
        BEGIN
    ROLLBACK;
        END;
START TRANSACTION;
begin
declare Branch_Assignment_Status varchar(10);
set Branch_Assignment_Status=(select trim(isApproved) from t_branchassignment where branchAssignmentId=trim(Branch_Assignment_Id) and isDeleted=0);

INSERT INTO t_branchassignment_log(branchAssignmentId,companyId,branchId,isDeleted,isApproved,userId,userAction,transDate)
SELECT branchAssignmentId,companyId,branchId,isDeleted,isApproved,userId,'approve',transDate FROM t_branchassignment where branchAssignmentId=trim(Branch_Assignment_Id);

IF Branch_Assignment_Status = 1 THEN
update t_branchassignment set isApproved=0,approvedDateTime=now(),approvedUserId=trim(User_Id)  where branchAssignmentId=trim(Branch_Assignment_Id);
else
update t_branchassignment set isApproved=1,approvedDateTime=now(),approvedUserId=trim(User_Id)  where branchAssignmentId=trim(Branch_Assignment_Id);
END IF;
set error1=0;

end;

  COMMIT;
END */$$
DELIMITER ;

/* Procedure structure for procedure `proc_approve_t_branch_Status` */

/*!50003 DROP PROCEDURE IF EXISTS  `proc_approve_t_branch_Status` */;

DELIMITER $$

/*!50003 CREATE DEFINER=`leade_testing2`@`%` PROCEDURE `proc_approve_t_branch_Status`(Branch_Id int,
User_Id int,
out error1 int)
BEGIN
DECLARE exit handler for sqlexception
        BEGIN
        ROLLBACK;
        END;
    DECLARE exit handler for sqlwarning
        BEGIN
    ROLLBACK;
        END;
START TRANSACTION;
begin
declare Branch_Status varchar(10);
set Branch_Status=(select trim(isApproved) from t_branch where branchId=trim(Branch_Id) and isDeleted=0);

INSERT INTO t_branch_log(branchId,branchCode,branchName,currencyId,language_Id,gstNumber,sstNo,isPlant,isDepot,isWareHouse,isDeleted,isApproved,userId,userAction,transDate)
SELECT branchId,branchCode,branchName,currencyId,language_Id,gstNumber,sstNo,isPlant,isDepot,isWareHouse,isDeleted,isApproved,userId,'approve',transDate FROM t_branch where branchId=trim(Branch_Id);

IF Branch_Status = 1 THEN
update t_branch set isApproved=0,approvedDateTime=now(),approvedUserId=trim(User_Id)  where branchId=trim(Branch_Id);
else
update t_branch set isApproved=1,approvedDateTime=now(),approvedUserId=trim(User_Id)  where branchId=trim(Branch_Id);
END IF;
set error1=0;

end;

  COMMIT;
END */$$
DELIMITER ;

/* Procedure structure for procedure `proc_approve_t_companyaddress_Status` */

/*!50003 DROP PROCEDURE IF EXISTS  `proc_approve_t_companyaddress_Status` */;

DELIMITER $$

/*!50003 CREATE DEFINER=`leade_testing2`@`%` PROCEDURE `proc_approve_t_companyaddress_Status`(Company_Address_Id int,
User_Id int,
out error1 int)
BEGIN
DECLARE exit handler for sqlexception
        BEGIN
        ROLLBACK;
        END;
    DECLARE exit handler for sqlwarning
        BEGIN
    ROLLBACK;
        END;
START TRANSACTION;
begin
declare Company_Address_Status varchar(10);
set Company_Address_Status=(select trim(isApproved) from t_companyaddress where companyAddressId=trim(Company_Address_Id) and isDeleted=0);

INSERT INTO t_companyaddress_log(companyAddressId,companyId,contactPerson,houseBuildingNo,street1,street2,
landmark,countryId,stateId,cityId,pincode,mobileNumber,altMobileNumber,telephoneNumber,landLineNumber,
faxNumber,website,emailId,category,isDeleted,isApproved,userId,userAction,transDate)
SELECT companyAddressId,companyId,contactPerson,houseBuildingNo,street1,street2,landmark,countryId,stateId,
cityId,pincode,mobileNumber,altMobileNumber,telephoneNumber,landLineNumber,faxNumber,website,emailId,
category,isDeleted,isApproved,userId,'approve',transDate 
FROM t_companyaddress where companyAddressId=trim(Company_Address_Id);

IF Company_Address_Status = 1 THEN
update t_companyaddress set isApproved=0,approvedDateTime=now(),approvedUserId=trim(User_Id)  where companyAddressId=trim(Company_Address_Id);
else
update t_companyaddress set isApproved=1,approvedDateTime=now(),approvedUserId=trim(User_Id)  where companyAddressId=trim(Company_Address_Id);
END IF;
set error1=0;

end;

  COMMIT;
END */$$
DELIMITER ;

/* Procedure structure for procedure `proc_approve_t_companyassignment_Status` */

/*!50003 DROP PROCEDURE IF EXISTS  `proc_approve_t_companyassignment_Status` */;

DELIMITER $$

/*!50003 CREATE DEFINER=`leade_testing2`@`%` PROCEDURE `proc_approve_t_companyassignment_Status`(Company_Assignment_Id int,
User_Id int,
out error1 int)
BEGIN
DECLARE exit handler for sqlexception
        BEGIN
        ROLLBACK;
        END;
    DECLARE exit handler for sqlwarning
        BEGIN
    ROLLBACK;
        END;
START TRANSACTION;
begin
declare Company_Assignmen_Status varchar(10);
set Company_Assignmen_Status=(select trim(isApproved) from t_companyassignment where companyAssignmentId=trim(Company_Assignment_Id) and isDeleted=0);

INSERT INTO t_companyassignment_log(companyAssignmentId,companyGroupId,companyId,isDeleted,isApproved,userId,userAction,transDate)
SELECT companyAssignmentId,companyGroupId,companyId,isDeleted,isApproved,userId,'approve',transDate FROM t_companyassignment where companyAssignmentId=trim(Company_Assignment_Id);

IF Company_Assignmen_Status = 1 THEN
update t_companyassignment set isApproved=0,approvedDateTime=now(),approvedUserId=trim(User_Id)  where companyAssignmentId=trim(Company_Assignment_Id);
else
update t_companyassignment set isApproved=1,approvedDateTime=now(),approvedUserId=trim(User_Id)  where companyAssignmentId=trim(Company_Assignment_Id);
END IF;
set error1=0;

end;

  COMMIT;
END */$$
DELIMITER ;

/* Procedure structure for procedure `proc_approve_t_company_Status` */

/*!50003 DROP PROCEDURE IF EXISTS  `proc_approve_t_company_Status` */;

DELIMITER $$

/*!50003 CREATE DEFINER=`leade_testing2`@`%` PROCEDURE `proc_approve_t_company_Status`(Company_Id int,
User_Id int,
out error1 int)
BEGIN
DECLARE exit handler for sqlexception
        BEGIN
        ROLLBACK;
        END;
    DECLARE exit handler for sqlwarning
        BEGIN
    ROLLBACK;
        END;
START TRANSACTION;
begin
declare Company_Status varchar(10);
set Company_Status=(select trim(isApproved) from t_company where companyId=trim(Company_Id) and isDeleted=0);

INSERT INTO t_company_log(companyId,companyCode,companyName,currencyId,language_Id,companyLogo_Url,isDeleted,isApproved,userId,userAction,transDate)
SELECT companyId,companyCode,companyName,currencyId,language_Id,companyLogo_Url,isDeleted,isApproved,userId,'approve',transDate FROM t_company where companyId=trim(Company_Id);

IF Company_Status = 1 THEN
update t_company set isApproved=0,approvedDateTime=now(),approvedUserId=trim(User_Id)  where companyId=trim(Company_Id);
else
update t_company set isApproved=1,approvedDateTime=now(),approvedUserId=trim(User_Id)  where companyId=trim(Company_Id);
END IF;
set error1=0;

end;

  COMMIT;
END */$$
DELIMITER ;

/* Procedure structure for procedure `proc_approve_t_exchange_Status` */

/*!50003 DROP PROCEDURE IF EXISTS  `proc_approve_t_exchange_Status` */;

DELIMITER $$

/*!50003 CREATE DEFINER=`leade_testing2`@`%` PROCEDURE `proc_approve_t_exchange_Status`(Exchange_Id int,
User_Id int,
out error1 int)
BEGIN
DECLARE exit handler for sqlexception
        BEGIN
        ROLLBACK;
        END;
    DECLARE exit handler for sqlwarning
        BEGIN
    ROLLBACK;
        END;
START TRANSACTION;
begin
declare Exchange_Status varchar(10);
set Exchange_Status=(select trim(isApproved) from t_exchange where exchangeRateId=trim(Exchange_Id) and isDeleted=0);

INSERT INTO t_exchange_log(exchangeRateId,companyId,exchangeDate,currencyId,exchageAmount,isDeleted,isApproved,userId,userAction,transDate)
SELECT exchangeRateId,companyId,exchangeDate,currencyId,exchageAmount,isDeleted,isApproved,userId,'approve',transDate FROM t_exchange where exchangeRateId=trim(Exchange_Id);

IF Exchange_Status = 1 THEN
update t_exchange set isApproved=0,approvedDateTime=now(),approvedUserId=trim(User_Id)  where exchangeRateId=trim(Exchange_Id);
else
update t_exchange set isApproved=1,approvedDateTime=now(),approvedUserId=trim(User_Id)  where exchangeRateId=trim(Exchange_Id);
END IF;
set error1=0;

end;

  COMMIT;
END */$$
DELIMITER ;

/* Procedure structure for procedure `proc_approve_t_hsn_Status` */

/*!50003 DROP PROCEDURE IF EXISTS  `proc_approve_t_hsn_Status` */;

DELIMITER $$

/*!50003 CREATE DEFINER=`leade_testing2`@`%` PROCEDURE `proc_approve_t_hsn_Status`(
HSN_Id int,
User_Id int,
out error1 int
)
BEGIN
DECLARE exit handler for sqlexception
        BEGIN
        ROLLBACK;
        END;
    DECLARE exit handler for sqlwarning
        BEGIN
    ROLLBACK;
        END;
START TRANSACTION;
begin
declare HSN_Status varchar(10);
set HSN_Status=(select trim(isApproved) from t_hsn where hsnId=trim(HSN_Id) and isDeleted=0);

INSERT INTO t_hsn_log(hsnId,hsnName,isDeleted,isApproved,userId,userAction,transDate)
SELECT hsnId,hsnName,isDeleted,isApproved,userId,'approve',transDate FROM t_hsn where hsnId=trim(HSN_Id);

IF HSN_Status = 1 THEN
update t_hsn set isApproved=0,approvedDateTime=now(),approvedUserId=trim(User_Id)  where hsnId=trim(HSN_Id);
else
update t_hsn set isApproved=1,approvedDateTime=now(),approvedUserId=trim(User_Id)  where hsnId=trim(HSN_Id);
END IF;
set error1=0;

end;

  COMMIT;
END */$$
DELIMITER ;

/* Procedure structure for procedure `proc_approve_t_paymentterm_Status` */

/*!50003 DROP PROCEDURE IF EXISTS  `proc_approve_t_paymentterm_Status` */;

DELIMITER $$

/*!50003 CREATE DEFINER=`leade_testing2`@`%` PROCEDURE `proc_approve_t_paymentterm_Status`(Payment_Term_Id int,
User_Id int,
out error1 int)
BEGIN
DECLARE exit handler for sqlexception
        BEGIN
        ROLLBACK;
        END;
    DECLARE exit handler for sqlwarning
        BEGIN
    ROLLBACK;
        END;
START TRANSACTION;
begin
declare Payment_Term_Status varchar(10);
set Payment_Term_Status=(select trim(isApproved) from t_paymentterm where paymentTermId=trim(Payment_Term_Id) and isDeleted=0);

INSERT INTO t_paymentterm_log(paymentTermId,paymentTermCode,paymentTermName,creditDays,toleranceDays,relateTo,isDeleted,isApproved,userId,userAction,transDate)
SELECT paymentTermId,paymentTermCode,paymentTermName,creditDays,toleranceDays,relateTo,isDeleted,isApproved,userId,'approve',transDate FROM t_paymentterm where paymentTermId=trim(Payment_Term_Id);

IF Payment_Term_Status = 1 THEN
update t_paymentterm set isApproved=0,approvedDateTime=now(),approvedUserId=trim(User_Id)  where paymentTermId=trim(Payment_Term_Id);
else
update t_paymentterm set isApproved=1,approvedDateTime=now(),approvedUserId=trim(User_Id)  where paymentTermId=trim(Payment_Term_Id);
END IF;
set error1=0;

end;

  COMMIT;
END */$$
DELIMITER ;

/* Procedure structure for procedure `proc_approve_t_postingperiod_Status` */

/*!50003 DROP PROCEDURE IF EXISTS  `proc_approve_t_postingperiod_Status` */;

DELIMITER $$

/*!50003 CREATE DEFINER=`leade_testing2`@`%` PROCEDURE `proc_approve_t_postingperiod_Status`(Posting_Period_Id int,
User_Id int,
out error1 int)
BEGIN
DECLARE exit handler for sqlexception
        BEGIN
        ROLLBACK;
        END;
    DECLARE exit handler for sqlwarning
        BEGIN
    ROLLBACK;
        END;
START TRANSACTION;
begin
declare Posting_Period_Status varchar(10);
set Posting_Period_Status=(select trim(isApproved) from t_postingperiod where postperiodId=trim(Posting_Period_Id) and isDeleted=0);
INSERT INTO t_postingperiod_log(postperiodId,companyId,periodCode,periodName,subPeriod,fiscalYearStart,isDeleted,isApproved,userId,userAction,transDate)
SELECT postperiodId,companyId,periodCode,periodName,subPeriod,fiscalYearStart,isDeleted,isApproved,userId,'approve',transDate FROM t_postingperiod where postperiodId=trim(Posting_Period_Id);


IF Posting_Period_Status = 1 THEN
update t_postingperiod set isApproved=0,approvedDateTime=now(),approvedUserId=trim(User_Id)  where postperiodId=trim(Posting_Period_Id);
else
update t_postingperiod set isApproved=1,approvedDateTime=now(),approvedUserId=trim(User_Id)  where postperiodId=trim(Posting_Period_Id);
END IF;
set error1=0;

end;

  COMMIT;
END */$$
DELIMITER ;

/* Procedure structure for procedure `proc_approve_t_uomgroupmapping_Status` */

/*!50003 DROP PROCEDURE IF EXISTS  `proc_approve_t_uomgroupmapping_Status` */;

DELIMITER $$

/*!50003 CREATE DEFINER=`leade_testing2`@`%` PROCEDURE `proc_approve_t_uomgroupmapping_Status`(
UOM_Group_Mapping_Id int,
User_Id int,
out error1 int
)
BEGIN
DECLARE exit handler for sqlexception
        BEGIN
        ROLLBACK;
        END;
    DECLARE exit handler for sqlwarning
        BEGIN
    ROLLBACK;
        END;
START TRANSACTION;
begin
declare UOM_Group_Mapping_Status varchar(10);
set UOM_Group_Mapping_Status=(select trim(isApproved) from t_uomgroupmapping where uomMappingId=trim(UOM_Group_Mapping_Id) and isDeleted=0);

INSERT INTO t_uomgroupmapping_log(uomMappingId,uomGroupId,baseQty,baseUOMId,altQty,altUOMId,isDeleted,isApproved,userId,userAction,transDate)
SELECT uomMappingId,uomGroupId,baseQty,baseUOMId,altQty,altUOMId,isDeleted,isApproved,userId,'approve',transDate FROM t_uomgroupmapping where uomMappingId=trim(UOM_Group_Mapping_Id);

IF UOM_Group_Mapping_Status = 1 THEN
update t_uomgroupmapping set isApproved=0,approvedDateTime=now(),approvedUserId=trim(User_Id)  where uomMappingId=trim(UOM_Group_Mapping_Id);
else
update t_uomgroupmapping set isApproved=1,approvedDateTime=now(),approvedUserId=trim(User_Id)  where uomMappingId=trim(UOM_Group_Mapping_Id);
END IF;
set error1=0;

end;

  COMMIT;
END */$$
DELIMITER ;

/* Procedure structure for procedure `proc_approve_u_department_Status` */

/*!50003 DROP PROCEDURE IF EXISTS  `proc_approve_u_department_Status` */;

DELIMITER $$

/*!50003 CREATE DEFINER=`leade_testing2`@`%` PROCEDURE `proc_approve_u_department_Status`(Department_Id int,
User_Id int,
out error1 int)
BEGIN
DECLARE exit handler for sqlexception
        BEGIN
        ROLLBACK;
        END;
    DECLARE exit handler for sqlwarning
        BEGIN
    ROLLBACK;
        END;
START TRANSACTION;
begin
declare Department_Status varchar(10);
set Department_Status=(select trim(isApproved) from u_department where departmentId=trim(Department_Id) and isDeleted=0);

INSERT INTO u_department_log(departmentId,departmentName,departmentDescription,isDeleted,isApproved,userId,userAction,transDate)
SELECT departmentId,departmentName,departmentDescription,isDeleted,isApproved,userId,'approve',transDate FROM u_department where departmentId=trim(Department_Id);

IF Department_Status = 1 THEN
update u_department set isApproved=0,approvedDateTime=now(),approvedUserId=trim(User_Id)  where departmentId=trim(Department_Id);
else
update u_department set isApproved=1,approvedDateTime=now(),approvedUserId=trim(User_Id)  where departmentId=trim(Department_Id);
END IF;
set error1=0;

end;

  COMMIT;
END */$$
DELIMITER ;

/* Procedure structure for procedure `proc_approve_u_designation_Status` */

/*!50003 DROP PROCEDURE IF EXISTS  `proc_approve_u_designation_Status` */;

DELIMITER $$

/*!50003 CREATE DEFINER=`leade_testing2`@`%` PROCEDURE `proc_approve_u_designation_Status`(Designation_Id int,
User_Id int,
out error1 int)
BEGIN
DECLARE exit handler for sqlexception
        BEGIN
        ROLLBACK;
        END;
    DECLARE exit handler for sqlwarning
        BEGIN
    ROLLBACK;
        END;
START TRANSACTION;
begin
declare Designation_Status varchar(10);
set Designation_Status=(select trim(isApproved) from u_designation where designationId=trim(Designation_Id) and isDeleted=0);

INSERT INTO u_designation_log(designationId,designationName,designationDescription,isDeleted,isApproved,userId,userAction,transDate)
SELECT designationId,designationName,designationDescription,isDeleted,isApproved,userId,'approve',transDate FROM u_designation where designationId=trim(Designation_Id);

IF Designation_Status = 1 THEN
update u_designation set isApproved=0,approvedDateTime=now(),approvedUserId=trim(User_Id)  where designationId=trim(Designation_Id);
else
update u_designation set isApproved=1,approvedDateTime=now(),approvedUserId=trim(User_Id)  where designationId=trim(Designation_Id);
END IF;
set error1=0;

end;

  COMMIT;
END */$$
DELIMITER ;

/* Procedure structure for procedure `proc_approve_v_vendorpermission` */

/*!50003 DROP PROCEDURE IF EXISTS  `proc_approve_v_vendorpermission` */;

DELIMITER $$

/*!50003 CREATE DEFINER=`leade_testing2`@`%` PROCEDURE `proc_approve_v_vendorpermission`(Permission_Id int,
User_Id int,
 out error1 int)
BEGIN
DECLARE exit handler for sqlexception
        BEGIN
        ROLLBACK;
        END;
    DECLARE exit handler for sqlwarning
        BEGIN
    ROLLBACK;
        END;
START TRANSACTION;
begin
declare permission_Status varchar(10);
set permission_Status=(select trim(isApproved) from v_vendorpermission where permissionId=trim(Permission_Id) and isDeleted=0);
INSERT INTO  v_vendorpermission_log(permissionId,permissionName,isDeleted,userId,userAction,transDate)
SELECT permissionId,permissionName,isDeleted,userId,'approve',transDate FROM v_vendorpermission where permissionId=trim(Permission_Id);
IF permission_Status = 1 THEN
update v_vendorpermission set isApproved=0,approvedDateTime=now(),approvedUserId=trim(User_Id)  where permissionId=trim(Permission_Id);
else
update v_vendorpermission set isApproved=1,approvedDateTime=now(),approvedUserId=trim(User_Id)  where permissionId=trim(Permission_Id);
END IF;
set error1=0 ;
end;

  COMMIT;
END */$$
DELIMITER ;

/* Procedure structure for procedure `proc_approve_v_vendor_category_Status` */

/*!50003 DROP PROCEDURE IF EXISTS  `proc_approve_v_vendor_category_Status` */;

DELIMITER $$

/*!50003 CREATE DEFINER=`leade_testing2`@`%` PROCEDURE `proc_approve_v_vendor_category_Status`(
    Vendor_Category_Id int,
User_Id int,
 out error1 int
    )
BEGIN
DECLARE exit handler for sqlexception
        BEGIN
        ROLLBACK;
        END;
    DECLARE exit handler for sqlwarning
        BEGIN
    ROLLBACK;
        END;
START TRANSACTION;
begin
declare Category_Status varchar(10);
set Category_Status=(select trim(isApproved) from v_vendorcategory where vendorcategoryId=trim(Vendor_Category_Id) and isDeleted=0);

IF Category_Status = 1 THEN
update v_vendorcategory set isApproved=0,approvedDateTime=now(),approvedUserId=trim(User_Id)  where vendorcategoryId=trim(Vendor_Category_Id);
else
update v_vendorcategory set isApproved=1,approvedDateTime=now(),approvedUserId=trim(User_Id)  where vendorcategoryId=trim(Vendor_Category_Id);
END IF;
set error1=0;

end;

  COMMIT;
END */$$
DELIMITER ;

/* Procedure structure for procedure `proc_approve_v_vendor_Invitation_Status` */

/*!50003 DROP PROCEDURE IF EXISTS  `proc_approve_v_vendor_Invitation_Status` */;

DELIMITER $$

/*!50003 CREATE DEFINER=`leade_testing2`@`%` PROCEDURE `proc_approve_v_vendor_Invitation_Status`(Vendor_Invitation_Id int,
User_Id int,
 out error1 int)
BEGIN
DECLARE exit handler for sqlexception
        BEGIN
        ROLLBACK;
        END;
    DECLARE exit handler for sqlwarning
        BEGIN
    ROLLBACK;
        END;
START TRANSACTION;
begin
declare Vendor_Status varchar(10);
set Vendor_Status=(select trim(isApproved) from v_vendorinvitation where vendorinvitationId=trim(Vendor_Invitation_Id) and isDeleted=0);

INSERT INTO  v_vendorinvitation_log(vendorinvitationId,vendorCompany,contactPerson,vendorEmail,isDeleted,userId,lastUpdateUserId,lastUpdateDateTime,userAction,transDate)
SELECT vendorinvitationId,vendorCompany,contactPerson,vendorEmail,isDeleted,userId,lastUpdateUserId,lastUpdateDateTime,'approve',transDate FROM v_vendorinvitation 
where vendorinvitationId=trim(Vendor_Invitation_Id);

IF Vendor_Status = 1 THEN
update v_vendorinvitation set isApproved=0,approvedDateTime=now(),approvedUserId=trim(User_Id)  where vendorinvitationId=trim(Vendor_Invitation_Id);
else
update v_vendorinvitation set isApproved=1,approvedDateTime=now(),approvedUserId=trim(User_Id)  where vendorinvitationId=trim(Vendor_Invitation_Id);
END IF;
set error1=0;

end;

  COMMIT;
END */$$
DELIMITER ;

/* Procedure structure for procedure `proc_approve_v_vendor_Request_Status` */

/*!50003 DROP PROCEDURE IF EXISTS  `proc_approve_v_vendor_Request_Status` */;

DELIMITER $$

/*!50003 CREATE DEFINER=`leade_testing2`@`%` PROCEDURE `proc_approve_v_vendor_Request_Status`(
    Vendor_Id int,

     User_Id int,
     out error1 varchar(50)
    )
BEGIN
DECLARE exit handler for sqlexception
BEGIN
ROLLBACK;
END;
DECLARE exit handler for sqlwarning
BEGIN
ROLLBACK;
END;
START TRANSACTION;
begin
declare Vendor_Status varchar(10);
DECLARE Vendor_Status1 VARCHAR(10);
set Vendor_Status=(select trim(isApproved) from v_vendorregistration where vendorId=trim(Vendor_Id) and isDeleted=0);



IF Vendor_Status = 1 THEN
update v_vendorregistration set isApproved=0,approvedDateTime=now(),approvedUserId=trim(User_Id) where vendorId=trim(Vendor_Id);
else
update v_vendorregistration set  isApproved=1,approvedDateTime=now(),approvedUserId=trim(User_Id) where vendorId=trim(Vendor_Id);
END IF;
SET Vendor_Status1=(SELECT TRIM(isApproved) FROM v_vendorregistration WHERE vendorId=TRIM(Vendor_Id) AND isDeleted=0);
set error1=concat(0,',',Vendor_Status1);

end;

COMMIT;
END */$$
DELIMITER ;

/* Procedure structure for procedure `proc_change_v_vendor_Company_Status` */

/*!50003 DROP PROCEDURE IF EXISTS  `proc_change_v_vendor_Company_Status` */;

DELIMITER $$

/*!50003 CREATE DEFINER=`leade_testing2`@`%` PROCEDURE `proc_change_v_vendor_Company_Status`(Vendor_Id int,
User_Id int,
out error1 int)
BEGIN
DECLARE exit handler for sqlexception
BEGIN
ROLLBACK;
END;
DECLARE exit handler for sqlwarning
BEGIN
ROLLBACK;
END;
START TRANSACTION;
begin
declare Company_Status varchar(10);
set Company_Status=(select trim(companyStatus) from v_vendorregistration where vendorId=trim(Vendor_Id) and isDeleted=0);



IF Company_Status = 'Active' THEN
update v_vendorregistration set companyStatus='Suspend' where vendorId=trim(Vendor_Id);
else
update v_vendorregistration set companyStatus='Active' where vendorId=trim(Vendor_Id);
END IF;
set error1=0;

end;

COMMIT;
END */$$
DELIMITER ;

/* Procedure structure for procedure `proc_check_u_user_login` */

/*!50003 DROP PROCEDURE IF EXISTS  `proc_check_u_user_login` */;

DELIMITER $$

/*!50003 CREATE DEFINER=`leade_testing2`@`%` PROCEDURE `proc_check_u_user_login`(
User_Email varchar(45),
User_pwd varchar(45),
 out error1 int
)
BEGIN
DECLARE exit handler for sqlexception
        BEGIN
        ROLLBACK;
        END;
    DECLARE exit handler for sqlwarning
        BEGIN
    ROLLBACK;
        END;
START TRANSACTION;
begin
declare id int;
declare area_id int;
set id=(select count(newuserId) from u_user where useremail=trim(User_Email) and userpwd=trim(User_pwd));
IF id = 0 THEN
set error1=0 ;
else
SET error1=1;
END IF;
select id;
end;

  COMMIT;
END */$$
DELIMITER ;

/* Procedure structure for procedure `proc_delete_m_area` */

/*!50003 DROP PROCEDURE IF EXISTS  `proc_delete_m_area` */;

DELIMITER $$

/*!50003 CREATE DEFINER=`leade_testing2`@`%` PROCEDURE `proc_delete_m_area`(Area_Id int,
User_Id int,
 out error1 int)
BEGIN
DECLARE exit handler for sqlexception
        BEGIN
        ROLLBACK;
        END;
    DECLARE exit handler for sqlwarning
        BEGIN
    ROLLBACK;
        END;
START TRANSACTION;
begin
INSERT INTO  m_area_log(areaId,countryId,stateId,cityId,areaName,isDeleted,userId,userAction,transDate)
SELECT areaId,countryId,stateId,cityId,areaName,isDeleted,userId,'delete',transDate FROM m_area where areaId=trim(Area_Id);
update m_area set isDeleted=1,deleteDateTime=now(),deleteUserId=trim(User_Id)  where areaId=trim(Area_Id);

set error1=0 ;

end;

  COMMIT;
END */$$
DELIMITER ;

/* Procedure structure for procedure `proc_delete_m_bank` */

/*!50003 DROP PROCEDURE IF EXISTS  `proc_delete_m_bank` */;

DELIMITER $$

/*!50003 CREATE DEFINER=`leade_testing2`@`%` PROCEDURE `proc_delete_m_bank`(Bank_Id int,
User_Id int,
 out error1 int)
BEGIN
DECLARE exit handler for sqlexception
        BEGIN
        ROLLBACK;
        END;
    DECLARE exit handler for sqlwarning
        BEGIN
    ROLLBACK;
        END;
START TRANSACTION;
begin
INSERT INTO  m_bank_log(bankId,bankCode,bankName,BankAmount,isDeleted,userId,userAction,transDate)
SELECT bankId,bankCode,bankName,BankAmount,isDeleted,userId,'delete',transDate FROM m_bank where bankId=trim(Bank_Id);
update m_bank set isDeleted=1,deleteDateTime=now(),deleteUserId=trim(User_Id)  where bankId=trim(Bank_Id);

set error1=0 ;
end;

  COMMIT;
END */$$
DELIMITER ;

/* Procedure structure for procedure `proc_delete_m_cellno` */

/*!50003 DROP PROCEDURE IF EXISTS  `proc_delete_m_cellno` */;

DELIMITER $$

/*!50003 CREATE DEFINER=`leade_testing2`@`%` PROCEDURE `proc_delete_m_cellno`(
Cell_No_Id int,
User_Id int,
 out error1 int    
    )
BEGIN
DECLARE exit handler for sqlexception
        BEGIN
        ROLLBACK;
        END;
    DECLARE exit handler for sqlwarning
        BEGIN
    ROLLBACK;
        END;
START TRANSACTION;
begin
INSERT INTO m_cellno_log(cellId,cellNo,isDeleted,isApproved,userId,userAction,transDate)
SELECT cellId,cellNo,isDeleted,isApproved,userId,'delete',transDate FROM m_cellno where cellId=trim(Cell_No_Id);

update m_cellno set isDeleted=1,deleteDateTime=now(),deleteUserId=trim(User_Id)  where cellId=trim(Cell_No_Id);

set error1=0 ;
end;

  COMMIT;
END */$$
DELIMITER ;

/* Procedure structure for procedure `proc_delete_m_city` */

/*!50003 DROP PROCEDURE IF EXISTS  `proc_delete_m_city` */;

DELIMITER $$

/*!50003 CREATE DEFINER=`leade_testing2`@`%` PROCEDURE `proc_delete_m_city`(City_Id int,
User_Id int,
 out error1 int)
BEGIN
DECLARE exit handler for sqlexception
        BEGIN
        ROLLBACK;
        END;
    DECLARE exit handler for sqlwarning
        BEGIN
    ROLLBACK;
        END;
START TRANSACTION;
begin
INSERT INTO  m_city_log(cityId,countryId,stateId,cityName,isDeleted,userId,userAction,transDate)
SELECT cityId,countryId,stateId,cityName,isDeleted,userId,'delete',transDate FROM m_city where cityId=trim(City_Id);
update m_city set isDeleted=1,deleteDateTime=now(),deleteUserId=trim(User_Id)  where cityId=trim(City_Id);

set error1=0 ;

end;

  COMMIT;
END */$$
DELIMITER ;

/* Procedure structure for procedure `proc_delete_m_company_group` */

/*!50003 DROP PROCEDURE IF EXISTS  `proc_delete_m_company_group` */;

DELIMITER $$

/*!50003 CREATE DEFINER=`leade_testing2`@`%` PROCEDURE `proc_delete_m_company_group`(Company_Group_Id int,
User_Id int,
 out error1 int)
BEGIN
DECLARE exit handler for sqlexception
        BEGIN
        ROLLBACK;
        END;
    DECLARE exit handler for sqlwarning
        BEGIN
    ROLLBACK;
        END;
START TRANSACTION;
begin
INSERT INTO  m_companygroup_log(companyGroupId,companyGroupCode,companyGroupName,currencyId,language_Id,companyLogo_Url,userId,isDeleted,userAction,transDate)
SELECT companyGroupId,companyGroupCode,companyGroupName,currencyId,language_Id,companyLogo_Url,userId,isDeleted,'delete',transDate FROM m_companygroup where companyGroupId=trim(Company_Group_Id);

update m_companygroup set isDeleted=1,deleteDateTime=now(),deleteUserId=trim(User_Id)  where companyGroupId=trim(Company_Group_Id);

set error1=0 ;

end;

  COMMIT;
END */$$
DELIMITER ;

/* Procedure structure for procedure `proc_delete_m_Country` */

/*!50003 DROP PROCEDURE IF EXISTS  `proc_delete_m_Country` */;

DELIMITER $$

/*!50003 CREATE DEFINER=`leade_testing2`@`%` PROCEDURE `proc_delete_m_Country`(Country_Id int,
User_Id int,
 out error1 int)
BEGIN
DECLARE exit handler for sqlexception
        BEGIN
        ROLLBACK;
        END;
    DECLARE exit handler for sqlwarning
        BEGIN
    ROLLBACK;
        END;
START TRANSACTION;
begin
INSERT INTO  m_country_log(countryId,countryCode,countryName,isDeleted,userId,userAction,transDate)
SELECT countryId,countryCode,countryName,isDeleted,userId,'delete',transDate FROM m_country where countryId=trim(Country_Id);

update m_country set isDeleted=1,deleteDateTime=now(),deleteUserId=trim(User_Id) where countryId=trim(Country_Id);

set error1=0 ;

end;

  COMMIT;
END */$$
DELIMITER ;

/* Procedure structure for procedure `proc_delete_m_Currency` */

/*!50003 DROP PROCEDURE IF EXISTS  `proc_delete_m_Currency` */;

DELIMITER $$

/*!50003 CREATE DEFINER=`leade_testing2`@`%` PROCEDURE `proc_delete_m_Currency`(Currency_Id int,
User_Id int,
 out error1 int)
BEGIN
DECLARE exit handler for sqlexception
        BEGIN
        ROLLBACK;
        END;
    DECLARE exit handler for sqlwarning
        BEGIN
    ROLLBACK;
        END;
START TRANSACTION;
begin
INSERT INTO m_currency_log(currencyId,currencyCode,currencyName,interNationalCode,interNationalName,decimalUnit,currencySymbol,isDeleted,userId,userAction,transDate)
SELECT currencyId,currencyCode,currencyName,interNationalCode,interNationalName,decimalUnit,currencySymbol,isDeleted,userId,'delete',transDate FROM m_currency where currencyId=trim(Currency_Id);

update m_currency set isDeleted=1,deleteDateTime=now(),deleteUserId=trim(User_Id) where currencyId=trim(Currency_Id);

set error1=0 ;

end;

  COMMIT;
END */$$
DELIMITER ;

/* Procedure structure for procedure `proc_delete_m_item_type` */

/*!50003 DROP PROCEDURE IF EXISTS  `proc_delete_m_item_type` */;

DELIMITER $$

/*!50003 CREATE DEFINER=`leade_testing2`@`%` PROCEDURE `proc_delete_m_item_type`(Item_Type_Id int,
User_Id int,
 out error1 int)
BEGIN
DECLARE exit handler for sqlexception
        BEGIN
        ROLLBACK;
        END;
    DECLARE exit handler for sqlwarning
        BEGIN
    ROLLBACK;
        END;
START TRANSACTION;
begin
INSERT INTO  m_itemtype_log(itemTypeId,itemTypeCode,itemTypeName,isDeleted,userId,userAction,transDate)
SELECT itemTypeId,itemTypeCode,itemTypeName,isDeleted,userId,'delete',transDate FROM m_itemtype where itemTypeId=trim(Item_Type_Id);

update m_itemtype set isDeleted=1,deleteDateTime=now(),deleteUserId=trim(User_Id) where itemTypeId=trim(Item_Type_Id);

set error1=0 ;

end;

  COMMIT;
END */$$
DELIMITER ;

/* Procedure structure for procedure `proc_delete_m_language` */

/*!50003 DROP PROCEDURE IF EXISTS  `proc_delete_m_language` */;

DELIMITER $$

/*!50003 CREATE DEFINER=`leade_testing2`@`%` PROCEDURE `proc_delete_m_language`(
Language_Id int,
User_Id int,
 out error1 int    
    )
BEGIN
DECLARE exit handler for sqlexception
        BEGIN
        ROLLBACK;
        END;
    DECLARE exit handler for sqlwarning
        BEGIN
    ROLLBACK;
        END;
START TRANSACTION;
begin
INSERT INTO m_language_log(languageId,languageName,isDeleted,isApproved,userId,userAction,transDate)
SELECT languageId,languageName,isDeleted,isApproved,userId,'delete',transDate FROM m_language where languageId=trim(Language_Id);

update m_language set isDeleted=1,deleteDateTime=now(),deleteUserId=trim(User_Id)  where languageId=trim(Language_Id);

set error1=0 ;

end;

  COMMIT;
END */$$
DELIMITER ;

/* Procedure structure for procedure `proc_delete_m_manage_item` */

/*!50003 DROP PROCEDURE IF EXISTS  `proc_delete_m_manage_item` */;

DELIMITER $$

/*!50003 CREATE DEFINER=`leade_testing2`@`%` PROCEDURE `proc_delete_m_manage_item`(Manage_Item_Id int,
User_Id int,
 out error1 int)
BEGIN
DECLARE exit handler for sqlexception
        BEGIN
        ROLLBACK;
        END;
    DECLARE exit handler for sqlwarning
        BEGIN
    ROLLBACK;
        END;
START TRANSACTION;
begin

update m_manageitem set isDeleted=1,deleteDateTime=now(),deleteUserId=trim(User_Id) where manageitemId=trim(Manage_Item_Id);

set error1=0 ;

end;

  COMMIT;
END */$$
DELIMITER ;

/* Procedure structure for procedure `proc_delete_m_material_category` */

/*!50003 DROP PROCEDURE IF EXISTS  `proc_delete_m_material_category` */;

DELIMITER $$

/*!50003 CREATE DEFINER=`leade_testing2`@`%` PROCEDURE `proc_delete_m_material_category`(
Material_Category_Id int,
User_Id int,
 out error1 int)
BEGIN
DECLARE exit handler for sqlexception
        BEGIN
        ROLLBACK;
        END;
    DECLARE exit handler for sqlwarning
        BEGIN
    ROLLBACK;
        END;
START TRANSACTION;
begin
INSERT INTO m_materialcategory_log (materialCategoryId,materialCategoryCode,materialCategoryName,isDeleted,userId,userAction,transDate)
SELECT materialCategoryId,materialCategoryCode,materialCategoryName,isDeleted,userId,'delete',transDate FROM m_materialcategory where materialCategoryId=trim(Material_Category_Id);

update m_materialcategory set isDeleted=1,deleteDateTime=now(),deleteUserId=trim(User_Id) where materialCategoryId=trim(Material_Category_Id);

set error1=0 ;

end;

  COMMIT;
END */$$
DELIMITER ;

/* Procedure structure for procedure `proc_delete_m_priority` */

/*!50003 DROP PROCEDURE IF EXISTS  `proc_delete_m_priority` */;

DELIMITER $$

/*!50003 CREATE DEFINER=`leade_testing2`@`%` PROCEDURE `proc_delete_m_priority`(Priority_Id int,
User_Id int,
 out error1 int)
BEGIN
DECLARE exit handler for sqlexception
        BEGIN
        ROLLBACK;
        END;
    DECLARE exit handler for sqlwarning
        BEGIN
    ROLLBACK;
        END;
START TRANSACTION;
begin
INSERT INTO m_priority_log (priorityId,priorityName,isDeleted,userId,userAction,transDate)
SELECT priorityId,priorityName,isDeleted,userId,'delete',transDate FROM m_priority where priorityId=trim(Priority_Id);

update m_priority set isDeleted=1,deleteDateTime=now(),deleteUserId=trim(User_Id) where priorityId=trim(Priority_Id);

set error1=0 ;

end;

  COMMIT;
END */$$
DELIMITER ;

/* Procedure structure for procedure `proc_delete_m_rack` */

/*!50003 DROP PROCEDURE IF EXISTS  `proc_delete_m_rack` */;

DELIMITER $$

/*!50003 CREATE DEFINER=`leade_testing2`@`%` PROCEDURE `proc_delete_m_rack`(
Rack_Id int,
User_Id int,
 out error1 int
)
BEGIN
DECLARE exit handler for sqlexception
        BEGIN
        ROLLBACK;
        END;
    DECLARE exit handler for sqlwarning
        BEGIN
    ROLLBACK;
        END;
START TRANSACTION;
begin
INSERT INTO  m_rack_log(rackId,rackName,isDeleted,userId,userAction,transDate)
SELECT rackId,rackName,isDeleted,userId,'delete',transDate FROM m_rack where rackId=trim(Rack_Id);
update m_rack set isDeleted=1,deleteDateTime=now(),deleteUserId=trim(User_Id)  where rackId=trim(Rack_Id);

set error1=0 ;
end;

  COMMIT;
END */$$
DELIMITER ;

/* Procedure structure for procedure `proc_delete_m_racknumber` */

/*!50003 DROP PROCEDURE IF EXISTS  `proc_delete_m_racknumber` */;

DELIMITER $$

/*!50003 CREATE DEFINER=`leade_testing2`@`%` PROCEDURE `proc_delete_m_racknumber`(
Rack_Number_Id int,
User_Id int,
 out error1 int
)
BEGIN
DECLARE exit handler for sqlexception
        BEGIN
        ROLLBACK;
        END;
    DECLARE exit handler for sqlwarning
        BEGIN
    ROLLBACK;
        END;
START TRANSACTION;
begin
INSERT INTO  m_racknumber_log(racknumberId,racknumberName,isDeleted,userId,userAction,transDate)
SELECT racknumberId,racknumberName,isDeleted,userId,'delete',transDate FROM m_racknumber where racknumberId=trim(Rack_Number_Id);
update m_racknumber set isDeleted=1,deleteDateTime=now(),deleteUserId=trim(User_Id)  where racknumberId=trim(Rack_Number_Id);

set error1=0 ;
end;

  COMMIT;
END */$$
DELIMITER ;

/* Procedure structure for procedure `proc_delete_m_Sales_Group` */

/*!50003 DROP PROCEDURE IF EXISTS  `proc_delete_m_Sales_Group` */;

DELIMITER $$

/*!50003 CREATE DEFINER=`leade_testing2`@`%` PROCEDURE `proc_delete_m_Sales_Group`(Sales_Group_Id int,
User_Id int,
 out error1 int)
BEGIN
DECLARE exit handler for sqlexception
        BEGIN
        ROLLBACK;
        END;
    DECLARE exit handler for sqlwarning
        BEGIN
    ROLLBACK;
        END;
START TRANSACTION;
begin
INSERT INTO m_salesgroup_log (salesGroupId,salesGroupCode,salesGroupName,isDeleted,userId,userAction,transDate)
SELECT salesGroupId,salesGroupCode,salesGroupName,isDeleted,userId,'delete',transDate FROM m_salesgroup where salesGroupId=trim(Sales_Group_Id);

update m_salesgroup set isDeleted=1,deleteDateTime=now(),deleteUserId=trim(User_Id) where salesGroupId=trim(Sales_Group_Id);

set error1=0 ;

end;

  COMMIT;
END */$$
DELIMITER ;

/* Procedure structure for procedure `proc_delete_m_State` */

/*!50003 DROP PROCEDURE IF EXISTS  `proc_delete_m_State` */;

DELIMITER $$

/*!50003 CREATE DEFINER=`leade_testing2`@`%` PROCEDURE `proc_delete_m_State`(
State_Id int,
User_Id int,
 out error1 int
)
BEGIN
DECLARE exit handler for sqlexception
        BEGIN
        ROLLBACK;
        END;
    DECLARE exit handler for sqlwarning
        BEGIN
    ROLLBACK;
        END;
START TRANSACTION;
begin
INSERT INTO  m_state_log(stateId,countryId,stateCode,stateName,gstCode,isDeleted,userId,userAction,transDate)
SELECT stateId,countryId,stateCode,stateName,gstCode,isDeleted,userId,'delete',transDate FROM m_state where stateId=trim(State_Id);
update m_state set isDeleted=1,deleteDateTime=now(),deleteUserId=trim(User_Id) where stateId=trim(State_Id);

set error1=0 ;

end;

  COMMIT;
END */$$
DELIMITER ;

/* Procedure structure for procedure `proc_delete_m_storelocation` */

/*!50003 DROP PROCEDURE IF EXISTS  `proc_delete_m_storelocation` */;

DELIMITER $$

/*!50003 CREATE DEFINER=`leade_testing2`@`%` PROCEDURE `proc_delete_m_storelocation`(
Store_Location_Id int,
User_Id int,
 out error1 int
)
BEGIN
DECLARE exit handler for sqlexception
        BEGIN
        ROLLBACK;
        END;
    DECLARE exit handler for sqlwarning
        BEGIN
    ROLLBACK;
        END;
START TRANSACTION;
begin
INSERT INTO  m_storelocation_log(storelocationId,storelocationName,storelocationCode,isDeleted,userId,userAction,transDate)
SELECT storelocationId,storelocationName,storelocationCode,isDeleted,userId,'delete',transDate FROM m_storelocation 
where storelocationId=trim(Store_Location_Id);
update m_storelocation set isDeleted=1,deleteDateTime=now(),deleteUserId=trim(User_Id)  where storelocationId=trim(Store_Location_Id);

set error1=0 ;
end;

  COMMIT;
END */$$
DELIMITER ;

/* Procedure structure for procedure `proc_delete_m_subitemtypefield` */

/*!50003 DROP PROCEDURE IF EXISTS  `proc_delete_m_subitemtypefield` */;

DELIMITER $$

/*!50003 CREATE DEFINER=`leade_testing2`@`%` PROCEDURE `proc_delete_m_subitemtypefield`(
Sub_Item_Type_Field_Id int,
User_Id int,
 out error1 int
)
BEGIN
DECLARE exit handler for sqlexception
        BEGIN
        ROLLBACK;
        END;
    DECLARE exit handler for sqlwarning
        BEGIN
    ROLLBACK;
        END;
START TRANSACTION;
begin
INSERT INTO  m_subitemtypefield_log(subitemtypefieldId,subitemtypeId,subitemtypefieldName,optionaltype,
optionalValue,textType,textValue,subitemtypefieldPriority,isDeleted,userId,userAction,transDate)
SELECT subitemtypefieldId,subitemtypeId,subitemtypefieldName,optionaltype,optionalValue,textType,textValue,
subitemtypefieldPriority,isDeleted,userId,'delete',transDate FROM m_subitemtypefield where subitemtypefieldId=trim(Sub_Item_Type_Field_Id);
update m_subitemtypefield set isDeleted=1,deleteDateTime=now(),deleteUserId=trim(User_Id)  where subitemtypefieldId=trim(Sub_Item_Type_Field_Id);

set error1=0 ;

end;

  COMMIT;
END */$$
DELIMITER ;

/* Procedure structure for procedure `proc_delete_m_sub_item_type` */

/*!50003 DROP PROCEDURE IF EXISTS  `proc_delete_m_sub_item_type` */;

DELIMITER $$

/*!50003 CREATE DEFINER=`leade_testing2`@`%` PROCEDURE `proc_delete_m_sub_item_type`(
Sub_Item_Type_Id int,
User_Id int,
 out error1 int
)
BEGIN
DECLARE exit handler for sqlexception
        BEGIN
        ROLLBACK;
        END;
    DECLARE exit handler for sqlwarning
        BEGIN
    ROLLBACK;
        END;
START TRANSACTION;
begin
INSERT INTO  m_subitemtype_log(subitemtypeId,itemtypeId,subitemtypeName,isDeleted,userId,userAction,transDate)
SELECT subitemtypeId,itemtypeId,subitemtypeName,isDeleted,userId,'update',transDate FROM m_subitemtype where subitemtypeId=trim(Sub_Item_Type_Id);
update m_subitemtype set isDeleted=1,deleteDateTime=now(),deleteUserId=trim(User_Id)  where subitemtypeId=trim(Sub_Item_Type_Id);

set error1=0 ;

end;

  COMMIT;
END */$$
DELIMITER ;

/* Procedure structure for procedure `proc_delete_m_uom` */

/*!50003 DROP PROCEDURE IF EXISTS  `proc_delete_m_uom` */;

DELIMITER $$

/*!50003 CREATE DEFINER=`leade_testing2`@`%` PROCEDURE `proc_delete_m_uom`(UMO_Id int,
User_Id int,
 out error1 int)
BEGIN
DECLARE exit handler for sqlexception
        BEGIN
        ROLLBACK;
        END;
    DECLARE exit handler for sqlwarning
        BEGIN
    ROLLBACK;
        END;
START TRANSACTION;
begin
INSERT INTO  m_uom_log(uomId,uomCode,uomName,isDeleted,userId,userAction,transDate)
SELECT uomId,uomCode,uomName,isDeleted,userId,'delete',transDate FROM m_uom where uomId=trim(UMO_Id);
update m_uom set isDeleted=1,deleteDateTime=now(),deleteUserId=trim(User_Id) where uomId=trim(UMO_Id);
set error1=0 ;
end;
  COMMIT;
END */$$
DELIMITER ;

/* Procedure structure for procedure `proc_delete_m_uom_group` */

/*!50003 DROP PROCEDURE IF EXISTS  `proc_delete_m_uom_group` */;

DELIMITER $$

/*!50003 CREATE DEFINER=`leade_testing2`@`%` PROCEDURE `proc_delete_m_uom_group`(UMO_Group_Id int,
User_Id int,
 out error1 int)
BEGIN
DECLARE exit handler for sqlexception
        BEGIN
        ROLLBACK;
        END;
    DECLARE exit handler for sqlwarning
        BEGIN
    ROLLBACK;
        END;
START TRANSACTION;
begin
INSERT INTO  m_uomgroup_log(uomGroupId,uomGroupCode,uomGroupName,isDeleted,userId,userAction,transDate)
SELECT uomGroupId,uomGroupCode,uomGroupName,isDeleted,userId,'delete',transDate FROM m_uomgroup where uomGroupId=trim(UMO_Group_Id);

update m_uomgroup set isDeleted=1,deleteDateTime=now(),deleteUserId=trim(User_Id) where uomGroupId=trim(UMO_Group_Id);

set error1=0 ;

end;

  COMMIT;
END */$$
DELIMITER ;

/* Procedure structure for procedure `proc_delete_m_valuation` */

/*!50003 DROP PROCEDURE IF EXISTS  `proc_delete_m_valuation` */;

DELIMITER $$

/*!50003 CREATE DEFINER=`leade_testing2`@`%` PROCEDURE `proc_delete_m_valuation`(Valuation_Id int,
User_Id int,
 out error1 int)
BEGIN
DECLARE exit handler for sqlexception
        BEGIN
        ROLLBACK;
        END;
    DECLARE exit handler for sqlwarning
        BEGIN
    ROLLBACK;
        END;
START TRANSACTION;
begin
INSERT INTO  m_valuation_log(valuationId,valuationCode,valuationName,isDeleted,userId,userAction,transDate)
SELECT valuationId,valuationCode,valuationName,isDeleted,userId,'delete',transDate FROM m_valuation where valuationId=trim(Valuation_Id);

update m_valuation set isDeleted=1,deleteDateTime=now(),deleteUserId=trim(User_Id) where valuationId=trim(Valuation_Id);

set error1=0 ;

end;

  COMMIT;
END */$$
DELIMITER ;

/* Procedure structure for procedure `proc_delete_m_valuation_method` */

/*!50003 DROP PROCEDURE IF EXISTS  `proc_delete_m_valuation_method` */;

DELIMITER $$

/*!50003 CREATE DEFINER=`leade_testing2`@`%` PROCEDURE `proc_delete_m_valuation_method`(Valuation_Method_Id int,
User_Id int,
 out error1 int)
BEGIN
DECLARE exit handler for sqlexception
        BEGIN
        ROLLBACK;
        END;
    DECLARE exit handler for sqlwarning
        BEGIN
    ROLLBACK;
        END;
START TRANSACTION;
begin
INSERT INTO m_valuationmethod_log (valuationMethodId,valuationMethodCode,valuationMethodName,isDeleted,userId,userAction,transDate)
SELECT valuationMethodId,valuationMethodCode,valuationMethodName,isDeleted,userId,'delete',transDate FROM m_valuationmethod where valuationMethodId=trim(Valuation_Method_Id);

update m_valuationmethod set isDeleted=1,deleteDateTime=now(),deleteUserId=trim(User_Id) where valuationMethodId=trim(Valuation_Method_Id);

set error1=0 ;

end;

  COMMIT;
END */$$
DELIMITER ;

/* Procedure structure for procedure `proc_delete_t_branch` */

/*!50003 DROP PROCEDURE IF EXISTS  `proc_delete_t_branch` */;

DELIMITER $$

/*!50003 CREATE DEFINER=`leade_testing2`@`%` PROCEDURE `proc_delete_t_branch`(Branch_Id int,
User_Id int,
 out error1 int)
BEGIN
DECLARE exit handler for sqlexception
        BEGIN
        ROLLBACK;
        END;
    DECLARE exit handler for sqlwarning
        BEGIN
    ROLLBACK;
        END;
START TRANSACTION;
begin
insert into t_branch_log(branchId,branchCode,branchName,currencyId,language_Id,gstNumber,sstNo,isPlant,isWareHouse,isDeleted,userId,userAction,transDate)
SELECT branchId,branchCode,branchName,currencyId,language_Id,gstNumber,sstNo,isPlant,isWareHouse,isDeleted,userId,'delete',transDate FROM t_branch where branchId=trim(Branch_Id);
update t_branch set isDeleted=1,deleteDateTime=now(),deleteUserId=trim(User_Id)  where branchId=trim(Branch_Id);

set error1=0 ;

end;

  COMMIT;
END */$$
DELIMITER ;

/* Procedure structure for procedure `proc_delete_t_branchassignment` */

/*!50003 DROP PROCEDURE IF EXISTS  `proc_delete_t_branchassignment` */;

DELIMITER $$

/*!50003 CREATE DEFINER=`leade_testing2`@`%` PROCEDURE `proc_delete_t_branchassignment`(Branch_Assignment_Id int,
User_Id int,
 out error1 int)
BEGIN
DECLARE exit handler for sqlexception
        BEGIN
        ROLLBACK;
        END;
    DECLARE exit handler for sqlwarning
        BEGIN
    ROLLBACK;
        END;
START TRANSACTION;
begin
INSERT INTO  t_branchassignment_log(branchAssignmentId,companyId,branchId,isDeleted,userId,userAction,transDate)
SELECT branchAssignmentId,companyId,branchId,isDeleted,userId,'delete',transDate FROM t_branchassignment where branchAssignmentId=trim(Branch_Assignment_Id);
update t_branchassignment set isDeleted=1,deleteDateTime=now(),deleteUserId=trim(User_Id)  where branchAssignmentId=trim(Branch_Assignment_Id);

set error1=0 ;

end;

  COMMIT;
END */$$
DELIMITER ;

/* Procedure structure for procedure `proc_delete_t_branch_address1` */

/*!50003 DROP PROCEDURE IF EXISTS  `proc_delete_t_branch_address1` */;

DELIMITER $$

/*!50003 CREATE DEFINER=`leade_testing2`@`%` PROCEDURE `proc_delete_t_branch_address1`(branch_Address_Id int,
User_Id int,
 out error1 int)
BEGIN
DECLARE exit handler for sqlexception
        BEGIN
        ROLLBACK;
        END;
    DECLARE exit handler for sqlwarning
        BEGIN
    ROLLBACK;
        END;
START TRANSACTION;
begin
INSERT INTO t_branchaddress_log(branchAddressId,branchId,contactPerson,houseBuildingNo,street1,street2,
landmark,countryId,stateId,cityId,pincode,mobileNumber,altMobileNumber,telephoneExtension,landLineNumber,
altLandLineNumber,website,isDeleted,userId,userAction,transDate)
SELECT branchAddressId,branchId,contactPerson,houseBuildingNo,street1,street2,landmark,countryId,stateId,
cityId,pincode,mobileNumber,altMobileNumber,telephoneExtension,landLineNumber,altLandLineNumber,website,
isDeleted,userId,'delete',transDate FROM t_branchaddress where branchAddressId=trim(branch_Address_Id);
update t_branchaddress set isDeleted=1,deleteDateTime=now(),deleteUserId=trim(User_Id)  where branchAddressId=trim(branch_Address_Id);

set error1=0 ;
end;

  COMMIT;
END */$$
DELIMITER ;

/* Procedure structure for procedure `proc_delete_t_company` */

/*!50003 DROP PROCEDURE IF EXISTS  `proc_delete_t_company` */;

DELIMITER $$

/*!50003 CREATE DEFINER=`leade_testing2`@`%` PROCEDURE `proc_delete_t_company`(Company_Id int,
User_Id int,
 out error1 int)
BEGIN
DECLARE exit handler for sqlexception
        BEGIN
        ROLLBACK;
        END;
    DECLARE exit handler for sqlwarning
        BEGIN
    ROLLBACK;
        END;
START TRANSACTION;
begin
insert into t_company_log(companyId,companyCode,companyName,currencyId,language_Id,companyLogo_Url,isDeleted,userId,userAction,transDate)
SELECT companyId,companyCode,companyName,currencyId,language_Id,companyLogo_Url,isDeleted,userId,'update',transDate FROM t_company where companyId=trim(Company_Id);
update t_company set isDeleted=1,deleteDateTime=now(),deleteUserId=trim(User_Id)  where companyId=trim(Company_Id);

set error1=0 ;

end;

  COMMIT;
END */$$
DELIMITER ;

/* Procedure structure for procedure `proc_delete_t_companyaddress` */

/*!50003 DROP PROCEDURE IF EXISTS  `proc_delete_t_companyaddress` */;

DELIMITER $$

/*!50003 CREATE DEFINER=`leade_testing2`@`%` PROCEDURE `proc_delete_t_companyaddress`(
Company_Address_Id int ,
User_Id int,
 out error1 int    
    )
BEGIN
DECLARE exit handler for sqlexception
        BEGIN
        ROLLBACK;
        END;
    DECLARE exit handler for sqlwarning
        BEGIN
    ROLLBACK;
        END;
START TRANSACTION;
begin
INSERT INTO t_companyaddress_log(companyAddressId,companyId,contactPerson,houseBuildingNo,street1,street2,
landmark,countryId,stateId,cityId,pincode,mobileNumber,altMobileNumber,telephoneNumber,landLineNumber,
faxNumber,website,emailId,category,isDeleted,userId,userAction,transDate)
SELECT companyAddressId,companyId,contactPerson,houseBuildingNo,street1,street2,landmark,countryId,stateId,
cityId,pincode,mobileNumber,altMobileNumber,telephoneNumber,landLineNumber,faxNumber,website,emailId,category,
isDeleted,userId,'delete',transDate FROM t_companyaddress where companyAddressId=trim(Company_Address_Id);
update t_companyaddress set isDeleted=1,deleteDateTime=now(),deleteUserId=trim(User_Id) where companyAddressId=trim(Company_Address_Id);
set error1=0 ;
end;
  COMMIT;
END */$$
DELIMITER ;

/* Procedure structure for procedure `proc_delete_t_company_assignment` */

/*!50003 DROP PROCEDURE IF EXISTS  `proc_delete_t_company_assignment` */;

DELIMITER $$

/*!50003 CREATE DEFINER=`leade_testing2`@`%` PROCEDURE `proc_delete_t_company_assignment`(Company_Assignment_Id int,
User_Id int,
 out error1 int)
BEGIN
DECLARE exit handler for sqlexception
        BEGIN
        ROLLBACK;
        END;
    DECLARE exit handler for sqlwarning
        BEGIN
    ROLLBACK;
        END;
START TRANSACTION;
begin
INSERT INTO  t_companyassignment_log(companyAssignmentId,companyGroupId,companyId,isDeleted,userId,userAction,transDate)
SELECT companyAssignmentId,companyGroupId,companyId,isDeleted,userId,'delete',transDate FROM t_companyassignment where companyAssignmentId=trim(Company_Assignment_Id);
update t_companyassignment set isDeleted=1,deleteDateTime=now(),deleteUserId=trim(User_Id)  where companyAssignmentId=trim(Company_Assignment_Id);
set error1=0 ;
end;
  COMMIT;
END */$$
DELIMITER ;

/* Procedure structure for procedure `proc_delete_t_exchange` */

/*!50003 DROP PROCEDURE IF EXISTS  `proc_delete_t_exchange` */;

DELIMITER $$

/*!50003 CREATE DEFINER=`leade_testing2`@`%` PROCEDURE `proc_delete_t_exchange`(Exchange_Rate_Id int,
User_Id int,
 out error1 int)
BEGIN
DECLARE exit handler for sqlexception
        BEGIN
        ROLLBACK;
        END;
    DECLARE exit handler for sqlwarning
        BEGIN
    ROLLBACK;
        END;
START TRANSACTION;
begin
INSERT INTO  t_exchange_log(exchangeRateId,companyId,exchangeDate,currencyId,exchageAmount,isDeleted,userId,userAction,transDate)
SELECT exchangeRateId,companyId,exchangeDate,currencyId,exchageAmount,isDeleted,userId,'delete',transDate FROM t_exchange where exchangeRateId=trim(Exchange_Rate_Id);
update t_exchange set isDeleted=1,deleteDateTime=now(),deleteUserId=trim(User_Id)  where exchangeRateId=trim(Exchange_Rate_Id);

set error1=0 ;

end;

  COMMIT;
END */$$
DELIMITER ;

/* Procedure structure for procedure `proc_delete_t_hsn` */

/*!50003 DROP PROCEDURE IF EXISTS  `proc_delete_t_hsn` */;

DELIMITER $$

/*!50003 CREATE DEFINER=`leade_testing2`@`%` PROCEDURE `proc_delete_t_hsn`(HSN_Id int,
User_Id int,
 out error1 int)
BEGIN
DECLARE exit handler for sqlexception
        BEGIN
        ROLLBACK;
        END;
    DECLARE exit handler for sqlwarning
        BEGIN
    ROLLBACK;
        END;
START TRANSACTION;
begin
INSERT INTO  t_hsn_log(hsnId,hsnName,isDeleted,userId,userAction,transDate)
SELECT hsnId,hsnName,isDeleted,userId,'delete',transDate FROM t_hsn where hsnId=trim(HSN_Id);
update t_hsn set isDeleted=1,deleteDateTime=now(),deleteUserId=trim(User_Id) where  hsnId=trim(HSN_Id);
set error1=0 ;
end;

  COMMIT;
END */$$
DELIMITER ;

/* Procedure structure for procedure `proc_delete_t_payment_term` */

/*!50003 DROP PROCEDURE IF EXISTS  `proc_delete_t_payment_term` */;

DELIMITER $$

/*!50003 CREATE DEFINER=`leade_testing2`@`%` PROCEDURE `proc_delete_t_payment_term`(Payment_Term_Id int,
User_Id int,
 out error1 int)
BEGIN
DECLARE exit handler for sqlexception
        BEGIN
        ROLLBACK;
        END;
    DECLARE exit handler for sqlwarning
        BEGIN
    ROLLBACK;
        END;
START TRANSACTION;
begin
INSERT INTO t_paymentterm_log(paymentTermId,paymentTermCode,paymentTermName,creditDays,toleranceDays,relateTo,isDeleted,userId,userAction,transDate)
SELECT paymentTermId,paymentTermCode,paymentTermName,creditDays,toleranceDays,relateTo,isDeleted,userId,'delete',transDate FROM t_paymentterm where paymentTermId=trim(Payment_Term_Id);
update t_paymentterm set isDeleted=1,deleteDateTime=now(),deleteUserId=trim(User_Id)  where paymentTermId=trim(Payment_Term_Id);

set error1=0 ;

end;

  COMMIT;
END */$$
DELIMITER ;

/* Procedure structure for procedure `proc_delete_t_postingperiod` */

/*!50003 DROP PROCEDURE IF EXISTS  `proc_delete_t_postingperiod` */;

DELIMITER $$

/*!50003 CREATE DEFINER=`leade_testing2`@`%` PROCEDURE `proc_delete_t_postingperiod`(Post_Period_Id int,
User_Id int,
 out error1 int
 )
BEGIN
DECLARE exit handler for sqlexception
        BEGIN
        ROLLBACK;
        END;
    DECLARE exit handler for sqlwarning
        BEGIN
    ROLLBACK;
        END;
START TRANSACTION;
begin
INSERT INTO t_postingperiod_log(postperiodId,companyId,periodCode,periodName,subPeriod,fiscalYearStart,userId,transDate,isDeleted,userAction)
SELECT postperiodId,companyId,periodCode,periodName,subPeriod,fiscalYearStart,userId,transDate,isDeleted,'delete' FROM t_postingperiod where postperiodId=trim(Post_Period_Id);
update t_postingperiod set isDeleted=1,deleteDateTime=now(),deleteUserId=trim(User_Id)  where postperiodId=trim(Post_Period_Id);

set error1=0 ;
end;

  COMMIT;
END */$$
DELIMITER ;

/* Procedure structure for procedure `proc_delete_t_uom_group_mapping` */

/*!50003 DROP PROCEDURE IF EXISTS  `proc_delete_t_uom_group_mapping` */;

DELIMITER $$

/*!50003 CREATE DEFINER=`leade_testing2`@`%` PROCEDURE `proc_delete_t_uom_group_mapping`(
UMO_Mapping_Id int,
User_Id int,
 out error1 int
)
BEGIN
DECLARE exit handler for sqlexception
        BEGIN
        ROLLBACK;
        END;
    DECLARE exit handler for sqlwarning
        BEGIN
    ROLLBACK;
        END;
START TRANSACTION;
begin
INSERT INTO t_uomgroupmapping_log (uomMappingId,uomGroupId,baseQty,baseUOMId,altQty,altUOMId,isDeleted,userId,userAction,transDate)
SELECT uomMappingId,uomGroupId,baseQty,baseUOMId,altQty,altUOMId,isDeleted,userId,'delete',transDate FROM t_uomgroupmapping where uomMappingId=trim(UMO_Mapping_Id);
update t_uomgroupmapping set isDeleted=1,deleteDateTime=now(),deleteUserId=trim(User_Id)  where uomMappingId=trim(UMO_Mapping_Id);

set error1=0 ;
end;
  COMMIT;
END */$$
DELIMITER ;

/* Procedure structure for procedure `proc_delete_u_department` */

/*!50003 DROP PROCEDURE IF EXISTS  `proc_delete_u_department` */;

DELIMITER $$

/*!50003 CREATE DEFINER=`leade_testing2`@`%` PROCEDURE `proc_delete_u_department`(Department_Id int,
User_Id int,
 out error1 int)
BEGIN
DECLARE exit handler for sqlexception
        BEGIN
        ROLLBACK;
        END;
    DECLARE exit handler for sqlwarning
        BEGIN
    ROLLBACK;
        END;
START TRANSACTION;
begin
INSERT INTO  u_department_log(departmentId,departmentName,departmentDescription,isDeleted,userId,userAction,transDate)
SELECT departmentId,departmentName,departmentDescription,isDeleted,userId,'delete',transDate FROM u_department where departmentId=trim(Department_Id);
update u_department set isDeleted=1,deleteDateTime=now(),deleteUserId=trim(User_Id)  where departmentId=trim(Department_Id);

set error1=0 ;
end;

  COMMIT;
END */$$
DELIMITER ;

/* Procedure structure for procedure `proc_delete_u_designation` */

/*!50003 DROP PROCEDURE IF EXISTS  `proc_delete_u_designation` */;

DELIMITER $$

/*!50003 CREATE DEFINER=`leade_testing2`@`%` PROCEDURE `proc_delete_u_designation`(Designation_Id int,
User_Id int,
 out error1 int)
BEGIN
DECLARE exit handler for sqlexception
        BEGIN
        ROLLBACK;
        END;
    DECLARE exit handler for sqlwarning
        BEGIN
    ROLLBACK;
        END;
START TRANSACTION;
begin
INSERT INTO  u_designation_log(designationId,designationName,designationDescription,isDeleted,userId,userAction,transDate)
SELECT designationId,designationName,designationDescription,isDeleted,userId,'delete',transDate FROM u_designation where designationId=trim(Designation_Id);
update u_designation set isDeleted=1,deleteDateTime=now(),deleteUserId=trim(User_Id)  where designationId=trim(Designation_Id);

set error1=0 ;
end;
  COMMIT;
END */$$
DELIMITER ;

/* Procedure structure for procedure `proc_delete_v_vendorpermission` */

/*!50003 DROP PROCEDURE IF EXISTS  `proc_delete_v_vendorpermission` */;

DELIMITER $$

/*!50003 CREATE DEFINER=`leade_testing2`@`%` PROCEDURE `proc_delete_v_vendorpermission`(Permission_Id int,
User_Id int,
 out error1 int)
BEGIN
DECLARE exit handler for sqlexception
        BEGIN
        ROLLBACK;
        END;
    DECLARE exit handler for sqlwarning
        BEGIN
    ROLLBACK;
        END;
START TRANSACTION;
begin
INSERT INTO  v_vendorpermission_log(permissionId,permissionName,isDeleted,userId,userAction,transDate)
SELECT permissionId,permissionName,isDeleted,userId,'delete',transDate FROM v_vendorpermission where permissionId=trim(Permission_Id);
update v_vendorpermission set isDeleted=1,deleteDateTime=now(),deleteUserId=trim(User_Id)  where permissionId=trim(Permission_Id);

set error1=0 ;
end;

  COMMIT;
END */$$
DELIMITER ;

/* Procedure structure for procedure `proc_delete_v_vendor_action_permission` */

/*!50003 DROP PROCEDURE IF EXISTS  `proc_delete_v_vendor_action_permission` */;

DELIMITER $$

/*!50003 CREATE DEFINER=`leade_testing2`@`%` PROCEDURE `proc_delete_v_vendor_action_permission`(
    Vendor_Id int,
User_Id int,
 out error1 int
    )
BEGIN
DECLARE exit handler for sqlexception
        BEGIN
        ROLLBACK;
        END;
    DECLARE exit handler for sqlwarning
        BEGIN
    ROLLBACK;
        END;
START TRANSACTION;
begin
INSERT INTO  v_actionpermission_log(ActionId,permissionId,isView,isDeleted,userId,userAction,transDate)
SELECT ActionId,permissionId,isView,isDeleted,userId,'delete',transDate FROM v_actionpermission where vendorId=trim(Vendor_Id);
update v_actionpermission set isDeleted=1,deleteDateTime=now(),deleteUserId=trim(User_Id)  where vendorId=trim(Vendor_Id);

set error1=0 ;

end;

  COMMIT;
END */$$
DELIMITER ;

/* Procedure structure for procedure `proc_delete_v_vendor_category` */

/*!50003 DROP PROCEDURE IF EXISTS  `proc_delete_v_vendor_category` */;

DELIMITER $$

/*!50003 CREATE DEFINER=`leade_testing2`@`%` PROCEDURE `proc_delete_v_vendor_category`(
Vendor_Category_Id int,
User_Id int,
 out error1 int    
    )
BEGIN
DECLARE exit handler for sqlexception
        BEGIN
        ROLLBACK;
        END;
    DECLARE exit handler for sqlwarning
        BEGIN
    ROLLBACK;
        END;
START TRANSACTION;
begin
INSERT INTO  v_vendorcategory_log(vendorcategoryId,vendorcategoryName,isApproved,lastUpdateUserId,lastUpdateDateTime,isDeleted,userId,userAction,transDate)
SELECT vendorcategoryId,vendorcategoryName,isApproved,lastUpdateUserId,lastUpdateDateTime,isDeleted,userId,'delete',transDate FROM v_vendorcategory where vendorcategoryId=trim(Vendor_Category_Id);
update v_vendorcategory set isDeleted=1,deleteDateTime=now(),deleteUserId=trim(User_Id) where vendorcategoryId=trim(Vendor_Category_Id);


set error1=0 ;
end;
  COMMIT;
END */$$
DELIMITER ;

/* Procedure structure for procedure `proc_delete_v_vendor_Invitation` */

/*!50003 DROP PROCEDURE IF EXISTS  `proc_delete_v_vendor_Invitation` */;

DELIMITER $$

/*!50003 CREATE DEFINER=`leade_testing2`@`%` PROCEDURE `proc_delete_v_vendor_Invitation`(Vendor_Invitation_Id int,
User_Id int,
 out error1 int)
BEGIN
DECLARE exit handler for sqlexception
        BEGIN
        ROLLBACK;
        END;
    DECLARE exit handler for sqlwarning
        BEGIN
    ROLLBACK;
        END;
START TRANSACTION;
begin
INSERT INTO v_vendorinvitation_log(vendorinvitationId,vendorCompany,contactPerson,vendorEmail,isDeleted,userId,lastUpdateUserId,lastUpdateDateTime,userAction,transDate)
SELECT vendorinvitationId,vendorCompany,contactPerson,vendorEmail,isDeleted,userId,lastUpdateUserId,lastUpdateDateTime,'delete',transDate FROM v_vendorinvitation
 where vendorinvitationId=trim(Vendor_Invitation_Id);
update v_vendorinvitation set isDeleted=1,deleteDateTime=now(),deleteUserId=trim(User_Id)  where vendorinvitationId=trim(Vendor_Invitation_Id);

set error1=0 ;

end;

  COMMIT;
END */$$
DELIMITER ;

/* Procedure structure for procedure `proc_get_e_project_Count` */

/*!50003 DROP PROCEDURE IF EXISTS  `proc_get_e_project_Count` */;

DELIMITER $$

/*!50003 CREATE DEFINER=`leade_testing2`@`%` PROCEDURE `proc_get_e_project_Count`()
BEGIN
DECLARE EXIT HANDLER FOR SQLEXCEPTION
        BEGIN
        ROLLBACK;
        END;
    DECLARE EXIT HANDLER FOR SQLWARNING
        BEGIN
    ROLLBACK;
        END;
START TRANSACTION;
BEGIN
SELECT COUNT(projectId) AS COUNT,project_by  FROM e_project WHERE  isDeleted=0
GROUP BY project_by;


END;
END */$$
DELIMITER ;

/* Procedure structure for procedure `proc_get_e_project_Detail` */

/*!50003 DROP PROCEDURE IF EXISTS  `proc_get_e_project_Detail` */;

DELIMITER $$

/*!50003 CREATE DEFINER=`leade_testing2`@`%` PROCEDURE `proc_get_e_project_Detail`(Project_By varchar(45))
BEGIN
DECLARE exit handler for sqlexception
        BEGIN
        ROLLBACK;
        END;
    DECLARE exit handler for sqlwarning
        BEGIN
    ROLLBACK;
        END;
START TRANSACTION;
begin
(Select p.projectId,p.projectName,p.projectNumber,p.projectType,(select count(projectDetailId) from e_projectdetail 
where projectId=p.projectId and isDeleted=0 and isRemove=0) as count from e_project p where p.project_by=Project_By and p.isDeleted=0);

end;
END */$$
DELIMITER ;

/* Procedure structure for procedure `proc_get_e_project_Detail_for_Edit` */

/*!50003 DROP PROCEDURE IF EXISTS  `proc_get_e_project_Detail_for_Edit` */;

DELIMITER $$

/*!50003 CREATE DEFINER=`leade_testing2`@`%` PROCEDURE `proc_get_e_project_Detail_for_Edit`(Project_no varchar(45))
BEGIN
DECLARE exit handler for sqlexception
        BEGIN
        ROLLBACK;
        END;
    DECLARE exit handler for sqlwarning
        BEGIN
    ROLLBACK;
        END;
START TRANSACTION;
begin
Select p.projectId,pd.projectDetailId,pd.PartNo,pd.cadfileName from e_project p inner join  e_projectdetail pd on p.projectId=pd.projectId 
 where p.projectNumber=Project_no and p.isDeleted=0 and pd.isDeleted=0 and pd.isRemove=0;

end;
END */$$
DELIMITER ;

/* Procedure structure for procedure `proc_get_e_project_Detail_for_edit_action` */

/*!50003 DROP PROCEDURE IF EXISTS  `proc_get_e_project_Detail_for_edit_action` */;

DELIMITER $$

/*!50003 CREATE DEFINER=`leade_testing2`@`%` PROCEDURE `proc_get_e_project_Detail_for_edit_action`(Project_Detail_Id int)
BEGIN
DECLARE exit handler for sqlexception
        BEGIN
        ROLLBACK;
        END;
    DECLARE exit handler for sqlwarning
        BEGIN
    ROLLBACK;
        END;
START TRANSACTION;
begin
Select p.projectId,pd.projectDetailId,pd.PartNo,pd.cadfileName,p.projectName,p.projectNumber,p.project_by ,
(select revisionNo from e_projectrevision where projectDetailId=Project_Detail_Id ORDER BY revisionId desc LIMIT 1) as revisionNo,
(select PartNo from e_projectrevision where projectDetailId=Project_Detail_Id ORDER BY revisionId asc LIMIT 1) as oldPartNo
from e_project p inner join  e_projectdetail pd on p.projectId=pd.projectId 
 where pd.projectDetailId=Project_Detail_Id and p.isDeleted=0 and pd.isDeleted=0 and pd.isRemove=0;

end;
END */$$
DELIMITER ;

/* Procedure structure for procedure `proc_get_e_project_detail_for_programer` */

/*!50003 DROP PROCEDURE IF EXISTS  `proc_get_e_project_detail_for_programer` */;

DELIMITER $$

/*!50003 CREATE DEFINER=`leade_testing2`@`%` PROCEDURE `proc_get_e_project_detail_for_programer`(Programer varchar(50))
BEGIN
DECLARE exit handler for sqlexception
        BEGIN
        ROLLBACK;
        END;
    DECLARE exit handler for sqlwarning
        BEGIN
    ROLLBACK;
        END;
START TRANSACTION;
begin

 Select e.engineeringId,e.projectDetailId,DATE_FORMAT(e.duteDate,'%d/%m/%Y') as duteDate,pd.PartNo,pd.cadfileName,pd.catfileUrl
from  e_engineering e inner join e_projectdetail pd on e.projectDetailId=pd.projectDetailId
 where ((e.projectProgramer=Programer or Programer='') and pd.projectStatus='Uploaded') and pd.isRemove=0 and  pd.isDeleted=0 and  e.isDeleted=0;


end;
END */$$
DELIMITER ;

/* Procedure structure for procedure `proc_get_e_project_Detail_for_search` */

/*!50003 DROP PROCEDURE IF EXISTS  `proc_get_e_project_Detail_for_search` */;

DELIMITER $$

/*!50003 CREATE DEFINER=`leade_testing2`@`%` PROCEDURE `proc_get_e_project_Detail_for_search`(Project_no varchar(45))
BEGIN
DECLARE exit handler for sqlexception
        BEGIN
        ROLLBACK;
        END;
    DECLARE exit handler for sqlwarning
        BEGIN
    ROLLBACK;
        END;
START TRANSACTION;
begin
Select p.projectId,e.engineeringId,pd.projectDetailId,pd.PartNo,pd.cadfileName,e.transDate as UploadDate,e.duteDate,e.verifiedBy,e.doneBy,pd.projectStatus
 from e_project p inner join  e_projectdetail pd on p.projectId=pd.projectId inner join e_engineering e on pd.projectDetailId=e.projectDetailId
 where p.projectNumber=Project_no and pd.projectStatus='Uploaded' and p.isDeleted=0 and pd.isDeleted=0 and e.isDeleted=0 and pd.isRemove=0;

end;
END */$$
DELIMITER ;

/* Procedure structure for procedure `proc_get_e_project_Detail_sorting` */

/*!50003 DROP PROCEDURE IF EXISTS  `proc_get_e_project_Detail_sorting` */;

DELIMITER $$

/*!50003 CREATE DEFINER=`leade_testing2`@`%` PROCEDURE `proc_get_e_project_Detail_sorting`(Project_Id int)
BEGIN
DECLARE exit handler for sqlexception
        BEGIN
        ROLLBACK;
        END;
    DECLARE exit handler for sqlwarning
        BEGIN
    ROLLBACK;
        END;
START TRANSACTION;
begin
Select PartNo,cadfileName,catfileUrl,projectDetailId from e_projectdetail  where projectId=Project_Id and isDeleted=0;

end;
END */$$
DELIMITER ;

/* Procedure structure for procedure `proc_get_item_code_for_search` */

/*!50003 DROP PROCEDURE IF EXISTS  `proc_get_item_code_for_search` */;

DELIMITER $$

/*!50003 CREATE DEFINER=`leade_testing2`@`%` PROCEDURE `proc_get_item_code_for_search`(Search_Keywords varchar(50))
BEGIN
DECLARE exit handler for sqlexception
        BEGIN
        ROLLBACK;
        END;
    DECLARE exit handler for sqlwarning
        BEGIN
    ROLLBACK;
        END;
START TRANSACTION;
begin
SELECT  distinct(i.internalItemCode) as SearchItem FROM m_item i  WHERE i.internalItemCode LIKE concat('%',Search_Keywords,'%');

end;

  COMMIT;
END */$$
DELIMITER ;

/* Procedure structure for procedure `proc_get_item_code_genration` */

/*!50003 DROP PROCEDURE IF EXISTS  `proc_get_item_code_genration` */;

DELIMITER $$

/*!50003 CREATE DEFINER=`leade_testing2`@`%` PROCEDURE `proc_get_item_code_genration`(
Item_Type_id int,out strout varchar(50))
BEGIN
DECLARE exit handler for sqlexception
        BEGIN
        ROLLBACK;
        END;
    DECLARE exit handler for sqlwarning
        BEGIN
    ROLLBACK;
        END;
START TRANSACTION;
begin
declare Item_type varchar(50);
declare Item_Id varchar(50);
declare Item_Id1 int;
declare count int;
set Item_type=(Select REPLACE(itemTypeName,' ','') as item from m_itemtype where itemTypeId=Item_Type_id);
set Item_Id1=(select (itemCodestring) from m_item ORDER BY itemId DESC LIMIT 1) ;
if(Item_Id1 is null)then
set Item_Id='0000001';
else
set count=(select length(itemCodestring+1) from m_item ORDER BY itemId DESC LIMIT 1);
CASE count
		WHEN  1 THEN
		   SET Item_Id = concat(' 000000',(Item_Id1+1));
		WHEN 2 THEN
		   SET Item_Id = concat(' 00000',(Item_Id1+1));
           WHEN 3 THEN
		   SET Item_Id = concat(' 0000',(Item_Id1+1));
		  WHEN 4 THEN
		   SET Item_Id = concat(' 000',(Item_Id1+1));
           WHEN 5 THEN
		   SET Item_Id = concat(' 00',(Item_Id1+1));
           WHEN 6 THEN
		   SET Item_Id = concat(' 0',(Item_Id1+1));
           WHEN 7 THEN
		   SET Item_Id =(Item_Id1+1);
	END CASE;

end if;
set strout=(select concat(concat(substring(ucase(Item_type),1,3),Item_Id),',',trim(Item_Id)) as Item_Code);
end;

  COMMIT;
END */$$
DELIMITER ;

/* Procedure structure for procedure `proc_get_item_wildcard_for_search` */

/*!50003 DROP PROCEDURE IF EXISTS  `proc_get_item_wildcard_for_search` */;

DELIMITER $$

/*!50003 CREATE DEFINER=`leade_testing2`@`%` PROCEDURE `proc_get_item_wildcard_for_search`(Search_Keywords varchar(50))
BEGIN
DECLARE exit handler for sqlexception
        BEGIN
        ROLLBACK;
        END;
    DECLARE exit handler for sqlwarning
        BEGIN
    ROLLBACK;
        END;
START TRANSACTION;
begin


SELECT  distinct(internalItemCode) as SearchItem FROM m_item WHERE internalItemCode LIKE concat('%',Search_Keywords,'%')
union SELECT  distinct(itemDescription) as SearchItem FROM m_item WHERE itemDescription LIKE concat('%',Search_Keywords,'%')
union SELECT  distinct(itemManufacturingPartNumber) as SearchItem FROM m_item WHERE itemManufacturingPartNumber LIKE concat('%',Search_Keywords,'%')
union SELECT distinct(it.itemTypeName) as SearchItem FROM m_item i inner join m_itemtype it on i.itemTypeId=it.itemTypeId WHERE  it.itemTypeName LIKE concat('%',Search_Keywords,'%')
union SELECT distinct(sit.subitemtypeName) as SearchItem FROM m_item i inner join m_subitemtype sit on i.itemSubTypeId=sit.subitemtypeId WHERE  sit.subitemtypeName LIKE concat('%',Search_Keywords,'%');

end;
  COMMIT;
END */$$
DELIMITER ;

/* Procedure structure for procedure `proc_get_item_wildcard_for_search1` */

/*!50003 DROP PROCEDURE IF EXISTS  `proc_get_item_wildcard_for_search1` */;

DELIMITER $$

/*!50003 CREATE DEFINER=`leade_testing2`@`%` PROCEDURE `proc_get_item_wildcard_for_search1`(Search_Keywords varchar(200))
BEGIN
DECLARE exit handler for sqlexception
        BEGIN
        ROLLBACK;
        END;
    DECLARE exit handler for sqlwarning
        BEGIN
    ROLLBACK;
        END;
START TRANSACTION;
begin
select * from m_subitemtype;
 

end;
  COMMIT;
END */$$
DELIMITER ;

/* Procedure structure for procedure `proc_get_item_wildcard_for_search2` */

/*!50003 DROP PROCEDURE IF EXISTS  `proc_get_item_wildcard_for_search2` */;

DELIMITER $$

/*!50003 CREATE DEFINER=`leade_testing2`@`%` PROCEDURE `proc_get_item_wildcard_for_search2`(Search_Keywords varchar(200))
BEGIN
DECLARE exit handler for sqlexception
        BEGIN
        ROLLBACK;
        END;
    DECLARE exit handler for sqlwarning
        BEGIN
    ROLLBACK;
        END;
START TRANSACTION;
begin
select distinct(s.subitemtypeName) as SearchItem from m_subitemtype s inner join m_item i on s.subitemtypeId=i.itemSubTypeId WHERE s.subitemtypeName LIKE concat('%',Search_Keywords,'%')
 union SELECT  distinct(internalItemCode) as SearchItem FROM m_item WHERE internalItemCode LIKE concat('%',Search_Keywords,'%')
union SELECT  distinct(itemDescription) as SearchItem FROM m_item WHERE itemDescription LIKE concat('%',Search_Keywords,'%')
union SELECT  distinct(itemManufacturingPartNumber) as SearchItem FROM m_item WHERE itemManufacturingPartNumber LIKE concat('%',Search_Keywords,'%')
union SELECT distinct(it.itemTypeName) as SearchItem FROM m_item i inner join m_itemtype it on i.itemTypeId=it.itemTypeId WHERE  it.itemTypeName LIKE concat('%',Search_Keywords,'%');


end;
  COMMIT;
END */$$
DELIMITER ;

/* Procedure structure for procedure `proc_get_m_area_for_List` */

/*!50003 DROP PROCEDURE IF EXISTS  `proc_get_m_area_for_List` */;

DELIMITER $$

/*!50003 CREATE DEFINER=`leade_testing2`@`%` PROCEDURE `proc_get_m_area_for_List`(Area_Id int)
BEGIN
DECLARE exit handler for sqlexception
        BEGIN
        ROLLBACK;
        END;
    DECLARE exit handler for sqlwarning
        BEGIN
    ROLLBACK;
        END;
START TRANSACTION;
begin

Select a.areaId,a.countryId,a.stateId,a.cityId,a.areaName ,a.isApproved,
(select countryName from m_country where countryId=a.countryId) as countryName,
(select stateName from m_state where stateId=a.stateId) as stateName,
(select cityName from m_city where cityId=a.cityId) as cityName
from m_area a where  (Area_Id=0 or a.areaId=Area_Id) and a.isDeleted=0 order by countryName;

end;

  COMMIT;
END */$$
DELIMITER ;

/* Procedure structure for procedure `proc_get_m_area_name` */

/*!50003 DROP PROCEDURE IF EXISTS  `proc_get_m_area_name` */;

DELIMITER $$

/*!50003 CREATE DEFINER=`leade_testing2`@`%` PROCEDURE `proc_get_m_area_name`()
BEGIN
DECLARE exit handler for sqlexception
        BEGIN
        ROLLBACK;
        END;
    DECLARE exit handler for sqlwarning
        BEGIN
    ROLLBACK;
        END;
START TRANSACTION;
begin
Select areaId,areaName from m_area where isDeleted=0 order by areaName;
end;

  COMMIT;
END */$$
DELIMITER ;

/* Procedure structure for procedure `proc_get_m_bank_for_list` */

/*!50003 DROP PROCEDURE IF EXISTS  `proc_get_m_bank_for_list` */;

DELIMITER $$

/*!50003 CREATE DEFINER=`leade_testing2`@`%` PROCEDURE `proc_get_m_bank_for_list`(Bank_Id int)
BEGIN
DECLARE exit handler for sqlexception
        BEGIN
        ROLLBACK;
        END;
    DECLARE exit handler for sqlwarning
        BEGIN
    ROLLBACK;
        END;
START TRANSACTION;
begin
Select bankId,bankCode,bankName,BankAmount,isApproved from m_bank 
where (Bank_Id=0 or bankId=Bank_Id) and isDeleted=0 order by bankName;
end;
  COMMIT;
END */$$
DELIMITER ;

/* Procedure structure for procedure `proc_get_m_bank_name` */

/*!50003 DROP PROCEDURE IF EXISTS  `proc_get_m_bank_name` */;

DELIMITER $$

/*!50003 CREATE DEFINER=`leade_testing2`@`%` PROCEDURE `proc_get_m_bank_name`()
BEGIN
DECLARE exit handler for sqlexception
        BEGIN
        ROLLBACK;
        END;
    DECLARE exit handler for sqlwarning
        BEGIN
    ROLLBACK;
        END;
START TRANSACTION;
begin
Select bankId,concat(bankName,'(' , bankCode , ')') as bankName from m_bank where isDeleted=0 order by bankName;
end;

  COMMIT;
END */$$
DELIMITER ;

/* Procedure structure for procedure `proc_get_m_cellno` */

/*!50003 DROP PROCEDURE IF EXISTS  `proc_get_m_cellno` */;

DELIMITER $$

/*!50003 CREATE DEFINER=`leade_testing2`@`%` PROCEDURE `proc_get_m_cellno`()
BEGIN
DECLARE exit handler for sqlexception
        BEGIN
        ROLLBACK;
        END;
    DECLARE exit handler for sqlwarning
        BEGIN
    ROLLBACK;
        END;
START TRANSACTION;
begin
Select cellId,cellNo from m_cellno where isDeleted=0
order by cellNo;
end;

  COMMIT;
END */$$
DELIMITER ;

/* Procedure structure for procedure `proc_get_m_cellno_for_list` */

/*!50003 DROP PROCEDURE IF EXISTS  `proc_get_m_cellno_for_list` */;

DELIMITER $$

/*!50003 CREATE DEFINER=`leade_testing2`@`%` PROCEDURE `proc_get_m_cellno_for_list`(Cell_No_Id int)
BEGIN
DECLARE exit handler for sqlexception
        BEGIN
        ROLLBACK;
        END;
    DECLARE exit handler for sqlwarning
        BEGIN
    ROLLBACK;
        END;
START TRANSACTION;
begin
Select cellId,cellNo,isApproved from m_cellno where (Cell_No_Id=0 or cellId=Cell_No_Id) and isDeleted=0
order by cellNo;
end;

  COMMIT;
END */$$
DELIMITER ;

/* Procedure structure for procedure `proc_get_m_city_for_list` */

/*!50003 DROP PROCEDURE IF EXISTS  `proc_get_m_city_for_list` */;

DELIMITER $$

/*!50003 CREATE DEFINER=`leade_testing2`@`%` PROCEDURE `proc_get_m_city_for_list`(City_Id int)
BEGIN
DECLARE exit handler for sqlexception
        BEGIN
        ROLLBACK;
        END;
    DECLARE exit handler for sqlwarning
        BEGIN
    ROLLBACK;
        END;
START TRANSACTION;
begin

 Select c.cityId,c.countryId,c.stateId,c.cityName,c.isApproved,s.stateName  as stateName,
m.countryName  as countryName from m_city c inner join m_state s on c.stateId=s.stateId
 inner join m_country m on c.countryId=m.countryId where (City_Id=0 or c.cityId=City_Id) and c.isDeleted=0 order by countryName;
end;
  COMMIT;
END */$$
DELIMITER ;

/* Procedure structure for procedure `proc_get_m_city_Name` */

/*!50003 DROP PROCEDURE IF EXISTS  `proc_get_m_city_Name` */;

DELIMITER $$

/*!50003 CREATE DEFINER=`leade_testing2`@`%` PROCEDURE `proc_get_m_city_Name`()
BEGIN
DECLARE exit handler for sqlexception
        BEGIN
        ROLLBACK;
        END;
    DECLARE exit handler for sqlwarning
        BEGIN
    ROLLBACK;
        END;
START TRANSACTION;
begin
Select cityId,cityName from m_city where isDeleted=0 order by cityName;
end;
END */$$
DELIMITER ;

/* Procedure structure for procedure `proc_get_m_City_Name_Acc_state` */

/*!50003 DROP PROCEDURE IF EXISTS  `proc_get_m_City_Name_Acc_state` */;

DELIMITER $$

/*!50003 CREATE DEFINER=`leade_testing2`@`%` PROCEDURE `proc_get_m_City_Name_Acc_state`(State_Id int)
BEGIN
DECLARE exit handler for sqlexception
        BEGIN
        ROLLBACK;
        END;
    DECLARE exit handler for sqlwarning
        BEGIN
    ROLLBACK;
        END;
START TRANSACTION;
begin
 Select cityId,cityName from m_city where stateId=State_Id and isDeleted=0 order by cityName;
end;
COMMIT;
END */$$
DELIMITER ;

/* Procedure structure for procedure `proc_get_m_company_group_for_list` */

/*!50003 DROP PROCEDURE IF EXISTS  `proc_get_m_company_group_for_list` */;

DELIMITER $$

/*!50003 CREATE DEFINER=`leade_testing2`@`%` PROCEDURE `proc_get_m_company_group_for_list`(company_group_Id int)
BEGIN
DECLARE exit handler for sqlexception
        BEGIN
        ROLLBACK;
        END;
    DECLARE exit handler for sqlwarning
        BEGIN
    ROLLBACK;
        END;
START TRANSACTION;
begin
Select cg.companyGroupId,cg.companyGroupCode,cg.companyGroupName,cg.currencyId,cg.language_Id,cg.companyLogo_Url,cg.isApproved,m.languageName,
c.currencyName  as currencyName from m_companygroup cg inner join m_currency c on cg.currencyId=c.currencyId 
inner join m_language m on cg.language_Id=m.languageId
where (company_group_Id=0 or cg.companyGroupId=company_group_Id) and cg.isDeleted=0 order by cg.companyGroupName;
end;
END */$$
DELIMITER ;

/* Procedure structure for procedure `proc_get_m_company_group_Name` */

/*!50003 DROP PROCEDURE IF EXISTS  `proc_get_m_company_group_Name` */;

DELIMITER $$

/*!50003 CREATE DEFINER=`leade_testing2`@`%` PROCEDURE `proc_get_m_company_group_Name`()
BEGIN
DECLARE exit handler for sqlexception
        BEGIN
        ROLLBACK;
        END;
    DECLARE exit handler for sqlwarning
        BEGIN
    ROLLBACK;
        END;
START TRANSACTION;
begin
Select c.companyGroupId,c.companyGroupName as companyGroupName
 from m_companygroup c where isDeleted=0 order by companyGroupName;
end;
END */$$
DELIMITER ;

/* Procedure structure for procedure `proc_get_m_country_code` */

/*!50003 DROP PROCEDURE IF EXISTS  `proc_get_m_country_code` */;

DELIMITER $$

/*!50003 CREATE DEFINER=`leade_testing2`@`%` PROCEDURE `proc_get_m_country_code`()
BEGIN
DECLARE exit handler for sqlexception
        BEGIN
        ROLLBACK;
        END;
    DECLARE exit handler for sqlwarning
        BEGIN
    ROLLBACK;
        END;
START TRANSACTION;
begin

Select countryCode from  m_countrycode;


end;

  COMMIT;
END */$$
DELIMITER ;

/* Procedure structure for procedure `proc_get_m_country_for_list` */

/*!50003 DROP PROCEDURE IF EXISTS  `proc_get_m_country_for_list` */;

DELIMITER $$

/*!50003 CREATE DEFINER=`leade_testing2`@`%` PROCEDURE `proc_get_m_country_for_list`(Country_Id int)
BEGIN
DECLARE exit handler for sqlexception
        BEGIN
        ROLLBACK;
        END;
    DECLARE exit handler for sqlwarning
        BEGIN
    ROLLBACK;
        END;
START TRANSACTION;
begin
 Select countryId,countryName,countryCode,isApproved  from m_country where (Country_Id=0 or countryId=Country_Id) and isDeleted=0 order by countryName;
end;
  COMMIT;
END */$$
DELIMITER ;

/* Procedure structure for procedure `proc_get_m_country_Name` */

/*!50003 DROP PROCEDURE IF EXISTS  `proc_get_m_country_Name` */;

DELIMITER $$

/*!50003 CREATE DEFINER=`leade_testing2`@`%` PROCEDURE `proc_get_m_country_Name`()
BEGIN
DECLARE exit handler for sqlexception
        BEGIN
        ROLLBACK;
        END;
    DECLARE exit handler for sqlwarning
        BEGIN
    ROLLBACK;
        END;
START TRANSACTION;
begin

Select c.countryId,c.countryName as countryName
 from m_country c where isDeleted=0 order by countryName;
end;
END */$$
DELIMITER ;

/* Procedure structure for procedure `proc_get_m_currency_for_list` */

/*!50003 DROP PROCEDURE IF EXISTS  `proc_get_m_currency_for_list` */;

DELIMITER $$

/*!50003 CREATE DEFINER=`leade_testing2`@`%` PROCEDURE `proc_get_m_currency_for_list`(Currency_Id int)
BEGIN
DECLARE exit handler for sqlexception
        BEGIN
        ROLLBACK;
        END;
    DECLARE exit handler for sqlwarning
        BEGIN
    ROLLBACK;
        END;
START TRANSACTION;
begin
Select currencyId,currencyCode,currencyName,interNationalCode,interNationalName,decimalUnit,currencySymbol,isApproved from m_currency
 where (Currency_Id=0 or currencyId=Currency_Id) and isDeleted=0 order by currencyName;
end;
  COMMIT;
END */$$
DELIMITER ;

/* Procedure structure for procedure `proc_get_m_currency_Name` */

/*!50003 DROP PROCEDURE IF EXISTS  `proc_get_m_currency_Name` */;

DELIMITER $$

/*!50003 CREATE DEFINER=`leade_testing2`@`%` PROCEDURE `proc_get_m_currency_Name`()
BEGIN
DECLARE exit handler for sqlexception
        BEGIN
        ROLLBACK;
        END;
    DECLARE exit handler for sqlwarning
        BEGIN
    ROLLBACK;
        END;
START TRANSACTION;
begin
Select currencyId,currencyName as currencyName from m_currency where isDeleted=0 order by currencyName;
end;
  COMMIT;
END */$$
DELIMITER ;

/* Procedure structure for procedure `proc_get_m_exchange_rate_for_list` */

/*!50003 DROP PROCEDURE IF EXISTS  `proc_get_m_exchange_rate_for_list` */;

DELIMITER $$

/*!50003 CREATE DEFINER=`leade_testing2`@`%` PROCEDURE `proc_get_m_exchange_rate_for_list`(Exchange_Rate_Id int)
BEGIN
DECLARE exit handler for sqlexception
        BEGIN
        ROLLBACK;
        END;
    DECLARE exit handler for sqlwarning
        BEGIN
    ROLLBACK;
        END;
START TRANSACTION;
begin

 Select e.exchangeRateId ,e.companyId,e.currencyId,DATE_FORMAT(e.exchangeDate,'%d/%m/%Y') as exchangeDate,e.exchageAmount,e.isApproved,
 c.companyName as companyName,
( select  currencyName from m_currency where currencyId=e.currencyId) as currencyName 
from  t_exchange e inner join t_company c on e.companyId=c.companyId 
where (Exchange_Rate_Id=0 or e.exchangeRateId=Exchange_Rate_Id) and e.isDeleted=0 order by companyName;

end;

  COMMIT;
END */$$
DELIMITER ;

/* Procedure structure for procedure `proc_get_m_hscategory_name` */

/*!50003 DROP PROCEDURE IF EXISTS  `proc_get_m_hscategory_name` */;

DELIMITER $$

/*!50003 CREATE DEFINER=`leade_testing2`@`%` PROCEDURE `proc_get_m_hscategory_name`()
BEGIN
DECLARE exit handler for sqlexception
        BEGIN
        ROLLBACK;
        END;
    DECLARE exit handler for sqlwarning
        BEGIN
    ROLLBACK;
        END;
START TRANSACTION;
begin
Select hscategoryId,concat(hscategoryName,'(',hscategoryCode,')') as hscategoryName from m_hscategory where isDeleted=0 order by hscategoryName;
end;
COMMIT;
END */$$
DELIMITER ;

/* Procedure structure for procedure `proc_get_m_itemalternate_for_update` */

/*!50003 DROP PROCEDURE IF EXISTS  `proc_get_m_itemalternate_for_update` */;

DELIMITER $$

/*!50003 CREATE DEFINER=`leade_testing2`@`%` PROCEDURE `proc_get_m_itemalternate_for_update`(Item_Id int)
BEGIN
DECLARE exit handler for sqlexception
        BEGIN
        ROLLBACK;
        END;
    DECLARE exit handler for sqlwarning
        BEGIN
    ROLLBACK;
        END;
START TRANSACTION;
begin
Select alternateId,altManufacturingPartNumber,altBrand,altUrl from m_itemalternate
where (itemId=Item_Id) and isDeleted=0 ;
end;
  COMMIT;
END */$$
DELIMITER ;

/* Procedure structure for procedure `proc_get_m_item_approved_for_list` */

/*!50003 DROP PROCEDURE IF EXISTS  `proc_get_m_item_approved_for_list` */;

DELIMITER $$

/*!50003 CREATE DEFINER=`leade_testing2`@`%` PROCEDURE `proc_get_m_item_approved_for_list`()
BEGIN
DECLARE exit handler for sqlexception
        BEGIN
        ROLLBACK;
        END;
    DECLARE exit handler for sqlwarning
        BEGIN
    ROLLBACK;
        END;
START TRANSACTION;
begin

 Select i.requestId ,i.itemId,i.internalItemCode,i.requestDescription,i.itemManufacturingPartNumber,i.isApproved
from  m_itemrequestforapproval i where  i.isApproved=1 and i.isActive=0 and i.isDeleted=0 AND i.isReject=0 order by i.requestId desc;
end;
END */$$
DELIMITER ;

/* Procedure structure for procedure `proc_get_m_item_ckeck_duplicate` */

/*!50003 DROP PROCEDURE IF EXISTS  `proc_get_m_item_ckeck_duplicate` */;

DELIMITER $$

/*!50003 CREATE DEFINER=`leade_testing2`@`%` PROCEDURE `proc_get_m_item_ckeck_duplicate`(
  Item_Type_Id int,
  Item_Sub_Type_Id int,
  Item_Manufacturing_Part_Number varchar(50)
)
BEGIN
DECLARE exit handler for sqlexception
        BEGIN
        ROLLBACK;
        END;
    DECLARE exit handler for sqlwarning
        BEGIN
    ROLLBACK;
        END;
START TRANSACTION;
begin
declare count int;
declare mpn varchar(50);
set mpn= (select REPLACE(REPLACE(REPLACE(REPLACE(REPLACE(REPLACE(REPLACE(REPLACE(REPLACE(REPLACE(REPLACE(REPLACE(Item_Manufacturing_Part_Number,'-', ''), ' ', ''),'_',''),'@',''),'~',''),'#',''),'%',''),'+',''),'=',''),'$',''),'&',''),'*',''));
set count=(select count(itemId) from m_item where itemTypeId=trim(Item_Type_Id) and itemSubTypeId=trim(Item_Sub_Type_Id) and  (REPLACE(REPLACE(REPLACE(REPLACE(REPLACE(REPLACE(REPLACE(REPLACE(REPLACE(REPLACE(REPLACE(REPLACE(itemManufacturingPartNumber, '-', ''), ' ', ''),'_',''),'@',''),'~',''),'#',''),'%',''),'+',''),'=',''),'$',''),'&',''),'*',''))=mpn and isDeleted=0);
if count>0 then
select internalItemCode as itemCode from m_item where itemTypeId=trim(Item_Type_Id) and itemSubTypeId=trim(Item_Sub_Type_Id) and  (REPLACE(REPLACE(REPLACE(REPLACE(REPLACE(REPLACE(REPLACE(REPLACE(REPLACE(REPLACE(REPLACE(REPLACE(itemManufacturingPartNumber, '-', ''), ' ', ''),'_',''),'@',''),'~',''),'#',''),'%',''),'+',''),'=',''),'$',''),'&',''),'*',''))=mpn and isDeleted=0;
else
select 0 as itemCode;
end if;
end;
END */$$
DELIMITER ;

/* Procedure structure for procedure `proc_get_m_item_ckeck_duplicate_for_update` */

/*!50003 DROP PROCEDURE IF EXISTS  `proc_get_m_item_ckeck_duplicate_for_update` */;

DELIMITER $$

/*!50003 CREATE DEFINER=`leade_testing2`@`%` PROCEDURE `proc_get_m_item_ckeck_duplicate_for_update`(
  Item_Type_Id int,
  Item_Sub_Type_Id int,
  Item_Manufacturing_Part_Number varchar(50),
   Iteme_Id int    
    )
BEGIN
DECLARE exit handler for sqlexception
        BEGIN
        ROLLBACK;
        END;
    DECLARE exit handler for sqlwarning
        BEGIN
    ROLLBACK;
        END;
START TRANSACTION;
begin
declare count int;
declare id int;
declare mpn varchar(50);
set mpn= (select REPLACE(REPLACE(REPLACE(REPLACE(REPLACE(REPLACE(REPLACE(REPLACE(REPLACE(REPLACE(REPLACE(REPLACE(Item_Manufacturing_Part_Number,'-', ''), ' ', ''),'_',''),'@',''),'~',''),'#',''),'%',''),'+',''),'=',''),'$',''),'&',''),'*',''));
set count=(select count(itemId) from m_item where itemTypeId=trim(Item_Type_Id) and itemSubTypeId=trim(Item_Sub_Type_Id) and  (REPLACE(REPLACE(REPLACE(REPLACE(REPLACE(REPLACE(REPLACE(REPLACE(REPLACE(REPLACE(REPLACE(REPLACE(itemManufacturingPartNumber, '-', ''), ' ', ''),'_',''),'@',''),'~',''),'#',''),'%',''),'+',''),'=',''),'$',''),'&',''),'*',''))=mpn and isDeleted=0);
if count>0 then
if count=1 then
set id =(select itemId from m_item where itemTypeId=trim(Item_Type_Id) and itemSubTypeId=trim(Item_Sub_Type_Id) and  (REPLACE(REPLACE(REPLACE(REPLACE(REPLACE(REPLACE(REPLACE(REPLACE(REPLACE(REPLACE(REPLACE(REPLACE(itemManufacturingPartNumber, '-', ''), ' ', ''),'_',''),'@',''),'~',''),'#',''),'%',''),'+',''),'=',''),'$',''),'&',''),'*',''))=mpn and isDeleted=0);
if id=Iteme_Id then
select 0 as count;
else 
select count;
end if;
else
select count;
end if;
else
select COUNT;
end if;


end;
END */$$
DELIMITER ;

/* Procedure structure for procedure `proc_get_m_item_count_For_Columan_bar_chart` */

/*!50003 DROP PROCEDURE IF EXISTS  `proc_get_m_item_count_For_Columan_bar_chart` */;

DELIMITER $$

/*!50003 CREATE DEFINER=`leade_testing2`@`%` PROCEDURE `proc_get_m_item_count_For_Columan_bar_chart`()
BEGIN
DECLARE exit handler for sqlexception
        BEGIN
        ROLLBACK;
        END;
    DECLARE exit handler for sqlwarning
        BEGIN
    ROLLBACK;
        END;
START TRANSACTION;
begin
 Select it.itemTypeId, count(itemId) as Count1, concat(it.itemTypeName,'(',it.itemTypeCode, ')') as itemTypename
from  m_item i inner join  m_itemtype it on i.itemTypeId =it.itemTypeId where i.isActive=0 and it.isDeleted=0
group by it.itemTypeName,it.itemTypeCode,it.itemTypeId order by itemTypename;
end;
END */$$
DELIMITER ;

/* Procedure structure for procedure `proc_get_m_item_count_For_pending_approvel_pie_chart` */

/*!50003 DROP PROCEDURE IF EXISTS  `proc_get_m_item_count_For_pending_approvel_pie_chart` */;

DELIMITER $$

/*!50003 CREATE DEFINER=`leade_testing2`@`%` PROCEDURE `proc_get_m_item_count_For_pending_approvel_pie_chart`()
BEGIN
DECLARE exit handler for sqlexception
        BEGIN
        ROLLBACK;
        END;
    DECLARE exit handler for sqlwarning
        BEGIN
    ROLLBACK;
        END;
START TRANSACTION;
begin

select (Select count(requestId) from  m_itemrequestforapproval i  where i.isApproved=1 and i.isActive=0 and i.isDeleted=0 AND i.isReject=0) as approved,
(Select count(requestId)  from  m_itemrequestforapproval i  where i.isApproved=0 and i.isActive=0 and i.isDeleted=0 AND i.isReject=0) as pending,
(SELECT COUNT(requestId)  FROM  m_itemrequestforapproval i  WHERE i.isApproved=0 AND i.isActive=0 AND i.isDeleted=0 AND i.isReject=1) AS reject;
end;
END */$$
DELIMITER ;

/* Procedure structure for procedure `proc_get_m_item_Detail_acc_searchValue` */

/*!50003 DROP PROCEDURE IF EXISTS  `proc_get_m_item_Detail_acc_searchValue` */;

DELIMITER $$

/*!50003 CREATE DEFINER=`leade_testing2`@`%` PROCEDURE `proc_get_m_item_Detail_acc_searchValue`(SearchValue varchar(50)
)
BEGIN
DECLARE exit handler for sqlexception
        BEGIN
        ROLLBACK;
        END;
    DECLARE exit handler for sqlwarning
        BEGIN
    ROLLBACK;
        END;
START TRANSACTION;
begin

SELECT i.itemDescription,i.itemManufacture,i.itemBrand,i.itemManufacturingPartNumber,i.subitemtypefieldOptionType,i.subitemtypefieldOptionValues,
i.internalItemCode,i.itemTypeId,i.itemSubTypeId,i.subitemtypefieldUOMName,i.itemId,i.itemHSCode,i.itemCADFileUrl,i.itemQuantity,
i.itemImagesUrl as imageurl from  m_item i join m_itemtype it on i.itemTypeId=it.itemTypeId join m_subitemtype sit
 on i.itemSubTypeId=sit.subitemtypeId where (i.internalItemCode LIKE concat('%',SearchValue,'%') or
 i.itemDescription LIKE concat('%',SearchValue,'%') or i.itemManufacturingPartNumber LIKE concat('%',SearchValue,'%') 
 or it.itemTypeName LIKE concat('%',SearchValue,'%') or sit.subitemtypeName LIKE concat('%',SearchValue,'%')) and i.isDeleted=0
  order by i.internalItemCode;
end;
END */$$
DELIMITER ;

/* Procedure structure for procedure `proc_get_m_item_detail_for_reference_acc_itemid` */

/*!50003 DROP PROCEDURE IF EXISTS  `proc_get_m_item_detail_for_reference_acc_itemid` */;

DELIMITER $$

/*!50003 CREATE DEFINER=`leade_testing2`@`%` PROCEDURE `proc_get_m_item_detail_for_reference_acc_itemid`(Item_Id int)
BEGIN
DECLARE exit handler for sqlexception
        BEGIN
        ROLLBACK;
        END;
    DECLARE exit handler for sqlwarning
        BEGIN
    ROLLBACK;
        END;
START TRANSACTION;
begin

Select i.itemDescription,i.itemManufacture,i.itemBrand,i.itemManufacturingPartNumber,i.subitemtypefieldOptionType,i.subitemtypefieldOptionValues,
i.internalItemCode,i.itemTypeId,i.itemSubTypeId,i.subitemtypefieldUOMName from  m_item i where (i.itemId=Item_Id) and i.isDeleted=0;
end;
END */$$
DELIMITER ;

/* Procedure structure for procedure `proc_get_m_item_detail_for_search_reference` */

/*!50003 DROP PROCEDURE IF EXISTS  `proc_get_m_item_detail_for_search_reference` */;

DELIMITER $$

/*!50003 CREATE DEFINER=`leade_testing2`@`%` PROCEDURE `proc_get_m_item_detail_for_search_reference`(SearchValue varchar(50))
BEGIN
DECLARE exit handler for sqlexception
        BEGIN
        ROLLBACK;
        END;
    DECLARE exit handler for sqlwarning
        BEGIN
    ROLLBACK;
        END;
START TRANSACTION;
begin

Select i.itemDescription,i.itemManufacture,i.itemBrand,i.itemManufacturingPartNumber,i.subitemtypefieldOptionType,i.subitemtypefieldOptionValues,
i.internalItemCode,i.itemTypeId,i.itemSubTypeId,i.subitemtypefieldUOMName from  m_item i 
where (i.internalItemCode=SearchValue) and i.isDeleted=0;
end;
END */$$
DELIMITER ;

/* Procedure structure for procedure `proc_get_m_item_detail_for_update` */

/*!50003 DROP PROCEDURE IF EXISTS  `proc_get_m_item_detail_for_update` */;

DELIMITER $$

/*!50003 CREATE DEFINER=`leade_testing2`@`%` PROCEDURE `proc_get_m_item_detail_for_update`(item_Id int)
BEGIN
DECLARE exit handler for sqlexception
        BEGIN
        ROLLBACK;
        END;
    DECLARE exit handler for sqlwarning
        BEGIN
    ROLLBACK;
        END;
START TRANSACTION;
begin

 Select i.itemId,i.internalItemCode,i.itemDescription,i.itemManufacture,i.itemBrand,i.supplierName,i.itemPrice, i.itemMinOrderQty,
 i.itemThreshold,i.itemHSCode,i.itemURLLink,i.itemCoCountryofOrigin,i.itemManufacturingPartNumber,i.itemShippingCost,i.itemContactDetails,
 i.itemEMail,i.itemWeChat,i.itemWhatsApp,i.itemOtherContactType,i.itemDataSheetUrl,i.itemComplianceUrl,i.itemCADFileUrl,i.itemCertificationUrl,
 i.itemScrappingfromWebUrl,i.itemStatus,i.subitemtypefieldOptionType,i.subitemtypefieldOptionValues,i.uomId,i.uomGroupId,i.valuationId,
 i.itemTypeId,i.itemSubTypeId,i.itemManageCodeId,i.materialCategoryId,i.itemImagesUrl,i.itemBarCodeNo,i.itemName,i.itemQRCodeImagePath,
 i.currencyId,i.subitemtypefieldUOMName,i.altUOMId,altUOMGroupId,hscategoryId,i.itemQuantity ,i.rackId,i.racknumberId,i.storelocationId,
 i.storelocationCode,i.designerURL from  m_item i  where ( i.itemId=item_Id) and i.isDeleted=0;

end;
ENd */$$
DELIMITER ;

/* Procedure structure for procedure `proc_get_m_item_doc` */

/*!50003 DROP PROCEDURE IF EXISTS  `proc_get_m_item_doc` */;

DELIMITER $$

/*!50003 CREATE DEFINER=`leade_testing2`@`%` PROCEDURE `proc_get_m_item_doc`(item_Id int)
BEGIN
DECLARE exit handler for sqlexception
        BEGIN
        ROLLBACK;
        END;
    DECLARE exit handler for sqlwarning
        BEGIN
    ROLLBACK;
        END;
START TRANSACTION;
begin

 Select i.itemId,itemCertificationUrl,itemComplianceUrl,itemDataSheetUrl
from  m_item i  where (item_Id=0 or i.itemId=item_Id) and i.isDeleted=0;

end;
END */$$
DELIMITER ;

/* Procedure structure for procedure `proc_get_m_item_for_edit_list` */

/*!50003 DROP PROCEDURE IF EXISTS  `proc_get_m_item_for_edit_list` */;

DELIMITER $$

/*!50003 CREATE DEFINER=`leade_testing2`@`%` PROCEDURE `proc_get_m_item_for_edit_list`(item_Type_Id int)
BEGIN
DECLARE exit handler for sqlexception
        BEGIN
        ROLLBACK;
        END;
    DECLARE exit handler for sqlwarning
        BEGIN
    ROLLBACK;
        END;
START TRANSACTION;
begin

 Select i.itemId,i.itemName,i.itemSubTypeId,i.internalItemCode,i.itemDescription,substring(i.itemDescription,1,25) as sortitemDescription,i.itemPrice,i.itemMinOrderQty,
 i.itemManufacturingPartNumber,i.itemStatus,(select IF(ISNULL(isApproved),0,isApproved) from m_itemrequestforapproval 
 where itemId=i.itemId ORDER BY requestId DESC LIMIT 1) as isApproved
,(select itemTypeName from m_itemtype where itemTypeId =i.itemTypeId) as itemType
from  m_item i  where (item_Type_Id=0 or i.itemTypeId=item_Type_Id) and i.isDeleted=0;
end;
END */$$
DELIMITER ;

/* Procedure structure for procedure `proc_get_m_item_for_list` */

/*!50003 DROP PROCEDURE IF EXISTS  `proc_get_m_item_for_list` */;

DELIMITER $$

/*!50003 CREATE DEFINER=`leade_testing2`@`%` PROCEDURE `proc_get_m_item_for_list`(item_Type_Id int)
BEGIN
DECLARE exit handler for sqlexception
        BEGIN
        ROLLBACK;
        END;
    DECLARE exit handler for sqlwarning
        BEGIN
    ROLLBACK;
        END;
START TRANSACTION;
begin

 Select i.itemId,i.internalItemCode,i.itemDescription,substring(i.itemDescription,1,45) as sortitemDescription,i.itemName,i.itemTypeId,
 i.itemSubTypeId,i.itemManufacturingPartNumber,
(select itemTypeName  from m_itemtype where itemTypeId =i.itemTypeId) as itemType
from  m_item i  where (item_Type_Id=0 or i.itemTypeId=item_Type_Id) and i.isActive=0 and i.isDeleted=0 ;


end;
END */$$
DELIMITER ;

/* Procedure structure for procedure `proc_get_m_item_for_search_acc_searchValue` */

/*!50003 DROP PROCEDURE IF EXISTS  `proc_get_m_item_for_search_acc_searchValue` */;

DELIMITER $$

/*!50003 CREATE DEFINER=`leade_testing2`@`%` PROCEDURE `proc_get_m_item_for_search_acc_searchValue`(SearchValue varchar(50))
BEGIN
DECLARE exit handler for sqlexception
        BEGIN
        ROLLBACK;
        END;
    DECLARE exit handler for sqlwarning
        BEGIN
    ROLLBACK;
        END;
START TRANSACTION;
begin

 Select i.itemId,i.itemDescription,i.itemManufacturingPartNumber,i.itemHSCode,i.internalItemCode,i.itemImagesUrl as imageurl,i.itemCADFileUrl,i.itemQuantity
from  m_item i join m_itemtype it on i.itemTypeId=it.itemTypeId join m_subitemtype sit on i.itemSubTypeId=sit.subitemtypeId where 
(i.internalItemCode= SearchValue or i.itemName= SearchValue or  i.itemManufacturingPartNumber=SearchValue
 or it.itemTypeName=SearchValue or sit.subitemtypeName=SearchValue) and i.isDeleted=0 order by i.internalItemCode;


end;
END */$$
DELIMITER ;

/* Procedure structure for procedure `proc_get_m_item_for_search_list_Acc_Type_Id` */

/*!50003 DROP PROCEDURE IF EXISTS  `proc_get_m_item_for_search_list_Acc_Type_Id` */;

DELIMITER $$

/*!50003 CREATE DEFINER=`leade_testing2`@`%` PROCEDURE `proc_get_m_item_for_search_list_Acc_Type_Id`(item_Type_Id int)
BEGIN
DECLARE exit handler for sqlexception
        BEGIN
        ROLLBACK;
        END;
    DECLARE exit handler for sqlwarning
        BEGIN
    ROLLBACK;
        END;
START TRANSACTION;
begin

 Select i.itemId,i.itemDescription,i.itemManufacturingPartNumber,i.itemHSCode,i.internalItemCode,i.itemImagesUrl as imageurl,i.itemCADFileUrl
,i.itemQuantity
from  m_item i  where (item_Type_Id=0 or i.itemTypeId=item_Type_Id) and i.isDeleted=0;
end;
END */$$
DELIMITER ;

/* Procedure structure for procedure `proc_get_m_item_list_for_compare` */

/*!50003 DROP PROCEDURE IF EXISTS  `proc_get_m_item_list_for_compare` */;

DELIMITER $$

/*!50003 CREATE DEFINER=`leade_testing2`@`%` PROCEDURE `proc_get_m_item_list_for_compare`(item_Id int)
BEGIN
DECLARE exit handler for sqlexception
        BEGIN
        ROLLBACK;
        END;
    DECLARE exit handler for sqlwarning
        BEGIN
    ROLLBACK;
        END;
START TRANSACTION;
begin

DROP TEMPORARY TABLE IF EXISTS itemtemp;
CREATE TEMPORARY TABLE `itemtemp` (
  
  `itemId` int DEFAULT NULL,
  `UOMName` varchar(50) DEFAULT NULL,
  `uomGroupName` varchar(50) DEFAULT NULL,
  `valuationName` varchar(50) DEFAULT NULL,
  `manageitemName` varchar(50) DEFAULT NULL,
  `subitemName` varchar(50) DEFAULT NULL,
  `itemType` varchar(50) DEFAULT NULL,
  `materialCategoryId` varchar(50) DEFAULT NULL,
  `itemDescription` varchar(500) DEFAULT NULL,
  `itemManufacture` varchar(50) DEFAULT NULL,
  `itemBrand` varchar(50) DEFAULT NULL,
  `supplierName` varchar(50) DEFAULT NULL,
  `itemPrice` decimal(18,2) DEFAULT NULL,
  `itemMinOrderQty` decimal(18,2) DEFAULT NULL,
  `itemThreshold` varchar(100) DEFAULT NULL,
  `itemHSCode` varchar(50) DEFAULT NULL,
  `itemURLLink` varchar(500) DEFAULT NULL,
  `itemCoCountryofOrigin` varchar(100) DEFAULT NULL,
  `itemManufacturingPartNumber` varchar(50) DEFAULT NULL,
  `itemShippingCost` decimal(18,2) DEFAULT NULL,
  `itemContactDetails` varchar(20) DEFAULT NULL,
  `itemEMail` varchar(100) DEFAULT NULL,
  `itemWeChat` varchar(100) DEFAULT NULL,
  `itemWhatsApp` varchar(20) DEFAULT NULL,
  `itemOtherContactType` varchar(20) DEFAULT NULL,
  `itemDataSheetUrl` varchar(100) DEFAULT NULL,
  `itemComplianceUrl` varchar(100) DEFAULT NULL,
  `itemCADFileUrl` varchar(100) DEFAULT NULL,
  `itemCertificationUrl` varchar(100) DEFAULT NULL,
  `itemScrappingfromWebUrl` varchar(100) DEFAULT NULL,
  `itemImagesUrl` varchar(2000) DEFAULT NULL,
  `itemStatus` varchar(20) DEFAULT NULL,
  `internalItemCode` varchar(20) DEFAULT NULL,
  `userId` int DEFAULT NULL,
  `transDate` datetime DEFAULT CURRENT_TIMESTAMP,
  `subitemtypefieldOptionType` varchar(1000) DEFAULT NULL,
  `subitemtypefieldOptionValues` varchar(5000) DEFAULT NULL,
  `itemName` varchar(50) DEFAULT NULL,
  `itemScrapUrl` varchar(200) DEFAULT NULL,
  `itemScrapType` varchar(45) DEFAULT NULL,
  `itemScrapImage` varchar(500) DEFAULT NULL,
  `itemQRCodeImagePath` varchar(200) DEFAULT NULL,
  `currencyName` varchar(50) DEFAULT NULL,
  `subitemtypefieldUOMName` varchar(1000) DEFAULT NULL,
  `altUOMName` varchar(50) DEFAULT NULL,
  `altuomGroupName` varchar(50) DEFAULT NULL,
  `hscategoryName` varchar(50) DEFAULT NULL,
  `itemQuantity` decimal(18,2) DEFAULT '0.00',
  `rackName` varchar(50) DEFAULT NULL,
  `racknumberName` varchar(50) DEFAULT NULL,
  `storelocationName` varchar(50) DEFAULT NULL,
  `storelocationCode` varchar(20) DEFAULT NULL,
  `cellNumber` VARCHAR(50) DEFAULT NULL
) ;
 insert into itemtemp(itemId,itemDescription,itemManufacture,itemBrand,supplierName,itemPrice,itemMinOrderQty,itemThreshold,itemHSCode,itemURLLink,
 itemCoCountryofOrigin,
 itemManufacturingPartNumber,itemShippingCost,itemContactDetails,itemEMail,itemWeChat,itemWhatsApp,itemOtherContactType,itemDataSheetUrl,itemComplianceUrl,
 itemCADFileUrl,itemCertificationUrl,itemScrappingfromWebUrl,itemImagesUrl,internalItemCode,transDate,subitemtypefieldUOMName,itemQuantity,storelocationCode,
 subitemtypefieldOptionValues,UOMName,uomGroupName,altUOMName,altuomGroupName,valuationName,manageitemName, subitemName,itemType,
 currencyName,hscategoryName, rackName,racknumberName,storelocationName,cellNumber)   

select i.itemId,i.itemDescription,i.itemManufacture,i.itemBrand,i.supplierName,i.itemPrice,i.itemMinOrderQty,i.itemThreshold,i.itemHSCode,
i.itemURLLink,i.itemCoCountryofOrigin,i.itemManufacturingPartNumber,i.itemShippingCost,i.itemContactDetails,i.itemEMail,i.itemWeChat,
i.itemWhatsApp,i.itemOtherContactType,i.itemDataSheetUrl,i.itemComplianceUrl,i.itemCADFileUrl,i.itemCertificationUrl,i.itemScrappingfromWebUrl,
i.itemImagesUrl,i.internalItemCode,i.transDate,i.subitemtypefieldUOMName,i.itemQuantity,i.storelocationCode,i.subitemtypefieldOptionValues,
(select concat(uomName,'(',uomCode, ')')  from m_uom where  uomId=i.uomId) as UOMName,
(select uomGroupName  from m_uomgroup where  uomGroupId=i.uomGroupId) as uomGroupName,
(select concat(uomName,'(',uomCode, ')')  from m_uom where  uomId=i.altUOMId) as altUOMName,
(select uomGroupName  from m_uomgroup where  uomGroupId=i.altUOMGroupId) as altuomGroupName,
(select valuationName  from m_valuation where  valuationId=i.valuationId) as valuationName,
(select  concat(manageitemName,'(',manageitemCode, ')') from m_manageitem  where  manageitemId=i.itemManageCodeId) as manageitemName,
(select subitemtypeName from m_subitemtype where  subitemtypeId=i.itemSubTypeId) as subitemName,
(select itemTypeName  from m_itemtype where itemTypeId =i.itemTypeId) as itemType,
(select currencySymbol  from m_currency where  currencyId=i.currencyId) as currencyName,
(select hscategoryName  from m_hscategory where  hscategoryId=i.hscategoryId) as hscategoryName,
(select  rackName from  m_rack where  rackId=i.rackId) as rackName,
(select  racknumberName from m_racknumber where  racknumberId=i.racknumberId) as racknumberName,
(select  storelocationName from m_storelocation where  storelocationId=i.storelocationId) as storelocationName, 
(SELECT  `cellNo` FROM `m_cellno` WHERE  `cellId`=i.cellId) AS cellNumber 

from m_item i where i.itemId=item_Id;

 insert into itemtemp(itemId,itemDescription,itemManufacture,itemBrand,supplierName,itemPrice,itemMinOrderQty,itemThreshold,itemHSCode,itemURLLink,
 itemCoCountryofOrigin,
 itemManufacturingPartNumber,itemShippingCost,itemContactDetails,itemEMail,itemWeChat,itemWhatsApp,itemOtherContactType,itemDataSheetUrl,itemComplianceUrl,
 itemCADFileUrl,itemCertificationUrl,itemScrappingfromWebUrl,itemImagesUrl,internalItemCode,transDate,subitemtypefieldUOMName,itemQuantity,storelocationCode,
 subitemtypefieldOptionValues,UOMName,uomGroupName,altUOMName,altuomGroupName,valuationName,manageitemName, subitemName,itemType,
 currencyName,hscategoryName, rackName,racknumberName,storelocationName,cellNumber)   

select i.itemId,i.itemDescription,i.itemManufacture,i.itemBrand,i.supplierName,i.itemPrice,i.itemMinOrderQty,i.itemThreshold,i.itemHSCode,
i.itemURLLink,i.itemCoCountryofOrigin,i.itemManufacturingPartNumber,i.itemShippingCost,i.itemContactDetails,i.itemEMail,i.itemWeChat,
i.itemWhatsApp,i.itemOtherContactType,i.itemDataSheetUrl,i.itemComplianceUrl,i.itemCADFileUrl,i.itemCertificationUrl,i.itemScrappingfromWebUrl,
i.itemImagesUrl,i.internalItemCode,i.transDate,i.subitemtypefieldUOMName,i.itemQuantity,i.storelocationCode,i.subitemtypefieldOptionValues,
(select concat(uomName,'(',uomCode, ')')  from m_uom where  uomId=i.uomId) as UOMName,
(select uomGroupName  from m_uomgroup where  uomGroupId=i.uomGroupId) as uomGroupName,
(select concat(uomName,'(',uomCode, ')')  from m_uom where  uomId=i.altUOMId) as altUOMName,
(select uomGroupName  from m_uomgroup where  uomGroupId=i.altUOMGroupId) as altuomGroupName,
(select valuationName  from m_valuation where  valuationId=i.valuationId) as valuationName,
(select  concat(manageitemName,'(',manageitemCode, ')') from m_manageitem  where  manageitemId=i.itemManageCodeId) as manageitemName,
(select subitemtypeName from m_subitemtype where  subitemtypeId=i.itemSubTypeId) as subitemName,
(select itemTypeName  from m_itemtype where itemTypeId =i.itemTypeId) as itemType,
(select currencySymbol  from m_currency where  currencyId=i.currencyId) as currencyName,
(select hscategoryName  from m_hscategory where  hscategoryId=i.hscategoryId) as hscategoryName,
(select  rackName from  m_rack where  rackId=i.rackId) as rackName,
(select  racknumberName from m_racknumber where  racknumberId=i.racknumberId) as racknumberName,
(select  storelocationName from m_storelocation where  storelocationId=i.storelocationId) as storelocationName,
(SELECT  `cellNo` FROM `m_cellno` WHERE  `cellId`=i.cellId) AS cellNumber 
 from m_item_log i where i.itemId=item_Id
 ORDER BY logId DESC LIMIT 1 ;
 
 select * from itemtemp;
end;
END */$$
DELIMITER ;

/* Procedure structure for procedure `proc_get_m_item_list_for_export` */

/*!50003 DROP PROCEDURE IF EXISTS  `proc_get_m_item_list_for_export` */;

DELIMITER $$

/*!50003 CREATE DEFINER=`leade_testing2`@`%` PROCEDURE `proc_get_m_item_list_for_export`(item_Id int)
BEGIN
DECLARE exit handler for sqlexception
        BEGIN
        ROLLBACK;
        END;
    DECLARE exit handler for sqlwarning
        BEGIN
    ROLLBACK;
        END;
START TRANSACTION;
begin

 Select i.internalItemCode,i.itemDescription,i.itemManufacture,i.itemManufacturingPartNumber from  m_item i 
 where (item_Id=0 or i.itemId=item_Id) and i.isDeleted=0;
end;
END */$$
DELIMITER ;

/* Procedure structure for procedure `proc_get_m_item_list_for_exportAccItercode` */

/*!50003 DROP PROCEDURE IF EXISTS  `proc_get_m_item_list_for_exportAccItercode` */;

DELIMITER $$

/*!50003 CREATE DEFINER=`leade_testing2`@`%` PROCEDURE `proc_get_m_item_list_for_exportAccItercode`(item_internal_code varchar(50))
BEGIN
DECLARE exit handler for sqlexception
        BEGIN
        ROLLBACK;
        END;
    DECLARE exit handler for sqlwarning
        BEGIN
    ROLLBACK;
        END;
START TRANSACTION;
begin

 Select i.internalItemCode,i.itemDescription,i.itemManufacture,i.itemManufacturingPartNumber from  m_item i 
 where (i.internalItemCode=item_internal_code) and i.isDeleted=0;
end;
END */$$
DELIMITER ;

/* Procedure structure for procedure `proc_get_m_item_list_for_popup` */

/*!50003 DROP PROCEDURE IF EXISTS  `proc_get_m_item_list_for_popup` */;

DELIMITER $$

/*!50003 CREATE DEFINER=`leade_testing2`@`%` PROCEDURE `proc_get_m_item_list_for_popup`(item_Id int)
BEGIN
DECLARE exit handler for sqlexception
        BEGIN
        ROLLBACK;
        END;
    DECLARE exit handler for sqlwarning
        BEGIN
    ROLLBACK;
        END;
START TRANSACTION;
begin

 SELECT i.itemId,i.internalItemCode,i.itemDescription,i.itemManufacture,i.itemBrand,i.supplierName,i.itemPrice,
 i.itemMinOrderQty,i.itemThreshold,i.itemHSCode,i.itemURLLink,i.itemCoCountryofOrigin,i.itemManufacturingPartNumber,
 i.itemShippingCost,i.itemContactDetails,i.itemEMail,i.itemWeChat,i.itemWhatsApp,i.itemOtherContactType,i.itemName,i.itemBarCodeNo,
 i.itemDataSheetUrl,i.itemComplianceUrl,i.itemCADFileUrl,i.itemCertificationUrl,i.itemScrappingfromWebUrl,i.itemStatus,i.itemImagesUrl,
i.subitemtypefieldOptionValues ,i.itemQRCodeImagePath ,i.subitemtypefieldUOMName,i.itemQuantity,i.storelocationCode,i.designerURL,
 (SELECT uomName  FROM m_uom WHERE  uomId=i.uomId) AS UOMName,
  (SELECT uomName  FROM m_uom WHERE  uomId=i.altUOMId) AS altUOMName,
 (SELECT uomGroupName FROM m_uomgroup WHERE  uomGroupId=i.uomGroupId) AS uomGroupName,
 (SELECT uomGroupName  FROM m_uomgroup WHERE  uomGroupId=i.altUOMGroupId) AS altuomGroupName,
 (SELECT valuationName  FROM m_valuation WHERE  valuationId=i.valuationId) AS valuationName,
 (SELECT  manageitemName FROM m_manageitem  WHERE  manageitemId=i.itemManageCodeId) AS manageitemName,
 (SELECT subitemtypeName FROM m_subitemtype WHERE  subitemtypeId=i.itemSubTypeId) AS subitemName,
 (SELECT itemTypeName  FROM m_itemtype WHERE itemTypeId =i.itemTypeId) AS itemType,
 (SELECT rackName  FROM m_rack WHERE  rackId=i.rackId) AS rackName,
 (SELECT racknumberName  FROM m_racknumber WHERE  racknumberId=i.racknumberId) AS racknumberName,
 (SELECT  storelocationName FROM m_storelocation WHERE  storelocationId=i.storelocationId) AS storelocationName,
 (SELECT hscategoryName  FROM m_hscategory WHERE  hscategoryId=i.hscategoryId) AS hsCategoryName,
(SELECT GROUP_CONCAT(altManufacturingPartNumber) FROM m_itemalternate WHERE itemId=i.itemId) AS altManufacturingPartNumber,
(SELECT GROUP_CONCAT(altBrand) FROM m_itemalternate WHERE itemId=i.itemId) AS altBrand,
(SELECT GROUP_CONCAT(altUrl) FROM m_itemalternate WHERE itemId=i.itemId) AS altUrl,
 (SELECT cellNo  FROM m_cellno WHERE  cellId=i.cellId) AS CellNo
FROM  m_item i  WHERE ( i.itemId=item_Id) AND i.isDeleted=0;

end;
END */$$
DELIMITER ;

/* Procedure structure for procedure `proc_get_m_item_location_detail_acc_qrcode` */

/*!50003 DROP PROCEDURE IF EXISTS  `proc_get_m_item_location_detail_acc_qrcode` */;

DELIMITER $$

/*!50003 CREATE DEFINER=`leade_testing2`@`%` PROCEDURE `proc_get_m_item_location_detail_acc_qrcode`(
    item_Bar_Code_No varchar(50)
    )
BEGIN
DECLARE exit handler for sqlexception
        BEGIN
        ROLLBACK;
        END;
    DECLARE exit handler for sqlwarning
        BEGIN
    ROLLBACK;
        END;
START TRANSACTION;
begin
 Select i.itemId,i.internalItemCode,i.rackId,i.racknumberId,i.storelocationId,i.storelocationCode,i.itemQuantity,
 (select rackName from m_rack where rackId=i.rackId) as rackName,
(select racknumberName from m_racknumber where racknumberId=i.racknumberId) as racknumberName,
(select storelocationName from m_storelocation where storelocationId=i.rackId) as storelocationName,
(SELECT  `cellNo` FROM `m_cellno` WHERE  `cellId`=i.cellId) AS cellNumber 
from  m_item i where itemBarCodeNo=item_Bar_Code_No and  i.isDeleted=0 ;

end;
END */$$
DELIMITER ;

/* Procedure structure for procedure `proc_get_m_item_pending_for_list` */

/*!50003 DROP PROCEDURE IF EXISTS  `proc_get_m_item_pending_for_list` */;

DELIMITER $$

/*!50003 CREATE DEFINER=`leade_testing2`@`%` PROCEDURE `proc_get_m_item_pending_for_list`()
BEGIN
DECLARE exit handler for sqlexception
        BEGIN
        ROLLBACK;
        END;
    DECLARE exit handler for sqlwarning
        BEGIN
    ROLLBACK;
        END;
START TRANSACTION;
begin
 Select i.requestId ,i.itemId,i.internalItemCode,i.requestDescription,i.itemManufacturingPartNumber,i.isApproved

from  m_itemrequestforapproval i where  i.isApproved=0 and i.isActive=0 and i.isDeleted=0 and i.isReject=0 order by i.internalItemCode;

end;
END */$$
DELIMITER ;

/* Procedure structure for procedure `proc_get_m_item_rejected_for_list` */

/*!50003 DROP PROCEDURE IF EXISTS  `proc_get_m_item_rejected_for_list` */;

DELIMITER $$

/*!50003 CREATE DEFINER=`leade_testing2`@`%` PROCEDURE `proc_get_m_item_rejected_for_list`()
BEGIN
DECLARE exit handler for sqlexception
        BEGIN
        ROLLBACK;
        END;
    DECLARE exit handler for sqlwarning
        BEGIN
    ROLLBACK;
        END;
START TRANSACTION;
begin
 Select i.requestId ,i.itemId,i.internalItemCode,i.requestDescription,i.itemManufacturingPartNumber,i.isApproved

from  m_itemrequestforapproval i where  i.isApproved=0 and i.isActive=0 and i.isDeleted=0 and i.isReject=1 order by i.internalItemCode;

end;
END */$$
DELIMITER ;

/* Procedure structure for procedure `proc_get_m_item_type_for_item` */

/*!50003 DROP PROCEDURE IF EXISTS  `proc_get_m_item_type_for_item` */;

DELIMITER $$

/*!50003 CREATE DEFINER=`leade_testing2`@`%` PROCEDURE `proc_get_m_item_type_for_item`(
Item_Type_Id int
)
BEGIN
DECLARE exit handler for sqlexception
        BEGIN
        ROLLBACK;
        END;
    DECLARE exit handler for sqlwarning
        BEGIN
    ROLLBACK;
        END;
START TRANSACTION;
begin

Select it.itemTypeId,it.itemTypeName,it.itemTypeUrl,
(select count(itemId)  from m_item where itemTypeId=it.itemTypeId) as itemNumber
 from m_itemtype  it where (Item_Type_Id=0 or itemTypeId=Item_Type_Id) and isDeleted=0 
 group by itemTypeId,itemTypeName order by it.itemTypeName;
end;
  COMMIT;
END */$$
DELIMITER ;

/* Procedure structure for procedure `proc_get_m_item_type_for_list` */

/*!50003 DROP PROCEDURE IF EXISTS  `proc_get_m_item_type_for_list` */;

DELIMITER $$

/*!50003 CREATE DEFINER=`leade_testing2`@`%` PROCEDURE `proc_get_m_item_type_for_list`(Item_Type_Id int)
BEGIN
DECLARE exit handler for sqlexception
        BEGIN
        ROLLBACK;
        END;
    DECLARE exit handler for sqlwarning
        BEGIN
    ROLLBACK;
        END;
START TRANSACTION;
begin

Select itemTypeId,itemTypeCode,itemTypeName,itemTypeUrl,isApproved 
from m_itemtype where (Item_Type_Id=0 or itemTypeId=Item_Type_Id) and isDeleted=0 order by itemTypeName;

end;
  COMMIT;
END */$$
DELIMITER ;

/* Procedure structure for procedure `proc_get_m_item_type_Name` */

/*!50003 DROP PROCEDURE IF EXISTS  `proc_get_m_item_type_Name` */;

DELIMITER $$

/*!50003 CREATE DEFINER=`leade_testing2`@`%` PROCEDURE `proc_get_m_item_type_Name`()
BEGIN
DECLARE exit handler for sqlexception
        BEGIN
        ROLLBACK;
        END;
    DECLARE exit handler for sqlwarning
        BEGIN
    ROLLBACK;
        END;
START TRANSACTION;
begin

 Select itemTypeId,itemTypeName  as itemTypeName from m_itemtype where isDeleted=0 order by itemTypeName;


end;

  COMMIT;
END */$$
DELIMITER ;

/* Procedure structure for procedure `proc_get_m_language_for_list` */

/*!50003 DROP PROCEDURE IF EXISTS  `proc_get_m_language_for_list` */;

DELIMITER $$

/*!50003 CREATE DEFINER=`leade_testing2`@`%` PROCEDURE `proc_get_m_language_for_list`(Language_Id int)
BEGIN
DECLARE exit handler for sqlexception
        BEGIN
        ROLLBACK;
        END;
    DECLARE exit handler for sqlwarning
        BEGIN
    ROLLBACK;
        END;
START TRANSACTION;
begin
Select languageId,languageName,isApproved from m_language where (Language_Id=0 or languageId=Language_Id) and isDeleted=0
order by languageName;
end;

  COMMIT;
END */$$
DELIMITER ;

/* Procedure structure for procedure `proc_get_m_Manage_item_for_list` */

/*!50003 DROP PROCEDURE IF EXISTS  `proc_get_m_Manage_item_for_list` */;

DELIMITER $$

/*!50003 CREATE DEFINER=`leade_testing2`@`%` PROCEDURE `proc_get_m_Manage_item_for_list`(Manage_Item_Id int)
BEGIN
DECLARE exit handler for sqlexception
        BEGIN
        ROLLBACK;
        END;
    DECLARE exit handler for sqlwarning
        BEGIN
    ROLLBACK;
        END;
START TRANSACTION;
begin

Select manageitemId,manageitemCode,manageitemName,isApproved from m_manageitem where (Manage_Item_Id=0 or manageitemId=Manage_Item_Id)
 and isDeleted=0 order by manageitemName;


end;

  COMMIT;
END */$$
DELIMITER ;

/* Procedure structure for procedure `proc_get_m_Manage_item_name` */

/*!50003 DROP PROCEDURE IF EXISTS  `proc_get_m_Manage_item_name` */;

DELIMITER $$

/*!50003 CREATE DEFINER=`leade_testing2`@`%` PROCEDURE `proc_get_m_Manage_item_name`()
BEGIN
DECLARE exit handler for sqlexception
        BEGIN
        ROLLBACK;
        END;
    DECLARE exit handler for sqlwarning
        BEGIN
    ROLLBACK;
        END;
START TRANSACTION;
begin
Select manageitemId,manageitemName as manageitemName from m_manageitem where isDeleted=0 order by manageitemName;
end;
  COMMIT;
END */$$
DELIMITER ;

/* Procedure structure for procedure `proc_get_m_material_category_for_list` */

/*!50003 DROP PROCEDURE IF EXISTS  `proc_get_m_material_category_for_list` */;

DELIMITER $$

/*!50003 CREATE DEFINER=`leade_testing2`@`%` PROCEDURE `proc_get_m_material_category_for_list`(material_category_Id int)
BEGIN
DECLARE exit handler for sqlexception
        BEGIN
        ROLLBACK;
        END;
    DECLARE exit handler for sqlwarning
        BEGIN
    ROLLBACK;
        END;
START TRANSACTION;
begin

Select materialCategoryId,materialCategoryCode,materialCategoryName,isApproved from m_materialcategory 
where (material_category_Id=0 or materialCategoryId=material_category_Id) and isDeleted=0;
end;

  COMMIT;
END */$$
DELIMITER ;

/* Procedure structure for procedure `proc_get_m_material_category_Name` */

/*!50003 DROP PROCEDURE IF EXISTS  `proc_get_m_material_category_Name` */;

DELIMITER $$

/*!50003 CREATE DEFINER=`leade_testing2`@`%` PROCEDURE `proc_get_m_material_category_Name`()
BEGIN
DECLARE exit handler for sqlexception
        BEGIN
        ROLLBACK;
        END;
    DECLARE exit handler for sqlwarning
        BEGIN
    ROLLBACK;
        END;
START TRANSACTION;
begin

Select materialCategoryId,materialCategoryName as materialCategoryName from m_materialcategory where isDeleted=0;

end;

  COMMIT;
END */$$
DELIMITER ;

/* Procedure structure for procedure `proc_get_m_menu_list` */

/*!50003 DROP PROCEDURE IF EXISTS  `proc_get_m_menu_list` */;

DELIMITER $$

/*!50003 CREATE DEFINER=`leade_testing2`@`%` PROCEDURE `proc_get_m_menu_list`(menu_Id int)
BEGIN
DECLARE exit handler for sqlexception
        BEGIN
        ROLLBACK;
        END;
    DECLARE exit handler for sqlwarning
        BEGIN
    ROLLBACK;
        END;
START TRANSACTION;
begin
 Select menuId,menuName,icon from m_mainmenu  where (menu_Id=0 or menuId=menu_Id) and isDeleted=0;
end;

  COMMIT;
END */$$
DELIMITER ;

/* Procedure structure for procedure `proc_get_m_message_for_email` */

/*!50003 DROP PROCEDURE IF EXISTS  `proc_get_m_message_for_email` */;

DELIMITER $$

/*!50003 CREATE DEFINER=`leade_testing2`@`%` PROCEDURE `proc_get_m_message_for_email`(Message_Type varchar(50))
BEGIN
DECLARE exit handler for sqlexception
        BEGIN
        ROLLBACK;
        END;
    DECLARE exit handler for sqlwarning
        BEGIN
    ROLLBACK;
        END;
START TRANSACTION;
begin
 Select messageId,messageType,messageDescription from m_message where (messageType=Message_Type) and isDeleted=0 order by messageType;
end;
  COMMIT;
END */$$
DELIMITER ;

/* Procedure structure for procedure `proc_get_m_message_for_list` */

/*!50003 DROP PROCEDURE IF EXISTS  `proc_get_m_message_for_list` */;

DELIMITER $$

/*!50003 CREATE DEFINER=`leade_testing2`@`%` PROCEDURE `proc_get_m_message_for_list`(
Message_Id int    
    )
BEGIN
DECLARE exit handler for sqlexception
        BEGIN
        ROLLBACK;
        END;
    DECLARE exit handler for sqlwarning
        BEGIN
    ROLLBACK;
        END;
START TRANSACTION;
begin
 Select messageId,messageType,messageDescription,isApproved  from m_message where (Message_Id=0 or messageId=Message_Id) and isDeleted=0 order by messageType;
end;
  COMMIT;
END */$$
DELIMITER ;

/* Procedure structure for procedure `proc_get_m_priority_for_list` */

/*!50003 DROP PROCEDURE IF EXISTS  `proc_get_m_priority_for_list` */;

DELIMITER $$

/*!50003 CREATE DEFINER=`leade_testing2`@`%` PROCEDURE `proc_get_m_priority_for_list`(Priority_Id int)
BEGIN
DECLARE exit handler for sqlexception
        BEGIN
        ROLLBACK;
        END;
    DECLARE exit handler for sqlwarning
        BEGIN
    ROLLBACK;
        END;
START TRANSACTION;
begin

 Select priorityId,priorityName,isApproved from  m_priority
where (Priority_Id=0 or priorityId=Priority_Id) and isDeleted=0 order by priorityName;

end;

  COMMIT;
END */$$
DELIMITER ;

/* Procedure structure for procedure `proc_get_m_racknumber_for_list` */

/*!50003 DROP PROCEDURE IF EXISTS  `proc_get_m_racknumber_for_list` */;

DELIMITER $$

/*!50003 CREATE DEFINER=`leade_testing2`@`%` PROCEDURE `proc_get_m_racknumber_for_list`(Rack_number_Id int)
BEGIN
DECLARE exit handler for sqlexception
        BEGIN
        ROLLBACK;
        END;
    DECLARE exit handler for sqlwarning
        BEGIN
    ROLLBACK;
        END;
START TRANSACTION;
begin
Select racknumberId,racknumberName,isApproved from m_racknumber where (Rack_number_Id=0 or racknumberId=Rack_number_Id) and isDeleted=0
order by racknumberName;
end;

  COMMIT;
END */$$
DELIMITER ;

/* Procedure structure for procedure `proc_get_m_rack_for_list` */

/*!50003 DROP PROCEDURE IF EXISTS  `proc_get_m_rack_for_list` */;

DELIMITER $$

/*!50003 CREATE DEFINER=`leade_testing2`@`%` PROCEDURE `proc_get_m_rack_for_list`(
Rack_Id int
)
BEGIN
DECLARE exit handler for sqlexception
        BEGIN
        ROLLBACK;
        END;
    DECLARE exit handler for sqlwarning
        BEGIN
    ROLLBACK;
        END;
START TRANSACTION;
begin
Select rackId,rackName,rackNumber,isApproved from m_rack where (Rack_Id=0 or rackId=Rack_Id) and isDeleted=0 order by rackName;
end;

  COMMIT;
END */$$
DELIMITER ;

/* Procedure structure for procedure `proc_get_m_request_for_edit_list` */

/*!50003 DROP PROCEDURE IF EXISTS  `proc_get_m_request_for_edit_list` */;

DELIMITER $$

/*!50003 CREATE DEFINER=`leade_testing2`@`%` PROCEDURE `proc_get_m_request_for_edit_list`()
BEGIN
DECLARE exit handler for sqlexception
        BEGIN
        ROLLBACK;
        END;
    DECLARE exit handler for sqlwarning
        BEGIN
    ROLLBACK;
        END;
START TRANSACTION;
begin

 Select r.requestId,r.itemId,r.internalItemCode,r.itemManufacturingPartNumber,r.requestDescription,r.isApproved
 ,i.itemSubTypeId from  m_itemrequestforapproval r 
 inner join m_item i on r.itemId=i.itemId where r.isDeleted=0;

end;

  COMMIT;
END */$$
DELIMITER ;

/* Procedure structure for procedure `proc_get_m_sales_group_for_list` */

/*!50003 DROP PROCEDURE IF EXISTS  `proc_get_m_sales_group_for_list` */;

DELIMITER $$

/*!50003 CREATE DEFINER=`leade_testing2`@`%` PROCEDURE `proc_get_m_sales_group_for_list`(Sales_Group_Id int)
BEGIN
DECLARE exit handler for sqlexception
        BEGIN
        ROLLBACK;
        END;
    DECLARE exit handler for sqlwarning
        BEGIN
    ROLLBACK;
        END;
START TRANSACTION;
begin

Select salesGroupId,salesGroupCode,salesGroupName,isApproved from  m_salesgroup
where (Sales_Group_Id=0 or Sales_Group_Id=Sales_Group_Id) and isDeleted=0 order by salesGroupName;


end;

  COMMIT;
END */$$
DELIMITER ;

/* Procedure structure for procedure `proc_get_m_sales_group_Name` */

/*!50003 DROP PROCEDURE IF EXISTS  `proc_get_m_sales_group_Name` */;

DELIMITER $$

/*!50003 CREATE DEFINER=`leade_testing2`@`%` PROCEDURE `proc_get_m_sales_group_Name`()
BEGIN
DECLARE exit handler for sqlexception
        BEGIN
        ROLLBACK;
        END;
    DECLARE exit handler for sqlwarning
        BEGIN
    ROLLBACK;
        END;
START TRANSACTION;
begin

 Select salesGroupId,salesGroupName  as salesGroupName from  m_salesgroup where isDeleted=0 order by salesGroupName;

end;

  COMMIT;
END */$$
DELIMITER ;

/* Procedure structure for procedure `proc_get_m_state_for_list` */

/*!50003 DROP PROCEDURE IF EXISTS  `proc_get_m_state_for_list` */;

DELIMITER $$

/*!50003 CREATE DEFINER=`leade_testing2`@`%` PROCEDURE `proc_get_m_state_for_list`(State_Id int)
BEGIN
DECLARE exit handler for sqlexception
        BEGIN
        ROLLBACK;
        END;
    DECLARE exit handler for sqlwarning
        BEGIN
    ROLLBACK;
        END;
START TRANSACTION;
begin

 Select s.countryId,s.stateId,s.stateName ,s.stateCode,s.isApproved,
m.countryName  as countryName,s.gstCode from  m_state s 
 inner join m_country m on s.countryId=m.countryId where s.isDeleted=0 order by countryName;


end;
END */$$
DELIMITER ;

/* Procedure structure for procedure `proc_get_m_state_name` */

/*!50003 DROP PROCEDURE IF EXISTS  `proc_get_m_state_name` */;

DELIMITER $$

/*!50003 CREATE DEFINER=`leade_testing2`@`%` PROCEDURE `proc_get_m_state_name`()
BEGIN
DECLARE exit handler for sqlexception
        BEGIN
        ROLLBACK;
        END;
    DECLARE exit handler for sqlwarning
        BEGIN
    ROLLBACK;
        END;
START TRANSACTION;
begin

Select s.stateId,s.stateName  as stateName from  m_state s where s.isDeleted=0 order by stateName;
 

end;
END */$$
DELIMITER ;

/* Procedure structure for procedure `proc_get_m_state_name_Acc_Country` */

/*!50003 DROP PROCEDURE IF EXISTS  `proc_get_m_state_name_Acc_Country` */;

DELIMITER $$

/*!50003 CREATE DEFINER=`leade_testing2`@`%` PROCEDURE `proc_get_m_state_name_Acc_Country`(
Country_Id int)
BEGIN
DECLARE exit handler for sqlexception
        BEGIN
        ROLLBACK;
        END;
    DECLARE exit handler for sqlwarning
        BEGIN
    ROLLBACK;
        END;
START TRANSACTION;
begin

Select s.stateId,s.stateName  as stateName from  m_state s where countryId=Country_Id and  isDeleted=0 order by stateName;
 

end;
END */$$
DELIMITER ;

/* Procedure structure for procedure `proc_get_m_storelocation_code_acc_storeid` */

/*!50003 DROP PROCEDURE IF EXISTS  `proc_get_m_storelocation_code_acc_storeid` */;

DELIMITER $$

/*!50003 CREATE DEFINER=`leade_testing2`@`%` PROCEDURE `proc_get_m_storelocation_code_acc_storeid`(Store_Id int)
BEGIN
DECLARE exit handler for sqlexception
        BEGIN
        ROLLBACK;
        END;
    DECLARE exit handler for sqlwarning
        BEGIN
    ROLLBACK;
        END;
START TRANSACTION;
begin
SELECT `storelocationCode`
 FROM `m_storelocation` WHERE `storelocationId`=Store_Id AND isDeleted=0 ;
end;

  COMMIT;
END */$$
DELIMITER ;

/* Procedure structure for procedure `proc_get_m_storelocation_for_list` */

/*!50003 DROP PROCEDURE IF EXISTS  `proc_get_m_storelocation_for_list` */;

DELIMITER $$

/*!50003 CREATE DEFINER=`leade_testing2`@`%` PROCEDURE `proc_get_m_storelocation_for_list`(Store_Location_Id int)
BEGIN
DECLARE exit handler for sqlexception
        BEGIN
        ROLLBACK;
        END;
    DECLARE exit handler for sqlwarning
        BEGIN
    ROLLBACK;
        END;
START TRANSACTION;
begin
Select storelocationId,storelocationName,storelocationCode,isApproved from m_storelocation 
where (Store_Location_Id=0 or storelocationId=Store_Location_Id) and isDeleted=0
order by storelocationName;
end;

  COMMIT;
END */$$
DELIMITER ;

/* Procedure structure for procedure `proc_get_m_storelocation_name` */

/*!50003 DROP PROCEDURE IF EXISTS  `proc_get_m_storelocation_name` */;

DELIMITER $$

/*!50003 CREATE DEFINER=`leade_testing2`@`%` PROCEDURE `proc_get_m_storelocation_name`()
BEGIN
DECLARE exit handler for sqlexception
        BEGIN
        ROLLBACK;
        END;
    DECLARE exit handler for sqlwarning
        BEGIN
    ROLLBACK;
        END;
START TRANSACTION;
begin
Select storelocationId,storelocationName as storelocationName
 from m_storelocation where isDeleted=0 order by storelocationName;
end;

  COMMIT;
END */$$
DELIMITER ;

/* Procedure structure for procedure `proc_get_m_subitemfield_acc_subitemtypeid` */

/*!50003 DROP PROCEDURE IF EXISTS  `proc_get_m_subitemfield_acc_subitemtypeid` */;

DELIMITER $$

/*!50003 CREATE DEFINER=`leade_testing2`@`%` PROCEDURE `proc_get_m_subitemfield_acc_subitemtypeid`(
Sub_Item_Type_Id int
)
BEGIN
DECLARE exit handler for sqlexception
        BEGIN
        ROLLBACK;
        END;
    DECLARE exit handler for sqlwarning
        BEGIN
    ROLLBACK;
        END;
START TRANSACTION;
begin

Select subitemtypefieldId,uomGroupId,subitemtypefieldName,optionaltype,concat('Select',',',optionalValue) as optionalValue,textType,subitemtypefieldPriority 
from m_subitemtypefield where subitemtypeId=Sub_Item_Type_Id and isDeleted=0 and isActive=0;


end;
END */$$
DELIMITER ;

/* Procedure structure for procedure `proc_get_m_subitemfield_for_scrap` */

/*!50003 DROP PROCEDURE IF EXISTS  `proc_get_m_subitemfield_for_scrap` */;

DELIMITER $$

/*!50003 CREATE DEFINER=`leade_testing2`@`%` PROCEDURE `proc_get_m_subitemfield_for_scrap`(
Item_Sub_Type_Id int
)
BEGIN
DECLARE exit handler for sqlexception
        BEGIN
        ROLLBACK;
        END;
    DECLARE exit handler for sqlwarning
        BEGIN
    ROLLBACK;
        END;
START TRANSACTION;
begin

Select subitemtypefieldId,subitemtypefieldName
from m_subitemtypefield where optionaltype='Input' and subitemtypeId=Item_Sub_Type_Id and isDeleted=0 and isActive=0;


end;
END */$$
DELIMITER ;

/* Procedure structure for procedure `proc_get_m_subitemtypefield_for_list` */

/*!50003 DROP PROCEDURE IF EXISTS  `proc_get_m_subitemtypefield_for_list` */;

DELIMITER $$

/*!50003 CREATE DEFINER=`leade_testing2`@`%` PROCEDURE `proc_get_m_subitemtypefield_for_list`(
Sub_Item_Type_Field_Id int
)
BEGIN
DECLARE exit handler for sqlexception
BEGIN
ROLLBACK;
END;
DECLARE exit handler for sqlwarning
BEGIN
ROLLBACK;
END;
START TRANSACTION;
begin

Select s.subitemtypefieldId,s.uomGroupId,s.itemtypeId,s.subitemtypeId,s.subitemtypefieldName,s.optionaltype,
substring(s.optionalValue,1,25) as optionalValue,s.optionalValue as fullOptionalValue,s.textType,s.subitemtypefieldPriority,
(select itemTypeName from m_itemtype where itemTypeId=s.itemtypeId) as itemType,
(select subitemtypeName from m_subitemtype where subitemtypeId=s.subitemtypeId) as subitemType,
(select uomGroupName from m_uomgroup where uomGroupId=s.uomGroupId) as uomgroup,
s.isApproved
from m_subitemtypefield s
where (Sub_Item_Type_Field_Id=0 or s.subitemtypefieldId=Sub_Item_Type_Field_Id) and isDeleted=0 order by itemType;
end;
COMMIT;
END */$$
DELIMITER ;

/* Procedure structure for procedure `proc_get_m_subitemtypefield_optional_value_acc_id` */

/*!50003 DROP PROCEDURE IF EXISTS  `proc_get_m_subitemtypefield_optional_value_acc_id` */;

DELIMITER $$

/*!50003 CREATE DEFINER=`leade_testing2`@`%` PROCEDURE `proc_get_m_subitemtypefield_optional_value_acc_id`(
Sub_Item_Type_Field_Id int
)
BEGIN
DECLARE exit handler for sqlexception
BEGIN
ROLLBACK;
END;
DECLARE exit handler for sqlwarning
BEGIN
ROLLBACK;
END;
START TRANSACTION;
begin

Select optionalValue from m_subitemtypefield where (subitemtypefieldId=Sub_Item_Type_Field_Id) and isDeleted=0;

end;

COMMIT;
END */$$
DELIMITER ;

/* Procedure structure for procedure `proc_get_m_subtosub_menu_list` */

/*!50003 DROP PROCEDURE IF EXISTS  `proc_get_m_subtosub_menu_list` */;

DELIMITER $$

/*!50003 CREATE DEFINER=`leade_testing2`@`%` PROCEDURE `proc_get_m_subtosub_menu_list`(sub_to_sub_menu_Id int,
sub_menu_Id int)
BEGIN
DECLARE exit handler for sqlexception
        BEGIN
        ROLLBACK;
        END;
    DECLARE exit handler for sqlwarning
        BEGIN
    ROLLBACK;
        END;
START TRANSACTION;
begin

 Select subtosubMenuId,subtosubmenuName,submenuId,pageURL,subtosubMenuType from m_subtosubmenu  
 where (sub_to_sub_menu_Id=0 or subtosubMenuId=sub_to_sub_menu_Id) and submenuId=sub_menu_Id and isDeleted=0;
end;

  COMMIT;
END */$$
DELIMITER ;

/* Procedure structure for procedure `proc_get_m_sub_item_field_value_for_ckeck_duplicate` */

/*!50003 DROP PROCEDURE IF EXISTS  `proc_get_m_sub_item_field_value_for_ckeck_duplicate` */;

DELIMITER $$

/*!50003 CREATE DEFINER=`leade_testing2`@`%` PROCEDURE `proc_get_m_sub_item_field_value_for_ckeck_duplicate`(
sub_item_Type_Id int,
sub_item_Type_Field varchar(5000),
sub_item_Type_Field_UOM varchar(2000)
)
BEGIN
DECLARE exit handler for sqlexception
        BEGIN
        ROLLBACK;
        END;
    DECLARE exit handler for sqlwarning
        BEGIN
    ROLLBACK;
        END;
START TRANSACTION;
begin

 Select count(i.itemId) as count from  m_item i  
 where (i.itemSubTypeId=sub_item_Type_Id) and replace(concat(subitemtypefieldOptionValues,',',subitemtypefieldUOMName),' ','')=replace(concat(sub_item_Type_Field,',',sub_item_Type_Field_UOM),' ','') and i.isDeleted=0;
end;
END */$$
DELIMITER ;

/* Procedure structure for procedure `proc_get_m_sub_item_field_value_for_ckeck_duplicate_update` */

/*!50003 DROP PROCEDURE IF EXISTS  `proc_get_m_sub_item_field_value_for_ckeck_duplicate_update` */;

DELIMITER $$

/*!50003 CREATE DEFINER=`leade_testing2`@`%` PROCEDURE `proc_get_m_sub_item_field_value_for_ckeck_duplicate_update`(
item_Id int,
sub_item_Type_Id int,
sub_item_Type_Field varchar(5000),
sub_item_Type_Field_UOM VARCHAR(2000)
)
BEGIN
DECLARE exit handler for sqlexception
        BEGIN
        ROLLBACK;
        END;
    DECLARE exit handler for sqlwarning
        BEGIN
    ROLLBACK;
        END;
START TRANSACTION;
begin
declare id int;
declare count1 int;
set count1= (Select count(i.itemId) from  m_item i  where (i.itemSubTypeId=sub_item_Type_Id) and REPLACE(CONCAT(subitemtypefieldOptionValues,',',subitemtypefieldUOMName),' ','')=REPLACE(CONCAT(sub_item_Type_Field,',',sub_item_Type_Field_UOM),' ','') and i.isDeleted=0);
IF (count1 > 0) THEN
if(count1=1) then
set id=(Select (i.itemId) from  m_item i  where (i.itemSubTypeId=sub_item_Type_Id) and REPLACE(CONCAT(subitemtypefieldOptionValues,',',subitemtypefieldUOMName),' ','')=REPLACE(CONCAT(sub_item_Type_Field,',',sub_item_Type_Field_UOM),' ','') and i.isDeleted=0);
if(id=item_Id) then
select 0 as count1;
else
select count1;
end if; 
else
select count1;
end if ;
else
select count1;
end if;


end;
END */$$
DELIMITER ;

/* Procedure structure for procedure `proc_get_m_sub_item_type_for_List` */

/*!50003 DROP PROCEDURE IF EXISTS  `proc_get_m_sub_item_type_for_List` */;

DELIMITER $$

/*!50003 CREATE DEFINER=`leade_testing2`@`%` PROCEDURE `proc_get_m_sub_item_type_for_List`(
Sub_Item_Type_Id int
)
BEGIN
DECLARE exit handler for sqlexception
        BEGIN
        ROLLBACK;
        END;
    DECLARE exit handler for sqlwarning
        BEGIN
    ROLLBACK;
        END;
START TRANSACTION;
begin

Select sit.subitemtypeId,sit.itemtypeId,sit.subitemtypeName,sit.isApproved,
(select itemTypeName from m_itemtype where itemTypeId=sit.itemtypeId) as ItemTypeName
from m_subitemtype sit where  (Sub_Item_Type_Id=0 or sit.subitemtypeId=Sub_Item_Type_Id) and sit.isDeleted=0 order by ItemTypeName;
end;
COMMIT;
END */$$
DELIMITER ;

/* Procedure structure for procedure `proc_get_m_sub_item_type_id_for_reference` */

/*!50003 DROP PROCEDURE IF EXISTS  `proc_get_m_sub_item_type_id_for_reference` */;

DELIMITER $$

/*!50003 CREATE DEFINER=`leade_testing2`@`%` PROCEDURE `proc_get_m_sub_item_type_id_for_reference`(SearchValue varchar(50))
BEGIN
DECLARE exit handler for sqlexception
        BEGIN
        ROLLBACK;
        END;
    DECLARE exit handler for sqlwarning
        BEGIN
    ROLLBACK;
        END;
START TRANSACTION;
begin

Select i.itemSubTypeId from  m_item i 
where (i.internalItemCode=SearchValue) and i.isDeleted=0;
end;
END */$$
DELIMITER ;

/* Procedure structure for procedure `proc_get_m_sub_item_type_name` */

/*!50003 DROP PROCEDURE IF EXISTS  `proc_get_m_sub_item_type_name` */;

DELIMITER $$

/*!50003 CREATE DEFINER=`leade_testing2`@`%` PROCEDURE `proc_get_m_sub_item_type_name`(
Item_Type_Id int
)
BEGIN
DECLARE exit handler for sqlexception
        BEGIN
        ROLLBACK;
        END;
    DECLARE exit handler for sqlwarning
        BEGIN
    ROLLBACK;
        END;
START TRANSACTION;
begin
Select subitemtypeId,subitemtypeName from m_subitemtype where (Item_Type_Id=0 or itemtypeId=Item_Type_Id) and isDeleted=0 order by subitemtypeName;
end;

  COMMIT;
END */$$
DELIMITER ;

/* Procedure structure for procedure `proc_get_m_sub_menu_list` */

/*!50003 DROP PROCEDURE IF EXISTS  `proc_get_m_sub_menu_list` */;

DELIMITER $$

/*!50003 CREATE DEFINER=`leade_testing2`@`%` PROCEDURE `proc_get_m_sub_menu_list`(menu_Id int,
sub_menu_Id int)
BEGIN
DECLARE exit handler for sqlexception
        BEGIN
        ROLLBACK;
        END;
    DECLARE exit handler for sqlwarning
        BEGIN
    ROLLBACK;
        END;
START TRANSACTION;
begin

 Select submenuId,menuId,submenuName from  m_subnmenu 
 where (sub_menu_Id=0 or submenuId=sub_menu_Id) and menuId=menu_Id and isDeleted=0;
end;

  COMMIT;
END */$$
DELIMITER ;

/* Procedure structure for procedure `proc_get_m_swift_code` */

/*!50003 DROP PROCEDURE IF EXISTS  `proc_get_m_swift_code` */;

DELIMITER $$

/*!50003 CREATE DEFINER=`leade_testing2`@`%` PROCEDURE `proc_get_m_swift_code`()
BEGIN
DECLARE exit handler for sqlexception
        BEGIN
        ROLLBACK;
        END;
    DECLARE exit handler for sqlwarning
        BEGIN
    ROLLBACK;
        END;
START TRANSACTION;
begin

Select swiftCodeId,swiftCode from  m_swiftcode;


end;

  COMMIT;
END */$$
DELIMITER ;

/* Procedure structure for procedure `proc_get_m_umo_for_list` */

/*!50003 DROP PROCEDURE IF EXISTS  `proc_get_m_umo_for_list` */;

DELIMITER $$

/*!50003 CREATE DEFINER=`leade_testing2`@`%` PROCEDURE `proc_get_m_umo_for_list`(UMO_Id int)
BEGIN
DECLARE exit handler for sqlexception
        BEGIN
        ROLLBACK;
        END;
    DECLARE exit handler for sqlwarning
        BEGIN
    ROLLBACK;
        END;
START TRANSACTION;
begin
Select uomId,uomCode,uomName,isApproved from m_uom where (UMO_Id=0 or uomId=UMO_Id) and isDeleted=0 order by uomName;
end;

  COMMIT;
END */$$
DELIMITER ;

/* Procedure structure for procedure `proc_get_m_umo_group_for_list` */

/*!50003 DROP PROCEDURE IF EXISTS  `proc_get_m_umo_group_for_list` */;

DELIMITER $$

/*!50003 CREATE DEFINER=`leade_testing2`@`%` PROCEDURE `proc_get_m_umo_group_for_list`(UMO_group_Id int)
BEGIN
DECLARE exit handler for sqlexception
        BEGIN
        ROLLBACK;
        END;
    DECLARE exit handler for sqlwarning
        BEGIN
    ROLLBACK;
        END;
START TRANSACTION;
begin
 Select uomGroupId,uomGroupCode,uomGroupName,isApproved from m_uomgroup where (UMO_group_Id=0 or uomGroupId=UMO_group_Id) 
 and isDeleted=0 order by uomGroupName;
end;
COMMIT;
END */$$
DELIMITER ;

/* Procedure structure for procedure `proc_get_m_umo_group_name` */

/*!50003 DROP PROCEDURE IF EXISTS  `proc_get_m_umo_group_name` */;

DELIMITER $$

/*!50003 CREATE DEFINER=`leade_testing2`@`%` PROCEDURE `proc_get_m_umo_group_name`()
BEGIN
DECLARE exit handler for sqlexception
        BEGIN
        ROLLBACK;
        END;
    DECLARE exit handler for sqlwarning
        BEGIN
    ROLLBACK;
        END;
START TRANSACTION;
begin
Select uomGroupId,uomGroupName as uomGroupName from  m_uomgroup where isDeleted=0 order by uomGroupName;
end;

  COMMIT;
END */$$
DELIMITER ;

/* Procedure structure for procedure `proc_get_m_umo_name` */

/*!50003 DROP PROCEDURE IF EXISTS  `proc_get_m_umo_name` */;

DELIMITER $$

/*!50003 CREATE DEFINER=`leade_testing2`@`%` PROCEDURE `proc_get_m_umo_name`()
BEGIN
DECLARE exit handler for sqlexception
        BEGIN
        ROLLBACK;
        END;
    DECLARE exit handler for sqlwarning
        BEGIN
    ROLLBACK;
        END;
START TRANSACTION;
begin
Select uomId,uomName as uomName from m_uom where isDeleted=0 order by uomName;
end;
COMMIT;
END */$$
DELIMITER ;

/* Procedure structure for procedure `proc_get_m_umo_name_Acc_uom_group` */

/*!50003 DROP PROCEDURE IF EXISTS  `proc_get_m_umo_name_Acc_uom_group` */;

DELIMITER $$

/*!50003 CREATE DEFINER=`leade_testing2`@`%` PROCEDURE `proc_get_m_umo_name_Acc_uom_group`(UOM_Group_Id int)
BEGIN
DECLARE exit handler for sqlexception
        BEGIN
        ROLLBACK;
        END;
    DECLARE exit handler for sqlwarning
        BEGIN
    ROLLBACK;
        END;
START TRANSACTION;
begin

Select g.uomId,g.uomName as uomName from  m_uom g
 inner join t_uomgroupmapping m on g.uomId=m.baseUOMId
 where m.uomGroupId=UOM_Group_Id and g.isDeleted=0 group by g.uomId,g.uomName order by uomName;
end;
COMMIT;
END */$$
DELIMITER ;

/* Procedure structure for procedure `proc_get_m_valuation_for_list` */

/*!50003 DROP PROCEDURE IF EXISTS  `proc_get_m_valuation_for_list` */;

DELIMITER $$

/*!50003 CREATE DEFINER=`leade_testing2`@`%` PROCEDURE `proc_get_m_valuation_for_list`(Valuation_Id int)
BEGIN
DECLARE exit handler for sqlexception
        BEGIN
        ROLLBACK;
        END;
    DECLARE exit handler for sqlwarning
        BEGIN
    ROLLBACK;
        END;
START TRANSACTION;
begin

 Select valuationId,valuationCode,valuationName,isApproved from m_valuation 
where (Valuation_Id=0 or valuationId=Valuation_Id) and isDeleted=0 order by valuationName;

end;

  COMMIT;
END */$$
DELIMITER ;

/* Procedure structure for procedure `proc_get_m_valuation_method_for_list` */

/*!50003 DROP PROCEDURE IF EXISTS  `proc_get_m_valuation_method_for_list` */;

DELIMITER $$

/*!50003 CREATE DEFINER=`leade_testing2`@`%` PROCEDURE `proc_get_m_valuation_method_for_list`(Valuation_Method_Id int)
BEGIN
DECLARE exit handler for sqlexception
        BEGIN
        ROLLBACK;
        END;
    DECLARE exit handler for sqlwarning
        BEGIN
    ROLLBACK;
        END;
START TRANSACTION;
begin

Select valuationMethodId,valuationMethodCode,valuationMethodName,isApproved from  m_valuationmethod
where (Valuation_Method_Id=0 or valuationMethodId=Valuation_Method_Id) and isDeleted=0 order by valuationMethodName;

end;

  COMMIT;
END */$$
DELIMITER ;

/* Procedure structure for procedure `proc_get_m_valuation_method_name` */

/*!50003 DROP PROCEDURE IF EXISTS  `proc_get_m_valuation_method_name` */;

DELIMITER $$

/*!50003 CREATE DEFINER=`leade_testing2`@`%` PROCEDURE `proc_get_m_valuation_method_name`()
BEGIN
DECLARE exit handler for sqlexception
        BEGIN
        ROLLBACK;
        END;
    DECLARE exit handler for sqlwarning
        BEGIN
    ROLLBACK;
        END;
START TRANSACTION;
begin

Select valuationMethodId,valuationMethodName as valuationMethodName from  m_valuationmethod
 where isDeleted=0 order by valuationMethodName;

end;

  COMMIT;
END */$$
DELIMITER ;

/* Procedure structure for procedure `proc_get_m_valuation_Name` */

/*!50003 DROP PROCEDURE IF EXISTS  `proc_get_m_valuation_Name` */;

DELIMITER $$

/*!50003 CREATE DEFINER=`leade_testing2`@`%` PROCEDURE `proc_get_m_valuation_Name`()
BEGIN
DECLARE exit handler for sqlexception
        BEGIN
        ROLLBACK;
        END;
    DECLARE exit handler for sqlwarning
        BEGIN
    ROLLBACK;
        END;
START TRANSACTION;
begin

 Select valuationId,valuationName as valuationName from m_valuation where isDeleted=0 order by valuationName;

end;

  COMMIT;
END */$$
DELIMITER ;

/* Procedure structure for procedure `proc_get_project_CAD_acc_project_Id` */

/*!50003 DROP PROCEDURE IF EXISTS  `proc_get_project_CAD_acc_project_Id` */;

DELIMITER $$

/*!50003 CREATE DEFINER=`leade_testing2`@`%` PROCEDURE `proc_get_project_CAD_acc_project_Id`(Project_Id int)
BEGIN
DECLARE exit handler for sqlexception
        BEGIN
        ROLLBACK;
        END;
    DECLARE exit handler for sqlwarning
        BEGIN
    ROLLBACK;
        END;
START TRANSACTION;
begin
SELECT projectDetailId,PartNo,cadfileName,catfileUrl FROM e_projectdetail WHERE projectId=Project_Id and projectStatus='New' and isDeleted=0 and isRemove=0;
end;
  COMMIT;
END */$$
DELIMITER ;

/* Procedure structure for procedure `proc_get_project_name_acc_project_no` */

/*!50003 DROP PROCEDURE IF EXISTS  `proc_get_project_name_acc_project_no` */;

DELIMITER $$

/*!50003 CREATE DEFINER=`leade_testing2`@`%` PROCEDURE `proc_get_project_name_acc_project_no`(Project_No varchar(50))
BEGIN
DECLARE exit handler for sqlexception
        BEGIN
        ROLLBACK;
        END;
    DECLARE exit handler for sqlwarning
        BEGIN
    ROLLBACK;
        END;
START TRANSACTION;
begin


SELECT projectId,projectName FROM e_project WHERE projectNumber=Project_No and isDeleted=0;

end;

  COMMIT;
END */$$
DELIMITER ;

/* Procedure structure for procedure `proc_get_project_number_for_search` */

/*!50003 DROP PROCEDURE IF EXISTS  `proc_get_project_number_for_search` */;

DELIMITER $$

/*!50003 CREATE DEFINER=`leade_testing2`@`%` PROCEDURE `proc_get_project_number_for_search`(Search_Keywords varchar(50))
BEGIN
DECLARE exit handler for sqlexception
        BEGIN
        ROLLBACK;
        END;
    DECLARE exit handler for sqlwarning
        BEGIN
    ROLLBACK;
        END;
START TRANSACTION;
begin


SELECT  distinct(projectNumber) as SearchItem FROM e_project WHERE projectNumber LIKE concat('%',Search_Keywords,'%');

end;

  COMMIT;
END */$$
DELIMITER ;

/* Procedure structure for procedure `proc_get_t_branchassignment_for_list` */

/*!50003 DROP PROCEDURE IF EXISTS  `proc_get_t_branchassignment_for_list` */;

DELIMITER $$

/*!50003 CREATE DEFINER=`leade_testing2`@`%` PROCEDURE `proc_get_t_branchassignment_for_list`(Branch_Assignment_Id int)
BEGIN
DECLARE exit handler for sqlexception
        BEGIN
        ROLLBACK;
        END;
    DECLARE exit handler for sqlwarning
        BEGIN
    ROLLBACK;
        END;
START TRANSACTION;
begin

Select bs.branchAssignmentId,bs.companyId,bs.branchId,bs.isApproved ,c.companyName
as companyName,b.branchName as branchName from t_branchassignment bs inner join 
t_company c on bs.companyId=c.companyId inner join t_branch b on bs.branchId=b.branchId
where (Branch_Assignment_Id=0 or bs.branchAssignmentId=Branch_Assignment_Id) and bs.isDeleted=0 order by companyName;


end;

  COMMIT;
END */$$
DELIMITER ;

/* Procedure structure for procedure `proc_get_t_branch_address_for_edit` */

/*!50003 DROP PROCEDURE IF EXISTS  `proc_get_t_branch_address_for_edit` */;

DELIMITER $$

/*!50003 CREATE DEFINER=`leade_testing2`@`%` PROCEDURE `proc_get_t_branch_address_for_edit`(Branch_Address_Id int)
BEGIN
DECLARE exit handler for sqlexception
        BEGIN
        ROLLBACK;
        END;
    DECLARE exit handler for sqlwarning
        BEGIN
    ROLLBACK;
        END;
START TRANSACTION;
begin

Select ba.branchAddressId,ba.branchId,ba.contactPerson,ba.houseBuildingNo,ba.street1,ba.street2,ba.landmark,ba.countryId,
ba.stateId,ba.cityId,ba.pincode,ba.mobileNumber,ba.altMobileNumber,ba.telephoneExtension,ba.landLineNumber,
ba.altLandLineNumber,ba.website from t_branchaddress ba 
where (ba.branchAddressId=Branch_Address_Id) and ba.isDeleted=0;


end;

  COMMIT;
END */$$
DELIMITER ;

/* Procedure structure for procedure `proc_get_t_branch_address_for_list` */

/*!50003 DROP PROCEDURE IF EXISTS  `proc_get_t_branch_address_for_list` */;

DELIMITER $$

/*!50003 CREATE DEFINER=`leade_testing2`@`%` PROCEDURE `proc_get_t_branch_address_for_list`(Branch_Address_Id int)
BEGIN
DECLARE exit handler for sqlexception
        BEGIN
        ROLLBACK;
        END;
    DECLARE exit handler for sqlwarning
        BEGIN
    ROLLBACK;
        END;
START TRANSACTION;
begin

Select ba.branchAddressId,ba.branchId,ba.contactPerson,ba.houseBuildingNo,ba.countryId,ba.stateId,ba.cityId,ba.pincode,
ba.mobileNumber,ba.isApproved,b.branchName as branchName,
(select countryName from  m_country where countryId=ba.countryId) as countryName,
(select stateName from m_state  where stateId=ba.stateId) as stateName,
(select cityName from  m_city where cityId=ba.cityId) as cityName
 from t_branchaddress ba inner join t_branch b on ba.branchId=b.branchId
  where (Branch_Address_Id=0 or ba.branchAddressId=Branch_Address_Id) and ba.isDeleted=0 order by branchName;
end;
  COMMIT;
END */$$
DELIMITER ;

/* Procedure structure for procedure `proc_get_t_branch_address_for_list_for_popup` */

/*!50003 DROP PROCEDURE IF EXISTS  `proc_get_t_branch_address_for_list_for_popup` */;

DELIMITER $$

/*!50003 CREATE DEFINER=`leade_testing2`@`%` PROCEDURE `proc_get_t_branch_address_for_list_for_popup`(Branch_Address_Id int)
BEGIN
DECLARE exit handler for sqlexception
        BEGIN
        ROLLBACK;
        END;
    DECLARE exit handler for sqlwarning
        BEGIN
    ROLLBACK;
        END;
START TRANSACTION;
begin

Select ba.branchAddressId,ba.contactPerson,ba.houseBuildingNo,ba.pincode,
ba.mobileNumber,concat(b.branchName,'(',b.branchCode,')') as branchName,
(select countryName from  m_country where countryId=ba.countryId) as countryName,
(select stateName from m_state  where stateId=ba.stateId) as stateName,
(select cityName from  m_city where cityId=ba.cityId) as cityName,
ba.street1,ba.street2,ba.landmark,ba.altMobileNumber,ba.telephoneExtension,ba.landLineNumber,ba.altLandLineNumber,ba.website
 from t_branchaddress ba inner join t_branch b on ba.branchId=b.branchId
  where (Branch_Address_Id=0 or ba.branchAddressId=Branch_Address_Id) and ba.isDeleted=0;
end;
  COMMIT;
END */$$
DELIMITER ;

/* Procedure structure for procedure `proc_get_t_branch_for_list` */

/*!50003 DROP PROCEDURE IF EXISTS  `proc_get_t_branch_for_list` */;

DELIMITER $$

/*!50003 CREATE DEFINER=`leade_testing2`@`%` PROCEDURE `proc_get_t_branch_for_list`(Branch_Id int)
BEGIN
DECLARE exit handler for sqlexception
        BEGIN
        ROLLBACK;
        END;
    DECLARE exit handler for sqlwarning
        BEGIN
    ROLLBACK;
        END;
START TRANSACTION;
begin

Select b.branchId,b.branchCode,b.branchName,b.currencyId,b.language_Id,b.gstNumber,b.sstNo,b.isPlant,b.isApproved,b.isWareHouse,
(c.currencyName ) as currencyName,m.languageName from t_branch b inner join m_currency c on b.currencyId=c.currencyId 
inner join m_language m on b.language_Id=m.languageId
where (Branch_Id=0 or b.branchId=Branch_Id) and b.isDeleted=0 order by b.branchName;

end;
END */$$
DELIMITER ;

/* Procedure structure for procedure `proc_get_t_branch_name` */

/*!50003 DROP PROCEDURE IF EXISTS  `proc_get_t_branch_name` */;

DELIMITER $$

/*!50003 CREATE DEFINER=`leade_testing2`@`%` PROCEDURE `proc_get_t_branch_name`()
BEGIN
DECLARE exit handler for sqlexception
        BEGIN
        ROLLBACK;
        END;
    DECLARE exit handler for sqlwarning
        BEGIN
    ROLLBACK;
        END;
START TRANSACTION;
begin

Select branchId,branchName as branchName from  t_branch  where isDeleted=0 order by branchName;
 
end;
END */$$
DELIMITER ;

/* Procedure structure for procedure `proc_get_t_company_address_for_edit` */

/*!50003 DROP PROCEDURE IF EXISTS  `proc_get_t_company_address_for_edit` */;

DELIMITER $$

/*!50003 CREATE DEFINER=`leade_testing2`@`%` PROCEDURE `proc_get_t_company_address_for_edit`(Company_Address_Id int)
BEGIN
DECLARE exit handler for sqlexception
        BEGIN
        ROLLBACK;
        END;
    DECLARE exit handler for sqlwarning
        BEGIN
    ROLLBACK;
        END;
START TRANSACTION;
begin

Select ca.companyAddressId,ca.companyId,ca.contactPerson,ca.houseBuildingNo,ca.street1,ca.street2,
ca.landmark,ca.countryId,ca.stateId,ca.cityId,ca.pincode,ca.mobileNumber,ca.altMobileNumber,ca.telephoneNumber,
ca.landLineNumber,ca.faxNumber,ca.website,ca.emailId,ca.category from t_companyaddress ca 
  where (ca.companyAddressId=Company_Address_Id) and ca.isDeleted=0;
end;
  COMMIT;
END */$$
DELIMITER ;

/* Procedure structure for procedure `proc_get_t_company_address_for_list` */

/*!50003 DROP PROCEDURE IF EXISTS  `proc_get_t_company_address_for_list` */;

DELIMITER $$

/*!50003 CREATE DEFINER=`leade_testing2`@`%` PROCEDURE `proc_get_t_company_address_for_list`(Company_Address_Id int)
BEGIN
DECLARE exit handler for sqlexception
        BEGIN
        ROLLBACK;
        END;
    DECLARE exit handler for sqlwarning
        BEGIN
    ROLLBACK;
        END;
START TRANSACTION;
begin

Select ca.companyAddressId,ca.companyId,ca.contactPerson,ca.houseBuildingNo,ca.countryId,ca.stateId,
ca.cityId,ca.pincode,ca.isApproved,
ca.mobileNumber,c.companyName as companyName,
(select countryName from  m_country where countryId=ca.countryId) as countryName,
(select stateName from m_state  where stateId=ca.stateId) as stateName,
(select cityName from  m_city where cityId=ca.cityId) as cityName
 from t_companyaddress ca inner join t_company c on ca.companyId=c.companyId
  where (Company_Address_Id=0 or ca.companyAddressId=Company_Address_Id) and ca.isDeleted=0 order by companyName;
end;
  COMMIT;
END */$$
DELIMITER ;

/* Procedure structure for procedure `proc_get_t_company_address_for_list_for_popup` */

/*!50003 DROP PROCEDURE IF EXISTS  `proc_get_t_company_address_for_list_for_popup` */;

DELIMITER $$

/*!50003 CREATE DEFINER=`leade_testing2`@`%` PROCEDURE `proc_get_t_company_address_for_list_for_popup`(Company_Address_Id int)
BEGIN
DECLARE exit handler for sqlexception
        BEGIN
        ROLLBACK;
        END;
    DECLARE exit handler for sqlwarning
        BEGIN
    ROLLBACK;
        END;
START TRANSACTION;
begin
Select ca.companyAddressId,ca.contactPerson,ca.houseBuildingNo,ca.pincode,
ca.mobileNumber,concat(c.companyName,'(',c.companyCode,')') as companyName,
(select countryName from  m_country where countryId=ca.countryId) as countryName,
(select stateName from m_state  where stateId=ca.stateId) as stateName,
(select cityName from  m_city where cityId=ca.cityId) as cityName,
ca.street1,ca.street2,ca.mobileNumber,ca.landmark,ca.altMobileNumber,ca.telephoneNumber,ca.landLineNumber,ca.faxNumber,ca.website,
ca.emailid,ca.category
from t_companyaddress ca inner join t_company c on ca.companyId=c.companyId
where (Company_Address_Id=0 or ca.companyAddressId=Company_Address_Id) and ca.isDeleted=0;
end;
  COMMIT;
END */$$
DELIMITER ;

/* Procedure structure for procedure `proc_get_t_company_assignment_for_list` */

/*!50003 DROP PROCEDURE IF EXISTS  `proc_get_t_company_assignment_for_list` */;

DELIMITER $$

/*!50003 CREATE DEFINER=`leade_testing2`@`%` PROCEDURE `proc_get_t_company_assignment_for_list`(Company_Assignment_Id int)
BEGIN
DECLARE exit handler for sqlexception
        BEGIN
        ROLLBACK;
        END;
    DECLARE exit handler for sqlwarning
        BEGIN
    ROLLBACK;
        END;
START TRANSACTION;
begin

Select cs.companyAssignmentId,cs.companyId,cs.companyGroupId,cs.isApproved ,c.companyName 
as companyName,cg.companyGroupName as companyGroupName from t_companyassignment cs inner join 
t_company c on cs.companyId=c.companyId inner join m_companygroup cg on cs.companyGroupId=cg.companyGroupId
where (Company_Assignment_Id=0 or cs.companyAssignmentId=Company_Assignment_Id) and cs.isDeleted=0 order by companyName;


end;

  COMMIT;
END */$$
DELIMITER ;

/* Procedure structure for procedure `proc_get_t_company_for_list` */

/*!50003 DROP PROCEDURE IF EXISTS  `proc_get_t_company_for_list` */;

DELIMITER $$

/*!50003 CREATE DEFINER=`leade_testing2`@`%` PROCEDURE `proc_get_t_company_for_list`(Company_Id int)
BEGIN
DECLARE exit handler for sqlexception
        BEGIN
        ROLLBACK;
        END;
    DECLARE exit handler for sqlwarning
        BEGIN
    ROLLBACK;
        END;
START TRANSACTION;
begin

Select cm.companyId,cm.companyCode,cm.companyName,cm.currencyId,cm.language_Id,cm.companyLogo_Url,cm.isApproved,c.currencyName  
as currencyName ,m.languageName from  t_company cm inner join m_currency c on cm.currencyId=c.currencyId  INNER JOIN m_language m ON cm.language_Id=m.languageId
where (Company_Id=0 or cm.companyId=Company_Id) and cm.isDeleted=0 order by cm.companyName;


end;
END */$$
DELIMITER ;

/* Procedure structure for procedure `proc_get_t_company_group_name` */

/*!50003 DROP PROCEDURE IF EXISTS  `proc_get_t_company_group_name` */;

DELIMITER $$

/*!50003 CREATE DEFINER=`leade_testing2`@`%` PROCEDURE `proc_get_t_company_group_name`()
BEGIN
DECLARE exit handler for sqlexception
        BEGIN
        ROLLBACK;
        END;
    DECLARE exit handler for sqlwarning
        BEGIN
    ROLLBACK;
        END;
START TRANSACTION;
begin

Select companyGroupId,companyGroupName  as companyGroupName from m_companygroup  
where isDeleted=0 order by companyGroupName;
 

end;
END */$$
DELIMITER ;

/* Procedure structure for procedure `proc_get_t_company_name` */

/*!50003 DROP PROCEDURE IF EXISTS  `proc_get_t_company_name` */;

DELIMITER $$

/*!50003 CREATE DEFINER=`leade_testing2`@`%` PROCEDURE `proc_get_t_company_name`()
BEGIN
DECLARE exit handler for sqlexception
        BEGIN
        ROLLBACK;
        END;
    DECLARE exit handler for sqlwarning
        BEGIN
    ROLLBACK;
        END;
START TRANSACTION;
begin

Select companyId,companyName as companyName from  t_company  where isDeleted=0 order by companyName;
 

end;
END */$$
DELIMITER ;

/* Procedure structure for procedure `proc_get_t_hsn_for_list` */

/*!50003 DROP PROCEDURE IF EXISTS  `proc_get_t_hsn_for_list` */;

DELIMITER $$

/*!50003 CREATE DEFINER=`leade_testing2`@`%` PROCEDURE `proc_get_t_hsn_for_list`(HSN_Id int)
BEGIN
DECLARE exit handler for sqlexception
        BEGIN
        ROLLBACK;
        END;
    DECLARE exit handler for sqlwarning
        BEGIN
    ROLLBACK;
        END;
START TRANSACTION;
begin

 Select hsnId,hsnName,isApproved from  t_hsn where (HSN_Id=0 or hsnId=HSN_Id) and isDeleted=0 order by hsnName;

end;

  COMMIT;
END */$$
DELIMITER ;

/* Procedure structure for procedure `proc_get_t_payment_term_for_list` */

/*!50003 DROP PROCEDURE IF EXISTS  `proc_get_t_payment_term_for_list` */;

DELIMITER $$

/*!50003 CREATE DEFINER=`leade_testing2`@`%` PROCEDURE `proc_get_t_payment_term_for_list`(Payment_Term_Id int)
BEGIN
DECLARE exit handler for sqlexception
        BEGIN
        ROLLBACK;
        END;
    DECLARE exit handler for sqlwarning
        BEGIN
    ROLLBACK;
        END;
START TRANSACTION;
begin

 Select paymentTermId,paymentTermCode,paymentTermName,creditDays,toleranceDays,relateTo,isApproved from  t_paymentterm
where (Payment_Term_Id=0 or paymentTermId=Payment_Term_Id) and isDeleted=0 order by paymentTermName;

end;

  COMMIT;
END */$$
DELIMITER ;

/* Procedure structure for procedure `proc_get_t_payment_term_name` */

/*!50003 DROP PROCEDURE IF EXISTS  `proc_get_t_payment_term_name` */;

DELIMITER $$

/*!50003 CREATE DEFINER=`leade_testing2`@`%` PROCEDURE `proc_get_t_payment_term_name`()
BEGIN
DECLARE exit handler for sqlexception
        BEGIN
        ROLLBACK;
        END;
    DECLARE exit handler for sqlwarning
        BEGIN
    ROLLBACK;
        END;
START TRANSACTION;
begin

 Select paymentTermId,paymentTermName from  t_paymentterm
where isDeleted=0 order by paymentTermName;

end;

  COMMIT;
END */$$
DELIMITER ;

/* Procedure structure for procedure `proc_get_t_postingperiod_for_list` */

/*!50003 DROP PROCEDURE IF EXISTS  `proc_get_t_postingperiod_for_list` */;

DELIMITER $$

/*!50003 CREATE DEFINER=`leade_testing2`@`%` PROCEDURE `proc_get_t_postingperiod_for_list`(Posting_Period_Id int)
BEGIN
DECLARE exit handler for sqlexception
        BEGIN
        ROLLBACK;
        END;
    DECLARE exit handler for sqlwarning
        BEGIN
    ROLLBACK;
        END;
START TRANSACTION;
begin

Select pp.postperiodId,pp.companyId,pp.periodCode,pp.periodName,pp.subPeriod,pp.isApproved,DATE_FORMAT( pp.fiscalYearStart,'%d/%m/%Y') as fiscalYearStart,
(select companyName from t_company where companyId=pp.companyId ) as  companyName from t_postingperiod pp 
where (Posting_Period_Id=0 or pp.postperiodId=Posting_Period_Id) and pp.isDeleted=0 order by companyName;


end;

  COMMIT;
END */$$
DELIMITER ;

/* Procedure structure for procedure `proc_get_t_uom_acc_uom_group_name` */

/*!50003 DROP PROCEDURE IF EXISTS  `proc_get_t_uom_acc_uom_group_name` */;

DELIMITER $$

/*!50003 CREATE DEFINER=`leade_testing2`@`%` PROCEDURE `proc_get_t_uom_acc_uom_group_name`(
UMO_Group_Id int
)
BEGIN
DECLARE exit handler for sqlexception
        BEGIN
        ROLLBACK;
        END;
    DECLARE exit handler for sqlwarning
        BEGIN
    ROLLBACK;
        END;
START TRANSACTION;
begin

Select u.uomId,u.uomName  from t_uomgroupmapping m  inner join m_uom u on m.baseUOMId=u.uomId 
 where (m.uomGroupId=UMO_Group_Id) and u.isDeleted=0 group by u.uomId,u.uomName order by u.uomName;

end;

  COMMIT;
END */$$
DELIMITER ;

/* Procedure structure for procedure `proc_get_t_uom_group_mapping_for_list` */

/*!50003 DROP PROCEDURE IF EXISTS  `proc_get_t_uom_group_mapping_for_list` */;

DELIMITER $$

/*!50003 CREATE DEFINER=`leade_testing2`@`%` PROCEDURE `proc_get_t_uom_group_mapping_for_list`(
UMO_Mapping_Id int
)
BEGIN
DECLARE exit handler for sqlexception
        BEGIN
        ROLLBACK;
        END;
    DECLARE exit handler for sqlwarning
        BEGIN
    ROLLBACK;
        END;
START TRANSACTION;
begin

Select u.uomMappingId,u.uomGroupId,u.baseQty,u.baseUOMId,u.altQty,u.altUOMId,u.isApproved,
(select uomGroupName  from m_uomgroup where uomGroupId= u.uomGroupId) as umogroupName,
(select uomName  from m_uom where uomId=u.baseUOMId) as baseumoName,
(select uomName from m_uom where uomId=u.altUOMId) as altumoName from  t_uomgroupmapping u
where (UMO_Mapping_Id=0 or u.uomMappingId=UMO_Mapping_Id) and u.isDeleted=0 order by umogroupName;

end;

  COMMIT;
END */$$
DELIMITER ;

/* Procedure structure for procedure `proc_get_u_department_for_list` */

/*!50003 DROP PROCEDURE IF EXISTS  `proc_get_u_department_for_list` */;

DELIMITER $$

/*!50003 CREATE DEFINER=`leade_testing2`@`%` PROCEDURE `proc_get_u_department_for_list`(Department_Id int)
BEGIN
DECLARE exit handler for sqlexception
        BEGIN
        ROLLBACK;
        END;
    DECLARE exit handler for sqlwarning
        BEGIN
    ROLLBACK;
        END;
START TRANSACTION;
begin

 Select departmentId,departmentName,departmentDescription,isApproved
from u_department where isDeleted=0;


end;
END */$$
DELIMITER ;

/* Procedure structure for procedure `proc_get_u_department_name` */

/*!50003 DROP PROCEDURE IF EXISTS  `proc_get_u_department_name` */;

DELIMITER $$

/*!50003 CREATE DEFINER=`leade_testing2`@`%` PROCEDURE `proc_get_u_department_name`()
BEGIN
DECLARE exit handler for sqlexception
        BEGIN
        ROLLBACK;
        END;
    DECLARE exit handler for sqlwarning
        BEGIN
    ROLLBACK;
        END;
START TRANSACTION;
begin

Select departmentId,Concat(departmentName , '(' , departmentDescription , ')') as departmentname from u_department where isDeleted=0;


end;

  COMMIT;
END */$$
DELIMITER ;

/* Procedure structure for procedure `proc_get_u_designation_for_list` */

/*!50003 DROP PROCEDURE IF EXISTS  `proc_get_u_designation_for_list` */;

DELIMITER $$

/*!50003 CREATE DEFINER=`leade_testing2`@`%` PROCEDURE `proc_get_u_designation_for_list`(Designation_Id int)
BEGIN
DECLARE exit handler for sqlexception
        BEGIN
        ROLLBACK;
        END;
    DECLARE exit handler for sqlwarning
        BEGIN
    ROLLBACK;
        END;
START TRANSACTION;
begin

 Select designationId,designationName,designationDescription,isApproved
from u_designation where isDeleted=0;


end;
END */$$
DELIMITER ;

/* Procedure structure for procedure `proc_get_u_designation_name` */

/*!50003 DROP PROCEDURE IF EXISTS  `proc_get_u_designation_name` */;

DELIMITER $$

/*!50003 CREATE DEFINER=`leade_testing2`@`%` PROCEDURE `proc_get_u_designation_name`()
BEGIN
DECLARE exit handler for sqlexception
        BEGIN
        ROLLBACK;
        END;
    DECLARE exit handler for sqlwarning
        BEGIN
    ROLLBACK;
        END;
START TRANSACTION;
begin

Select designationId,designationName as designationname from u_designation where isDeleted=0;


end;

  COMMIT;
END */$$
DELIMITER ;

/* Procedure structure for procedure `proc_get_u_user_detail_for_session` */

/*!50003 DROP PROCEDURE IF EXISTS  `proc_get_u_user_detail_for_session` */;

DELIMITER $$

/*!50003 CREATE DEFINER=`leade_testing2`@`%` PROCEDURE `proc_get_u_user_detail_for_session`(
User_Email varchar(50)
)
BEGIN
DECLARE exit handler for sqlexception
        BEGIN
        ROLLBACK;
        END;
    DECLARE exit handler for sqlwarning
        BEGIN
    ROLLBACK;
        END;
START TRANSACTION;
begin

Select newuserId,concat(userfirstName," ",userlastName) as Name1,useremail from u_user where useremail=trim(User_Email) and isDeleted=0;

end;

  COMMIT;
END */$$
DELIMITER ;

/* Procedure structure for procedure `proc_get_u_User_Password` */

/*!50003 DROP PROCEDURE IF EXISTS  `proc_get_u_User_Password` */;

DELIMITER $$

/*!50003 CREATE DEFINER=`leade_testing2`@`%` PROCEDURE `proc_get_u_User_Password`(
Email_ID varchar(50),
out User_Password varchar(15)    
    )
BEGIN
DECLARE exit handler for sqlexception
        BEGIN
        ROLLBACK;
        END;
    DECLARE exit handler for sqlwarning
        BEGIN
    ROLLBACK;
        END;
START TRANSACTION;
begin

set User_Password = (Select userpwd from u_user where (useremail=Email_ID) and isDeleted=0);


end;

  COMMIT;
END */$$
DELIMITER ;

/* Procedure structure for procedure `proc_get_u_user_role_permission_Name` */

/*!50003 DROP PROCEDURE IF EXISTS  `proc_get_u_user_role_permission_Name` */;

DELIMITER $$

/*!50003 CREATE DEFINER=`leade_testing2`@`%` PROCEDURE `proc_get_u_user_role_permission_Name`(
User_Id int,
Sub_To_Sub_Menu_Id int
)
BEGIN
DECLARE exit handler for sqlexception
        BEGIN
        ROLLBACK;
        END;
    DECLARE exit handler for sqlwarning
        BEGIN
    ROLLBACK;
        END;
START TRANSACTION;
begin

Select r.subtosubMenuId,r.isAdd,r.isEdit,r.isView,r.isApprove,r.isDelete,s.subtosubmenuName,s.pageURL 
from u_rolepermission r 
inner join u_userassign u on u.roleId=r.roleId 
inner join m_subtosubmenu s on r.subtosubMenuId=s.subtosubMenuId 
where (u.userregid=User_Id) And (r.subtosubMenuId = Sub_To_Sub_Menu_Id) and u.isDeleted=0;

end;

  COMMIT;
END */$$
DELIMITER ;

/* Procedure structure for procedure `proc_get_u_user_role_permission_nenulist` */

/*!50003 DROP PROCEDURE IF EXISTS  `proc_get_u_user_role_permission_nenulist` */;

DELIMITER $$

/*!50003 CREATE DEFINER=`leade_testing2`@`%` PROCEDURE `proc_get_u_user_role_permission_nenulist`(
User_Id int
)
BEGIN
DECLARE exit handler for sqlexception
        BEGIN
        ROLLBACK;
        END;
    DECLARE exit handler for sqlwarning
        BEGIN
    ROLLBACK;
        END;
START TRANSACTION;
begin

Select m.menuId,m.menuName from u_userassign u inner join 
u_rolepermission r on u.roleId=r.roleId inner join m_subtosubmenu s on r.subtosubMenuId=s.subtosubMenuId
inner join m_subnmenu sm on s.submenuId=sm.submenuId inner join m_mainmenu m on sm.menuId=m.menuId
 where (u.userregid=User_Id) and u.isDeleted=0 and r.isDeleted=0 group by m.menuId,m.menuName order by m.`sequence`;


end;

  COMMIT;
END */$$
DELIMITER ;

/* Procedure structure for procedure `proc_get_u_user_role_permission_subnenulist` */

/*!50003 DROP PROCEDURE IF EXISTS  `proc_get_u_user_role_permission_subnenulist` */;

DELIMITER $$

/*!50003 CREATE DEFINER=`leade_testing2`@`%` PROCEDURE `proc_get_u_user_role_permission_subnenulist`(
User_Id int,
Menu_Id int
)
BEGIN
DECLARE exit handler for sqlexception
        BEGIN
        ROLLBACK;
        END;
    DECLARE exit handler for sqlwarning
        BEGIN
    ROLLBACK;
        END;
START TRANSACTION;
begin

Select sm.subMenuId,sm.submenuName from u_userassign u inner join 
u_rolepermission r on u.roleId=r.roleId inner join m_subtosubmenu s on r.subtosubMenuId=s.subtosubMenuId
inner join m_subnmenu sm on s.submenuId=sm.submenuId where (u.userregid=User_Id and sm.menuId=Menu_Id)
 and u.isDeleted=0 and r.isDeleted=0
group by sm.subMenuId,sm.submenuName order by sm.subMenuId;
end;
 COMMIT;
END */$$
DELIMITER ;

/* Procedure structure for procedure `proc_get_u_user_role_permission_subtosubnenulist` */

/*!50003 DROP PROCEDURE IF EXISTS  `proc_get_u_user_role_permission_subtosubnenulist` */;

DELIMITER $$

/*!50003 CREATE DEFINER=`leade_testing2`@`%` PROCEDURE `proc_get_u_user_role_permission_subtosubnenulist`(
User_Id int,
Sub_Menu_Id int
)
BEGIN
DECLARE exit handler for sqlexception
        BEGIN
        ROLLBACK;
        END;
    DECLARE exit handler for sqlwarning
        BEGIN
    ROLLBACK;
        END;
START TRANSACTION;
begin

Select s.subtosubMenuId,s.subtosubmenuName,s.pageURL from u_userassign u inner join 
u_rolepermission r on u.roleId=r.roleId inner join m_subtosubmenu s on r.subtosubMenuId=s.subtosubMenuId
 where (u.userregid=User_Id and s.submenuId=Sub_Menu_Id) and u.isDeleted=0 and r.isDeleted=0
group by s.subtosubMenuId,s.subtosubmenuName,s.pageURL order by s.subtosubMenuId;
end;
  COMMIT;
END */$$
DELIMITER ;

/* Procedure structure for procedure `proc_get_Vendor_wildcard_for_company_name` */

/*!50003 DROP PROCEDURE IF EXISTS  `proc_get_Vendor_wildcard_for_company_name` */;

DELIMITER $$

/*!50003 CREATE DEFINER=`leade_testing2`@`%` PROCEDURE `proc_get_Vendor_wildcard_for_company_name`(Search_Keywords varchar(50))
BEGIN
DECLARE exit handler for sqlexception
        BEGIN
        ROLLBACK;
        END;
    DECLARE exit handler for sqlwarning
        BEGIN
    ROLLBACK;
        END;
START TRANSACTION;
begin
SELECT  distinct(companyName) as SearchItem FROM v_vendorregistration WHERE companyName LIKE concat('%',Search_Keywords,'%') AND isApproved=1;
end;

  COMMIT;
END */$$
DELIMITER ;

/* Procedure structure for procedure `proc_get_Vendor_wildcard_for_sort_name` */

/*!50003 DROP PROCEDURE IF EXISTS  `proc_get_Vendor_wildcard_for_sort_name` */;

DELIMITER $$

/*!50003 CREATE DEFINER=`leade_testing2`@`%` PROCEDURE `proc_get_Vendor_wildcard_for_sort_name`(Search_Keywords varchar(50))
BEGIN
DECLARE exit handler for sqlexception
        BEGIN
        ROLLBACK;
        END;
    DECLARE exit handler for sqlwarning
        BEGIN
    ROLLBACK;
        END;
START TRANSACTION;
begin
SELECT  distinct(vendorSortName) as SearchItem FROM v_vendorregistration WHERE vendorSortName LIKE concat('%',Search_Keywords,'%') and isApproved=1;
end;

  COMMIT;
END */$$
DELIMITER ;

/* Procedure structure for procedure `proc_get_v_action_permission_acc_vendor_id` */

/*!50003 DROP PROCEDURE IF EXISTS  `proc_get_v_action_permission_acc_vendor_id` */;

DELIMITER $$

/*!50003 CREATE DEFINER=`leade_testing2`@`%` PROCEDURE `proc_get_v_action_permission_acc_vendor_id`(Vendor_id int)
BEGIN
DECLARE exit handler for sqlexception
        BEGIN
        ROLLBACK;
        END;
    DECLARE exit handler for sqlwarning
        BEGIN
    ROLLBACK;
        END;
START TRANSACTION;
begin
SELECT vp.permissionId,1 AS COUNT,vp.permissionName,
(CASE WHEN ap.isView= 1 THEN ap.isView ELSE vp.isView END )  AS isView FROM
 v_vendorpermission vp LEFT JOIN v_actionpermission ap ON vp.permissionId=ap.permissionId 
 WHERE (ap.vendorId=Vendor_id AND vp.isDeleted=0 AND ap.isDeleted=0)
 UNION SELECT vp.permissionId,0 AS COUNT,vp.permissionName,vp.isView  FROM v_vendorpermission vp
 WHERE vp.permissionId NOT IN (SELECT permissionId FROM v_actionpermission  WHERE vendorId=Vendor_id AND isDeleted=0 ) 
 AND  vp.isDeleted=0;

end;

  COMMIT;
END */$$
DELIMITER ;

/* Procedure structure for procedure `proc_get_v_vendorpermission_for_list` */

/*!50003 DROP PROCEDURE IF EXISTS  `proc_get_v_vendorpermission_for_list` */;

DELIMITER $$

/*!50003 CREATE DEFINER=`leade_testing2`@`%` PROCEDURE `proc_get_v_vendorpermission_for_list`(Permission_Id int)
BEGIN
DECLARE exit handler for sqlexception
        BEGIN
        ROLLBACK;
        END;
    DECLARE exit handler for sqlwarning
        BEGIN
    ROLLBACK;
        END;
START TRANSACTION;
begin
Select permissionId,permissionName,isApproved from v_vendorpermission where (Permission_Id=0 or permissionId=Permission_Id) and isDeleted=0 order by permissionName;
end;

  COMMIT;
END */$$
DELIMITER ;

/* Procedure structure for procedure `proc_get_v_vendor_category_for_list` */

/*!50003 DROP PROCEDURE IF EXISTS  `proc_get_v_vendor_category_for_list` */;

DELIMITER $$

/*!50003 CREATE DEFINER=`leade_testing2`@`%` PROCEDURE `proc_get_v_vendor_category_for_list`(Vendor_Category_Id int)
BEGIN
DECLARE exit handler for sqlexception
        BEGIN
        ROLLBACK;
        END;
    DECLARE exit handler for sqlwarning
        BEGIN
    ROLLBACK;
        END;
START TRANSACTION;
begin

 Select vendorcategoryId,vendorcategoryName,isApproved from v_vendorcategory  
 where (Vendor_Category_Id=0 or vendorcategoryId=Vendor_Category_Id) and isDeleted=0;
end;
COMMIT;
END */$$
DELIMITER ;

/* Procedure structure for procedure `proc_get_v_vendor_category_name` */

/*!50003 DROP PROCEDURE IF EXISTS  `proc_get_v_vendor_category_name` */;

DELIMITER $$

/*!50003 CREATE DEFINER=`leade_testing2`@`%` PROCEDURE `proc_get_v_vendor_category_name`()
BEGIN
DECLARE exit handler for sqlexception
        BEGIN
        ROLLBACK;
        END;
    DECLARE exit handler for sqlwarning
        BEGIN
    ROLLBACK;
        END;
START TRANSACTION;
begin

Select vendorcategoryId,vendorcategoryName from  v_vendorcategory  where isDeleted=0;

end;
END */$$
DELIMITER ;

/* Procedure structure for procedure `proc_get_v_vendor_check_invitation` */

/*!50003 DROP PROCEDURE IF EXISTS  `proc_get_v_vendor_check_invitation` */;

DELIMITER $$

/*!50003 CREATE DEFINER=`leade_testing2`@`%` PROCEDURE `proc_get_v_vendor_check_invitation`(Company_Name varchar(50))
BEGIN
DECLARE exit handler for sqlexception
BEGIN
ROLLBACK;
END;
DECLARE exit handler for sqlwarning
BEGIN
ROLLBACK;
END;
START TRANSACTION;
begin
declare Invitationid int;
select count(vendorinvitationId) as count1,contactPerson,vendorEmail from v_vendorinvitation where REPLACE(vendorCompany,' ','') like concat('%',REPLACE(Company_Name,' ',''),'%') and isDeleted=0;
end;
END */$$
DELIMITER ;

/* Procedure structure for procedure `proc_get_v_vendor_count_For_approval_status_chart` */

/*!50003 DROP PROCEDURE IF EXISTS  `proc_get_v_vendor_count_For_approval_status_chart` */;

DELIMITER $$

/*!50003 CREATE DEFINER=`leade_testing2`@`%` PROCEDURE `proc_get_v_vendor_count_For_approval_status_chart`()
BEGIN
DECLARE EXIT HANDLER FOR SQLEXCEPTION
        BEGIN
        ROLLBACK;
        END;
    DECLARE EXIT HANDLER FOR SQLWARNING
        BEGIN
    ROLLBACK;
        END;
START TRANSACTION;
BEGIN
SELECT (SELECT COUNT(vendorId) FROM  v_vendorregistration i  WHERE i.isApproved=1 AND i.isDeleted=0) AS approved,
(SELECT COUNT(vendorId)  FROM  v_vendorregistration i  WHERE i.isApproved=0  AND i.isDeleted=0) AS pending;
END;
END */$$
DELIMITER ;

/* Procedure structure for procedure `proc_get_v_vendor_count_For_request_status_chart` */

/*!50003 DROP PROCEDURE IF EXISTS  `proc_get_v_vendor_count_For_request_status_chart` */;

DELIMITER $$

/*!50003 CREATE DEFINER=`leade_testing2`@`%` PROCEDURE `proc_get_v_vendor_count_For_request_status_chart`()
BEGIN
DECLARE exit handler for sqlexception
        BEGIN
        ROLLBACK;
        END;
    DECLARE exit handler for sqlwarning
        BEGIN
    ROLLBACK;
        END;
START TRANSACTION;
begin
 SELECT  COUNT(vendorId) AS Count1, `requestStatus` FROM  `v_vendorregistration` i  WHERE  i.isDeleted=0
GROUP BY requestStatus ORDER BY requestStatus;
end;
END */$$
DELIMITER ;

/* Procedure structure for procedure `proc_get_v_vendor_duplicate_check_acc_email` */

/*!50003 DROP PROCEDURE IF EXISTS  `proc_get_v_vendor_duplicate_check_acc_email` */;

DELIMITER $$

/*!50003 CREATE DEFINER=`leade_testing2`@`%` PROCEDURE `proc_get_v_vendor_duplicate_check_acc_email`(Vender_id int)
BEGIN
DECLARE exit handler for sqlexception
        BEGIN
        ROLLBACK;
        END;
    DECLARE exit handler for sqlwarning
        BEGIN
    ROLLBACK;
        END;
START TRANSACTION;
begin

 Select count(vendorId) as count from  v_vendordetails  where vendorId=trim(Vender_id)  and isDeleted=0;


end;

  COMMIT;
END */$$
DELIMITER ;

/* Procedure structure for procedure `proc_get_v_vendor_Invitation_for_list` */

/*!50003 DROP PROCEDURE IF EXISTS  `proc_get_v_vendor_Invitation_for_list` */;

DELIMITER $$

/*!50003 CREATE DEFINER=`leade_testing2`@`%` PROCEDURE `proc_get_v_vendor_Invitation_for_list`(Vendor_Invitation_Id int)
BEGIN
DECLARE exit handler for sqlexception
        BEGIN
        ROLLBACK;
        END;
    DECLARE exit handler for sqlwarning
        BEGIN
    ROLLBACK;
        END;
START TRANSACTION;
begin
Select vendorinvitationId,vendorCompany,contactPerson,vendorEmail,isApproved
from v_vendorinvitation where (Vendor_Invitation_Id=0 or vendorinvitationId=Vendor_Invitation_Id) and isDeleted=0;
end;

  COMMIT;
END */$$
DELIMITER ;

/* Procedure structure for procedure `proc_get_v_vendor_permission_name` */

/*!50003 DROP PROCEDURE IF EXISTS  `proc_get_v_vendor_permission_name` */;

DELIMITER $$

/*!50003 CREATE DEFINER=`leade_testing2`@`%` PROCEDURE `proc_get_v_vendor_permission_name`()
BEGIN
DECLARE exit handler for sqlexception
        BEGIN
        ROLLBACK;
        END;
    DECLARE exit handler for sqlwarning
        BEGIN
    ROLLBACK;
        END;
START TRANSACTION;
begin

Select permissionId,permissionName from v_vendorpermission  where isDeleted=0;

end;
END */$$
DELIMITER ;

/* Procedure structure for procedure `proc_get_v_vendor_registration_list_for_popup` */

/*!50003 DROP PROCEDURE IF EXISTS  `proc_get_v_vendor_registration_list_for_popup` */;

DELIMITER $$

/*!50003 CREATE DEFINER=`leade_testing2`@`%` PROCEDURE `proc_get_v_vendor_registration_list_for_popup`(Vendor_Id int)
BEGIN
DECLARE exit handler for sqlexception
BEGIN
ROLLBACK;
END;
DECLARE exit handler for sqlwarning
BEGIN
ROLLBACK;
END;
START TRANSACTION;
begin
Select v.vendorId,v.vendorSortName,v.companyName,v.companyAddress,v.companypinCode,v.companyTeliphone,v.companyFaxNo,
v.companyMobileNo,v.companyalternanteNo,v.companyGST,v.companySST,v.companyRegion,v.companyWorksampleUrl,ndaformUrl,
form24,form48,form9,otherform,
(select concat(countryName,'(',countryCode, ')') from m_country where countryId=v.companycountryId) as CountryName,
(select stateName from m_state where stateId=v.companystateId) as StateName,
(select cityName from m_city where cityId=v.companycityId) as CityName,
(select concat(paymentTermName,'(',paymentTermCode, ')') from t_paymentterm where paymentTermId=v.paymentTermId) as payemtTermName,
(select concat(currencyName,'(',currencyCode, ')') from m_currency where currencyId=v.currencyId) as CurrencyName,
(select vendorcategoryName from v_vendorcategory where vendorcategoryId =v.categoryId) as CategoryName,
v.machineName,v.machineFunction,v.machineCapability,v.vendorName,v.vendorEmail,v.altvendorname1
,v.altvendorEmail1,v.altvendorname2,v.altvendorEmail2,v.vendorteliphoneNo1,v.vendoraddress,
(select concat(countryName,'(',countryCode, ')') from m_country where countryId=v.vendorcountryId) as VendorCountryName,
(select cityName from m_city where cityId=v.vendorcityId) as VendorCityName,v.locationLongitude,v.locationLatitude
,v.bankdetailType,(select bankName from m_bank where bankId=v.bankId) as BankName,
swiftcode,v.accountNo,v.reciverName,
v.bankAddress,v.postalCode,v.bankContactNo1,v.bankContactNo2,v.paypalemailId,v.ndaformUrl,v.companyStatus,v.accessPermission,
(select concat(countryName,'(',countryCode, ')') from m_country where countryId=v.bankcountryId) as BankCountryName,
(select stateName from m_state where stateId=v.bankstateId) as BankStateName,
(select cityName from m_city where cityId=v.bankcityId) as BankCityName
from v_vendorregistration v where (Vendor_Id=0 or v.vendorId=Vendor_Id) and v.isDeleted=0;
end;
END */$$
DELIMITER ;

/* Procedure structure for procedure `proc_get_v_vendor_request_for_list` */

/*!50003 DROP PROCEDURE IF EXISTS  `proc_get_v_vendor_request_for_list` */;

DELIMITER $$

/*!50003 CREATE DEFINER=`leade_testing2`@`%` PROCEDURE `proc_get_v_vendor_request_for_list`(Vendor_Id int)
BEGIN
DECLARE exit handler for sqlexception
        BEGIN
        ROLLBACK;
        END;
    DECLARE exit handler for sqlwarning
        BEGIN
    ROLLBACK;
        END;
START TRANSACTION;
begin
Select vendorId,vendorName,companyName,vendorEmail,registrationStatus,requestStatus,isApproved from v_vendorregistration 
where (Vendor_Id=0 or vendorId=Vendor_Id) and isDeleted=0;
end;
COMMIT;
END */$$
DELIMITER ;

/* Procedure structure for procedure `proc_get_v_vendor_search_acc_searchValues` */

/*!50003 DROP PROCEDURE IF EXISTS  `proc_get_v_vendor_search_acc_searchValues` */;

DELIMITER $$

/*!50003 CREATE DEFINER=`leade_testing2`@`%` PROCEDURE `proc_get_v_vendor_search_acc_searchValues`(
Vendor_Sort_Name varchar(50),
Vendor_Company_Name varchar(50),
Vendor_Category varchar(50),
Vendor_Status varchar(20)    
    )
BEGIN
DECLARE exit handler for sqlexception
        BEGIN
        ROLLBACK;
        END;
    DECLARE exit handler for sqlwarning
        BEGIN
    ROLLBACK;
        END;
START TRANSACTION;
begin
 Select v.vendorId,v.vendorSortName,v.companyName,v.companyGST,c.vendorcategoryName,v.companyStatus,v.vendorEmail
from  v_vendorregistration v  join v_vendorcategory c on v.categoryId=c.vendorcategoryId where 
(Vendor_Sort_Name='' or v.vendorSortName=Vendor_Sort_Name) and (Vendor_Company_Name='' or v.companyName=Vendor_Company_Name) 
 and (Vendor_Category='' or c.vendorcategoryName=Vendor_Category) and (Vendor_Status='' or v.companyStatus=Vendor_Status)
  and v.isDeleted=0 and v.isApproved=1;

end;
END */$$
DELIMITER ;

/* Procedure structure for procedure `proc_get_v_vendor_search_topten` */

/*!50003 DROP PROCEDURE IF EXISTS  `proc_get_v_vendor_search_topten` */;

DELIMITER $$

/*!50003 CREATE DEFINER=`leade_testing2`@`%` PROCEDURE `proc_get_v_vendor_search_topten`()
BEGIN
DECLARE exit handler for sqlexception
        BEGIN
        ROLLBACK;
        END;
    DECLARE exit handler for sqlwarning
        BEGIN
    ROLLBACK;
        END;
START TRANSACTION;
begin
 Select v.vendorId,v.vendorSortName,v.companyName,v.companyGST,c.vendorcategoryName,v.companyStatus,v.vendorEmail
from  v_vendorregistration v  join v_vendorcategory c on v.categoryId=c.vendorcategoryId where 
 v.isDeleted=0 and v.isApproved=1 ORDER BY v.vendorId DESC LIMIT 10;

end;
END */$$
DELIMITER ;

/* Procedure structure for procedure `proc_get_v_vendor_standby_acc_searchValues` */

/*!50003 DROP PROCEDURE IF EXISTS  `proc_get_v_vendor_standby_acc_searchValues` */;

DELIMITER $$

/*!50003 CREATE DEFINER=`leade_testing2`@`%` PROCEDURE `proc_get_v_vendor_standby_acc_searchValues`(
    Vendor_Sort_Name VARCHAR(50),
    Vendor_Company_Name VARCHAR(50),
     Vendor_Category VARCHAR(50)
     
    )
BEGIN
DECLARE EXIT HANDLER FOR SQLEXCEPTION
        BEGIN
        ROLLBACK;
        END;
    DECLARE EXIT HANDLER FOR SQLWARNING
        BEGIN
    ROLLBACK;
        END;
START TRANSACTION;
BEGIN
 SELECT v.vendorId,v.vendorSortName,v.companyName,v.companyGST,c.vendorcategoryName,v.companyStatus,v.vendorEmail
FROM  v_vendorregistration v  JOIN v_vendorcategory c ON v.categoryId=c.vendorcategoryId WHERE 
(Vendor_Sort_Name='' OR v.vendorSortName=Vendor_Sort_Name) AND (Vendor_Company_Name='' OR v.companyName=Vendor_Company_Name) 
 AND (Vendor_Category='' OR c.vendorcategoryName=Vendor_Category) AND v.isDeleted=0 AND v.isApproved=1 AND v.requestStatus='Stand By';

END;
END */$$
DELIMITER ;

/* Procedure structure for procedure `proc_get_v_vendor_standby_topten` */

/*!50003 DROP PROCEDURE IF EXISTS  `proc_get_v_vendor_standby_topten` */;

DELIMITER $$

/*!50003 CREATE DEFINER=`leade_testing2`@`%` PROCEDURE `proc_get_v_vendor_standby_topten`()
BEGIN
DECLARE EXIT HANDLER FOR SQLEXCEPTION
        BEGIN
        ROLLBACK;
        END;
    DECLARE EXIT HANDLER FOR SQLWARNING
        BEGIN
    ROLLBACK;
        END;
START TRANSACTION;
BEGIN
SELECT v.vendorId,v.vendorSortName,v.companyName,v.companyGST,c.vendorcategoryName,v.companyStatus,v.vendorEmail
FROM  v_vendorregistration v  JOIN v_vendorcategory c ON v.categoryId=c.vendorcategoryId WHERE 
 v.isDeleted=0 AND v.requestStatus='Stand By' ORDER BY v.vendorId DESC LIMIT 10;

END;
END */$$
DELIMITER ;

/* Procedure structure for procedure `proc_Insert_e_engineering` */

/*!50003 DROP PROCEDURE IF EXISTS  `proc_Insert_e_engineering` */;

DELIMITER $$

/*!50003 CREATE DEFINER=`leade_testing2`@`%` PROCEDURE `proc_Insert_e_engineering`(
Project_Detail_Id int,
Due_Date datetime,
Project_Programer varchar(45),
User_Id int,
 out error1 int
)
BEGIN
DECLARE exit handler for sqlexception
        BEGIN
        ROLLBACK;
        END;
    DECLARE exit handler for sqlwarning
        BEGIN
    ROLLBACK;
        END;
START TRANSACTION;
begin
declare id int;
declare engineering_Id int;
set id=(select count(engineeringId) from e_engineering where   (projectDetailId=trim(Project_Detail_Id)) and isDeleted=0);
IF id = 0 THEN
INSERT INTO e_engineering(projectDetailId,duteDate,projectProgramer,userId) VALUES(trim(Project_Detail_Id),trim(Due_Date),trim(Project_Programer),trim(User_Id)); 
set engineering_Id=(select (engineeringId) from e_engineering where   (projectDetailId=trim(Project_Detail_Id)) ORDER BY engineeringId DESC LIMIT 1);
INSERT INTO e_engineering_log(engineeringId,projectDetailId,duteDate,projectProgramer,userId,userAction) 
VALUES(trim(engineering_Id),trim(Project_Detail_Id),trim(Due_Date),trim(Project_Programer),trim(User_Id),'insert'); 
update e_projectdetail set projectStatus='Uploaded' where projectDetailId=Project_Detail_Id;
SET error1=0;
else
SET error1=1;
END IF;
select id;
end;

  COMMIT;
END */$$
DELIMITER ;

/* Procedure structure for procedure `proc_Insert_e_project` */

/*!50003 DROP PROCEDURE IF EXISTS  `proc_Insert_e_project` */;

DELIMITER $$

/*!50003 CREATE DEFINER=`leade_testing2`@`%` PROCEDURE `proc_Insert_e_project`(
Project_Name varchar(100),
Project_Number varchar(50),
Project_Type varchar(10),
Project_By varchar(45),
User_Id int,
out error1 varchar(100)
)
BEGIN
DECLARE exit handler for sqlexception
        BEGIN
        ROLLBACK;
        END;
    DECLARE exit handler for sqlwarning
        BEGIN
    ROLLBACK;
        END;
START TRANSACTION;
begin
declare id int;
declare Project_id int;
set id=(select count(projectId) from e_project where   (projectName=trim(Project_Name) or projectNumber=trim(Project_Number)) and isDeleted=0);
IF id = 0 THEN
INSERT INTO e_project(projectName,projectNumber,projectType,project_by,userId) VALUES(trim(Project_Name),trim(Project_Number),trim(Project_Type),trim(Project_By),trim(User_Id)); 
set Project_id=(select (projectId) from e_project where   (projectName=trim(Project_Name) or projectNumber=trim(Project_Number))  ORDER BY projectId DESC LIMIT 1);
INSERT INTO e_project_log(projectId,projectName,projectNumber,projectType,project_by,userId,userAction) VALUES(trim(Project_id),trim(Project_Name),trim(Project_Number),trim(Project_Type),trim(Project_By),trim(User_Id),'insert'); 
SET error1=concat('0',',',Project_id);
else
SET error1='1';
END IF;
select id;
end;

  COMMIT;
END */$$
DELIMITER ;

/* Procedure structure for procedure `proc_Insert_e_project_detail` */

/*!50003 DROP PROCEDURE IF EXISTS  `proc_Insert_e_project_detail` */;

DELIMITER $$

/*!50003 CREATE DEFINER=`leade_testing2`@`%` PROCEDURE `proc_Insert_e_project_detail`(
Project_Id int,
Part_No varchar(50),
CAD_File_Name varchar(50),
CAD_File_URL varchar(200),
Material_Type varchar(45),
Material_Thickness varchar(45),
Material_Finishing varchar(45),
CAD_File_Type varchar(25),
CAD_File_Format varchar(10),
User_Id int,
out error1 int
)
BEGIN
DECLARE exit handler for sqlexception
        BEGIN
        ROLLBACK;
        END;
    DECLARE exit handler for sqlwarning
        BEGIN
    ROLLBACK;
        END;
START TRANSACTION;
begin
declare id int;
declare Project_D_id int;
declare Revision_No int;
set id=(select count(projectDetailId) from e_projectdetail where   (projectId=trim(Project_Id) and PartNo=trim(Part_No) and cadfileName=trim(CAD_File_Name)) and isDeleted=0);
IF id = 0 THEN
INSERT INTO e_projectdetail(projectId,PartNo,cadfileName,catfileUrl,materialType,materialThickness,materialFinishing,cadFileType,fileFormat,userId)
 VALUES(trim(Project_Id),trim(Part_No),trim(CAD_File_Name),trim(CAD_File_URL),trim(Material_Type),trim(Material_Thickness),trim(Material_Finishing),trim(CAD_File_Type),trim(CAD_File_Format),trim(User_Id)); 
set Project_D_id=(select (projectDetailId) from e_projectdetail where   (projectId=trim(Project_Id) and PartNo=trim(Part_No) and cadfileName=trim(CAD_File_Name))  ORDER BY projectDetailId DESC LIMIT 1);
INSERT INTO e_projectdetail_log(projectDetailId,projectId,PartNo,cadfileName,catfileUrl,materialType,materialThickness,materialFinishing,cadFileType,fileFormat,userId,userAction) 
VALUES(Project_D_id,trim(Project_id),trim(Part_No),trim(CAD_File_Name),trim(CAD_File_URL),trim(Material_Type),trim(Material_Thickness),trim(Material_Finishing),trim(CAD_File_Type),trim(CAD_File_Format),trim(User_Id),'insert'); 
set Revision_No=(select revisionNo from e_projectrevision where PartNo=trim(Part_No) and cadfileName=trim(CAD_File_Name));

insert into e_projectrevision(projectDetailId,partNo,cadfileName,cadfileUrl,revisionNo)
values (Project_D_id,trim(Part_No),trim(CAD_File_Name),trim(CAD_File_URL),1);
SET error1=0;
else
SET error1=1;
END IF;
select id;
end;

  COMMIT;
END */$$
DELIMITER ;

/* Procedure structure for procedure `proc_Insert_e_project_revision` */

/*!50003 DROP PROCEDURE IF EXISTS  `proc_Insert_e_project_revision` */;

DELIMITER $$

/*!50003 CREATE DEFINER=`leade_testing2`@`%` PROCEDURE `proc_Insert_e_project_revision`(
Project_Detail_Id int,
Part_No varchar(50),
CAD_File_Name varchar(50),
CAD_File_URL varchar(200),
User_Id int,
out error1 int
)
BEGIN
DECLARE exit handler for sqlexception
        BEGIN
        ROLLBACK;
        END;
    DECLARE exit handler for sqlwarning
        BEGIN
    ROLLBACK;
        END;
START TRANSACTION;
begin

declare Revision_No int;
INSERT INTO e_projectdetail_log(projectDetailId,projectId,PartNo,cadfileName,catfileUrl,materialType,materialThickness,materialFinishing,
cadFileType,fileFormat,userId,userAction) 
select projectDetailId,projectId,PartNo,cadfileName,catfileUrl,materialType,materialThickness,materialFinishing,cadFileType,fileFormat,userId,
'revision' from e_projectdetail where projectDetailId=Project_Detail_Id; 

set Revision_No=(select (revisionNo+1) from e_projectrevision where projectDetailId=Project_Detail_Id  ORDER BY revisionId DESC LIMIT 1);



update e_projectdetail set PartNo=concat(Part_No),cadfileName=CAD_File_Name,catfileUrl=CAD_File_URL
 where projectDetailId=Project_Detail_Id;
insert into e_projectrevision(projectDetailId,partNo,cadfileName,cadfileUrl,revisionNo) 
values (Project_Detail_Id,trim(Part_No),trim(CAD_File_Name),trim(CAD_File_URL),Revision_No);
SET error1=0;

end;

  COMMIT;
END */$$
DELIMITER ;

/* Procedure structure for procedure `proc_Insert_m_area` */

/*!50003 DROP PROCEDURE IF EXISTS  `proc_Insert_m_area` */;

DELIMITER $$

/*!50003 CREATE DEFINER=`leade_testing2`@`%` PROCEDURE `proc_Insert_m_area`(Country_Id int,
State_Id int,
City_Id int,
Area_Name varchar(45),
User_Id int,
 out error1 int)
BEGIN
DECLARE exit handler for sqlexception
        BEGIN
        ROLLBACK;
        END;
    DECLARE exit handler for sqlwarning
        BEGIN
    ROLLBACK;
        END;
START TRANSACTION;
begin
declare id int;
declare area_id int;
set id=(select count(areaId) from m_area where areaName=trim(Area_Name) and isDeleted=0);
IF id = 0 THEN
INSERT INTO m_area(countryId,stateId,cityId,areaName,userId) VALUES(trim(Country_Id),trim(State_Id),trim(City_Id),trim(Area_Name),trim(User_Id));  
set area_id=(select trim(areaId) from m_area where areaName=trim(Area_Name) ORDER BY areaId DESC LIMIT 1);
INSERT INTO m_area_log(areaId,countryId,stateId,cityId,areaName,userId,userAction) VALUES(area_id,trim(Country_Id),trim(State_Id),trim(City_Id),trim(Area_Name),trim(User_Id),'insert');

set error1=0 ;
else
SET error1=1;
END IF;
select id;
end;

  COMMIT;
END */$$
DELIMITER ;

/* Procedure structure for procedure `proc_Insert_m_bank` */

/*!50003 DROP PROCEDURE IF EXISTS  `proc_Insert_m_bank` */;

DELIMITER $$

/*!50003 CREATE DEFINER=`leade_testing2`@`%` PROCEDURE `proc_Insert_m_bank`(Bank_Code varchar(45),
Bank_Name varchar(45),
Bank_Amount decimal(18,2),
User_Id int,
 out error1 int)
BEGIN
DECLARE exit handler for sqlexception
        BEGIN
        ROLLBACK;
        END;
    DECLARE exit handler for sqlwarning
        BEGIN
    ROLLBACK;
        END;
START TRANSACTION;
begin
declare id int;
declare bank_id int;
set id=(select count(bankId) from m_bank where   (bankCode=trim(Bank_Code) or bankName=trim(Bank_Name)) and isDeleted=0);
IF id = 0 THEN
INSERT INTO m_bank(bankCode,bankName,BankAmount,userId) VALUES(trim(Bank_Code),trim(Bank_Name),trim(Bank_Amount),trim(User_Id)); 
set bank_id=(select (bankId) from m_bank where (bankCode=Bank_Code or bankName=trim(Bank_Name))  ORDER BY bankId DESC LIMIT 1);
INSERT INTO m_bank_log(bankId,bankCode,bankName,BankAmount,userId,userAction) VALUES(trim(bank_id),trim(Bank_Code),trim(Bank_Name),trim(Bank_Amount),trim(User_Id),'insert'); 
SET error1=0;
else
SET error1=1;
END IF;
select id;
end;

  COMMIT;
END */$$
DELIMITER ;

/* Procedure structure for procedure `proc_Insert_m_cellno` */

/*!50003 DROP PROCEDURE IF EXISTS  `proc_Insert_m_cellno` */;

DELIMITER $$

/*!50003 CREATE DEFINER=`leade_testing2`@`%` PROCEDURE `proc_Insert_m_cellno`(Cell_No varchar(50),
User_Id int,
out error1 int)
BEGIN
DECLARE exit handler for sqlexception
        BEGIN
        ROLLBACK;
        END;
    DECLARE exit handler for sqlwarning
        BEGIN
    ROLLBACK;
        END;
START TRANSACTION;
begin
declare id int;
declare cell_id int;
set id=(select count(cellId) from m_cellno where (cellNo=trim(Cell_No) ) and isDeleted=0);
IF id = 0 THEN
INSERT INTO m_cellno(cellNo,userId) VALUES(trim(Cell_No),trim(User_Id)); 
set  cell_id=(select trim(cellId) from m_cellno where (cellNo=trim(Cell_No))  ORDER BY cellId DESC LIMIT 1);
INSERT INTO m_cellno_log(cellId,cellNo,userId,userAction) 
VALUES(cell_id,trim(Cell_No),trim(User_Id),'insert');
SET error1=0;
else
SET error1=1;
END IF;

end;

  COMMIT;
END */$$
DELIMITER ;

/* Procedure structure for procedure `proc_Insert_m_city` */

/*!50003 DROP PROCEDURE IF EXISTS  `proc_Insert_m_city` */;

DELIMITER $$

/*!50003 CREATE DEFINER=`leade_testing2`@`%` PROCEDURE `proc_Insert_m_city`(
    Country_Id int,
State_Id int,
City_Name varchar(50),
User_Id int,
 out error1 int)
BEGIN
DECLARE exit handler for sqlexception
        BEGIN
        ROLLBACK;
        END;
    DECLARE exit handler for sqlwarning
        BEGIN
    ROLLBACK;
        END;
START TRANSACTION;
begin
declare id int;
declare city_id int;
set id=(select count(cityId) from m_city where cityName=trim(City_Name) and isDeleted=0);
IF id = 0 THEN
INSERT INTO m_city(countryId,stateId,cityName,userId) VALUES(trim(Country_Id),trim(State_Id),trim(City_Name),trim(User_Id));  
set city_id=(select trim(cityId) from m_city where cityName=trim(City_Name) ORDER BY cityId DESC LIMIT 1);
INSERT INTO m_city_log(cityId,countryId,stateId,cityName,userId,userAction) VALUES(city_id,trim(Country_Id),trim(State_Id),trim(City_Name),trim(User_Id),'insert');  

SET error1=0;
else
SET error1=1;
END IF;
select id;
end;

  COMMIT;
END */$$
DELIMITER ;

/* Procedure structure for procedure `proc_Insert_m_cityforbulk` */

/*!50003 DROP PROCEDURE IF EXISTS  `proc_Insert_m_cityforbulk` */;

DELIMITER $$

/*!50003 CREATE DEFINER=`leade_testing2`@`%` PROCEDURE `proc_Insert_m_cityforbulk`(
    Country_Id int,
State_Id int,
City_Name varchar(50),
User_Id int,
 out error1 int)
BEGIN
DECLARE exit handler for sqlexception
        BEGIN
        ROLLBACK;
        END;
    DECLARE exit handler for sqlwarning
        BEGIN
    ROLLBACK;
        END;
START TRANSACTION;
begin
declare id int;
declare city_id int;
set id=(select count(cityId) from m_city where cityName=trim(City_Name) and isDeleted=0);
IF id = 0 THEN
INSERT INTO m_city(countryId,stateId,cityName,userId) VALUES(trim(Country_Id),trim(State_Id),trim(City_Name),trim(User_Id));  
set city_id=(select trim(cityId) from m_city where cityName=trim(City_Name) ORDER BY cityId DESC LIMIT 1);
INSERT INTO m_city_log(cityId,countryId,stateId,cityName,userId,userAction) VALUES(city_id,trim(Country_Id),trim(State_Id),trim(City_Name),trim(User_Id),'insert');  

SET error1=(select cityId from m_city where cityName=trim(City_Name) and isDeleted=0);
else
SET error1=(select cityId from m_city where cityName=trim(City_Name) and isDeleted=0);
END IF;
select id;
end;

  COMMIT;
END */$$
DELIMITER ;

/* Procedure structure for procedure `proc_Insert_m_Company_Group` */

/*!50003 DROP PROCEDURE IF EXISTS  `proc_Insert_m_Company_Group` */;

DELIMITER $$

/*!50003 CREATE DEFINER=`leade_testing2`@`%` PROCEDURE `proc_Insert_m_Company_Group`(
Company_Group_Code varchar(20),
Company_Group_Name varchar(50),
Currency_Id int,
Language_Id int,
Company_Logo_Url varchar(200),
User_Id int,
 out error1 int    
    )
BEGIN
DECLARE exit handler for sqlexception
        BEGIN
        ROLLBACK;
        END;
    DECLARE exit handler for sqlwarning
        BEGIN
    ROLLBACK;
        END;
START TRANSACTION;
begin
declare id int;
declare company_Group_id int;
set id=(select count(companyGroupId) from m_companygroup where companyGroupCode =Trim(Company_Group_Code) and companyGroupName=Trim(Company_Group_Name) and isDeleted=0);
IF id = 0 THEN
INSERT INTO m_companygroup(
companyGroupCode,
companyGroupName,
currencyId,
language_Id,
companyLogo_Url,
userId)
 VALUES(
 Trim(Company_Group_Code),
 Trim(Company_Group_Name),
 Trim(Currency_Id),
 Trim(Language_Id),
 Trim(Company_Logo_Url),
 Trim(User_Id));
 set company_Group_id=(select Trim(companyGroupId) from m_companygroup where companyGroupCode =Trim(Company_Group_Code) and companyGroupName=Trim(Company_Group_Name)  ORDER BY companyGroupId DESC LIMIT 1);
INSERT INTO m_companygroup_log(
companyGroupId,
companyGroupCode,
companyGroupName,
currencyId,
language_Id,
companyLogo_Url,
userId,
userAction)
 VALUES(
 Trim(company_Group_id),
 Trim(Company_Group_Code),
 Trim(Company_Group_Name),
 Trim(Currency_Id),
 Trim(Language_Id),
 Trim(Company_Logo_Url),
 Trim(User_Id),
 'insert');
SET error1=0;
else
SET error1=1;
END IF;
select id;
end;

  COMMIT;
END */$$
DELIMITER ;

/* Procedure structure for procedure `proc_Insert_m_Company_Groupforbulk` */

/*!50003 DROP PROCEDURE IF EXISTS  `proc_Insert_m_Company_Groupforbulk` */;

DELIMITER $$

/*!50003 CREATE DEFINER=`leade_testing2`@`%` PROCEDURE `proc_Insert_m_Company_Groupforbulk`(
Company_Group_Name varchar(50),
User_Id int,
 out error1 int     
    )
BEGIN
DECLARE exit handler for sqlexception
        BEGIN
        ROLLBACK;
        END;
    DECLARE exit handler for sqlwarning
        BEGIN
    ROLLBACK;
        END;
START TRANSACTION;
begin
declare id int;
declare company_Group_id int;
set id=(select count(companyGroupId) from m_companygroup where companyGroupName=Trim(Company_Group_Name) and isDeleted=0);
IF id = 0 THEN
INSERT INTO m_companygroup(companyGroupName,userId)VALUES(Trim(Company_Group_Name),Trim(User_Id));
 set company_Group_id=(select Trim(companyGroupId) from m_companygroup where companyGroupName=Trim(Company_Group_Name)  ORDER BY companyGroupId DESC LIMIT 1);
INSERT INTO m_companygroup_log(companyGroupId,companyGroupName,userId,userAction)VALUES(Trim(company_Group_id),Trim(Company_Group_Name),Trim(User_Id),'insert');
SET error1=(select (companyGroupId) from m_companygroup where companyGroupName=Trim(Company_Group_Name) and isDeleted=0);
else
SET error1=(select count(companyGroupId) from m_companygroup where companyGroupName=Trim(Company_Group_Name) and isDeleted=0);
END IF;
select id;
end;

  COMMIT;
END */$$
DELIMITER ;

/* Procedure structure for procedure `proc_Insert_m_Country` */

/*!50003 DROP PROCEDURE IF EXISTS  `proc_Insert_m_Country` */;

DELIMITER $$

/*!50003 CREATE DEFINER=`leade_testing2`@`%` PROCEDURE `proc_Insert_m_Country`(
    Country_Code varchar(20),
Country_Name varchar(50),
User_Id int,
out error1 int
    )
BEGIN
DECLARE exit handler for sqlexception
        BEGIN
        ROLLBACK;
        END;
    DECLARE exit handler for sqlwarning
        BEGIN
    ROLLBACK;
        END;
START TRANSACTION;
begin
declare id int;
declare country_id int;
set id=(select count(countryId) from m_country where (countryCode=trim(Country_Code) or countryName=trim(Country_Name)) and isDeleted=0);
IF id = 0 THEN
INSERT INTO m_country(countryCode,countryName,userId) VALUES(trim(Country_Code),trim(Country_Name),trim(User_Id)); 
set  country_id=(select trim(countryId) from m_country where (countryCode=trim(Country_Code) or countryName=trim(Country_Name)) ORDER BY countryId DESC LIMIT 1);
INSERT INTO m_country_log(countryId,countryCode,countryName,userId,userAction) VALUES(country_id,trim(Country_Code),trim(Country_Name),trim(User_Id),'insert');
SET error1=0;
else
SET error1=1;
END IF;

end;

  COMMIT;
END */$$
DELIMITER ;

/* Procedure structure for procedure `proc_Insert_m_CountryForBulk` */

/*!50003 DROP PROCEDURE IF EXISTS  `proc_Insert_m_CountryForBulk` */;

DELIMITER $$

/*!50003 CREATE DEFINER=`leade_testing2`@`%` PROCEDURE `proc_Insert_m_CountryForBulk`(
    Country_Name varchar(50),
User_Id int,
out error1 int)
BEGIN
DECLARE exit handler for sqlexception
        BEGIN
        ROLLBACK;
        END;
    DECLARE exit handler for sqlwarning
        BEGIN
    ROLLBACK;
        END;
START TRANSACTION;
begin
declare id int;
declare country_id int;
set id=(select count(countryId) from m_country where countryName=trim(Country_Name) and isDeleted=0);
IF id = 0 THEN
INSERT INTO m_country(countryName,userId) VALUES(trim(Country_Name),trim(User_Id)); 
set  country_id=(select trim(countryId) from m_country where (countryName=trim(Country_Name)) ORDER BY countryId DESC LIMIT 1);
INSERT INTO m_country_log(countryId,countryName,userId,userAction) VALUES(country_id,trim(Country_Name),trim(User_Id),'insert');
SET error1=(select countryId from m_country where countryName=trim(Country_Name) and isDeleted=0);
else
SET error1=(select countryId from m_country where countryName=trim(Country_Name) and isDeleted=0);
END IF;

end;

  COMMIT;
END */$$
DELIMITER ;

/* Procedure structure for procedure `proc_Insert_m_currency` */

/*!50003 DROP PROCEDURE IF EXISTS  `proc_Insert_m_currency` */;

DELIMITER $$

/*!50003 CREATE DEFINER=`leade_testing2`@`%` PROCEDURE `proc_Insert_m_currency`(
Currency_Code varchar(20),
Currency_Name varchar(50),
InterNational_Code varchar(20),
InterNational_Name varchar(50),
Decimal_Unit varchar(50),
Currency_Symbol  varchar(45),
User_Id int,
 out error1 int    
    )
BEGIN
DECLARE exit handler for sqlexception
        BEGIN
        ROLLBACK;
        END;
    DECLARE exit handler for sqlwarning
        BEGIN
    ROLLBACK;
        END;
START TRANSACTION;
begin
declare id int;
declare currency_id int;
set id=(select count(currencyId) from m_currency where (currencyCode=trim(Currency_Code) or currencyName=trim(Currency_Name)) and isDeleted=0);
IF id = 0 THEN
INSERT INTO m_currency(currencyCode,currencyName,interNationalCode,interNationalName,decimalUnit,currencySymbol,userId)
 VALUES(trim(Currency_Code),trim(Currency_Name),trim(InterNational_Code),trim(InterNational_Name),trim(Decimal_Unit),trim(Currency_Symbol),trim(User_Id));  
 set currency_id=(select (currencyId) from m_currency where (currencyCode=trim(Currency_Code) or currencyName=trim(Currency_Name))  ORDER BY currencyId DESC LIMIT 1);
 insert into m_currency_log (currencyId,currencyCode,currencyName,interNationalCode,interNationalName,decimalUnit,currencySymbol,userId,userAction) 
 values(currency_id,trim(Currency_Code),trim(Currency_Name),trim(InterNational_Code),trim(InterNational_Name),trim(Decimal_Unit),trim(Currency_Symbol),trim(User_Id),'insert');
 SET error1=0;
else
SET error1=1;
END IF;
select id;
end;

  COMMIT;
END */$$
DELIMITER ;

/* Procedure structure for procedure `proc_Insert_m_currencyforbulk` */

/*!50003 DROP PROCEDURE IF EXISTS  `proc_Insert_m_currencyforbulk` */;

DELIMITER $$

/*!50003 CREATE DEFINER=`leade_testing2`@`%` PROCEDURE `proc_Insert_m_currencyforbulk`(Currency_Name varchar(50),
User_Id int,
 out error1 int )
BEGIN
DECLARE exit handler for sqlexception
        BEGIN
        ROLLBACK;
        END;
    DECLARE exit handler for sqlwarning
        BEGIN
    ROLLBACK;
        END;
START TRANSACTION;
begin
declare id int;
declare currency_id int;
set id=(select count(currencyId) from m_currency where ( currencyName=trim(Currency_Name)) and isDeleted=0);
IF id = 0 THEN
INSERT INTO m_currency(currencyName,userId)
 VALUES(trim(Currency_Name),trim(User_Id));  
 set currency_id=(select (currencyId) from m_currency where ( currencyName=trim(Currency_Name))  ORDER BY currencyId DESC LIMIT 1);
 insert into m_currency_log (currencyId,currencyName,userId,userAction) 
 values(currency_id,trim(Currency_Name),trim(User_Id),'insert');
 SET error1=(select currencyId from m_currency where ( currencyName=trim(Currency_Name)) and isDeleted=0);
else
SET error1=(select currencyId from m_currency where ( currencyName=trim(Currency_Name)) and isDeleted=0);
END IF;
select id;
end;

  COMMIT;
END */$$
DELIMITER ;

/* Procedure structure for procedure `proc_Insert_m_item` */

/*!50003 DROP PROCEDURE IF EXISTS  `proc_Insert_m_item` */;

DELIMITER $$

/*!50003 CREATE DEFINER=`leade_testing2`@`%` PROCEDURE `proc_Insert_m_item`(
  UOM_Id int,
  UOM_Group_Id int,
  Valuation_Id int,
  Item_Type_Id int,
  Item_Sub_Type_Id int,
  Item_Manage_Code_Id int,
  Valuation_Method_Id int ,
  Material_Category_Id int ,
  Item_Description varchar(500) ,
  Item_Manufacture varchar(50),
  Item_Brand varchar(50),
  Supplier_Name varchar(50) ,
  Item_Price decimal(18,2),
  Item_Min_Order_Qty decimal(18,2),
  Item_Thres_hold varchar(100),
  item_HS_Code varchar(50),
  item_URL_Link varchar(500),
  Item_CoCountryof_Origin varchar(100),
  Item_Manufacturing_Part_Number varchar(50),
  Item_Shipping_Cost decimal(18,2) ,
  Item_Contact_Details varchar(20),
  Item_EMail varchar(100),
  Item_WeChat varchar(100) ,
  item_Whats_App varchar(20),
  Item_Other_Contact_Type varchar(20),
  Item_Data_Sheet_Url varchar(100),
  Item_Compliance_Url varchar(100) ,
  item_CADFile_Url varchar(100) ,
  Item_Certification_Url varchar(100) ,
  Item_Scrapping_fromWeb_Url varchar(100) ,
  Item_Images_Url varchar(2000) ,
  Item_Status varchar(20) ,
  Sub_Item_Type_Field_Option_Type varchar(1000),
  Sub_Item_Type_Field_Option_Values varchar(5000),
  Bar_Code_No varchar(20),
  Item_Name varchar(50),
  Item_Scrap_Url varchar(200),
  Item_Scrap_Type varchar(50),
  Item_Scrap_Image varchar(1000),
  Item_QRCode_Path varchar(200),
   Currency_Id int,
  Sub_Item_Type_Field_UOM varchar(1000),
  Designer_URL VARCHAR(200),
  User_Id int,
   out error1 varchar(50)
)
BEGIN
DECLARE exit handler for sqlexception
        BEGIN
        ROLLBACK;
        END;
    DECLARE exit handler for sqlwarning
        BEGIN
    ROLLBACK;
        END;
START TRANSACTION;
begin
declare id int;
declare Item_id int;
declare mpn varchar(50);
declare Itemcodestring varchar(50);
declare Itemcode varchar(50);
declare Itemstring varchar(50);

set mpn= (select REPLACE(REPLACE(REPLACE(REPLACE(REPLACE(REPLACE(REPLACE(REPLACE(REPLACE(REPLACE(REPLACE(REPLACE(Item_Manufacturing_Part_Number,'-', ''), ' ', ''),'_',''),'@',''),'~',''),'#',''),'%',''),'+',''),'=',''),'$',''),'&',''),'*',''));
set id=(select count(itemId) from m_item where itemTypeId=trim(Item_Type_Id) and itemSubTypeId=trim(Item_Sub_Type_Id) and  (REPLACE(REPLACE(REPLACE(REPLACE(REPLACE(REPLACE(REPLACE(REPLACE(REPLACE(REPLACE(REPLACE(REPLACE(itemManufacturingPartNumber, '-', ''), ' ', ''),'_',''),'@',''),'~',''),'#',''),'%',''),'+',''),'=',''),'$',''),'&',''),'*',''))=mpn and isDeleted=0);

IF id = 0 THEN

call proc_get_item_code_genration(Item_Type_Id,@strout);
set Itemcodestring=(select @strout);
set Itemcode=(SELECT SUBSTRING_INDEX(Itemcodestring, ",", 1));
set Itemstring=(SELECT SUBSTRING_INDEX(Itemcodestring, ",", -1));

 INSERT INTO m_item(uomId,uomGroupId,valuationId,itemTypeId,itemSubTypeId,itemManageCodeId,
materialCategoryId,itemDescription,itemManufacture,itemBrand,supplierName,itemPrice,itemMinOrderQty,
itemThreshold,itemHSCode,itemURLLink,itemCoCountryofOrigin,itemManufacturingPartNumber,itemShippingCost,
itemContactDetails,itemEMail,itemWeChat,itemWhatsApp,itemOtherContactType,itemDataSheetUrl,
itemComplianceUrl,itemCADFileUrl,itemCertificationUrl,itemScrappingfromWebUrl,itemStatus,
internalItemCode,itemCodestring,subitemtypefieldOptionType,subitemtypefieldOptionValues,itemImagesUrl,
itemBarCodeNo,itemName,itemScrapUrl,itemScrapType,itemScrapImage,itemQRCodeImagePath,currencyId,subitemtypefieldUOMName,userId,designerURL) 
VALUES(trim(UOM_Id),trim(UOM_Group_Id),trim(Valuation_Id),trim(Item_Type_Id),trim(Item_Sub_Type_Id),
trim(Item_Manage_Code_Id),trim(Material_Category_Id),trim(Item_Description),
trim(Item_Manufacture),trim(Item_Brand),trim(Supplier_Name),trim(Item_Price),trim(Item_Min_Order_Qty),
trim(Item_Thres_hold),trim(item_HS_Code),trim(item_URL_Link),trim(Item_CoCountryof_Origin),
trim(Item_Manufacturing_Part_Number),trim(Item_Shipping_Cost),trim(Item_Contact_Details),trim(Item_EMail),
trim(Item_WeChat),trim(item_Whats_App),trim(Item_Other_Contact_Type),trim(Item_Data_Sheet_Url),
trim(Item_Compliance_Url),trim(item_CADFile_Url),trim(Item_Certification_Url),trim(Item_Scrapping_fromWeb_Url),
trim(Item_Status),Itemcode,Itemstring,trim(Sub_Item_Type_Field_Option_Type),trim(Sub_Item_Type_Field_Option_Values),
trim(Item_Images_Url),trim(Bar_Code_No),trim(Item_Name),trim(Item_Scrap_Url),trim(Item_Scrap_Type),
trim(Item_Scrap_Image),trim(Item_QRCode_Path),trim(Currency_Id),trim(Sub_Item_Type_Field_UOM),trim(User_Id),trim(Designer_URL)); 


set Item_id=(select (itemId) from m_item where itemTypeId=trim(Item_Type_Id) and itemSubTypeId=trim(Item_Sub_Type_Id) and  (REPLACE(REPLACE(REPLACE(REPLACE(REPLACE(REPLACE(REPLACE(REPLACE(REPLACE(REPLACE(REPLACE(REPLACE(itemManufacturingPartNumber, '-', ''), ' ', ''),'_',''),'@',''),'~',''),'#',''),'%',''),'+',''),'=',''),'$',''),'&',''),'*',''))=mpn  ORDER BY itemId DESC LIMIT 1);


INSERT INTO m_item_log(itemId,uomId,uomGroupId,valuationId,itemTypeId,itemSubTypeId,itemManageCodeId,
materialCategoryId,itemDescription,itemManufacture,itemBrand,supplierName,itemPrice,itemMinOrderQty,
itemThreshold,itemHSCode,itemURLLink,itemCoCountryofOrigin,itemManufacturingPartNumber,itemShippingCost,
itemContactDetails,itemEMail,itemWeChat,itemWhatsApp,itemOtherContactType,itemDataSheetUrl,
itemComplianceUrl,itemCADFileUrl,itemCertificationUrl,itemScrappingfromWebUrl,itemStatus,internalItemCode,
subitemtypefieldOptionType,subitemtypefieldOptionValues,itemImagesUrl,
itemBarCodeNo,itemName,itemScrapUrl,itemScrapType,itemScrapImage,itemQRCodeImagePath,currencyId,subitemtypefieldUOMName,userId,userAction,designerURL) 
VALUES(Item_id,trim(UOM_Id),trim(UOM_Group_Id),trim(Valuation_Id),trim(Item_Type_Id),trim(Item_Sub_Type_Id),
trim(Item_Manage_Code_Id),trim(Material_Category_Id),trim(Item_Description),
trim(Item_Manufacture),trim(Item_Brand),trim(Supplier_Name),trim(Item_Price),trim(Item_Min_Order_Qty),
trim(Item_Thres_hold),trim(item_HS_Code),trim(item_URL_Link),trim(Item_CoCountryof_Origin),
trim(Item_Manufacturing_Part_Number),trim(Item_Shipping_Cost),trim(Item_Contact_Details),trim(Item_EMail),
trim(Item_WeChat),trim(item_Whats_App),trim(Item_Other_Contact_Type),trim(Item_Data_Sheet_Url),
trim(Item_Compliance_Url),trim(item_CADFile_Url),trim(Item_Certification_Url),trim(Item_Scrapping_fromWeb_Url),
trim(Item_Status),Itemcode,trim(Sub_Item_Type_Field_Option_Type),trim(Sub_Item_Type_Field_Option_Values)
,trim(Item_Images_Url),trim(Bar_Code_No),trim(Item_Name),trim(Item_Scrap_Url),trim(Item_Scrap_Type),
trim(Item_Scrap_Image),trim(Item_QRCode_Path),trim(Currency_Id),trim(Sub_Item_Type_Field_UOM),trim(User_Id),'insert',TRIM(Designer_URL)); 



SET error1=concat('0',',',Itemcode);
else
SET error1='1';
END IF;
end;

  COMMIT;
END */$$
DELIMITER ;

/* Procedure structure for procedure `proc_Insert_m_itemrequestforapproval` */

/*!50003 DROP PROCEDURE IF EXISTS  `proc_Insert_m_itemrequestforapproval` */;

DELIMITER $$

/*!50003 CREATE DEFINER=`leade_testing2`@`%` PROCEDURE `proc_Insert_m_itemrequestforapproval`(
Item_Id int,
Item_Code varchar(20),
Item_MPN varchar(50),
Request_Description varchar(500),
User_Id int,
 out error1 int
)
BEGIN
DECLARE exit handler for sqlexception
        BEGIN
        ROLLBACK;
        END;
    DECLARE exit handler for sqlwarning
        BEGIN
    ROLLBACK;
        END;
START TRANSACTION;
begin
declare id int;
declare Request_id int;

INSERT INTO m_itemrequestforapproval(itemId,internalItemCode,itemManufacturingPartNumber,requestDescription,userId) 
VALUES(trim(Item_Id),trim(Item_Code),trim(Item_MPN),trim(Request_Description),trim(User_Id)); 
set Request_id=(select (requestId) from m_itemrequestforapproval where (itemId=trim(Item_Id) and requestDescription=trim(Request_Description))  ORDER BY requestId DESC LIMIT 1);
INSERT INTO m_itemrequestforapproval_log(requestId,itemId,internalItemCode,itemManufacturingPartNumber,requestDescription,userId,userAction)
 VALUES(trim(Request_id),trim(Item_Id),trim(Item_Code),trim(Item_MPN),trim(Request_Description),trim(User_Id),'insert'); 

SET error1=0;

select id;
end;

  COMMIT;
END */$$
DELIMITER ;

/* Procedure structure for procedure `proc_Insert_m_item_alternate1` */

/*!50003 DROP PROCEDURE IF EXISTS  `proc_Insert_m_item_alternate1` */;

DELIMITER $$

/*!50003 CREATE DEFINER=`leade_testing2`@`%` PROCEDURE `proc_Insert_m_item_alternate1`(
Item_Internal_Code varchar(20),
Alt_Manufacturing_Part_Number varchar(100),
Alt_Item_Brand varchar(50),
Alt_Item_URL varchar(100),
User_Id int,
out error1 int
)
BEGIN
DECLARE EXIT HANDLER FOR SQLEXCEPTION
        BEGIN
        ROLLBACK;
        END;
    DECLARE EXIT HANDLER FOR SQLWARNING
        BEGIN
    ROLLBACK;
        END;
START TRANSACTION;
BEGIN
DECLARE id INT;
DECLARE Item_Id INT;
DECLARE item_alt_id INT;
SET Item_Id=(SELECT itemId FROM m_item WHERE internalItemCode=TRIM(Item_Internal_Code));

SET id=(SELECT COUNT(alternateId) FROM m_itemalternate WHERE internalItemCode=TRIM(Item_Internal_Code) 
AND altManufacturingPartNumber=TRIM(Alt_Manufacturing_Part_Number) AND altBrand=TRIM(Alt_Item_Brand) AND isDeleted=0);
IF id = 0 THEN
INSERT INTO m_itemalternate(itemId,internalItemCode,altManufacturingPartNumber,altBrand,altUrl,userId) 
VALUES(TRIM(Item_Id),TRIM(Item_Internal_Code),TRIM(Alt_Manufacturing_Part_Number),TRIM(Alt_Item_Brand),TRIM(Alt_Item_URL),TRIM(User_Id));  
SET item_alt_id=(SELECT TRIM(alternateId) FROM m_itemalternate WHERE (itemId=TRIM(Item_Id) AND altManufacturingPartNumber=TRIM(Alt_Manufacturing_Part_Number)) ORDER BY alternateId DESC LIMIT 1);
INSERT INTO m_itemalternate_log(alternateId,itemId,internalItemCode,altManufacturingPartNumber,altBrand,altUrl,userId,userAction)
 VALUES(TRIM(item_alt_id),TRIM(Item_Id),TRIM(Item_Internal_Code),TRIM(Alt_Manufacturing_Part_Number),TRIM(Alt_Item_Brand),TRIM(Alt_Item_URL),TRIM(User_Id),'insert');  
SET error1=0;
ELSE
SET error1=1;
END IF;
SELECT id;
END;

  COMMIT;
END */$$
DELIMITER ;

/* Procedure structure for procedure `proc_Insert_m_Item_Type` */

/*!50003 DROP PROCEDURE IF EXISTS  `proc_Insert_m_Item_Type` */;

DELIMITER $$

/*!50003 CREATE DEFINER=`leade_testing2`@`%` PROCEDURE `proc_Insert_m_Item_Type`(
Item_Typ_Code varchar(20),
Item_Typ_Name varchar(45),
Item_Type_Url varchar(200),
User_Id int,
 out error1 int    
    )
BEGIN
DECLARE exit handler for sqlexception
        BEGIN
        ROLLBACK;
        END;
    DECLARE exit handler for sqlwarning
        BEGIN
    ROLLBACK;
        END;
START TRANSACTION;
begin
declare id int;
declare item_type_id int;
set id=(select count(itemTypeId) from m_itemtype where (itemTypeCode=trim(Item_Typ_Code) or itemTypeName=trim(Item_Typ_Name)) and isDeleted=0);
IF id = 0 THEN
INSERT INTO m_itemtype(itemTypeCode,itemTypeName,itemTypeUrl,userId) VALUES(trim(Item_Typ_Code),trim(Item_Typ_Name),trim(Item_Type_Url),trim(User_Id));  
set item_type_id=(select trim(itemTypeId) from m_itemtype where (itemTypeCode=trim(Item_Typ_Code) or itemTypeName=trim(Item_Typ_Name)) ORDER BY itemTypeId DESC LIMIT 1);
INSERT INTO m_itemtype_log(itemTypeId,itemTypeCode,itemTypeName,itemTypeUrl,userId,userAction) VALUES(trim(item_type_id),trim(Item_Typ_Code),trim(Item_Typ_Name),trim(Item_Type_Url),trim(User_Id),'insert');  
SET error1=0;
else
SET error1=1;
END IF;
select id;
end;

  COMMIT;
END */$$
DELIMITER ;

/* Procedure structure for procedure `proc_Insert_m_Item_Typeforbulk` */

/*!50003 DROP PROCEDURE IF EXISTS  `proc_Insert_m_Item_Typeforbulk` */;

DELIMITER $$

/*!50003 CREATE DEFINER=`leade_testing2`@`%` PROCEDURE `proc_Insert_m_Item_Typeforbulk`(
Item_Typ_Name varchar(50),
User_Id int,
 out error1 int    
    )
BEGIN
DECLARE exit handler for sqlexception
        BEGIN
        ROLLBACK;
        END;
    DECLARE exit handler for sqlwarning
        BEGIN
    ROLLBACK;
        END;
START TRANSACTION;
begin
declare id int;
declare item_type_id int;
set id=(select count(itemTypeId) from m_itemtype where (itemTypeName=trim(Item_Typ_Name)) and isDeleted=0);
IF id = 0 THEN
INSERT INTO m_itemtype(itemTypeName,userId) VALUES(trim(Item_Typ_Name),trim(User_Id));  
set item_type_id=(select trim(itemTypeId) from m_itemtype where ( itemTypeName=trim(Item_Typ_Name)) ORDER BY itemTypeId DESC LIMIT 1);
INSERT INTO m_itemtype_log(itemTypeId,itemTypeName,userId,userAction) VALUES(trim(item_type_id),trim(Item_Typ_Name),trim(User_Id),'insert');  
SET error1=(SELECT (itemTypeId) FROM m_itemtype WHERE (itemTypeName=TRIM(Item_Typ_Name)) AND isDeleted=0);
ELSE
SET error1=(SELECT (itemTypeId) FROM m_itemtype WHERE (itemTypeName=TRIM(Item_Typ_Name)) AND isDeleted=0);
END IF;
select id;
end;

  COMMIT;
END */$$
DELIMITER ;

/* Procedure structure for procedure `proc_Insert_m_language` */

/*!50003 DROP PROCEDURE IF EXISTS  `proc_Insert_m_language` */;

DELIMITER $$

/*!50003 CREATE DEFINER=`leade_testing2`@`%` PROCEDURE `proc_Insert_m_language`(
     Language_Name  varchar(100),
     User_Id int,
     out error1 int
    )
BEGIN
DECLARE exit handler for sqlexception
        BEGIN
        ROLLBACK;
        END;
    DECLARE exit handler for sqlwarning
        BEGIN
    ROLLBACK;
        END;
START TRANSACTION;
begin
declare id int;
declare Language_Id int;
set id=(select count(languageId) from m_language where languageName=trim(Language_Name) and isDeleted=0);
IF id = 0 THEN
INSERT INTO m_language(languageName,userId) VALUES(trim(Language_Name),trim(User_Id));  
set Language_Id=(select (languageId) from m_language where languageName=trim(Language_Name) ORDER BY languageId DESC LIMIT 1);
INSERT INTO m_language_log(languageId,languageName,userId,userAction) VALUES(trim(Language_Id),trim(Language_Name),trim(User_Id),'insert');

set error1=0 ;
else
SET error1=1;
END IF;
select id;
end;

  COMMIT;
END */$$
DELIMITER ;

/* Procedure structure for procedure `proc_Insert_m_languageforbulk` */

/*!50003 DROP PROCEDURE IF EXISTS  `proc_Insert_m_languageforbulk` */;

DELIMITER $$

/*!50003 CREATE DEFINER=`leade_testing2`@`%` PROCEDURE `proc_Insert_m_languageforbulk`(
    Language_Name  varchar(100),
User_Id int,
 out error1 int
    )
BEGIN
DECLARE exit handler for sqlexception
        BEGIN
        ROLLBACK;
        END;
    DECLARE exit handler for sqlwarning
        BEGIN
    ROLLBACK;
        END;
START TRANSACTION;
begin
declare id int;
declare Language_Id int;
set id=(select count(languageId) from m_language where languageName=trim(Language_Name) and isDeleted=0);
IF id = 0 THEN
INSERT INTO m_language(languageName,userId) VALUES(trim(Language_Name),trim(User_Id));  
set Language_Id=(select (languageId) from m_language where languageName=trim(Language_Name) ORDER BY languageId DESC LIMIT 1);
INSERT INTO m_language_log(languageId,languageName,userId,userAction) VALUES(trim(Language_Id),trim(Language_Name),trim(User_Id),'insert');

set error1=(select (languageId) from m_language where languageName=trim(Language_Name) and isDeleted=0) ;
else
SET error1=(select (languageId) from m_language where languageName=trim(Language_Name) and isDeleted=0);
END IF;
select id;
end;

  COMMIT;
END */$$
DELIMITER ;

/* Procedure structure for procedure `proc_Insert_m_ManageItem` */

/*!50003 DROP PROCEDURE IF EXISTS  `proc_Insert_m_ManageItem` */;

DELIMITER $$

/*!50003 CREATE DEFINER=`leade_testing2`@`%` PROCEDURE `proc_Insert_m_ManageItem`(
Manage_Item_Code varchar(20),
Manage_Item_Name varchar(45),
User_Id int,
 out error1 int    
    )
BEGIN
DECLARE exit handler for sqlexception
        BEGIN
        ROLLBACK;
        END;
    DECLARE exit handler for sqlwarning
        BEGIN
    ROLLBACK;
        END;
START TRANSACTION;
begin
declare id int;
declare manage_item_id int;
set id=(select count(manageitemId) from m_manageitem where (manageitemCode=Trim(Manage_Item_Code) or manageitemName=Trim(Manage_Item_Name)) and isDeleted=0);
IF id = 0 THEN
INSERT INTO m_manageitem(manageitemCode,manageitemName,userId) VALUES(Trim(Manage_Item_Code),Trim(Manage_Item_Name),User_Id);  
set manage_item_id=(select (manageitemId) from m_manageitem where (manageitemCode=Trim(Manage_Item_Code) or manageitemName=Trim(Manage_Item_Name)) ORDER BY manageitemId DESC LIMIT 1);
INSERT INTO m_manageitem_log(manageitemId,manageitemCode,manageitemName,userId,userAction) VALUES(manage_item_id,Trim(Manage_Item_Code),Trim(Manage_Item_Name),User_Id,'insert');  
SET error1=0;
else
SET error1=1;
END IF;
select id;
end;

  COMMIT;
END */$$
DELIMITER ;

/* Procedure structure for procedure `proc_Insert_m_material_category` */

/*!50003 DROP PROCEDURE IF EXISTS  `proc_Insert_m_material_category` */;

DELIMITER $$

/*!50003 CREATE DEFINER=`leade_testing2`@`%` PROCEDURE `proc_Insert_m_material_category`(
Material_Category_Code varchar(20),
Material_Category_Name  varchar(50),
User_Id int,
 out error1 int
)
BEGIN
DECLARE exit handler for sqlexception
        BEGIN
        ROLLBACK;
        END;
    DECLARE exit handler for sqlwarning
        BEGIN
    ROLLBACK;
        END;
START TRANSACTION;
begin
declare id int;
declare Material_Category_Id int;
set id=(select count(materialCategoryId) from m_materialcategory where (materialCategoryCode=trim(Material_Category_Code) or materialCategoryName=trim(Material_Category_Name)) and isDeleted=0);
IF id = 0 THEN
INSERT INTO m_materialcategory(materialCategoryCode,materialCategoryName,userId) VALUES(trim(Material_Category_Code),trim(Material_Category_Name),User_Id);  
set Material_Category_Id=(select (materialCategoryId) from m_materialcategory where (materialCategoryCode=trim(Material_Category_Code) or materialCategoryName=trim(Material_Category_Name)) ORDER BY materialCategoryId DESC LIMIT 1);
INSERT INTO m_materialcategory_log(materialCategoryId,materialCategoryCode,materialCategoryName,userId,userAction) VALUES(trim(Material_Category_Id),trim(Material_Category_Code),trim(Material_Category_Name),trim(User_Id),'insert');

set error1=0 ;
else
SET error1=1;
END IF;
select id;
end;

  COMMIT;
END */$$
DELIMITER ;

/* Procedure structure for procedure `proc_Insert_m_Message` */

/*!50003 DROP PROCEDURE IF EXISTS  `proc_Insert_m_Message` */;

DELIMITER $$

/*!50003 CREATE DEFINER=`leade_testing2`@`%` PROCEDURE `proc_Insert_m_Message`(
Message_Type varchar(50),
Message_Description varchar(500),
User_Id int,
out error1 int    
    )
BEGIN
DECLARE exit handler for sqlexception
        BEGIN
        ROLLBACK;
        END;
    DECLARE exit handler for sqlwarning
        BEGIN
    ROLLBACK;
        END;
START TRANSACTION;
begin
declare id int;
declare message_id int;
set id=(select count(messageId) from m_message where (messageType=trim(Message_Type) or messageDescription=trim(Message_Description)) and isDeleted=0);
IF id = 0 THEN
INSERT INTO m_message(messageType,messageDescription,userId) VALUES(trim(Message_Type),trim(Message_Description),trim(User_Id)); 
set  message_id=(select trim(messageId) from m_message where (messageType=trim(Message_Type) or messageDescription=trim(Message_Description)) ORDER BY messageId DESC LIMIT 1);
INSERT INTO m_message_log(messageId,messageType,messageDescription,userId,userAction) VALUES(message_id,trim(Message_Type),trim(Message_Description),trim(User_Id),'insert');
SET error1=0;
else
SET error1=1;
END IF;

end;

  COMMIT;
END */$$
DELIMITER ;

/* Procedure structure for procedure `proc_Insert_m_priority` */

/*!50003 DROP PROCEDURE IF EXISTS  `proc_Insert_m_priority` */;

DELIMITER $$

/*!50003 CREATE DEFINER=`leade_testing2`@`%` PROCEDURE `proc_Insert_m_priority`(
Priority_Name  varchar(50),
User_Id int,
 out error1 int    
    )
BEGIN
DECLARE exit handler for sqlexception
        BEGIN
        ROLLBACK;
        END;
    DECLARE exit handler for sqlwarning
        BEGIN
    ROLLBACK;
        END;
START TRANSACTION;
begin
declare id int;
declare Priority_Id int;
set id=(select count(priorityId) from m_priority where priorityName=trim(Priority_Name) and isDeleted=0);
IF id = 0 THEN
INSERT INTO m_priority(priorityName,userId) VALUES(trim(Priority_Name),trim(User_Id));  
set Priority_Id=(select (priorityId) from m_priority where priorityName=trim(Priority_Name) ORDER BY priorityId DESC LIMIT 1);
INSERT INTO m_priority_log(priorityId,priorityName,userId,userAction) VALUES(trim(Priority_Id),trim(Priority_Name),trim(User_Id),'insert');

set error1=0 ;
else
SET error1=1;
END IF;
select id;
end;

  COMMIT;
END */$$
DELIMITER ;

/* Procedure structure for procedure `proc_Insert_m_rack` */

/*!50003 DROP PROCEDURE IF EXISTS  `proc_Insert_m_rack` */;

DELIMITER $$

/*!50003 CREATE DEFINER=`leade_testing2`@`%` PROCEDURE `proc_Insert_m_rack`(
Rack_Name varchar(50),
Rack_Number VARCHAR(50),
User_Id int,
out error1 int
)
BEGIN
DECLARE exit handler for sqlexception
        BEGIN
        ROLLBACK;
        END;
    DECLARE exit handler for sqlwarning
        BEGIN
    ROLLBACK;
        END;
START TRANSACTION;
begin
declare id int;
declare rack_id int;
set id=(select count(rackId) from m_rack where (rackName=trim(Rack_Name) ) and isDeleted=0);
IF id = 0 THEN
INSERT INTO m_rack(rackName,rackNumber,userId) VALUES(trim(Rack_Name),trim(Rack_Number),trim(User_Id)); 
set  rack_id=(select trim(rackId) from m_rack where (rackName=trim(Rack_Name) )  ORDER BY rackId DESC LIMIT 1);
INSERT INTO m_rack_log(rackId,rackName,rackNumber,userId,userAction) 
VALUES(rack_id,trim(Rack_Name),trim(Rack_Number),trim(User_Id),'insert');
SET error1=0;
else
SET error1=1;
END IF;

end;

  COMMIT;
END */$$
DELIMITER ;

/* Procedure structure for procedure `proc_Insert_m_racknumber` */

/*!50003 DROP PROCEDURE IF EXISTS  `proc_Insert_m_racknumber` */;

DELIMITER $$

/*!50003 CREATE DEFINER=`leade_testing2`@`%` PROCEDURE `proc_Insert_m_racknumber`(
Rack_Number_Name varchar(50),
User_Id int,
out error1 int
)
BEGIN
DECLARE exit handler for sqlexception
        BEGIN
        ROLLBACK;
        END;
    DECLARE exit handler for sqlwarning
        BEGIN
    ROLLBACK;
        END;
START TRANSACTION;
begin
declare id int;
declare rackno_id int;
set id=(select count(racknumberId) from m_racknumber where (racknumberName=trim(Rack_Number_Name) ) and isDeleted=0);
IF id = 0 THEN
INSERT INTO m_racknumber(racknumberName,userId) VALUES(trim(Rack_Number_Name),trim(User_Id)); 
set  rackno_id=(select trim(racknumberId) from m_racknumber where (racknumberName=trim(Rack_Number_Name) )  ORDER BY racknumberId DESC LIMIT 1);
INSERT INTO m_racknumber_log(racknumberId,racknumberName,userId,userAction) 
VALUES(rackno_id,trim(Rack_Number_Name),trim(User_Id),'insert');
SET error1=0;
else
SET error1=1;
END IF;

end;

  COMMIT;
END */$$
DELIMITER ;

/* Procedure structure for procedure `proc_Insert_m_salesgroup` */

/*!50003 DROP PROCEDURE IF EXISTS  `proc_Insert_m_salesgroup` */;

DELIMITER $$

/*!50003 CREATE DEFINER=`leade_testing2`@`%` PROCEDURE `proc_Insert_m_salesgroup`(
Sales_Group_Code  varchar(20),
Sales_Group_Name  varchar(50),
User_Id int,
 out error1 int    
    )
BEGIN
DECLARE exit handler for sqlexception
        BEGIN
        ROLLBACK;
        END;
    DECLARE exit handler for sqlwarning
        BEGIN
    ROLLBACK;
        END;
START TRANSACTION;
begin
declare id int;
declare Sales_Group_Id int;
set id=(select count(salesGroupId) from m_salesgroup where (salesGroupCode=trim(Sales_Group_Code) or salesGroupName=trim(Sales_Group_Name)) and isDeleted=0);
IF id = 0 THEN
INSERT INTO m_salesgroup(salesGroupCode,salesGroupName,userId) VALUES(trim(Sales_Group_Code),trim(Sales_Group_Name),User_Id);  
set Sales_Group_Id=(select (salesGroupId) from m_salesgroup where (salesGroupCode=trim(Sales_Group_Code) or salesGroupName=trim(Sales_Group_Name)) ORDER BY salesGroupId DESC LIMIT 1);
INSERT INTO m_salesgroup_log(salesGroupId,salesGroupCode,salesGroupName,userId,userAction) VALUES(trim(Sales_Group_Id),trim(Sales_Group_Code),trim(Sales_Group_Name),trim(User_Id),'insert');

set error1=0 ;
else
SET error1=1;
END IF;
select id;
end;

  COMMIT;
END */$$
DELIMITER ;

/* Procedure structure for procedure `proc_Insert_m_state` */

/*!50003 DROP PROCEDURE IF EXISTS  `proc_Insert_m_state` */;

DELIMITER $$

/*!50003 CREATE DEFINER=`leade_testing2`@`%` PROCEDURE `proc_Insert_m_state`(
Country_Id int,
State_Code varchar(20),
State_Name varchar(50),
GST_Code varchar(50),
User_Id int,
 out error1 int
)
BEGIN
DECLARE exit handler for sqlexception
        BEGIN
        ROLLBACK;
        END;
    DECLARE exit handler for sqlwarning
        BEGIN
    ROLLBACK;
        END;
START TRANSACTION;
begin
declare id int;
declare state_id int;
set id=(select count(stateId) from m_state where (stateName=trim(State_Name)) and isDeleted=0);
IF id = 0 THEN
INSERT INTO m_state(countryId,stateCode,stateName,gstCode,userId)
 VALUES(trim(Country_Id),trim(State_Code),trim(State_Name),trim(GST_Code),trim(User_Id)); 
 set state_id=(select (stateId) from m_state where (stateName=trim(State_Name))  ORDER BY stateId DESC LIMIT 1);
INSERT INTO m_state_log(stateId,countryId,stateCode,stateName,gstCode,userId,userAction)
 VALUES(trim(state_id),trim(Country_Id),trim(State_Code),trim(State_Name),trim(GST_Code),trim(User_Id),'insert'); 
SET error1=0;
else
SET error1=1;
END IF;
select id;
end;

  COMMIT;
END */$$
DELIMITER ;

/* Procedure structure for procedure `proc_Insert_m_stateforbulk` */

/*!50003 DROP PROCEDURE IF EXISTS  `proc_Insert_m_stateforbulk` */;

DELIMITER $$

/*!50003 CREATE DEFINER=`leade_testing2`@`%` PROCEDURE `proc_Insert_m_stateforbulk`(
Country_Id int,
State_Name varchar(50),
User_Id int,
 out error1 int    
    )
BEGIN
DECLARE exit handler for sqlexception
        BEGIN
        ROLLBACK;
        END;
    DECLARE exit handler for sqlwarning
        BEGIN
    ROLLBACK;
        END;
START TRANSACTION;
begin
declare id int;
declare state_id int;
set id=(select count(stateId) from m_state where (stateName=trim(State_Name)) and isDeleted=0);
IF id = 0 THEN
INSERT INTO m_state(countryId,stateName,userId)
 VALUES(trim(Country_Id),trim(State_Name),trim(User_Id)); 
 set state_id=(select (stateId) from m_state where (stateName=trim(State_Name))  ORDER BY stateId DESC LIMIT 1);
INSERT INTO m_state_log(stateId,countryId,stateName,userId,userAction)
 VALUES(trim(state_id),trim(Country_Id),trim(State_Name),trim(User_Id),'insert'); 
SET error1=(select stateId from m_state where (stateName=trim(State_Name)) and isDeleted=0);
else
SET error1=(select stateId from m_state where (stateName=trim(State_Name)) and isDeleted=0);
END IF;
select id;
end;

  COMMIT;
END */$$
DELIMITER ;

/* Procedure structure for procedure `proc_Insert_m_storelocation` */

/*!50003 DROP PROCEDURE IF EXISTS  `proc_Insert_m_storelocation` */;

DELIMITER $$

/*!50003 CREATE DEFINER=`leade_testing2`@`%` PROCEDURE `proc_Insert_m_storelocation`(
Store_Location_Code varchar(20),
Store_Location_Name varchar(50),
User_Id int,
out error1 int
)
BEGIN
DECLARE exit handler for sqlexception
        BEGIN
        ROLLBACK;
        END;
    DECLARE exit handler for sqlwarning
        BEGIN
    ROLLBACK;
        END;
START TRANSACTION;
begin
declare id int;
declare location_id int;
set id=(select count(storelocationId) from m_storelocation where (storelocationCode=trim(Store_Location_Code) or storelocationName=trim(Store_Location_Name)) and isDeleted=0);
IF id = 0 THEN
INSERT INTO m_storelocation(storelocationCode,storelocationName,userId) VALUES(trim(Store_Location_Code),trim(Store_Location_Name),trim(User_Id)); 
set  location_id=(select trim(storelocationId) from m_storelocation where (storelocationCode=trim(Store_Location_Code) or storelocationName=trim(Store_Location_Name))  ORDER BY storelocationId DESC LIMIT 1);
INSERT INTO m_storelocation_log(storelocationId,storelocationCode,storelocationName,userId,userAction) 
VALUES(location_id,trim(Store_Location_Code),trim(Store_Location_Name),trim(User_Id),'insert');
SET error1=0;
else
SET error1=1;
END IF;

end;

  COMMIT;
END */$$
DELIMITER ;

/* Procedure structure for procedure `proc_Insert_m_subitemtypefield` */

/*!50003 DROP PROCEDURE IF EXISTS  `proc_Insert_m_subitemtypefield` */;

DELIMITER $$

/*!50003 CREATE DEFINER=`leade_testing2`@`%` PROCEDURE `proc_Insert_m_subitemtypefield`(
Item_Type_Id int,
Sub_Item_Type_Id int,
Sub_Item_Field_Name varchar(50),
Optional_Type varchar(50),
Optional_Value varchar(3000),
Text_Type varchar(20),
Sub_Item_Field_Priority int,
Is_Active int,
UOM_Group_Id int,
User_Id int,
 out error1 int
)
BEGIN
DECLARE exit handler for sqlexception
        BEGIN
        ROLLBACK;
        END;
    DECLARE exit handler for sqlwarning
        BEGIN
    ROLLBACK;
        END;
START TRANSACTION;
begin
declare id int;
declare Field_Id int;
set id=(select count(subitemtypefieldId) from m_subitemtypefield
 where subitemtypeId=trim(Sub_Item_Type_Id) and subitemtypefieldName=trim(Sub_Item_Field_Name)
  and optionalValue=trim(Optional_Value) and textType=trim(Text_Type) and isDeleted=0);
IF id = 0 THEN
INSERT INTO m_subitemtypefield(itemtypeId,subitemtypeId,subitemtypefieldName,optionaltype,optionalValue,textType,subitemtypefieldPriority,uomGroupId,isActive,userId,activateUserId)
 VALUES(trim(Item_Type_Id),trim(Sub_Item_Type_Id),trim(Sub_Item_Field_Name),trim(Optional_Type),trim(Optional_Value),trim(Text_Type),trim(Sub_Item_Field_Priority),trim(UOM_Group_Id),trim(Is_Active),trim(User_Id),trim(User_Id));  
set Field_Id=(select (subitemtypefieldId) from m_subitemtypefield where subitemtypeId=trim(Sub_Item_Type_Id)
 and subitemtypefieldName=trim(Sub_Item_Field_Name) and optionalValue=trim(Optional_Value) and 
 textType=trim(Text_Type) ORDER BY subitemtypefieldId DESC LIMIT 1);
INSERT INTO m_subitemtypefield_log(subitemtypefieldId,itemtypeId,subitemtypeId,subitemtypefieldName,optionaltype,optionalValue,textType,subitemtypefieldPriority,uomGroupId,isActive,userId,userAction) 
VALUES(trim(Field_Id),trim(Item_Type_Id),trim(Sub_Item_Type_Id),trim(Sub_Item_Field_Name),trim(Optional_Type),trim(Optional_Value),trim(Text_Type),trim(Sub_Item_Field_Priority),trim(UOM_Group_Id),trim(Is_Active),trim(User_Id),'insert');

set error1=0 ;
else
SET error1=1;
END IF;
select id;
end;

  COMMIT;
END */$$
DELIMITER ;

/* Procedure structure for procedure `proc_Insert_m_sub_item_type` */

/*!50003 DROP PROCEDURE IF EXISTS  `proc_Insert_m_sub_item_type` */;

DELIMITER $$

/*!50003 CREATE DEFINER=`leade_testing2`@`%` PROCEDURE `proc_Insert_m_sub_item_type`(
Item_Type_Id int,
Sub_Item_Type_Name  varchar(50),
User_Id int,
 out error1 int
)
BEGIN
DECLARE exit handler for sqlexception
        BEGIN
        ROLLBACK;
        END;
    DECLARE exit handler for sqlwarning
        BEGIN
    ROLLBACK;
        END;
START TRANSACTION;
begin
declare id int;
declare Sub_Item_Type_Id int;
set id=(select count(subitemtypeId) from m_subitemtype where subitemtypeName=Sub_Item_Type_Name and itemtypeId=Item_Type_Id and isDeleted=0);
IF id = 0 THEN
INSERT INTO m_subitemtype(itemtypeId,subitemtypeName,userId) VALUES(Item_Type_Id,Sub_Item_Type_Name,User_Id);  
set Sub_Item_Type_Id=(select (subitemtypeId) from m_subitemtype where subitemtypeName=Sub_Item_Type_Name and itemtypeId=Item_Type_Id ORDER BY subitemtypeId DESC LIMIT 1);
INSERT INTO m_subitemtype_log(subitemtypeId,itemtypeId,subitemtypeName,userId,userAction) 
VALUES(Sub_Item_Type_Id,Item_Type_Id,Sub_Item_Type_Name,User_Id,'insert');

set error1=0 ;
else
SET error1=1;
END IF;
select id;
end;

  COMMIT;
END */$$
DELIMITER ;

/* Procedure structure for procedure `proc_Insert_m_umo` */

/*!50003 DROP PROCEDURE IF EXISTS  `proc_Insert_m_umo` */;

DELIMITER $$

/*!50003 CREATE DEFINER=`leade_testing2`@`%` PROCEDURE `proc_Insert_m_umo`(
UMO_Code varchar(20),
UMO_Name varchar(45),
User_Id int,
 out error1 int    
    )
BEGIN
DECLARE exit handler for sqlexception
        BEGIN
        ROLLBACK;
        END;
    DECLARE exit handler for sqlwarning
        BEGIN
    ROLLBACK;
        END;
START TRANSACTION;
begin
declare id int;
declare umo_id int;
set id=(select count(uomId) from m_uom where (uomCode=trim(UMO_Code) or uomName=trim(UMO_Name)) and isDeleted=0);
IF id = 0 THEN
INSERT INTO m_uom(uomCode,uomName,userId) VALUES(trim(UMO_Code),trim(UMO_Name),trim(User_Id));  
set umo_id=(select (uomId) from m_uom where  (uomCode=trim(UMO_Code) or uomName=trim(UMO_Name)) ORDER BY uomId DESC LIMIT 1);
INSERT INTO m_uom_log(uomId,uomCode,uomName,userId,userAction) VALUES(trim(umo_id),trim(UMO_Code),trim(UMO_Name),trim(User_Id),'insert');  
SET error1=0;
else
SET error1=1;
END IF;
select id;
end;

  COMMIT;
END */$$
DELIMITER ;

/* Procedure structure for procedure `proc_Insert_m_umoforbulk` */

/*!50003 DROP PROCEDURE IF EXISTS  `proc_Insert_m_umoforbulk` */;

DELIMITER $$

/*!50003 CREATE DEFINER=`leade_testing2`@`%` PROCEDURE `proc_Insert_m_umoforbulk`(UMO_Name varchar(45),
User_Id int,
 out error1 int    )
BEGIN
DECLARE exit handler for sqlexception
        BEGIN
        ROLLBACK;
        END;
    DECLARE exit handler for sqlwarning
        BEGIN
    ROLLBACK;
        END;
START TRANSACTION;
begin
declare id int;
declare umo_id int;
set id=(select count(uomId) from m_uom where  uomName=trim(UMO_Name) and isDeleted=0);
IF id = 0 THEN
INSERT INTO m_uom(uomName,userId) VALUES(trim(UMO_Name),trim(User_Id));  
set umo_id=(select (uomId) from m_uom where   uomName=trim(UMO_Name) ORDER BY uomId DESC LIMIT 1);
INSERT INTO m_uom_log(uomId,uomName,userId,userAction) VALUES(trim(umo_id),trim(UMO_Name),trim(User_Id),'insert');  
SET error1=(select (uomId) from m_uom where  uomName=trim(UMO_Name) and isDeleted=0);
else
SET error1=(select (uomId) from m_uom where  uomName=trim(UMO_Name) and isDeleted=0);
END IF;
select id;
end;

  COMMIT;
END */$$
DELIMITER ;

/* Procedure structure for procedure `proc_Insert_m_umo_group` */

/*!50003 DROP PROCEDURE IF EXISTS  `proc_Insert_m_umo_group` */;

DELIMITER $$

/*!50003 CREATE DEFINER=`leade_testing2`@`%` PROCEDURE `proc_Insert_m_umo_group`(UMO_Group_Code varchar(20),
UMO_Group_Name varchar(45),
User_Id int,
 out error1 int)
BEGIN
DECLARE exit handler for sqlexception
        BEGIN
        ROLLBACK;
        END;
    DECLARE exit handler for sqlwarning
        BEGIN
    ROLLBACK;
        END;
START TRANSACTION;
begin
declare id int;
declare uom_Group_id int;
set id=(select count(uomGroupId) from m_uomgroup where (uomGroupName=trim(UMO_Group_Name)) and isDeleted=0);
IF id = 0 THEN
INSERT INTO m_uomgroup(uomGroupCode,uomGroupName,userId) VALUES(trim(UMO_Group_Code),trim(UMO_Group_Name),trim(User_Id));  
set uom_Group_id=(select (uomGroupId) from m_uomgroup where (uomGroupName=trim(UMO_Group_Name)) ORDER BY uomGroupId DESC LIMIT 1);
INSERT INTO m_uomgroup_log(uomGroupId,uomGroupCode,uomGroupName,userId,userAction) VALUES(trim(uom_Group_id),trim(UMO_Group_Code),trim(UMO_Group_Name),trim(User_Id),'insert');  


SET error1=0;
else
SET error1=1;
END IF;
select id;
end;

  COMMIT;
END */$$
DELIMITER ;

/* Procedure structure for procedure `proc_Insert_m_umo_groupforbulk` */

/*!50003 DROP PROCEDURE IF EXISTS  `proc_Insert_m_umo_groupforbulk` */;

DELIMITER $$

/*!50003 CREATE DEFINER=`leade_testing2`@`%` PROCEDURE `proc_Insert_m_umo_groupforbulk`(
    UMO_Group_Name varchar(45),
User_Id int,
 out error1 int
    )
BEGIN
DECLARE exit handler for sqlexception
        BEGIN
        ROLLBACK;
        END;
    DECLARE exit handler for sqlwarning
        BEGIN
    ROLLBACK;
        END;
START TRANSACTION;
begin
declare id int;
declare uom_Group_id int;
set id=(select count(uomGroupId) from m_uomgroup where (uomGroupName=trim(UMO_Group_Name)) and isDeleted=0);
IF id = 0 THEN
INSERT INTO m_uomgroup(uomGroupName,userId) VALUES(trim(UMO_Group_Name),trim(User_Id));  
set uom_Group_id=(select (uomGroupId) from m_uomgroup where (uomGroupName=trim(UMO_Group_Name)) ORDER BY uomGroupId DESC LIMIT 1);
INSERT INTO m_uomgroup_log(uomGroupId,uomGroupName,userId,userAction) VALUES(trim(uom_Group_id),trim(UMO_Group_Name),trim(User_Id),'insert');  


SET error1=(SELECT (uomGroupId) FROM m_uomgroup WHERE (uomGroupName=TRIM(UMO_Group_Name)) AND isDeleted=0);
else
SET error1=(SELECT (uomGroupId) FROM m_uomgroup WHERE (uomGroupName=TRIM(UMO_Group_Name)) AND isDeleted=0);
END IF;
select id;
end;

  COMMIT;
END */$$
DELIMITER ;

/* Procedure structure for procedure `proc_Insert_m_valuation` */

/*!50003 DROP PROCEDURE IF EXISTS  `proc_Insert_m_valuation` */;

DELIMITER $$

/*!50003 CREATE DEFINER=`leade_testing2`@`%` PROCEDURE `proc_Insert_m_valuation`(
Valuation_Code  varchar(20),
Valuation_Name  varchar(50),
User_Id int,
 out error1 int    
    )
BEGIN
DECLARE exit handler for sqlexception
        BEGIN
        ROLLBACK;
        END;
    DECLARE exit handler for sqlwarning
        BEGIN
    ROLLBACK;
        END;
START TRANSACTION;
begin
declare id int;
declare Valuation_Id int;
set id=(select count(valuationId) from m_valuation where (valuationCode=trim(Valuation_Code) or valuationName=trim(Valuation_Name)) and isDeleted=0);
IF id = 0 THEN
INSERT INTO m_valuation(valuationCode,valuationName,userId) VALUES(trim(Valuation_Code),trim(Valuation_Name),trim(User_Id));  
set Valuation_Id=(select (valuationId) from m_valuation where (valuationCode=trim(Valuation_Code) or valuationName=trim(Valuation_Name)) ORDER BY valuationId DESC LIMIT 1);
INSERT INTO m_valuation_log(valuationId,valuationCode,valuationName,userId,userAction) VALUES(trim(Valuation_Id),trim(Valuation_Code),trim(Valuation_Name),trim(User_Id),'insert');

set error1=0 ;
else
SET error1=1;
END IF;
select id;
end;

  COMMIT;
END */$$
DELIMITER ;

/* Procedure structure for procedure `proc_Insert_m_valuation_Method` */

/*!50003 DROP PROCEDURE IF EXISTS  `proc_Insert_m_valuation_Method` */;

DELIMITER $$

/*!50003 CREATE DEFINER=`leade_testing2`@`%` PROCEDURE `proc_Insert_m_valuation_Method`(
Valuation_Method_Code  varchar(20),
Valuation_Method_Name  varchar(50),
User_Id int,
 out error1 int    
    )
BEGIN
DECLARE exit handler for sqlexception
        BEGIN
        ROLLBACK;
        END;
    DECLARE exit handler for sqlwarning
        BEGIN
    ROLLBACK;
        END;
START TRANSACTION;
begin
declare id int;
declare Valuation_Method_Id int;
set id=(select count(valuationMethodId) from m_valuationmethod where (valuationMethodCode=trim(Valuation_Method_Code) or valuationMethodName=trim(Valuation_Method_Name)) and isDeleted=0);
IF id = 0 THEN
INSERT INTO m_valuationmethod(valuationMethodCode,valuationMethodName,userId) VALUES(trim(Valuation_Method_Code),trim(Valuation_Method_Name),trim(User_Id));  
set Valuation_Method_Id=(select (valuationMethodId) from m_valuationmethod where (valuationMethodCode=trim(Valuation_Method_Code) or valuationMethodName=trim(Valuation_Method_Name)) ORDER BY valuationMethodId DESC LIMIT 1);
INSERT INTO m_valuationmethod_log(valuationMethodId,valuationMethodCode,valuationMethodName,userId,userAction) VALUES(trim(Valuation_Method_Id),trim(Valuation_Method_Code),trim(Valuation_Method_Name),trim(User_Id),'insert');

set error1=0 ;
else
SET error1=1;
END IF;
select id;
end;

  COMMIT;
END */$$
DELIMITER ;

/* Procedure structure for procedure `proc_Insert_t_branch` */

/*!50003 DROP PROCEDURE IF EXISTS  `proc_Insert_t_branch` */;

DELIMITER $$

/*!50003 CREATE DEFINER=`leade_testing2`@`%` PROCEDURE `proc_Insert_t_branch`(
Branch_Code varchar(20),
Branch_Name varchar(50),
Currency_Id int,
Language_Id int,
GST_Number varchar(30),
SST_No varchar(20),
Is_Plant char(5),
Is_WareHouse char(5),
User_Id int,
 out error1 int
)
BEGIN
DECLARE exit handler for sqlexception
        BEGIN
        ROLLBACK;
        END;
    DECLARE exit handler for sqlwarning
        BEGIN
    ROLLBACK;
        END;
START TRANSACTION;
begin
declare id int;
declare Branch_id int;
set id=(select count(branchId) from t_branch where (branchCode=Trim(Branch_Code) or branchName=Trim(Branch_Name)) and isDeleted=0);
IF id = 0 THEN
INSERT INTO t_branch(branchCode,branchName,currencyId,language_Id,gstNumber,sstNo,isPlant,isWareHouse,userId) 
VALUES(Trim(Branch_Code),Trim(Branch_Name),Trim(Currency_Id),Trim(Language_Id),Trim(GST_Number),Trim(SST_No),Trim(Is_Plant),Trim(Is_WareHouse),Trim(User_Id));  
set Branch_id=(select (branchId) from t_branch where (branchCode=Trim(Branch_Code) or branchName=Trim(Branch_Name)) ORDER BY branchId DESC LIMIT 1);
insert into t_branch_log(branchId,branchCode,branchName,currencyId,language_Id,gstNumber,sstNo,isPlant,isWareHouse,userId,userAction)
VALUES(Branch_id,Trim(Branch_Code),Trim(Branch_Name),Trim(Currency_Id),Trim(Language_Id),Trim(GST_Number),Trim(SST_No),Trim(Is_Plant),Trim(Is_WareHouse),Trim(User_Id),'insert');  

set error1=0 ;
else
SET error1=1;
END IF;
select id;
end;

  COMMIT;
END */$$
DELIMITER ;

/* Procedure structure for procedure `proc_Insert_t_branchaddress` */

/*!50003 DROP PROCEDURE IF EXISTS  `proc_Insert_t_branchaddress` */;

DELIMITER $$

/*!50003 CREATE DEFINER=`leade_testing2`@`%` PROCEDURE `proc_Insert_t_branchaddress`(
   branch_Id int ,
   Branch_contactPerson varchar(200) ,
   Branch_houseBuildingNo varchar(100) ,
   Branch_street1 varchar(100),
   Branch_Street2 varchar(100) ,
   Branch_Landmark varchar(100),
   Country_Id int,
   State_Id int ,
   City_Id int ,
   Branch_pincode varchar(15) ,
   Branch_mobileNumber varchar(15),
   Branch_altMobileNumber varchar(15),
   Branch_telephone_Extension varchar(10) ,
   Branch_landLineNumber varchar(20),
   Branch_altLandLineNumber varchar(20) ,
   Branch_Website varchar(100),
   User_Id int,
   out error1 int
)
BEGIN
DECLARE exit handler for sqlexception
        BEGIN
        ROLLBACK;
        END;
    DECLARE exit handler for sqlwarning
        BEGIN
    ROLLBACK;
        END;
START TRANSACTION;
begin
declare id int;
declare Branch_Address_id int;
set id=(select count(branchAddressId) from t_branchaddress where  branchId=Trim(branch_Id) and contactPerson=Trim(Branch_contactPerson) and isDeleted=0);
IF id = 0 THEN
INSERT INTO t_branchaddress(branchId,contactPerson,houseBuildingNo,street1,street2,landmark,countryId,stateId,
cityId,pincode,mobileNumber,altMobileNumber,telephoneExtension,landLineNumber,altLandLineNumber,website,userId) 
VALUES(Trim(branch_Id),Trim(Branch_contactPerson),Trim(Branch_houseBuildingNo),Trim(Branch_street1),Trim(Branch_Street2),Trim(Branch_Landmark),Trim(Country_Id),
Trim(State_Id),Trim(City_Id),Trim(Branch_pincode),Trim(Branch_mobileNumber),Trim(Branch_altMobileNumber),Trim(Branch_telephone_Extension),
Trim(Branch_landLineNumber),Trim(Branch_altLandLineNumber),Trim(Branch_Website),Trim(User_Id));  
set Branch_Address_id=(select (branchAddressId) from t_branchaddress where  branchId=Trim(branch_Id) and contactPerson=Trim(Branch_contactPerson) ORDER BY branchAddressId DESC LIMIT 1);
INSERT INTO t_branchaddress_log(branchAddressId,branchId,contactPerson,houseBuildingNo,street1,street2,landmark,countryId,stateId,
cityId,pincode,mobileNumber,altMobileNumber,telephoneExtension,landLineNumber,altLandLineNumber,website,userId,userAction) 
VALUES(Branch_Address_id,Trim(branch_Id),Trim(Branch_contactPerson),Trim(Branch_houseBuildingNo),Trim(Branch_street1),Trim(Branch_Street2),Trim(Branch_Landmark),Trim(Country_Id),
Trim(State_Id),Trim(City_Id),Trim(Branch_pincode),Trim(Branch_mobileNumber),Trim(Branch_altMobileNumber),Trim(Branch_telephone_Extension),
Trim(Branch_landLineNumber),Trim(Branch_altLandLineNumber),Trim(Branch_Website),Trim(User_Id),'insert'); 
set error1=0 ;
else
SET error1=1;
END IF;
select id;
end;

  COMMIT;
END */$$
DELIMITER ;

/* Procedure structure for procedure `proc_Insert_t_branchforbulk` */

/*!50003 DROP PROCEDURE IF EXISTS  `proc_Insert_t_branchforbulk` */;

DELIMITER $$

/*!50003 CREATE DEFINER=`leade_testing2`@`%` PROCEDURE `proc_Insert_t_branchforbulk`(
    Branch_Name varchar(50),
User_Id int,
 out error1 int
    )
BEGIN
DECLARE exit handler for sqlexception
        BEGIN
        ROLLBACK;
        END;
    DECLARE exit handler for sqlwarning
        BEGIN
    ROLLBACK;
        END;
START TRANSACTION;
begin
declare id int;
declare Branch_id int;
set id=(select count(branchId) from t_branch where (branchName=Trim(Branch_Name)) and isDeleted=0);
IF id = 0 THEN
INSERT INTO t_branch(branchName,userId) VALUES(Trim(Branch_Name),Trim(User_Id));  
set Branch_id=(select (branchId) from t_branch where (branchName=Trim(Branch_Name)) ORDER BY branchId DESC LIMIT 1);
insert into t_branch_log(branchId,branchName,userId,userAction)
VALUES(Branch_id,Trim(Branch_Name),Trim(User_Id),'insert');  

set error1=(select (branchId) from t_branch where (branchName=Trim(Branch_Name)) and isDeleted=0);
else
SET error1=(select (branchId) from t_branch where (branchName=Trim(Branch_Name)) and isDeleted=0);
END IF;
select id;
end;

  COMMIT;
END */$$
DELIMITER ;

/* Procedure structure for procedure `proc_Insert_t_branch_assignment` */

/*!50003 DROP PROCEDURE IF EXISTS  `proc_Insert_t_branch_assignment` */;

DELIMITER $$

/*!50003 CREATE DEFINER=`leade_testing2`@`%` PROCEDURE `proc_Insert_t_branch_assignment`(
Company_Id int,
Branch_Id int,
User_Id int,
 out error1 int
)
BEGIN
DECLARE exit handler for sqlexception
        BEGIN
        ROLLBACK;
        END;
    DECLARE exit handler for sqlwarning
        BEGIN
    ROLLBACK;
        END;
START TRANSACTION;
begin
declare id int;
declare Branch_Assignment_Id int;
set id=(select count(branchAssignmentId) from t_branchassignment where companyId=Trim(Company_Id) and branchId=Trim(Branch_Id) and isDeleted=0);
IF id = 0 THEN
INSERT INTO t_branchassignment(companyId,branchId,userId) VALUES(Trim(Company_Id),Trim(Branch_Id),Trim(User_Id)); 
set Branch_Assignment_Id=(select (branchAssignmentId) from t_branchassignment where companyId=Trim(Company_Id) and branchId=Trim(Branch_Id)  ORDER BY branchAssignmentId DESC LIMIT 1);
INSERT INTO t_branchassignment_log(branchAssignmentId,companyId,branchId,userId,userAction) VALUES(Branch_Assignment_Id,Trim(Company_Id),Trim(Branch_Id),Trim(User_Id),'insert'); 
SET error1=0;
else
SET error1=1;
END IF;
select id;
end;

  COMMIT;
END */$$
DELIMITER ;

/* Procedure structure for procedure `proc_Insert_t_company` */

/*!50003 DROP PROCEDURE IF EXISTS  `proc_Insert_t_company` */;

DELIMITER $$

/*!50003 CREATE DEFINER=`leade_testing2`@`%` PROCEDURE `proc_Insert_t_company`(
Company_Code varchar(20),
Company_Name varchar(50),
Currency_Id int,
Langauge_Id int,
Company_Logo_Url varchar(200),
User_Id int,
 out error1 int
)
BEGIN
DECLARE exit handler for sqlexception
        BEGIN
        ROLLBACK;
        END;
    DECLARE exit handler for sqlwarning
        BEGIN
    ROLLBACK;
        END;
START TRANSACTION;
begin
declare id int;
declare Company_id int;
set id=(select count(companyId) from t_company where (companyCode=Trim(Company_Code) or companyName=Trim(Company_Name)) and isDeleted=0);
IF id = 0 THEN
INSERT INTO t_company(companyCode,companyName,currencyId,language_Id,companyLogo_Url,userId) 
VALUES(Trim(Company_Code),Trim(Company_Name),Trim(Currency_Id),Trim(Langauge_Id),Trim(Company_Logo_Url),Trim(User_Id));  
set Company_id=(select Trim(companyId) from t_company where (companyCode=Trim(Company_Code) or companyName=Trim(Company_Name)) ORDER BY companyId DESC LIMIT 1);
insert into t_company_log(companyId,companyCode,companyName,currencyId,language_Id,companyLogo_Url,userId,userAction)
VALUES(Company_id,Trim(Company_Code),Trim(Company_Name),Trim(Currency_Id),Trim(Langauge_Id),Trim(Company_Logo_Url),Trim(User_Id),'insert');  

set error1=0 ;
else
SET error1=1;
END IF;
select id;
end;

  COMMIT;
END */$$
DELIMITER ;

/* Procedure structure for procedure `proc_Insert_t_companyaddress` */

/*!50003 DROP PROCEDURE IF EXISTS  `proc_Insert_t_companyaddress` */;

DELIMITER $$

/*!50003 CREATE DEFINER=`leade_testing2`@`%` PROCEDURE `proc_Insert_t_companyaddress`(
   Company_Id int ,
   Company_contactPerson varchar(200) ,
   Company_houseBuildingNo varchar(100) ,
   Company_street1 varchar(100),
   Company_Street2 varchar(100) ,
   Company_Landmark varchar(100),
   Country_Id int,
   State_Id int ,
   City_Id int ,
   Company_pincode varchar(15) ,
   Company_mobileNumber varchar(15),
   Company_altMobileNumber varchar(15),
   Company_TelephoneNumber varchar(10) ,
   Company_landLineNumber varchar(20),
   Company_FaxNumber varchar(20) ,
   Company_Website varchar(100),
   Company_Email varchar(50),
   Company_category varchar(50),
   User_Id int,
   out error1 int
)
BEGIN
DECLARE exit handler for sqlexception
        BEGIN
        ROLLBACK;
        END;
    DECLARE exit handler for sqlwarning
        BEGIN
    ROLLBACK;
        END;
START TRANSACTION;
begin
declare id int;
declare company_Address_id int;
set id=(select count(companyAddressId) from t_companyaddress where  companyId=Trim(Company_Id) and contactPerson=Trim(Company_contactPerson) and isDeleted=0);
IF id = 0 THEN
INSERT INTO t_companyaddress(companyId,contactPerson,houseBuildingNo,street1,street2,landmark,countryId,stateId,
cityId,pincode,mobileNumber,altMobileNumber,telephoneNumber,landLineNumber,faxNumber,website,emailId,category,userId) 
VALUES(Trim(Company_Id),Trim(Company_contactPerson),Trim(Company_houseBuildingNo),Trim(Company_street1),Trim(Company_Street2),Trim(Company_Landmark),Trim(Country_Id),
Trim(State_Id),Trim(City_Id),Trim(Company_pincode),Trim(Company_mobileNumber),Trim(Company_altMobileNumber),Trim(Company_TelephoneNumber),
Trim(Company_landLineNumber),Trim(Company_FaxNumber),Trim(Company_Website),Trim(Company_Email),Trim(Company_category),Trim(User_Id));  
set company_Address_id=(select Trim(companyAddressId) from t_companyaddress where  companyId=Trim(Company_Id) and contactPerson=Trim(Company_contactPerson) ORDER BY companyAddressId DESC LIMIT 1);
INSERT INTO t_companyaddress_log(companyAddressId,companyId,contactPerson,houseBuildingNo,street1,street2,landmark,countryId,stateId,
cityId,pincode,mobileNumber,altMobileNumber,telephoneNumber,landLineNumber,faxNumber,website,emailId,category,userId,userAction) 
VALUES(company_Address_id,Trim(Company_Id),Trim(Company_contactPerson),Trim(Company_houseBuildingNo),Trim(Company_street1),Trim(Company_Street2),Trim(Company_Landmark),Trim(Country_Id),
Trim(State_Id),Trim(City_Id),Trim(Company_pincode),Trim(Company_mobileNumber),Trim(Company_altMobileNumber),Trim(Company_TelephoneNumber),
Trim(Company_landLineNumber),Trim(Company_FaxNumber),Trim(Company_Website),Trim(Company_Email),Trim(Company_category),Trim(User_Id),'insert'); 
set error1=0 ;
else
SET error1=1;
END IF;
select id;
end;

  COMMIT;
END */$$
DELIMITER ;

/* Procedure structure for procedure `proc_Insert_t_companyforbulk` */

/*!50003 DROP PROCEDURE IF EXISTS  `proc_Insert_t_companyforbulk` */;

DELIMITER $$

/*!50003 CREATE DEFINER=`leade_testing2`@`%` PROCEDURE `proc_Insert_t_companyforbulk`(
Company_Name varchar(50),
User_Id int,
 out error1 int    
    )
BEGIN
DECLARE exit handler for sqlexception
        BEGIN
        ROLLBACK;
        END;
    DECLARE exit handler for sqlwarning
        BEGIN
    ROLLBACK;
        END;
START TRANSACTION;
begin
declare id int;
declare Company_id int;
set id=(select count(companyId) from t_company where (companyName=Trim(Company_Name)) and isDeleted=0);
IF id = 0 THEN
INSERT INTO t_company(companyName,userId) 
VALUES(Trim(Company_Name),Trim(User_Id));  
set Company_id=(select Trim(companyId) from t_company where ( companyName=Trim(Company_Name)) ORDER BY companyId DESC LIMIT 1);
insert into t_company_log(companyId,companyName,userId,userAction)
VALUES(Company_id,Trim(Company_Name),Trim(User_Id),'insert');  

set error1=(select (companyId) from t_company where (companyName=Trim(Company_Name)) and isDeleted=0);
else
SET error1=(select (companyId) from t_company where (companyName=Trim(Company_Name)) and isDeleted=0);
END IF;
select id;
end;

  COMMIT;
END */$$
DELIMITER ;

/* Procedure structure for procedure `proc_Insert_t_company_assignment` */

/*!50003 DROP PROCEDURE IF EXISTS  `proc_Insert_t_company_assignment` */;

DELIMITER $$

/*!50003 CREATE DEFINER=`leade_testing2`@`%` PROCEDURE `proc_Insert_t_company_assignment`(
Company_Group_Id int,
Company_Id int,
User_Id int,
 out error1 int
)
BEGIN
DECLARE exit handler for sqlexception
        BEGIN
        ROLLBACK;
        END;
    DECLARE exit handler for sqlwarning
        BEGIN
    ROLLBACK;
        END;
START TRANSACTION;
begin
declare id int;
declare company_Assignment_Id int;
set id=(select count(companyAssignmentId) from t_companyassignment where companyId=Trim(Company_Id) and companyGroupId=Trim(Company_Group_Id) and isDeleted=0);
IF id = 0 THEN
INSERT INTO t_companyassignment(companyGroupId,companyId,userId) VALUES(Trim(Company_Group_Id),Trim(Company_Id),Trim(User_Id)); 
set company_Assignment_Id=(select Trim(companyAssignmentId) from t_companyassignment where companyId=Trim(Company_Id) and companyGroupId=Trim(Company_Group_Id)  ORDER BY companyAssignmentId DESC LIMIT 1);
INSERT INTO t_companyassignment_log(companyAssignmentId,companyGroupId,companyId,userId,userAction) VALUES(company_Assignment_Id,Trim(Company_Group_Id),Trim(Company_Id),Trim(User_Id),'insert'); 
SET error1=0;
else
SET error1=1;
END IF;
select id;
end;

  COMMIT;
END */$$
DELIMITER ;

/* Procedure structure for procedure `proc_Insert_t_exchange` */

/*!50003 DROP PROCEDURE IF EXISTS  `proc_Insert_t_exchange` */;

DELIMITER $$

/*!50003 CREATE DEFINER=`leade_testing2`@`%` PROCEDURE `proc_Insert_t_exchange`(
Company_Id int,
Exchange_Date datetime,
Currency_Id int,
Exchange_Amount decimal(18,2),
User_Id int,
out error1 int
)
BEGIN
DECLARE exit handler for sqlexception
        BEGIN
        ROLLBACK;
        END;
    DECLARE exit handler for sqlwarning
        BEGIN
    ROLLBACK;
        END;
START TRANSACTION;
begin
declare id int;
declare exchange_Rate_Id int;
set id=(select count(exchangeRateId) from t_exchange where  companyId=trim(Company_Id) and exchangeDate=trim(Exchange_Date) and currencyId=trim(Currency_Id) and isDeleted=0);
IF id = 0 THEN
INSERT INTO t_exchange(companyId,exchangeDate,currencyId,exchageAmount,userId) VALUES(trim(Company_Id),trim(Exchange_Date),trim(Currency_Id),trim(Exchange_Amount),trim(User_Id));  
set exchange_Rate_Id=(select (exchangeRateId) from t_exchange where companyId=Company_Id and exchangeDate=trim(Exchange_Date) and currencyId=trim(Currency_Id) ORDER BY exchangeRateId DESC LIMIT 1);
INSERT INTO t_exchange_log(exchangeRateId,companyId,exchangeDate,currencyId,exchageAmount,userId,userAction) 
VALUES(trim(exchange_Rate_Id),trim(Company_Id),trim(Exchange_Date),trim(Currency_Id),trim(Exchange_Amount),trim(User_Id),'insert');  

SET error1=0;
else
SET error1=1;
END IF;
select id;
end;

  COMMIT;
END */$$
DELIMITER ;

/* Procedure structure for procedure `proc_Insert_t_hsn` */

/*!50003 DROP PROCEDURE IF EXISTS  `proc_Insert_t_hsn` */;

DELIMITER $$

/*!50003 CREATE DEFINER=`leade_testing2`@`%` PROCEDURE `proc_Insert_t_hsn`(
HSN_Name  varchar(50),
User_Id int,
 out error1 int
)
BEGIN
DECLARE exit handler for sqlexception
        BEGIN
        ROLLBACK;
        END;
    DECLARE exit handler for sqlwarning
        BEGIN
    ROLLBACK;
        END;
START TRANSACTION;
begin
declare id int;
declare hsn_Id int;
set id=(select count(hsnId) from t_hsn where hsnName=trim(HSN_Name) and isDeleted=0);
IF id = 0 THEN
INSERT INTO t_hsn(hsnName,userId) VALUES(trim(HSN_Name),trim(User_Id));  
set hsn_Id=(select (hsnId) from t_hsn where hsnName=trim(HSN_Name) ORDER BY hsnId DESC LIMIT 1);
INSERT INTO t_hsn_log(hsnId,hsnName,userId,userAction) VALUES(trim(hsn_Id),trim(HSN_Name),trim(User_Id),'insert');

set error1=0 ;
else
SET error1=1;
END IF;
select id;
end;

  COMMIT;
END */$$
DELIMITER ;

/* Procedure structure for procedure `proc_Insert_t_payment_term` */

/*!50003 DROP PROCEDURE IF EXISTS  `proc_Insert_t_payment_term` */;

DELIMITER $$

/*!50003 CREATE DEFINER=`leade_testing2`@`%` PROCEDURE `proc_Insert_t_payment_term`(
Payment_Term_Code varchar(45),
Payment_Term_Name varchar(45),
Credit_Days varchar(30),
Tolerance_Days varchar(30),
Relate_To varchar(20) ,
User_Id int,
 out error1 int
)
BEGIN
DECLARE exit handler for sqlexception
        BEGIN
        ROLLBACK;
        END;
    DECLARE exit handler for sqlwarning
        BEGIN
    ROLLBACK;
        END;
START TRANSACTION;
begin
declare id int;
declare Payment_Term_Id int;
set id=(select count(paymentTermId) from t_paymentterm where (paymentTermCode=trim(Payment_Term_Code) or paymentTermName=trim(Payment_Term_Name)) and isDeleted=0);
IF id = 0 THEN
INSERT INTO t_paymentterm(paymentTermCode,paymentTermName,creditDays,toleranceDays,relateTo,userId) 
VALUES(trim(Payment_Term_Code),trim(Payment_Term_Name),trim(Credit_Days),trim(Tolerance_Days),trim(Relate_To),trim(User_Id)); 
set Payment_Term_Id=(select (paymentTermId) from t_paymentterm where (paymentTermCode=trim(Payment_Term_Code) or paymentTermName=trim(Payment_Term_Name)) ORDER BY paymentTermId DESC LIMIT 1);
INSERT INTO t_paymentterm_log(paymentTermId,paymentTermCode,paymentTermName,creditDays,toleranceDays,relateTo,userId,userAction) 
VALUES(trim(Payment_Term_Id),trim(Payment_Term_Code),trim(Payment_Term_Name),trim(Credit_Days),trim(Tolerance_Days),trim(Relate_To),trim(User_Id),'insert'); 
SET error1=0;
else
SET error1=1;
END IF;
select id;
end;

  COMMIT;
END */$$
DELIMITER ;

/* Procedure structure for procedure `proc_Insert_t_postingperiod` */

/*!50003 DROP PROCEDURE IF EXISTS  `proc_Insert_t_postingperiod` */;

DELIMITER $$

/*!50003 CREATE DEFINER=`leade_testing2`@`%` PROCEDURE `proc_Insert_t_postingperiod`(
Company_Id int,
Period_Code varchar(20),
Period_Name varchar(50),
Sub_Period varchar(45),
fiscal_Year_Start datetime,
User_Id int,
 out error1 int
)
BEGIN
DECLARE exit handler for sqlexception
        BEGIN
        ROLLBACK;
        END;
    DECLARE exit handler for sqlwarning
        BEGIN
    ROLLBACK;
        END;
START TRANSACTION;
begin
declare id int;
declare Post_Period_Id int;
set id=(select count(postperiodId) from t_postingperiod where periodCode=trim(Period_Code) and  isDeleted=0);
IF id = 0 THEN
INSERT INTO t_postingperiod(companyId,periodCode,periodName,subPeriod,fiscalYearStart,userId) 
VALUES(trim(Company_Id),trim(Period_Code),trim(Period_Name),trim(Sub_Period),trim(fiscal_Year_Start),trim(User_Id));  
set Post_Period_Id=(select (postperiodId) from t_postingperiod where  periodCode=Period_Code ORDER BY postperiodId DESC LIMIT 1);
INSERT INTO t_postingperiod_log(postperiodId,companyId,periodCode,periodName,subPeriod,fiscalYearStart,userId,userAction) 
VALUES(trim(Post_Period_Id),trim(Company_Id),trim(Period_Code),trim(Period_Name),trim(Sub_Period),trim(fiscal_Year_Start),trim(User_Id),'insert');  
SET error1=0;
else
SET error1=1;
END IF;
select id;
end;

  COMMIT;
END */$$
DELIMITER ;

/* Procedure structure for procedure `proc_Insert_t_uomgroupmapping` */

/*!50003 DROP PROCEDURE IF EXISTS  `proc_Insert_t_uomgroupmapping` */;

DELIMITER $$

/*!50003 CREATE DEFINER=`leade_testing2`@`%` PROCEDURE `proc_Insert_t_uomgroupmapping`(
UMO_Group_Id int,
Base_Qty  decimal(18,4),
Base_UMO_Id int,
Alt_Qty  decimal(18,4),
Alt_UOM_Id int,
User_Id int,
 out error1 int
)
BEGIN
DECLARE exit handler for sqlexception
        BEGIN
        ROLLBACK;
        END;
    DECLARE exit handler for sqlwarning
        BEGIN
    ROLLBACK;
        END;
START TRANSACTION;
begin
declare id int;
declare UOM_Mapping_Id int;
set id=(select count(uomMappingId) from t_uomgroupmapping where uomGroupId=trim(UMO_Group_Id) and baseUOMId=trim(Base_UMO_Id) and isDeleted=0);
IF id = 0 THEN
INSERT INTO t_uomgroupmapping(uomGroupId,baseQty,baseUOMId,altQty,altUOMId,userId) 
VALUES(trim(UMO_Group_Id),trim(Base_Qty),trim(Base_UMO_Id),trim(Alt_Qty),trim(Alt_UOM_Id),trim(User_Id));  
set UOM_Mapping_Id=(select (uomMappingId) from t_uomgroupmapping where uomGroupId=trim(UMO_Group_Id) and baseUOMId=trim(Base_UMO_Id)  ORDER BY uomMappingId DESC LIMIT 1);
INSERT INTO t_uomgroupmapping_log(uomMappingId,uomGroupId,baseQty,baseUOMId,altQty,altUOMId,userId,userAction)
 VALUES(trim(UOM_Mapping_Id),trim(UMO_Group_Id),trim(Base_Qty),trim(Base_UMO_Id),trim(Alt_Qty),trim(Alt_UOM_Id),trim(User_Id),'insert');

set error1=0 ;
else
SET error1=1;
END IF;
select id;
end;

  COMMIT;
END */$$
DELIMITER ;

/* Procedure structure for procedure `proc_Insert_u_department` */

/*!50003 DROP PROCEDURE IF EXISTS  `proc_Insert_u_department` */;

DELIMITER $$

/*!50003 CREATE DEFINER=`leade_testing2`@`%` PROCEDURE `proc_Insert_u_department`(
Department_Name varchar(50),
Department_Desc varchar(100),
User_Id int,
out error1 int
)
BEGIN
DECLARE exit handler for sqlexception
        BEGIN
        ROLLBACK;
        END;
    DECLARE exit handler for sqlwarning
        BEGIN
    ROLLBACK;
        END;
START TRANSACTION;
begin
declare id int;
declare Department_id int;
set id=(select count(departmentId) from u_department where departmentName=trim(Department_Name) and isDeleted=0);
IF id = 0 THEN
INSERT INTO u_department(departmentName,departmentDescription,userId) VALUES(trim(Department_Name),trim(Department_Desc),trim(User_Id)); 
set  Department_id=(select (departmentId) from u_department where departmentName=trim(Department_Name) ORDER BY departmentId DESC LIMIT 1);
INSERT INTO u_department_log(departmentId,departmentName,departmentDescription,userId,userAction) VALUES(Department_id,trim(Department_Name),trim(Department_Desc),trim(User_Id),'insert');
SET error1=0;
else
SET error1=1;
END IF;

end;

  COMMIT;
END */$$
DELIMITER ;

/* Procedure structure for procedure `proc_Insert_u_designation` */

/*!50003 DROP PROCEDURE IF EXISTS  `proc_Insert_u_designation` */;

DELIMITER $$

/*!50003 CREATE DEFINER=`leade_testing2`@`%` PROCEDURE `proc_Insert_u_designation`(
Designation_Name varchar(50),
Designation_Desc varchar(100),
User_Id int,
out error1 int
)
BEGIN
DECLARE exit handler for sqlexception
        BEGIN
        ROLLBACK;
        END;
    DECLARE exit handler for sqlwarning
        BEGIN
    ROLLBACK;
        END;
START TRANSACTION;
begin
declare id int;
declare designation_id int;
set id=(select count(designationId) from u_designation where designationName=trim(Designation_Name) and isDeleted=0);
IF id = 0 THEN
INSERT INTO u_designation(designationName,designationDescription,userId) VALUES(trim(Designation_Name),trim(Designation_Desc),trim(User_Id)); 
set  designation_id=(select (designationId) from u_designation where designationName=trim(Designation_Name) ORDER BY designationId DESC LIMIT 1);
INSERT INTO u_designation_log(designationId,designationName,designationDescription,userId,userAction) VALUES(designation_id,trim(Designation_Name),trim(Designation_Desc),trim(User_Id),'insert');
SET error1=0;
else
SET error1=1;
END IF;

end;

  COMMIT;
END */$$
DELIMITER ;

/* Procedure structure for procedure `proc_Insert_u_usersession` */

/*!50003 DROP PROCEDURE IF EXISTS  `proc_Insert_u_usersession` */;

DELIMITER $$

/*!50003 CREATE DEFINER=`leade_testing2`@`%` PROCEDURE `proc_Insert_u_usersession`(
Login_Date datetime,
User_Id int,
Source_IP varchar(30),
User_Status varchar(50),
User_Browser varchar(50),
User_Plateform varchar(50),
 out User_Session_ID int
)
BEGIN
DECLARE exit handler for sqlexception
        BEGIN
        ROLLBACK;
        END;
    DECLARE exit handler for sqlwarning
        BEGIN
    ROLLBACK;
        END;
START TRANSACTION;
begin
declare usersession_id int;
INSERT INTO u_usersession(userId,loginDate,sourceIP,userstatus,userBrowser,userPlatform) 
VALUES(trim(User_Id),trim(Login_Date),trim(Source_IP),trim(User_Status),trim(User_Browser),trim(User_Plateform)); 
set User_Session_ID=(select (sessionId) from u_usersession where (loginDate=trim(Login_Date) or sourceIP=trim(Source_IP))  ORDER BY sessionId DESC LIMIT 1);
end;

  COMMIT;
END */$$
DELIMITER ;

/* Procedure structure for procedure `proc_Insert_v_action_permission` */

/*!50003 DROP PROCEDURE IF EXISTS  `proc_Insert_v_action_permission` */;

DELIMITER $$

/*!50003 CREATE DEFINER=`leade_testing2`@`%` PROCEDURE `proc_Insert_v_action_permission`(
Permission_Id int,
Vendor_Id int,
Is_View boolean,
    Vendor_Login_Id VARCHAR(50),
    Vendor_Login_PWD VARCHAR(50),
User_Id int,
out error1 int    
    )
BEGIN
DECLARE exit handler for sqlexception
        BEGIN
        ROLLBACK;
        END;
    DECLARE exit handler for sqlwarning
        BEGIN
    ROLLBACK;
        END;
START TRANSACTION;
begin
declare id int;
declare count int;
declare Action_Id int;
set id=(select count(ActionId) from v_actionpermission where permissionId=Trim(Permission_Id) and vendorId=Trim(Vendor_Id) and isDeleted=0);
IF id = 0 THEN
update v_vendorregistration set vendorloginId=Vendor_Login_Id,vendorloginPwd=Vendor_Login_PWD  where vendorId=TRIM(Vendor_Id);
INSERT INTO v_actionpermission(vendorId,permissionId,isView,userId) 
VALUES(Trim(Vendor_Id),Trim(Permission_Id),Trim(Is_View),Trim(User_Id));  
set Action_Id=(select (ActionId) from v_actionpermission where permissionId=Trim(Permission_Id) and vendorId=Trim(Vendor_Id) ORDER BY ActionId DESC LIMIT 1);
INSERT INTO v_actionpermission_log(ActionId,vendorId,permissionId,isView,userId,userAction) 
VALUES(Action_Id,Trim(Vendor_Id),Trim(Permission_Id),Trim(Is_View),Trim(User_Id),'insert');

set error1=0 ;
else
set count=(select count(ActionId) from v_actionpermission where permissionId=Trim(Permission_Id) and vendorId=Trim(Vendor_Id) and isView=Is_View and isDeleted=0);
if count=0 then
update v_actionpermission  set 
isView=Is_View
where permissionId=Trim(Permission_Id) and vendorId=Trim(Vendor_Id);
set error1=0 ;
else
SET error1=1;
end if;

END IF;

end;

  COMMIT;
END */$$
DELIMITER ;

/* Procedure structure for procedure `proc_Insert_v_vendorpermission` */

/*!50003 DROP PROCEDURE IF EXISTS  `proc_Insert_v_vendorpermission` */;

DELIMITER $$

/*!50003 CREATE DEFINER=`leade_testing2`@`%` PROCEDURE `proc_Insert_v_vendorpermission`(Permission_Name varchar(100),
User_Id int,
out error1 int)
BEGIN
DECLARE exit handler for sqlexception
        BEGIN
        ROLLBACK;
        END;
    DECLARE exit handler for sqlwarning
        BEGIN
    ROLLBACK;
        END;
START TRANSACTION;
begin
declare id int;
declare permission_id int;
set id=(select count(permissionId) from v_vendorpermission where (permissionName=trim(Permission_Name) ) and isDeleted=0);
IF id = 0 THEN
INSERT INTO v_vendorpermission(permissionName,userId) VALUES(trim(Permission_Name),trim(User_Id)); 
set  permission_id=(select trim(permissionId) from v_vendorpermission where (permissionName=trim(Permission_Name) )  ORDER BY permissionId DESC LIMIT 1);
INSERT INTO v_vendorpermission_log(permissionId,permissionName,userId,userAction) 
VALUES(permission_id,trim(Permission_Name),trim(User_Id),'insert');
SET error1=0;
else
SET error1=1;
END IF;

end;

  COMMIT;
END */$$
DELIMITER ;

/* Procedure structure for procedure `proc_Insert_v_vendorregistration` */

/*!50003 DROP PROCEDURE IF EXISTS  `proc_Insert_v_vendorregistration` */;

DELIMITER $$

/*!50003 CREATE DEFINER=`leade_testing2`@`%` PROCEDURE `proc_Insert_v_vendorregistration`(
Registration_Status varchar(10),
  Vendor_Sort_Name varchar(50),
  Company_Name varchar(100),
  Company_Address varchar(100),
  Company_countryId int,
  Company_stateId int,
  Company_cityId int,
  Company_pinCode varchar(20),
  Company_Teliphone varchar(30),
  Company_FaxNo varchar(30),
  Company_MobileNo varchar(30),
  Company_alternanteNo varchar(50),
  Company_GST varchar(50),
  Company_SST varchar(50),
  Payment_Term_Id int,
  Currency_Id int,
  Category_Id int,
  Company_Region varchar(30),
   Company_WorksampleUrl varchar(1000),
   
   Vendor_Name varchar(50),
   Vendor_Email varchar(50),
   Alt_Vendor_Name1 varchar(50),
   Alt_Vendor_Email1 varchar(50),
   Alt_Vendor_Name2 varchar(50),
   Alt_Vendor_Email2 varchar(50),
   Vendor_Teliphone_No1 varchar(50),
  
   Vendor_Address varchar(100) ,
   Vendor_CityId int,
   Vendor_PinCode varchar(50),
   Vendor_CountryId int,
   Location_Longitude varchar(50),
   Location_Latitude varchar(50),
   Bank_Detail_Type varchar(50),
   Bank_Id int,
   Swift_Code varchar(20),
   Account_No varchar(50),
   Reciver_Name varchar(50),
   Bank_Address varchar(50),
   Postal_Code varchar(50),
   Bank_Country_Id int,
   Bank_State_Id int,
  Bank_City_Id int,
  Bank_ContactNo1 varchar(50),
   Bank_ContactNo2 varchar(50),
   PaypalEmailId varchar(50),
   NDAformUrl varchar(200),
   Machine_Name varchar(1000),
   Machine_Function varchar(1000),
   Machine_Capability varchar(1000),
   Company_Status varchar(50),
   Request_Status varchar(50),
   Form_24 VARCHAR(200),
   Form_48 VARCHAR(200),
   Form_9 VARCHAR(200),
   Form_Other VARCHAR(200),
  User_Id int,
 out error1 int    
    )
BEGIN
DECLARE exit handler for sqlexception
        BEGIN
        ROLLBACK;
        END;
    DECLARE exit handler for sqlwarning
        BEGIN
    ROLLBACK;
        END;
START TRANSACTION;
begin
declare id int;
declare Vendor_Id int;
set id=(select count(vendorId) from v_vendorregistration where (companyName=trim(Company_Name)) and isDeleted=0);
IF id = 0 THEN
INSERT INTO v_vendorregistration(registrationStatus,vendorSortName,companyName,companyAddress,companycountryId,companystateId
,companycityId,companypinCode,companyTeliphone,companyFaxNo,companyMobileNo,companyalternanteNo,companyGST,companySST,
paymentTermId,currencyId,categoryId,companyRegion,companyWorksampleUrl,machineName,machineFunction,machineCapability,
vendorName,vendorEmail,altvendorname1,altvendorEmail1,altvendorname2,altvendorEmail2,vendorteliphoneNo1,
vendoraddress,vendorcityId,vendorpinCode,vendorcountryId,locationLongitude,locationLatitude,
bankdetailType,bankId,swiftcode,accountNo,reciverName,bankAddress,postalCode,bankcountryId,bankstateId,
bankcityId,bankContactNo1,bankContactNo2,paypalemailId,ndaformUrl,companyStatus,requestStatus,userId,form24,form48,form9,otherform) 
VALUES(trim(Registration_Status),trim(Vendor_Sort_Name),trim(Company_Name),trim(Company_Address),trim(Company_countryId)
,trim(Company_stateId),trim(Company_cityId),trim(Company_pinCode),trim(Company_Teliphone),trim(Company_FaxNo),
trim(Company_MobileNo),trim(Company_alternanteNo),trim(Company_GST),trim(Company_SST),trim(Payment_Term_Id),
trim(Currency_Id),trim(Category_Id),trim(Company_Region),trim(Company_WorksampleUrl),trim(Machine_Name),
trim(Machine_Function),trim(Machine_Capability),trim(Vendor_Name),trim(Vendor_Email),trim(Alt_Vendor_Name1),
trim(Alt_Vendor_Email1),trim(Alt_Vendor_Name2),trim(Alt_Vendor_Email2),trim(Vendor_Teliphone_No1),trim(Vendor_Address),
trim(Vendor_CityId),trim(Vendor_PinCode),trim(Vendor_CountryId),trim(Location_Longitude),trim(Location_Latitude),
trim(Bank_Detail_Type),trim(Bank_Id),trim(Swift_Code),trim(Account_No),trim(Reciver_Name),trim(Bank_Address),trim(Postal_Code),
trim(Bank_Country_Id),trim(Bank_State_Id),trim(Bank_City_Id),trim(Bank_ContactNo1),trim(Bank_ContactNo2),trim(PaypalEmailId),
trim(NDAformUrl),trim(Company_Status),Request_Status,trim(User_Id),trim(Form_24),TRIM(Form_48),TRIM(Form_9),TRIM(Form_Other));  

set Vendor_Id=(select (vendorId) from v_vendorregistration where (companyName=trim(Company_Name)) ORDER BY vendorId DESC LIMIT 1);

INSERT INTO v_vendorregistration_log(vendorId,registrationStatus,vendorSortName,companyName,companyAddress,
companycountryId,companystateId,companycityId,companypinCode,companyTeliphone,companyFaxNo,companyMobileNo,
companyalternanteNo,companyGST,companySST,paymentTermId,currencyId,categoryId,companyRegion,companyWorksampleUrl,
machineName,machineFunction,machineCapability,vendorName,vendorEmail,altvendorname1,altvendorEmail1,altvendorname2,altvendorEmail2,
vendorteliphoneNo1,vendoraddress,vendorcityId,vendorpinCode,
vendorcountryId,locationLongitude,locationLatitude,bankdetailType,bankId,swiftcode,accountNo,reciverName,
bankAddress,postalCode,bankcountryId,bankstateId,bankcityId,bankContactNo1,bankContactNo2,paypalemailId,
ndaformUrl,companyStatus,requestStatus,userId,userAction,form24,form48,form9,otherform) 
VALUES(trim(Vendor_Id),trim(Registration_Status),trim(Vendor_Sort_Name),trim(Company_Name),trim(Company_Address),
trim(Company_countryId),trim(Company_stateId),trim(Company_cityId),trim(Company_pinCode),trim(Company_Teliphone)
,trim(Company_FaxNo),trim(Company_MobileNo),trim(Company_alternanteNo),trim(Company_GST),trim(Company_SST),
trim(Payment_Term_Id),trim(Currency_Id),trim(Category_Id),trim(Company_Region),trim(Company_WorksampleUrl),
trim(Machine_Name),trim(Machine_Function),trim(Machine_Capability),trim(Vendor_Name),trim(Vendor_Email),
trim(Alt_Vendor_Name1),trim(Alt_Vendor_Email1),trim(Alt_Vendor_Name2),trim(Alt_Vendor_Email2),trim(Vendor_Teliphone_No1),
trim(Vendor_Address),trim(Vendor_CityId),trim(Vendor_PinCode),trim(Vendor_CountryId),trim(Location_Longitude),trim(Location_Latitude),
trim(Bank_Detail_Type),trim(Bank_Id),trim(Swift_Code),trim(Account_No),trim(Reciver_Name),trim(Bank_Address),trim(Postal_Code),
trim(Bank_Country_Id),trim(Bank_State_Id),trim(Bank_City_Id),trim(Bank_ContactNo1),trim(Bank_ContactNo2),trim(PaypalEmailId),
trim(NDAformUrl),trim(Company_Status),Request_Status,trim(User_Id),'insert',TRIM(Form_24),TRIM(Form_48),TRIM(Form_9),TRIM(Form_Other));  


SET error1=0;
else
SET error1=1;
END IF;
select id;
end;

  COMMIT;
END */$$
DELIMITER ;

/* Procedure structure for procedure `proc_Insert_v_vendor_category` */

/*!50003 DROP PROCEDURE IF EXISTS  `proc_Insert_v_vendor_category` */;

DELIMITER $$

/*!50003 CREATE DEFINER=`leade_testing2`@`%` PROCEDURE `proc_Insert_v_vendor_category`(Vendor_Category_Name varchar(50),
User_Id int,
 out error1 int)
BEGIN
DECLARE exit handler for sqlexception
        BEGIN
        ROLLBACK;
        END;
    DECLARE exit handler for sqlwarning
        BEGIN
    ROLLBACK;
        END;
START TRANSACTION;
begin
declare id int;
declare category_id int;
set id=(select count(vendorcategoryId) from v_vendorcategory where vendorcategoryId=trim(Vendor_Category_Name) and isDeleted=0);
IF id = 0 THEN
INSERT INTO v_vendorcategory(vendorcategoryName,userId) VALUES(trim(Vendor_Category_Name),trim(User_Id));  
set category_id=(select trim(vendorcategoryId) from v_vendorcategory where vendorcategoryId=trim(Vendor_Category_Name) ORDER BY vendorcategoryId DESC LIMIT 1);
INSERT INTO v_vendorcategory_log(vendorcategoryId,vendorcategoryName,userId,userAction) VALUES(category_id,trim(Vendor_Category_Name),trim(User_Id),'insert');  

SET error1=0;
else
SET error1=1;
END IF;
select id;
end;

  COMMIT;
END */$$
DELIMITER ;

/* Procedure structure for procedure `proc_Insert_v_vendor_Invitation` */

/*!50003 DROP PROCEDURE IF EXISTS  `proc_Insert_v_vendor_Invitation` */;

DELIMITER $$

/*!50003 CREATE DEFINER=`leade_testing2`@`%` PROCEDURE `proc_Insert_v_vendor_Invitation`(
Vendor_Company varchar(100),
Contact_Person varchar(45),
Vendor_Email varchar(100),
User_Id int,
out error1 int    
    )
BEGIN
DECLARE exit handler for sqlexception
        BEGIN
        ROLLBACK;
        END;
    DECLARE exit handler for sqlwarning
        BEGIN
    ROLLBACK;
        END;
START TRANSACTION;
begin
declare id int;
declare vendor_Invitation_Id int;

set id=(select count(vendorinvitationId) from v_vendorinvitation where (vendorCompany=trim(Vendor_Company) and vendorEmail=trim(Vendor_Email)) and isDeleted=0);
IF id = 0 THEN
insert into v_vendorinvitation(vendorCompany,contactPerson,vendorEmail,userId)
 values(trim(Vendor_Company),trim(Contact_Person),trim(Vendor_Email),trim(User_Id));
set vendor_Invitation_Id=(select (vendorinvitationId) from v_vendorinvitation where  (vendorCompany=trim(Vendor_Company) or vendorEmail=trim(Vendor_Email))  ORDER BY vendorinvitationId DESC LIMIT 1);

insert into v_vendorinvitation_log(vendorinvitationId,vendorCompany,contactPerson,vendorEmail,userId,userAction)
 values(vendor_Invitation_Id,trim(Vendor_Company),trim(Contact_Person),trim(Vendor_Email),trim(User_Id),'insert');

SET error1=0 ;
else
SET error1=1;
END IF;
end;

  COMMIT;
END */$$
DELIMITER ;

/* Procedure structure for procedure `proc_m_item_Inactive_Status` */

/*!50003 DROP PROCEDURE IF EXISTS  `proc_m_item_Inactive_Status` */;

DELIMITER $$

/*!50003 CREATE DEFINER=`leade_testing2`@`%` PROCEDURE `proc_m_item_Inactive_Status`(
    Item_Id int,
     User_Id int,
      out error1 int
    )
BEGIN
DECLARE exit handler for sqlexception
        BEGIN
        ROLLBACK;
        END;
    DECLARE exit handler for sqlwarning
        BEGIN
    ROLLBACK;
        END;
START TRANSACTION;
begin
declare Item_Status varchar(10);
set Item_Status=(select trim(itemStatus) from m_item where itemId=trim(Item_Id) and isDeleted=0);

INSERT INTO m_item_log(`itemId`,`uomId`,`uomGroupId`,`valuationId`,`itemTypeId`,`itemSubTypeId`,`itemManageCodeId`,`valuationMethodId`,`itemDescription`,`itemManufacture`,`itemBrand`
                      ,`supplierName`,`itemPrice`,`itemMinOrderQty`,`itemThreshold`,`itemHSCode`,`itemURLLink`,`itemCoCountryofOrigin`,`itemManufacturingPartNumber`,`itemShippingCost`,
                      `itemContactDetails`,`itemEMail`,`itemWeChat`,`itemWhatsApp`,`itemOtherContactType`,`itemDataSheetUrl`,`itemComplianceUrl`,`itemCADFileUrl`,`itemCertificationUrl`,
                      `itemScrappingfromWebUrl`,`itemImagesUrl`,`itemStatus`,`internalItemCode`,`userId`,`transDate`,`isApproved`,`isDeleted`,`userAction`,`isActive`,`subitemtypefieldOptionType`
                      ,`subitemtypefieldOptionValues`,`itemBarCodeNo`,`itemScrapUrl`,`itemScrapType`,`itemScrapImage`,`itemQRCodeImagePath`,`currencyId`,`subitemtypefieldUOMName`,`altUOMId`,
                      `altUOMGroupId`,`hscategoryId`,`itemQuantity`,`rackId`,`racknumberId`,`storelocationId`,`storelocationCode`,`designerURL`)

                SELECT `itemId`,`uomId`,`uomGroupId`,`valuationId`,`itemTypeId`,`itemSubTypeId`,`itemManageCodeId`,`valuationMethodId`,`itemDescription`,`itemManufacture`,`itemBrand`
                      ,`supplierName`,`itemPrice`,`itemMinOrderQty`,`itemThreshold`,`itemHSCode`,`itemURLLink`,`itemCoCountryofOrigin`,`itemManufacturingPartNumber`,`itemShippingCost`,
                      `itemContactDetails`,`itemEMail`,`itemWeChat`,`itemWhatsApp`,`itemOtherContactType`,`itemDataSheetUrl`,`itemComplianceUrl`,`itemCADFileUrl`,`itemCertificationUrl`,
                      `itemScrappingfromWebUrl`,`itemImagesUrl`,`itemStatus`,`internalItemCode`,`userId`,`transDate`,`isApproved`,`isDeleted`,'Activation',`isActive`,`subitemtypefieldOptionType`
                      ,`subitemtypefieldOptionValues`,`itemBarCodeNo`,`itemScrapUrl`,`itemScrapType`,`itemScrapImage`,`itemQRCodeImagePath`,`currencyId`,`subitemtypefieldUOMName`,`altUOMId`,
                      `altUOMGroupId`,`hscategoryId`,`itemQuantity`,`rackId`,`racknumberId`,`storelocationId`,`storelocationCode`,`designerURL`
                      FROM m_item WHERE itemId=TRIM(Item_Id);


IF Item_Status = 'Active' THEN
update m_item set itemStatus='Inactive',isActive=1,statuschangeDate=now(),statuschangeUsetId=trim(User_Id)  where itemId=trim(Item_Id);
else
update m_item set itemStatus='Active',isActive=0,statuschangeDate=now(),statuschangeUsetId=trim(User_Id)  where itemId=trim(Item_Id);
END IF;
set error1=0;

end;

  COMMIT;
END */$$
DELIMITER ;

/* Procedure structure for procedure `proc_reject_m_item_update` */

/*!50003 DROP PROCEDURE IF EXISTS  `proc_reject_m_item_update` */;

DELIMITER $$

/*!50003 CREATE DEFINER=`leade_testing2`@`%` PROCEDURE `proc_reject_m_item_update`(
Request_Id int,
User_Id int,
 out error1 int    
    )
BEGIN
DECLARE exit handler for sqlexception
        BEGIN
        ROLLBACK;
        END;
    DECLARE exit handler for sqlwarning
        BEGIN
    ROLLBACK;
        END;
START TRANSACTION;
begin
INSERT INTO  m_itemrequestforapproval_log(requestId,itemId,internalItemCode,itemManufacturingPartNumber,requestDescription,isApproved,userId,isDeleted,transDate,isActive,isReject,userAction)
SELECT requestId,itemId,internalItemCode,itemManufacturingPartNumber,requestDescription,isApproved,userId,isDeleted,transDate,isActive,isReject,'Reject' FROM m_itemrequestforapproval where requestId=trim(Request_Id);
update m_itemrequestforapproval set isReject=1,rejectDattime=now(),rejectUserId=trim(User_Id)  where requestId=trim(Request_Id);

set error1=0 ;
end;

  COMMIT;
END */$$
DELIMITER ;

/* Procedure structure for procedure `proc_remove_e_drawing_number` */

/*!50003 DROP PROCEDURE IF EXISTS  `proc_remove_e_drawing_number` */;

DELIMITER $$

/*!50003 CREATE DEFINER=`leade_testing2`@`%` PROCEDURE `proc_remove_e_drawing_number`(
Project_Detail_Id int,
User_Id int,
 out error1 int
)
BEGIN
DECLARE exit handler for sqlexception
        BEGIN
        ROLLBACK;
        END;
    DECLARE exit handler for sqlwarning
        BEGIN
    ROLLBACK;
        END;
START TRANSACTION;
begin

INSERT INTO e_projectdetail_log(projectDetailId,projectId,cadfileName,materialType,materialThickness,materialFinishing,cadFileType,fileFormat,isDeleted,isRemove,userId,userAction,transDate)
SELECT projectDetailId,projectId,cadfileName,materialType,materialThickness,materialFinishing,cadFileType,fileFormat,isDeleted,isRemove,userId,'removed',transDate FROM e_projectdetail 
WHERE projectDetailId=TRIM(Project_Detail_Id);

UPDATE e_projectdetail SET isRemove=1,removedDateTime=NOW(),removedUserId=TRIM(User_Id)  WHERE projectDetailId=TRIM(Project_Detail_Id);


set error1=0;

end;

  COMMIT;
END */$$
DELIMITER ;

/* Procedure structure for procedure `proc_sort_e_project_drawing` */

/*!50003 DROP PROCEDURE IF EXISTS  `proc_sort_e_project_drawing` */;

DELIMITER $$

/*!50003 CREATE DEFINER=`leade_testing2`@`%` PROCEDURE `proc_sort_e_project_drawing`(
Project_Detail_Id int,
Part_No varchar(50),
Drawing_No varchar(50),
Drawing_URL varchar(200),
User_Id int,
out error1 int
)
BEGIN

declare Project_Id int;
set Project_Id=(select distinct projectId from e_projectdetail where projectDetailId=trim(Project_Detail_Id));
INSERT INTO  e_projectdetail_log(projectDetailId,projectId,PartNo,cadfileName,catfileUrl,isDeleted,userId,userAction,transDate)
SELECT projectDetailId,projectId,PartNo,cadfileName,catfileUrl,isDeleted,userId,'update',transDate FROM e_projectdetail where projectDetailId=Trim(Project_Detail_Id);
update e_projectdetail set 
projectId=Project_Id,
PartNo=Part_No,
cadfileName=Drawing_No,
catfileUrl=Drawing_URL,
userId=User_Id 
where projectDetailId=Trim(Project_Detail_Id);
update e_projectrevision set 
partNo=Part_No,
cadfileName=Drawing_No,
cadfileUrl=Drawing_URL,
userId=User_Id 
where projectDetailId=Trim(Project_Detail_Id);


set error1=0;
END */$$
DELIMITER ;

/* Procedure structure for procedure `proc_stand_by_v_vendor_Request_Status` */

/*!50003 DROP PROCEDURE IF EXISTS  `proc_stand_by_v_vendor_Request_Status` */;

DELIMITER $$

/*!50003 CREATE DEFINER=`leade_testing2`@`%` PROCEDURE `proc_stand_by_v_vendor_Request_Status`(Vendor_Id int,
User_Id int,
out error1 int)
BEGIN
DECLARE exit handler for sqlexception
BEGIN
ROLLBACK;
END;
DECLARE exit handler for sqlwarning
BEGIN
ROLLBACK;
END;
START TRANSACTION;
begin


update v_vendorregistration set requestStatus='Stand By',requestStatusDatetime=now(),requestStatusUserId=trim(User_Id) where vendorId=trim(Vendor_Id);

set error1=0;

end;

COMMIT;
END */$$
DELIMITER ;

/* Procedure structure for procedure `proc_Update_m_area` */

/*!50003 DROP PROCEDURE IF EXISTS  `proc_Update_m_area` */;

DELIMITER $$

/*!50003 CREATE DEFINER=`leade_testing2`@`%` PROCEDURE `proc_Update_m_area`(
Area_Id int,
Country_Id int,
State_Id int,
City_Id int,
Area_Name varchar(45),
User_Id int,
 out error1 int
)
BEGIN
DECLARE exit handler for sqlexception
        BEGIN
        ROLLBACK;
        END;
    DECLARE exit handler for sqlwarning
        BEGIN
    ROLLBACK;
        END;
START TRANSACTION;
begin
declare  count int ;
declare countid int ;
declare id int;
set id=(select (areaId) from m_area where areaName=trim(Area_Name) and isDeleted=0);
set countid=(select count(areaId) from m_area where areaName=trim(Area_Name) and isDeleted=0);
IF (countid > 0) THEN
if(Area_Id=id) then
INSERT INTO  m_area_log(areaId,countryId,stateId,cityId,areaName,isDeleted,userId,userAction,transDate)
SELECT areaId,countryId,stateId,cityId,areaName,isDeleted,userId,'update',transDate FROM m_area where areaId=Area_Id;
set count=(select (updateCount + 1) from m_area where  areaId=trim(Area_Id));
update m_area set
countryid=trim(Country_Id),
stateId=trim(State_Id),
cityId=trim(City_Id),
areaName=Trim(Area_Name),
lastUpdateUserId=User_Id,
updateCount=count
where areaId=trim(Area_Id);
set error1=0 ;
else
set error1=1 ;
end if;
elseif (countid = 0) then
INSERT INTO  m_area_log(areaId,countryId,stateId,cityId,areaName,isDeleted,userId,userAction,transDate)
SELECT areaId,countryId,stateId,cityId,areaName,isDeleted,userId,'update',transDate FROM m_area where areaId=trim(Area_Id);
set count=(select (updateCount + 1) from m_area where  areaId=trim(Area_Id));
update m_area set
countryid=trim(Country_Id),
stateId=trim(State_Id),
cityId=trim(City_Id),
areaName=Trim(Area_Name),
lastUpdateUserId=User_Id,
updateCount=count
where areaId=trim(Area_Id);
set error1=0 ;
end if;
end;

  COMMIT;
END */$$
DELIMITER ;

/* Procedure structure for procedure `proc_Update_m_bank` */

/*!50003 DROP PROCEDURE IF EXISTS  `proc_Update_m_bank` */;

DELIMITER $$

/*!50003 CREATE DEFINER=`leade_testing2`@`%` PROCEDURE `proc_Update_m_bank`(
Bank_Id int,
Bank_Code varchar(20),
Bank_Name varchar(45),
Bank_Amount decimal(18,2),
User_Id int,
 out error1 int
)
BEGIN
DECLARE exit handler for sqlexception
        BEGIN
        ROLLBACK;
        END;
    DECLARE exit handler for sqlwarning
        BEGIN
    ROLLBACK;
        END;
START TRANSACTION;
begin
declare  count int ;
declare  countid int ;
declare id int;

set countid=(select count(bankId) from m_bank where (bankCode=Bank_Code or bankName=trim(Bank_Name)) and isDeleted=0);
IF (countid > 0) THEN
if(countid=1) then
set id=(select (bankId) from m_bank where (bankCode=Bank_Code or bankName=trim(Bank_Name)) and isDeleted=0);
if(Bank_Id=id) then
INSERT INTO  m_bank_log(bankId,bankCode,bankName,BankAmount,isDeleted,userId,userAction,transDate)
SELECT bankId,bankCode,bankName,BankAmount,isDeleted,userId,'update',transDate FROM m_bank where bankId=trim(Bank_Id);
set count=(select (updateCount + 1) from m_bank where  bankId=trim(Bank_Id));
update m_bank set
bankCode=trim(Bank_Code),
bankName=trim(Bank_Name),
BankAmount=trim(Bank_Amount),
lastUpdateUserId=trim(User_Id),
updateCount=count
where bankId=trim(Bank_Id);
set error1=0 ;
else
set error1=1 ;
end if;
else
set error1=1;
end if;
elseif (countid = 0) then
INSERT INTO  m_bank_log(bankId,bankCode,bankName,BankAmount,isDeleted,userId,userAction,transDate)
SELECT bankId,bankCode,bankName,BankAmount,isDeleted,userId,'update',transDate FROM m_bank where bankId=trim(Bank_Id);
set count=(select (updateCount + 1) from m_bank where  bankId=trim(Bank_Id));
update m_bank set
bankCode=trim(Bank_Code),
bankName=trim(Bank_Name),
BankAmount=trim(Bank_Amount),
lastUpdateUserId=trim(User_Id),
updateCount=count
where bankId=trim(Bank_Id);
set error1=0 ;
end if;
end;

  COMMIT;
END */$$
DELIMITER ;

/* Procedure structure for procedure `proc_Update_m_cellno` */

/*!50003 DROP PROCEDURE IF EXISTS  `proc_Update_m_cellno` */;

DELIMITER $$

/*!50003 CREATE DEFINER=`leade_testing2`@`%` PROCEDURE `proc_Update_m_cellno`(
Cell_Id int,
Cell_No varchar(50),
User_Id int,
 out error1 int    
    )
BEGIN
DECLARE exit handler for sqlexception
        BEGIN
        ROLLBACK;
        END;
    DECLARE exit handler for sqlwarning
        BEGIN
    ROLLBACK;
        END;
START TRANSACTION;
begin
declare  count int ;
declare countid int ;
declare id int;
set id=(select (cellId) from m_cellno where (cellNo=trim(Cell_No) ) and isDeleted=0);
set countid=(select count(cellId) from m_cellno where (cellNo=trim(Cell_No) ) and isDeleted=0);
IF (countid > 0) THEN
if(Cell_Id=id) then
INSERT INTO m_cellno_log(cellId,cellNo,isDeleted,userId,userAction,transDate)
SELECT cellId,cellNo,isDeleted,userId,'update',transDate FROM m_cellno where cellId=trim(Cell_Id);
set count=(select (updateCount + 1) from m_cellno where cellId=trim(Cell_Id));
update m_cellno set
cellNo=trim(Cell_No),
lastUpdateUserId=Trim(User_Id),
updateCount=count
where cellId=trim(Cell_Id);
set error1=0 ;
else
set error1=1 ;
end if;
elseif (countid = 0) then
INSERT INTO m_cellno_log(cellId,cellNo,isDeleted,userId,userAction,transDate)
SELECT cellId,cellNo,isDeleted,userId,'update',transDate FROM m_cellno where cellId=trim(Cell_Id);
set count=(select (updateCount + 1) from m_cellno where cellId=trim(Cell_Id));
update m_cellno set
cellNo=trim(Cell_No),
lastUpdateUserId=Trim(User_Id),
updateCount=count
where cellId=trim(Cell_Id);
set error1=0 ;
end if;
end;
COMMIT;
END */$$
DELIMITER ;

/* Procedure structure for procedure `proc_Update_m_City` */

/*!50003 DROP PROCEDURE IF EXISTS  `proc_Update_m_City` */;

DELIMITER $$

/*!50003 CREATE DEFINER=`leade_testing2`@`%` PROCEDURE `proc_Update_m_City`(
City_Id int,
Country_Id int,
State_Id int,
City_Name varchar(50),
User_Id int,
 out error1 int
)
BEGIN
DECLARE exit handler for sqlexception
        BEGIN
        ROLLBACK;
        END;
    DECLARE exit handler for sqlwarning
        BEGIN
    ROLLBACK;
        END;
START TRANSACTION;
begin
declare count int ;
declare countid int ;
declare id int;
set id=(select (cityId) from m_city where cityName=trim(City_Name) and isDeleted=0);
set countid=(select count(cityId) from m_city where cityName=trim(City_Name) and isDeleted=0);
IF (countid > 0) THEN
if(City_Id=id) then
INSERT INTO  m_city_log(cityId,countryId,stateId,cityName,isDeleted,userId,userAction,transDate)
SELECT cityId,countryId,stateId,cityName,isDeleted,userId,'update',transDate FROM m_city where cityId=Trim(City_Id);
set count=(select (updateCount + 1) from m_city where  cityId=Trim(City_Id));
update m_city set
countryId=Trim(Country_Id),
stateId=Trim(State_Id),
cityName=Trim(City_Name),
lastUpdateUserId=Trim(User_Id),
updateCount=count
where cityId=Trim(City_Id);
set error1=0 ;
else
set error1=1 ;
end if;
elseif (countid = 0) then
INSERT INTO  m_city_log(cityId,countryId,stateId,cityName,isDeleted,userId,userAction,transDate)
SELECT cityId,countryId,stateId,cityName,isDeleted,userId,'update',transDate FROM m_city where cityId=Trim(City_Id);
set count=(select (updateCount + 1) from m_city where  cityId=Trim(City_Id));
update m_city set
countryId=Trim(Country_Id),
stateId=Trim(State_Id),
cityName=Trim(City_Name),
lastUpdateUserId=Trim(User_Id),
updateCount=count
where cityId=Trim(City_Id);
set error1=0 ;
end if;
end;
COMMIT;
END */$$
DELIMITER ;

/* Procedure structure for procedure `proc_Update_m_company_group` */

/*!50003 DROP PROCEDURE IF EXISTS  `proc_Update_m_company_group` */;

DELIMITER $$

/*!50003 CREATE DEFINER=`leade_testing2`@`%` PROCEDURE `proc_Update_m_company_group`(
Company_Group_Id int,
Company_Group_Code varchar(20),
Company_Group_Name varchar(50),
Currency_Id int,
Language_Id INT,
Company_Logo_Url varchar(200),
User_Id int,
out error1 int
)
BEGIN
DECLARE exit handler for sqlexception
        BEGIN
        ROLLBACK;
        END;
    DECLARE exit handler for sqlwarning
        BEGIN
    ROLLBACK;
        END;
START TRANSACTION; 
begin
declare  count int ;
declare countid int ;
declare id int;
set countid=(select count(companyGroupId) from m_companygroup where (companyGroupCode=Trim(Company_Group_Code) or companyGroupName=trim(Company_Group_Name)) and isDeleted=0);
IF (countid > 0) THEN
if(countid=1) then
set id=(select (companyGroupId) from m_companygroup where (companyGroupCode=Trim(Company_Group_Code) or companyGroupName=trim(Company_Group_Name)) and isDeleted=0);
if(Company_Group_Id=id) then
INSERT INTO  m_companygroup_log(companyGroupId,companyGroupCode,companyGroupName,currencyId,language_Id,companyLogo_Url,isDeleted,userId,userAction,transDate)
SELECT companyGroupId,companyGroupCode,companyGroupName,currencyId,language_Id,companyLogo_Url,isDeleted,userId,'update',transDate FROM m_companygroup where companyGroupId=trim(company_Group_Id);
set count=(select (updateCount + 1) from m_companygroup where companyGroupId=Trim(Company_Group_Id));
update m_companygroup set
companyGroupCode=Trim(Company_Group_Code),
companyGroupName=Trim(Company_Group_Name),
currencyId=Trim(Currency_Id),
language_Id=Trim(Language_Id),
companyLogo_Url=Trim(Company_Logo_Url),
lastUpdateUserId=Trim(User_Id),
updateCount=count
where companyGroupId=Trim(Company_Group_Id);
set error1=0 ;
else
set error1=1 ;
end if;
else
set error1=1;
end if;
elseif (countid = 0) then
INSERT INTO  m_companygroup_log(companyGroupId,companyGroupCode,companyGroupName,currencyId,language_Id,companyLogo_Url,isDeleted,userId,userAction,transDate)
SELECT companyGroupId,companyGroupCode,companyGroupName,currencyId,language_Id,companyLogo_Url,isDeleted,userId,'update',transDate FROM m_companygroup where companyGroupId=Trim(company_Group_Id);
set count=(select (updateCount + 1) from m_companygroup where companyGroupId=Trim(Company_Group_Id));
update m_companygroup set
companyGroupCode=Trim(Company_Group_Code),
companyGroupName=Trim(Company_Group_Name),
currencyId=Trim(Currency_Id),
language_Id=Trim(Language_Id),
companyLogo_Url=Trim(Company_Logo_Url),
lastUpdateUserId=Trim(User_Id),
updateCount=count
where companyGroupId=Trim(Company_Group_Id);
end if;
end;
  COMMIT;
END */$$
DELIMITER ;

/* Procedure structure for procedure `proc_Update_m_Country` */

/*!50003 DROP PROCEDURE IF EXISTS  `proc_Update_m_Country` */;

DELIMITER $$

/*!50003 CREATE DEFINER=`leade_testing2`@`%` PROCEDURE `proc_Update_m_Country`(
Country_Id int,
Country_Code varchar(20),
Country_Name varchar(50),
User_Id int,
 out error1 int
)
BEGIN
DECLARE exit handler for sqlexception
        BEGIN
        ROLLBACK;
        END;
    DECLARE exit handler for sqlwarning
        BEGIN
    ROLLBACK;
        END;
START TRANSACTION;
begin
declare  count int ;
declare countid int ;
declare id int;

set countid=(select count(countryId) from m_country where (countryCode=Trim(Country_Code) or countryName=trim(Country_Name)) and isDeleted=0);
IF (countid > 0) THEN
if(countid=1) then
set id=(select (countryId) from m_country where (countryCode=Trim(Country_Code) or countryName=trim(Country_Name)) and isDeleted=0);
if(Country_Id=id) then
INSERT INTO  m_country_log(countryId,countryCode,countryName,isDeleted,userId,userAction,transDate)
SELECT countryId,countryCode,countryName,isDeleted,userId,'update',transDate FROM m_country where countryId=trim(Country_Id);
set count=(select (updateCount + 1) from m_country where countryId=trim(Country_Id));
update m_country set
countryCode=Trim(Country_Code),
countryName=Trim(Country_Name),
lastUpdateUserId=Trim(User_Id),
updateCount=count
where countryId=trim(Country_Id);
set error1=0 ;
else
set error1=1 ;
end if;
else
set error1=1;
end if;
elseif (countid = 0) then
INSERT INTO  m_country_log(countryId,countryCode,countryName,isDeleted,userId,userAction,transDate)
SELECT countryId,countryCode,countryName,isDeleted,userId,'update',transDate FROM m_country where countryId=trim(Country_Id);
set count=(select (updateCount + 1) from m_country where countryId=trim(Country_Id));
update m_country set
countryCode=Trim(Country_Code),
countryName=Trim(Country_Name),
lastUpdateUserId=Trim(User_Id),
updateCount=count
where countryId=trim(Country_Id);
set error1=0 ;
end if;
end;
COMMIT;
END */$$
DELIMITER ;

/* Procedure structure for procedure `proc_Update_m_Currency` */

/*!50003 DROP PROCEDURE IF EXISTS  `proc_Update_m_Currency` */;

DELIMITER $$

/*!50003 CREATE DEFINER=`leade_testing2`@`%` PROCEDURE `proc_Update_m_Currency`(
Currency_Id int,
Currency_Code varchar(20),
Currency_Name varchar(50),
InterNational_Code varchar(20),
InterNational_Name varchar(50),
Decimal_Unit varchar(50),
Currency_Symbol  varchar(45),
User_Id int,
 out error1 int
)
BEGIN
DECLARE exit handler for sqlexception
        BEGIN
        ROLLBACK;
        END;
    DECLARE exit handler for sqlwarning
        BEGIN
    ROLLBACK;
        END;
START TRANSACTION;
begin
declare  count int ;
declare countid int ;
declare id int;
set countid=(select count(currencyId) from m_currency where (currencyCode=trim(Currency_Code) or currencyName=trim(Currency_Name)) and isDeleted=0);
IF (countid > 0) THEN
if(countid=1)then
set id=(select (currencyId) from m_currency where (currencyCode=trim(Currency_Code) or currencyName=trim(Currency_Name)) and isDeleted=0);

if(Currency_Id=id) then
INSERT INTO m_currency_log(currencyId,currencyCode,currencyName,interNationalCode,interNationalName,decimalUnit,currencySymbol,isDeleted,userId,userAction,transDate)
SELECT currencyId,currencyCode,currencyName,interNationalCode,interNationalName,decimalUnit,currencySymbol,isDeleted,userId,'update',transDate FROM m_currency where currencyId=trim(Currency_Id);
set count=(select (updateCount + 1) from m_currency where currencyId=trim(Currency_Id));
update m_currency set
currencyCode=Trim(Currency_Code),
currencyName=Trim(Currency_Name),
interNationalCode=Trim(InterNational_Code),
interNationalName=Trim(InterNational_Name),
decimalUnit=Trim(Decimal_Unit),
currencySymbol=Trim(Currency_Symbol),
lastUpdateUserId=Trim(User_Id),
updateCount=count
where currencyId=trim(Currency_Id);
set error1=0 ;
else
set error1=1 ;
end if;
else
set error1=1;
end if;
elseif (countid = 0) then
INSERT INTO m_currency_log(currencyId,currencyCode,currencyName,interNationalCode,interNationalName,decimalUnit,currencySymbol,isDeleted,userId,userAction,transDate)
SELECT currencyId,currencyCode,currencyName,interNationalCode,interNationalName,decimalUnit,currencySymbol,isDeleted,userId,'update',transDate FROM m_currency where currencyId=trim(Currency_Id);
set count=(select (updateCount + 1) from m_currency where currencyId=trim(Currency_Id));
update m_currency set
currencyCode=Trim(Currency_Code),
currencyName=Trim(Currency_Name),
interNationalCode=Trim(InterNational_Code),
interNationalName=Trim(InterNational_Name),
decimalUnit=Trim(Decimal_Unit),
currencySymbol=Trim(Currency_Symbol),
lastUpdateUserId=Trim(User_Id),
updateCount=count
where currencyId=trim(Currency_Id);
set error1=0 ;
end if;
end;
COMMIT;
END */$$
DELIMITER ;

/* Procedure structure for procedure `proc_Update_m_item` */

/*!50003 DROP PROCEDURE IF EXISTS  `proc_Update_m_item` */;

DELIMITER $$

/*!50003 CREATE DEFINER=`leade_testing2`@`%` PROCEDURE `proc_Update_m_item`(Item_Id int,
UOM_Id int,
UOM_Group_Id int,
Valuation_Id int,
Item_Type_Id int,
Item_Sub_Type_Id int,
Item_Manage_Code_Id int,
Valuation_Method_Id int ,
Material_Category_Id int ,
Item_Description varchar(500) ,
Item_Manufacture varchar(50),
Item_Brand varchar(50),
Supplier_Name varchar(50) ,
Item_Price decimal(18,2),
Item_Min_Order_Qty decimal(18,2),
Item_Thres_hold varchar(100),
item_HS_Code varchar(50),
item_URL_Link varchar(500),
Item_CoCountryof_Origin varchar(100),
Item_Manufacturing_Part_Number varchar(50),
Item_Shipping_Cost decimal(18,2) ,
Item_Contact_Details varchar(20),
Item_EMail varchar(100),
Item_WeChat varchar(100) ,
item_Whats_App varchar(20),
Item_Other_Contact_Type varchar(20),
Item_Data_Sheet_Url varchar(100),
Item_Compliance_Url varchar(100) ,
item_CADFile_Url varchar(100) ,
Item_Certification_Url varchar(100) ,
Item_Scrapping_fromWeb_Url varchar(100) ,
Item_Images_Url varchar(2000) ,
Item_Status varchar(20) ,
Sub_Item_Type_Field_Option_Type varchar(1000),
Sub_Item_Type_Field_Option_Values varchar(5000),
Bar_Code_No varchar(20),
Item_Name varchar(50),
Currency_Id int,
Sub_Item_Type_Field_UOM varchar(1000),
Alt_UOM_Id int,
Alt_UOM_Group_Id int,
HS_Category_Id int,
Item_Quantity decimal(18,2),
Rack_Id int,
Rack_Number_Id int,
Store_Location_Id int,
Store_Location_Code varchar(20),
Designer_URL VARCHAR(200),
Cell_Id INT,
User_Id int,
out error1 int)
BEGIN
DECLARE exit handler for sqlexception
BEGIN
ROLLBACK;
END;
DECLARE exit handler for sqlwarning
BEGIN
ROLLBACK;
END;
START TRANSACTION;
begin
declare count int ;
declare count1 int;
declare i int  DEFAULT 0;
declare ulid int;
declare countid int ;
declare id int;
declare mpn varchar(50);
set mpn= (select REPLACE(REPLACE(REPLACE(REPLACE(REPLACE(REPLACE(REPLACE(REPLACE(REPLACE(REPLACE(REPLACE(REPLACE(Item_Manufacturing_Part_Number,'-', ''), ' ', ''),'_',''),'@',''),'~',''),'#',''),'%',''),'+',''),'=',''),'$',''),'&',''),'*',''));
set countid=(select count(itemId) from m_item where itemTypeId=trim(Item_Type_Id) and itemSubTypeId=trim(Item_Sub_Type_Id) and  (REPLACE(REPLACE(REPLACE(REPLACE(REPLACE(REPLACE(REPLACE(REPLACE(REPLACE(REPLACE(REPLACE(REPLACE(itemManufacturingPartNumber, '-', ''), ' ', ''),'_',''),'@',''),'~',''),'#',''),'%',''),'+',''),'=',''),'$',''),'&',''),'*',''))=mpn and isDeleted=0);
IF (countid > 0) THEN
set id=(select (itemId) from m_item where itemTypeId=trim(Item_Type_Id) and itemSubTypeId=trim(Item_Sub_Type_Id) and  (REPLACE(REPLACE(REPLACE(REPLACE(REPLACE(REPLACE(REPLACE(REPLACE(REPLACE(REPLACE(REPLACE(REPLACE(itemManufacturingPartNumber, '-', ''), ' ', ''),'_',''),'@',''),'~',''),'#',''),'%',''),'+',''),'=',''),'$',''),'&',''),'*',''))=mpn and isDeleted=0);
if(Item_Id=id) then
INSERT INTO m_item_log(`itemId`,`uomId`,`uomGroupId`,`valuationId`,`itemTypeId`,`itemSubTypeId`,`itemManageCodeId`,`valuationMethodId`,`itemDescription`,`itemManufacture`,`itemBrand`
                      ,`supplierName`,`itemPrice`,`itemMinOrderQty`,`itemThreshold`,`itemHSCode`,`itemURLLink`,`itemCoCountryofOrigin`,`itemManufacturingPartNumber`,`itemShippingCost`,
                      `itemContactDetails`,`itemEMail`,`itemWeChat`,`itemWhatsApp`,`itemOtherContactType`,`itemDataSheetUrl`,`itemComplianceUrl`,`itemCADFileUrl`,`itemCertificationUrl`,
                      `itemScrappingfromWebUrl`,`itemImagesUrl`,`itemStatus`,`internalItemCode`,`userId`,`transDate`,`isApproved`,`isDeleted`,`userAction`,`isActive`,`subitemtypefieldOptionType`
                      ,`subitemtypefieldOptionValues`,`itemBarCodeNo`,`itemScrapUrl`,`itemScrapType`,`itemScrapImage`,`itemQRCodeImagePath`,`currencyId`,`subitemtypefieldUOMName`,`altUOMId`,
                      `altUOMGroupId`,`hscategoryId`,`itemQuantity`,`rackId`,`racknumberId`,`storelocationId`,`storelocationCode`,`designerURL`,`cellId`)

                SELECT `itemId`,`uomId`,`uomGroupId`,`valuationId`,`itemTypeId`,`itemSubTypeId`,`itemManageCodeId`,`valuationMethodId`,`itemDescription`,`itemManufacture`,`itemBrand`
                      ,`supplierName`,`itemPrice`,`itemMinOrderQty`,`itemThreshold`,`itemHSCode`,`itemURLLink`,`itemCoCountryofOrigin`,`itemManufacturingPartNumber`,`itemShippingCost`,
                      `itemContactDetails`,`itemEMail`,`itemWeChat`,`itemWhatsApp`,`itemOtherContactType`,`itemDataSheetUrl`,`itemComplianceUrl`,`itemCADFileUrl`,`itemCertificationUrl`,
                      `itemScrappingfromWebUrl`,`itemImagesUrl`,`itemStatus`,`internalItemCode`,`userId`,`transDate`,`isApproved`,`isDeleted`,'Activation',`isActive`,`subitemtypefieldOptionType`
                      ,`subitemtypefieldOptionValues`,`itemBarCodeNo`,`itemScrapUrl`,`itemScrapType`,`itemScrapImage`,`itemQRCodeImagePath`,`currencyId`,`subitemtypefieldUOMName`,`altUOMId`,
                      `altUOMGroupId`,`hscategoryId`,`itemQuantity`,`rackId`,`racknumberId`,`storelocationId`,`storelocationCode`,`designerURL`,`cellId`
                      FROM m_item WHERE itemId=TRIM(Item_Id);

set count=(select (updateCount + 1) from m_item where itemId=trim(Item_Id));
update m_item set
uomId= Trim(UOM_Id),
altUOMId= Trim(Alt_UOM_Id),
altUOMGroupId= Trim(Alt_UOM_Group_Id),
hscategoryId= Trim(HS_Category_Id),
uomGroupId=Trim(UOM_Group_Id),
valuationId =Trim(Valuation_Id),
itemTypeId =Trim(Item_Type_Id),
itemSubTypeId=Trim(Item_Sub_Type_Id),
itemManageCodeId =Trim(Item_Manage_Code_Id),
valuationMethodId =Trim(Valuation_Method_Id),
materialCategoryId =Trim(Material_Category_Id),
itemDescription =Trim(Item_Description),
itemManufacture =Trim(Item_Manufacture),
itemBrand =Trim(Item_Brand),
supplierName =Trim(Supplier_Name),
itemPrice =(Item_Price) ,
itemMinOrderQty =Trim(Item_Min_Order_Qty) ,
itemThreshold =Trim(Item_Thres_hold),
itemHSCode =Trim(item_HS_Code),
itemURLLink =Trim(item_URL_Link) ,
itemCoCountryofOrigin =Trim(Item_CoCountryof_Origin) ,
itemManufacturingPartNumber =Trim(Item_Manufacturing_Part_Number),
itemShippingCost =Trim(Item_Shipping_Cost) ,
itemContactDetails =Trim(Item_Contact_Details),
itemEMail =Trim(Item_EMail) ,
itemWeChat =Trim(Item_WeChat),
itemWhatsApp =Trim(item_Whats_App) ,
itemOtherContactType =Trim(Item_Other_Contact_Type),
itemDataSheetUrl =Trim(Item_Data_Sheet_Url),
itemComplianceUrl =Trim(Item_Compliance_Url) ,
itemCADFileUrl =Trim(item_CADFile_Url) ,
itemCertificationUrl =Trim(Item_Certification_Url),
itemScrappingfromWebUrl =Trim(Item_Scrapping_fromWeb_Url),
itemStatus =Trim(Item_Status),
itemImagesUrl=Trim(Item_Images_Url),
subitemtypefieldOptionType =Trim(Sub_Item_Type_Field_Option_Type),
subitemtypefieldOptionValues =Trim(Sub_Item_Type_Field_Option_Values),
itemBarCodeNo=trim(Bar_Code_No),
itemName=trim(Item_Name),
currencyId=trim(Currency_Id),
subitemtypefieldUOMName=trim(Sub_Item_Type_Field_UOM),
itemQuantity=trim(Item_Quantity),
rackId=trim(Rack_Id),
racknumberId=trim(Rack_Number_Id),
storelocationId=trim(Store_Location_Id),
storelocationCode=trim(Store_Location_Code),
lastUpdateUserId=trim(User_Id),
updateCount=count,
designerURL=Designer_URL,
`cellId`=Cell_Id
where itemId=trim(Item_Id);
set error1=0 ;
else
set error1=1 ;
end if;
elseif (countid = 0) then
INSERT INTO m_item_log(itemId,uomId,uomGroupId,valuationId,itemTypeId,itemSubTypeId,itemManageCodeId,materialCategoryId,itemDescription,
itemManufacture,itemBrand,supplierName,itemPrice,itemMinOrderQty,itemThreshold,itemHSCode,itemURLLink,itemCoCountryofOrigin,itemShippingCost,
itemContactDetails,itemEMail,itemWeChat,itemWhatsApp,itemOtherContactType,itemDataSheetUrl,itemComplianceUrl,itemCADFileUrl,itemCertificationUrl,
itemScrappingfromWebUrl,itemImagesUrl,itemStatus,internalItemCode,subitemtypefieldOptionType,subitemtypefieldOptionValues,itemBarCodeNo,itemName,
itemScrapUrl,itemScrapType,itemScrapImage,itemQRCodeImagePath,currencyId,subitemtypefieldUOMName,altUOMId,altUOMGroupId,hscategoryId,
itemQuantity,rackId,racknumberId,storelocationId,storelocationCode,isDeleted,userId,userAction,transDate,designerURL,`cellId`)

SELECT itemId,uomId,uomGroupId,valuationId,itemTypeId,itemSubTypeId,itemManageCodeId,materialCategoryId,itemDescription,itemManufacture,
itemBrand,supplierName,itemPrice,itemMinOrderQty,itemThreshold,itemHSCode,itemURLLink,itemCoCountryofOrigin,itemShippingCost,itemContactDetails,
itemEMail,itemWeChat,itemWhatsApp,itemOtherContactType,itemDataSheetUrl,itemComplianceUrl,itemCADFileUrl,itemCertificationUrl,
itemScrappingfromWebUrl,itemImagesUrl,itemStatus,internalItemCode,subitemtypefieldOptionType,subitemtypefieldOptionValues,itemBarCodeNo,itemName,
itemScrapUrl,itemScrapType,itemScrapImage,itemQRCodeImagePath,currencyId,Sub_Item_Type_Field_UOM,altUOMId,altUOMGroupId,hscategoryId,
itemQuantity,rackId,racknumberId,storelocationId,storelocationCode,isDeleted,userId,'update',transDate,designerURL,`cellId` FROM m_item where itemId=trim(Item_Id);

set count=(select (updateCount + 1) from m_item where itemId=trim(Item_Id));
update m_item set
uomId= Trim(UOM_Id),
altUOMId= Trim(Alt_UOM_Id),
altUOMGroupId= Trim(Alt_UOM_Group_Id),
hscategoryId= Trim(HS_Category_Id),
uomGroupId=Trim(UOM_Group_Id),
valuationId =Trim(Valuation_Id),
itemTypeId =Trim(Item_Type_Id),
itemSubTypeId=Trim(Item_Sub_Type_Id),
itemManageCodeId =Trim(Item_Manage_Code_Id),
valuationMethodId =Trim(Valuation_Method_Id),
materialCategoryId =Trim(Material_Category_Id),
itemDescription =Trim(Item_Description),
itemManufacture =Trim(Item_Manufacture),
itemBrand =Trim(Item_Brand),
supplierName =Trim(Supplier_Name),
itemPrice =(Item_Price) ,
itemMinOrderQty =Trim(Item_Min_Order_Qty) ,
itemThreshold =Trim(Item_Thres_hold),
itemHSCode =Trim(item_HS_Code),
itemURLLink =Trim(item_URL_Link) ,
itemCoCountryofOrigin =Trim(Item_CoCountryof_Origin) ,
itemManufacturingPartNumber =Trim(Item_Manufacturing_Part_Number),
itemShippingCost =Trim(Item_Shipping_Cost) ,
itemContactDetails =Trim(Item_Contact_Details),
itemEMail =Trim(Item_EMail) ,
itemWeChat =Trim(Item_WeChat),
itemWhatsApp =Trim(item_Whats_App) ,
itemOtherContactType =Trim(Item_Other_Contact_Type),
itemDataSheetUrl =Trim(Item_Data_Sheet_Url),
itemComplianceUrl =Trim(Item_Compliance_Url) ,
itemCADFileUrl =Trim(item_CADFile_Url) ,
itemCertificationUrl =Trim(Item_Certification_Url),
itemScrappingfromWebUrl =Trim(Item_Scrapping_fromWeb_Url),
itemStatus =Trim(Item_Status),
itemImagesUrl=Trim(Item_Images_Url),
subitemtypefieldOptionType =Trim(Sub_Item_Type_Field_Option_Type),
subitemtypefieldOptionValues =Trim(Sub_Item_Type_Field_Option_Values),
itemBarCodeNo=trim(Bar_Code_No),
itemName=trim(Item_Name),
currencyId=trim(Currency_Id),
subitemtypefieldUOMName=trim(Sub_Item_Type_Field_UOM),
itemQuantity=trim(Item_Quantity),
rackId=trim(Rack_Id),
racknumberId=trim(Rack_Number_Id),
storelocationId=trim(Store_Location_Id),
storelocationCode=trim(Store_Location_Code),
lastUpdateUserId=trim(User_Id),
updateCount=count,
designerURL=Designer_URL,
`cellId`=Cell_Id
where itemId=trim(Item_Id);

set error1=0 ;
end if;

end;

COMMIT;
END */$$
DELIMITER ;

/* Procedure structure for procedure `proc_Update_m_Item_Type` */

/*!50003 DROP PROCEDURE IF EXISTS  `proc_Update_m_Item_Type` */;

DELIMITER $$

/*!50003 CREATE DEFINER=`leade_testing2`@`%` PROCEDURE `proc_Update_m_Item_Type`(
Item_Type_Id int,
Item_Type_Code varchar(20),
Item_Type_Name varchar(45),
Item_Type_Url varchar(200),
User_Id int,
 out error1 int
)
BEGIN
DECLARE exit handler for sqlexception
        BEGIN
        ROLLBACK;
        END;
    DECLARE exit handler for sqlwarning
        BEGIN
    ROLLBACK;
        END;
START TRANSACTION;
begin
declare  count int ;
declare countid int ;
declare id int;
set countid=(select count(itemTypeId) from m_itemtype where (itemTypeCode=trim(Item_Type_Code) or itemTypeName=trim(Item_Type_Name)) and isDeleted=0);
IF (countid > 0) THEN
IF (countid =1) THEN
set id=(select (itemTypeId) from m_itemtype where (itemTypeCode=trim(Item_Type_Code) or itemTypeName=trim(Item_Type_Name)) and isDeleted=0);

if(Item_Type_Id=id) then
INSERT INTO  m_itemtype_log(itemTypeId,itemTypeCode,itemTypeName,itemTypeUrl,isDeleted,userId,userAction,transDate)
SELECT itemTypeId,itemTypeCode,itemTypeName,itemTypeUrl,isDeleted,userId,'update',transDate FROM m_itemtype where itemTypeId=trim(Item_Type_Id);
set count=(select (updateCount + 1) from m_itemtype where itemTypeId=trim(Item_Type_Id));
update m_itemtype set
itemTypeCode=trim(Item_Type_Code),
itemTypeName=trim(Item_Type_Name),
itemTypeUrl=trim(Item_Type_Url),
lastUpdateUserId=trim(User_Id),
updateCount=count
where itemTypeId=trim(Item_Type_Id);
set error1=0 ;
else
set error1=1 ;
end if;
else
set error1=1;
end if;
elseif (countid = 0) then
INSERT INTO  m_itemtype_log(itemTypeId,itemTypeCode,itemTypeName,itemTypeUrl,isDeleted,userId,userAction,transDate)
SELECT itemTypeId,itemTypeCode,itemTypeName,itemTypeUrl,isDeleted,userId,'update',transDate FROM m_itemtype where itemTypeId=trim(Item_Type_Id);
set count=(select (updateCount + 1) from m_itemtype where itemTypeId=trim(Item_Type_Id));
update m_itemtype set
itemTypeCode=trim(Item_Type_Code),
itemTypeName=trim(Item_Type_Name),
itemTypeUrl=trim(Item_Type_Url),
lastUpdateUserId=trim(User_Id),
updateCount=count
where itemTypeId=trim(Item_Type_Id);
set error1=0 ;
end if;
end;
  COMMIT;
END */$$
DELIMITER ;

/* Procedure structure for procedure `proc_Update_m_language` */

/*!50003 DROP PROCEDURE IF EXISTS  `proc_Update_m_language` */;

DELIMITER $$

/*!50003 CREATE DEFINER=`leade_testing2`@`%` PROCEDURE `proc_Update_m_language`(
Language_Id int,
Language_Name varchar(100),
User_Id int,
 out error1 int    
    )
BEGIN
DECLARE exit handler for sqlexception
        BEGIN
        ROLLBACK;
        END;
    DECLARE exit handler for sqlwarning
        BEGIN
    ROLLBACK;
        END;
START TRANSACTION;
begin
declare  count int ;
declare countid int ;
declare id int;
set id=(select (languageId) from m_language where (languageName=trim(Language_Name) ) and isDeleted=0);
set countid=(select count(languageId) from m_language where (languageName=trim(Language_Name) ) and isDeleted=0);
IF (countid > 0) THEN
if(Language_Id=id) then
INSERT INTO m_language_log(languageId,languageName,isDeleted,userId,userAction,transDate)
SELECT languageId,languageName,isDeleted,userId,'update',transDate FROM m_language where languageId=Trim(Language_Id);
set count=(select (updateCount + 1) from m_language where languageId=Trim(Language_Id));
update m_language set
languageName=trim(Language_Name),
lastUpdateUserId=Trim(User_Id),
updateCount=count
where languageId=Trim(Language_Id);
set error1=0 ;
else
set error1=1 ;
end if;
elseif (countid = 0) then
INSERT INTO m_language_log(languageId,languageName,isDeleted,userId,userAction,transDate)
SELECT languageId,languageName,isDeleted,userId,'update',transDate FROM m_language where languageId=Trim(Language_Id);
set count=(select (updateCount + 1) from m_language where languageId=Trim(Language_Id));
update m_language set
languageName=trim(Language_Name),
lastUpdateUserId=Trim(User_Id),
updateCount=count
where languageId=Trim(Language_Id);
set error1=0 ;
end if;
end;
COMMIT;
END */$$
DELIMITER ;

/* Procedure structure for procedure `proc_Update_m_ManageItem` */

/*!50003 DROP PROCEDURE IF EXISTS  `proc_Update_m_ManageItem` */;

DELIMITER $$

/*!50003 CREATE DEFINER=`leade_testing2`@`%` PROCEDURE `proc_Update_m_ManageItem`(
ManageItem_Id int,
ManageItem_Code varchar(20),
ManageItem_Name varchar(50),
User_Id int,
 out error1 int
)
BEGIN
DECLARE exit handler for sqlexception
        BEGIN
        ROLLBACK;
        END;
    DECLARE exit handler for sqlwarning
        BEGIN
    ROLLBACK;
        END;
START TRANSACTION;
begin
declare  count int ;
declare countid int ;
declare id int;

set countid=(select count(manageitemId) from m_manageitem where (manageitemCode=Trim(ManageItem_Code) or manageitemName=trim(ManageItem_Name)) and isDeleted=0);
IF (countid > 0) THEN
IF (countid =1) THEN
set id=(select (manageitemId) from m_manageitem where (manageitemCode=Trim(ManageItem_Code) or manageitemName=trim(ManageItem_Name)) and isDeleted=0);
if(ManageItem_Id=id) then
INSERT INTO  m_manageitem_log(manageitemId,manageitemCode,manageitemName,isDeleted,userId,userAction,transDate)
SELECT manageitemId,manageitemCode,manageitemName,isDeleted,userId,'update',transDate FROM m_manageitem where manageitemId=trim(ManageItem_Id);
set count=(select (updateCount + 1) from m_manageitem where manageitemId=trim(ManageItem_Id));
update m_manageitem set
manageitemCode=Trim(ManageItem_Code),
manageitemName=Trim(ManageItem_Name),
lastUpdateUserId=Trim(User_Id),
updateCount=count
where manageitemId=trim(ManageItem_Id);
set error1=0 ;
else
set error1=1 ;
end if;
else
set error1=1;
end if;
elseif (countid = 0) then
INSERT INTO  m_manageitem_log(manageitemId,manageitemCode,manageitemName,isDeleted,userId,userAction,transDate)
SELECT manageitemId,manageitemCode,manageitemName,isDeleted,userId,'update',transDate FROM m_manageitem where manageitemId=trim(ManageItem_Id);
set count=(select (updateCount + 1) from m_manageitem where manageitemId=trim(ManageItem_Id));
update m_manageitem set
manageitemCode=Trim(ManageItem_Code),
manageitemName=Trim(ManageItem_Name),
lastUpdateUserId=Trim(User_Id),
updateCount=count
where manageitemId=trim(ManageItem_Id);
set error1=0 ;
end if;
end;

  COMMIT;
END */$$
DELIMITER ;

/* Procedure structure for procedure `proc_Update_m_material_Category` */

/*!50003 DROP PROCEDURE IF EXISTS  `proc_Update_m_material_Category` */;

DELIMITER $$

/*!50003 CREATE DEFINER=`leade_testing2`@`%` PROCEDURE `proc_Update_m_material_Category`(
Material_Category_Id int,
Material_Category_Code varchar(20),
Material_Category_Name  varchar(50),
User_Id int,
 out error1 int
)
BEGIN
DECLARE exit handler for sqlexception
        BEGIN
        ROLLBACK;
        END;
    DECLARE exit handler for sqlwarning
        BEGIN
    ROLLBACK;
        END;
START TRANSACTION;
begin
declare  count int ;
declare countid int ;
declare id int;
set countid=(select count(materialCategoryId) from m_materialcategory where (materialCategoryCode=Trim(Material_Category_Code) or materialCategoryName=trim(Material_Category_Name)) and isDeleted=0);
IF (countid > 0) THEN
IF (countid =1) THEN
set id=(select (materialCategoryId) from m_materialcategory where (materialCategoryCode=Trim(Material_Category_Code) or materialCategoryName=trim(Material_Category_Name)) and isDeleted=0);

if(Material_Category_Id=id) then
INSERT INTO m_materialcategory_log (materialCategoryId,materialCategoryCode,materialCategoryName,isDeleted,userId,userAction,transDate)
SELECT materialCategoryId,materialCategoryCode,materialCategoryName,isDeleted,userId,'update',transDate FROM m_materialcategory where materialCategoryId=trim(Material_Category_Id);
set count=(select (updateCount + 1) from m_materialcategory where  materialCategoryId=trim(Material_Category_Id));
update m_materialcategory set
materialCategoryCode=Trim(Material_Category_Code),
materialCategoryName=Trim(Material_Category_Name),
lastUpdateUserId=Trim(User_Id),
updateCount=count
where materialCategoryId=Trim(Material_Category_Id);
set error1=0 ;
else
set error1=1 ;
end if;
else
set error1=1;
end if;
elseif (countid = 0) then
INSERT INTO m_materialcategory_log (materialCategoryId,materialCategoryCode,materialCategoryName,isDeleted,userId,userAction,transDate)
SELECT materialCategoryId,materialCategoryCode,materialCategoryName,isDeleted,userId,'update',transDate FROM m_materialcategory where materialCategoryId=Trim(Material_Category_Id);
set count=(select (updateCount + 1) from m_materialcategory where  materialCategoryId=Trim(Material_Category_Id));
update m_materialcategory set
materialCategoryCode=Trim(Material_Category_Code),
materialCategoryName=Trim(Material_Category_Name),
lastUpdateUserId=Trim(User_Id),
updateCount=count
where materialCategoryId=Trim(Material_Category_Id);
set error1=0 ;
end if;
end;

  COMMIT;
END */$$
DELIMITER ;

/* Procedure structure for procedure `proc_Update_m_Message` */

/*!50003 DROP PROCEDURE IF EXISTS  `proc_Update_m_Message` */;

DELIMITER $$

/*!50003 CREATE DEFINER=`leade_testing2`@`%` PROCEDURE `proc_Update_m_Message`(
Message_Id int,
Message_Type varchar(50),
Message_Description varchar(500),
User_Id int,
 out error1 int    
    )
BEGIN
DECLARE exit handler for sqlexception
        BEGIN
        ROLLBACK;
        END;
    DECLARE exit handler for sqlwarning
        BEGIN
    ROLLBACK;
        END;
START TRANSACTION;
begin
declare  count int ;
declare countid int ;
declare id int;

set countid=(select count(messageId) from m_message where (messageType=trim(Message_Type) or messageDescription=trim(Message_Description)) and isDeleted=0);
IF (countid > 0) THEN
if(countid=1) then
set id=(select (messageId) from m_message where (messageType=trim(Message_Type) or messageDescription=trim(Message_Description)) and isDeleted=0);
if(Country_Id=id) then
INSERT INTO m_message_log(messageId,messageType,messageDescriptione,isDeleted,userId,userAction,transDate)
SELECT messageId,messageType,messageDescriptione,isDeleted,userId,'update',transDate FROM m_message where messageId=trim(Message_Id);
set count=(select (updateCount + 1) from m_message where messageId=trim(Message_Id));
update m_message set
messageType=Trim(Message_Type),
messageDescription=Trim(Message_Description),
lastUpdateUserId=Trim(User_Id),
updateCount=count
where messageId=trim(Message_Id);
set error1=0 ;
else
set error1=1 ;
end if;
else
set error1=1;
end if;
elseif (countid = 0) then
INSERT INTO m_message_log(messageId,messageType,messageDescriptione,isDeleted,userId,userAction,transDate)
SELECT messageId,messageType,messageDescriptione,isDeleted,userId,'update',transDate FROM m_message where messageId=trim(Message_Id);
set count=(select (updateCount + 1) from m_message where messageId=trim(Message_Id));
update m_message set
messageType=Trim(Message_Type),
messageDescription=Trim(Message_Description),
lastUpdateUserId=Trim(User_Id),
updateCount=count
where messageId=trim(Message_Id);
set error1=0 ;
end if;
end;
COMMIT;
END */$$
DELIMITER ;

/* Procedure structure for procedure `proc_Update_m_priority` */

/*!50003 DROP PROCEDURE IF EXISTS  `proc_Update_m_priority` */;

DELIMITER $$

/*!50003 CREATE DEFINER=`leade_testing2`@`%` PROCEDURE `proc_Update_m_priority`(
Priority_Id int,
Priority_Name varchar(50),
User_Id int,
 out error1 int
)
BEGIN
DECLARE exit handler for sqlexception
        BEGIN
        ROLLBACK;
        END;
    DECLARE exit handler for sqlwarning
        BEGIN
    ROLLBACK;
        END;
START TRANSACTION;
begin
declare  count int ;
declare countid int ;
declare id int;
set id=(select (priorityId) from m_priority where priorityName=trim(Priority_Name) and isDeleted=0);
set countid=(select count(priorityId) from m_priority where priorityName=trim(Priority_Name) and isDeleted=0);
IF (countid > 0) THEN
if(Priority_Id=id) then
INSERT INTO m_priority_log (priorityId,priorityName,isDeleted,userId,userAction,transDate)
SELECT priorityId,priorityName,isDeleted,userId,'update',transDate FROM m_priority where priorityId=Trim(Priority_Id);
set count=(select (updateCount + 1) from m_priority where priorityId=Trim(Priority_Id));
update m_priority set
priorityName=Trim(Priority_Name),
lastUpdateUserId=Trim(User_Id),
updateCount=count
where priorityId=Trim(Priority_Id);
set error1=0 ;
else
set error1=1 ;
end if;
elseif (countid = 0) then
INSERT INTO m_priority_log (priorityId,priorityName,isDeleted,userId,userAction,transDate)
SELECT priorityId,priorityName,isDeleted,userId,'update',transDate FROM m_priority where priorityId=Trim(Priority_Id);
set count=(select (updateCount + 1) from m_priority where priorityId=Trim(Priority_Id));
update m_priority set
priorityName=Trim(Priority_Name),
lastUpdateUserId=Trim(User_Id),
updateCount=count
where priorityId=Trim(Priority_Id);
set error1=0 ;
end if;
end;

  COMMIT;
END */$$
DELIMITER ;

/* Procedure structure for procedure `proc_Update_m_rack` */

/*!50003 DROP PROCEDURE IF EXISTS  `proc_Update_m_rack` */;

DELIMITER $$

/*!50003 CREATE DEFINER=`leade_testing2`@`%` PROCEDURE `proc_Update_m_rack`(
Rack_Id int,
Rack_Name varchar(50),
Rack_Number VARCHAR(50),
User_Id int,
 out error1 int
)
BEGIN
DECLARE exit handler for sqlexception
        BEGIN
        ROLLBACK;
        END;
    DECLARE exit handler for sqlwarning
        BEGIN
    ROLLBACK;
        END;
START TRANSACTION;
begin
declare  count int ;
declare countid int ;
declare id int;
set id=(select (rackId) from m_rack where (rackName=trim(Rack_Name) ) and isDeleted=0);
set countid=(select count(rackId) from m_rack where (rackName=trim(Rack_Name) ) and isDeleted=0);
IF (countid > 0) THEN
if(Rack_Id=id) then
INSERT INTO m_rack_log(rackId,rackName,rackNumber,isDeleted,userId,userAction,transDate)
SELECT rackId,rackName,rackNumber,isDeleted,userId,'update',transDate FROM m_rack where rackId=Trim(Rack_Id);
set count=(select (updateCount + 1) from m_rack where rackId=Trim(Rack_Id));
update m_rack set
rackName=Trim(Rack_Name),
rackNumber=TRIM(Rack_Number),
lastUpdateUserId=Trim(User_Id),
updateCount=count
where rackId=Trim(Rack_Id);
set error1=0 ;
else
set error1=1 ;
end if;
elseif (countid = 0) then
INSERT INTO m_rack_log(rackId,rackName,rackNumber,isDeleted,userId,userAction,transDate)
SELECT rackId,rackName,rackNumber,isDeleted,userId,'update',transDate FROM m_rack where rackId=Trim(Rack_Id);
set count=(select (updateCount + 1) from m_rack where rackId=Trim(Rack_Id));
update m_rack set
rackName=Trim(Rack_Name),
rackNumber=TRIM(Rack_Number),
lastUpdateUserId=Trim(User_Id),
updateCount=count
where rackId=Trim(Rack_Id);
set error1=0 ;
end if;
end;
COMMIT;
ENd */$$
DELIMITER ;

/* Procedure structure for procedure `proc_Update_m_racknumber` */

/*!50003 DROP PROCEDURE IF EXISTS  `proc_Update_m_racknumber` */;

DELIMITER $$

/*!50003 CREATE DEFINER=`leade_testing2`@`%` PROCEDURE `proc_Update_m_racknumber`(
Rack_Number_Id int,
Rack_Number_Name varchar(50),
User_Id int,
 out error1 int
)
BEGIN
DECLARE exit handler for sqlexception
        BEGIN
        ROLLBACK;
        END;
    DECLARE exit handler for sqlwarning
        BEGIN
    ROLLBACK;
        END;
START TRANSACTION;
begin
declare  count int ;
declare countid int ;
declare id int;
set id=(select (racknumberId) from m_racknumber where (racknumberName=trim(Rack_Number_Name) ) and isDeleted=0);
set countid=(select count(racknumberId) from m_racknumber where (racknumberName=trim(Rack_Number_Name) ) and isDeleted=0);
IF (countid > 0) THEN
if(Rack_Number_Id=id) then
INSERT INTO m_racknumber_log(racknumberId,racknumberName,isDeleted,userId,userAction,transDate)
SELECT racknumberId,racknumberName,isDeleted,userId,'update',transDate FROM m_racknumber where racknumberId=Trim(Rack_Number_Id);
set count=(select (updateCount + 1) from m_racknumber where racknumberId=Trim(Rack_Number_Id));
update m_racknumber set
racknumberName=trim(Rack_Number_Name),
lastUpdateUserId=Trim(User_Id),
updateCount=count
where racknumberId=Trim(Rack_Number_Id);
set error1=0 ;
else
set error1=1 ;
end if;
elseif (countid = 0) then
INSERT INTO m_racknumber_log(racknumberId,racknumberName,isDeleted,userId,userAction,transDate)
SELECT racknumberId,racknumberName,isDeleted,userId,'update',transDate FROM m_racknumber where racknumberId=Trim(Rack_Number_Id);
set count=(select (updateCount + 1) from m_racknumber where racknumberId=Trim(Rack_Number_Id));
update m_racknumber set
racknumberName=trim(Rack_Number_Name),
lastUpdateUserId=Trim(User_Id),
updateCount=count
where racknumberId=Trim(Rack_Number_Id);
set error1=0 ;
end if;
end;
COMMIT;
END */$$
DELIMITER ;

/* Procedure structure for procedure `proc_Update_m_salesgroup` */

/*!50003 DROP PROCEDURE IF EXISTS  `proc_Update_m_salesgroup` */;

DELIMITER $$

/*!50003 CREATE DEFINER=`leade_testing2`@`%` PROCEDURE `proc_Update_m_salesgroup`(
Sales_Group_Id int,
Sales_Group_Code varchar(20),
Sales_Group_Name varchar(45),
User_Id int,
 out error1 int
)
BEGIN
DECLARE exit handler for sqlexception
        BEGIN
        ROLLBACK;
        END;
    DECLARE exit handler for sqlwarning
        BEGIN
    ROLLBACK;
        END;
START TRANSACTION;
begin
declare  count int ;
declare countid int ;
declare id int;
set countid=(select count(salesGroupId) from m_salesgroup where (salesGroupCode=Sales_Group_Code or salesGroupName=trim(Sales_Group_Name)) and isDeleted=0);
IF (countid > 0) THEN
IF (countid =1) THEN
set id=(select (salesGroupId) from m_salesgroup where (salesGroupCode=Sales_Group_Code or salesGroupName=trim(Sales_Group_Name)) and isDeleted=0);

if(Sales_Group_Id=id) then
INSERT INTO m_salesgroup_log (salesGroupId,salesGroupCode,salesGroupName,isDeleted,userId,userAction,transDate)
SELECT salesGroupId,salesGroupCode,salesGroupName,isDeleted,userId,'update',transDate FROM m_salesgroup where salesGroupId=Trim(Sales_Group_Id);
set count=(select (updateCount + 1) from m_salesgroup where  salesGroupId=Trim(Sales_Group_Id));
update m_salesgroup set
salesGroupCode=Trim(Sales_Group_Code),
salesGroupName=Trim(Sales_Group_Name),
lastUpdateUserId=Trim(User_Id),
updateCount=count
where  salesGroupId=Trim(Sales_Group_Id);
set error1=0 ;
else
set error1=1 ;
end if;
else
set error1=1;
end if;
elseif (countid = 0) then
INSERT INTO m_salesgroup_log (salesGroupId,salesGroupCode,salesGroupName,isDeleted,userId,userAction,transDate)
SELECT salesGroupId,salesGroupCode,salesGroupName,isDeleted,userId,'update',transDate FROM m_salesgroup where salesGroupId=trim(Sales_Group_Id);
set count=(select (updateCount + 1) from m_salesgroup where  salesGroupId=trim(Sales_Group_Id));
update m_salesgroup set
salesGroupCode=Trim(Sales_Group_Code),
salesGroupName=Trim(Sales_Group_Name),
lastUpdateUserId=Trim(User_Id),
updateCount=count
where  salesGroupId=Trim(Sales_Group_Id);
set error1=0 ;
end if;
end;
  COMMIT;
END */$$
DELIMITER ;

/* Procedure structure for procedure `proc_Update_m_state` */

/*!50003 DROP PROCEDURE IF EXISTS  `proc_Update_m_state` */;

DELIMITER $$

/*!50003 CREATE DEFINER=`leade_testing2`@`%` PROCEDURE `proc_Update_m_state`(
State_Id int,
Country_Id int,
State_Code varchar(20),
State_Name varchar(50),
GST_Code varchar(50),
User_Id int,
 out error1 int
)
BEGIN
DECLARE exit handler for sqlexception
        BEGIN
        ROLLBACK;
        END;
    DECLARE exit handler for sqlwarning
        BEGIN
    ROLLBACK;
        END;
START TRANSACTION;
begin
declare  count int ;
declare countid int ;
declare id int;
set countid=(select count(stateId) from m_state where (stateName=trim(State_Name)) and isDeleted=0);
IF (countid > 0) THEN
IF (countid =1) THEN
set id=(select (stateId) from m_state where (stateName=trim(State_Name)) and isDeleted=0);

if(State_Id=id) then
INSERT INTO  m_state_log(stateId,countryId,stateCode,stateName,gstCode,isDeleted,userId,userAction,transDate)
SELECT stateId,countryId,stateCode,stateName,gstCode,isDeleted,userId,'update',transDate FROM m_state where stateId=Trim(State_Id);
set count=(select (updateCount + 1) from m_state where stateId=Trim(State_Id));
update m_state set
countryId=Trim(Country_Id),
stateCode=Trim(State_Code),
stateName=Trim(State_Name),
gstCode=Trim(GST_Code),
lastUpdateUserId=Trim(User_Id),
updateCount=count
where stateId=Trim(State_Id);
set error1=0 ;
else
set error1=1 ;
end if;
else
set error1=1;
end if;
elseif (countid = 0) then
INSERT INTO  m_state_log(stateId,countryId,stateCode,stateName,gstCode,isDeleted,userId,userAction,transDate)
SELECT stateId,countryId,stateCode,stateName,gstCode,isDeleted,userId,'update',transDate FROM m_state where stateId=Trim(State_Id);
set count=(select (updateCount + 1) from m_state where stateId=Trim(State_Id));
update m_state set
countryId=Trim(Country_Id),
stateCode=Trim(State_Code),
stateName=Trim(State_Name),
gstCode=Trim(GST_Code),
lastUpdateUserId=Trim(User_Id),
updateCount=count
where stateId=Trim(State_Id);
set error1=0 ;
else
set error1=1 ;
end if;
end;

  COMMIT;
END */$$
DELIMITER ;

/* Procedure structure for procedure `proc_Update_m_storelocation` */

/*!50003 DROP PROCEDURE IF EXISTS  `proc_Update_m_storelocation` */;

DELIMITER $$

/*!50003 CREATE DEFINER=`leade_testing2`@`%` PROCEDURE `proc_Update_m_storelocation`(
Store_Location_Id int,
Store_Location_Code varchar(20),
Store_Location_Name varchar(50),
User_Id int,
 out error1 int
)
BEGIN
DECLARE exit handler for sqlexception
        BEGIN
        ROLLBACK;
        END;
    DECLARE exit handler for sqlwarning
        BEGIN
    ROLLBACK;
        END;
START TRANSACTION;
begin
declare  count int ;
declare countid int ;
declare id int;
set id=(select (storelocationId) from m_storelocation where (storelocationCode=trim(Store_Location_Code) or storelocationName=trim(Store_Location_Name)) and isDeleted=0);
set countid=(select count(storelocationId) from m_storelocation where (storelocationCode=trim(Store_Location_Code) or storelocationName=trim(Store_Location_Name)) and isDeleted=0);
IF (countid > 0) THEN
if(Store_Location_Id=id) then
INSERT INTO m_storelocation_log(storelocationId,storelocationCode,storelocationName,isDeleted,userId,userAction,transDate)
SELECT storelocationId,storelocationCode,storelocationName,isDeleted,userId,'update',transDate FROM m_storelocation where storelocationId=Trim(Store_Location_Id);
set count=(select (updateCount + 1) from m_storelocation where storelocationId=Trim(Store_Location_Id));
update m_storelocation set
storelocationCode=trim(Store_Location_Code) ,
storelocationName=trim(Store_Location_Name),
lastUpdateUserId=Trim(User_Id),
updateCount=count
where storelocationId=Trim(Store_Location_Id);
set error1=0 ;
else
set error1=1 ;
end if;
elseif (countid = 0) then
INSERT INTO m_storelocation_log(storelocationId,storelocationCode,storelocationName,isDeleted,userId,userAction,transDate)
SELECT storelocationId,storelocationCode,storelocationName,isDeleted,userId,'update',transDate FROM m_storelocation where storelocationId=Trim(Store_Location_Id);
set count=(select (updateCount + 1) from m_storelocation where storelocationId=Trim(Store_Location_Id));
update m_storelocation set
storelocationCode=trim(Store_Location_Code) ,
storelocationName=trim(Store_Location_Name),
lastUpdateUserId=Trim(User_Id),
updateCount=count
where storelocationId=Trim(Store_Location_Id);
set error1=0 ;
end if;
end;
COMMIT;
END */$$
DELIMITER ;

/* Procedure structure for procedure `proc_Update_m_subitemtypefield` */

/*!50003 DROP PROCEDURE IF EXISTS  `proc_Update_m_subitemtypefield` */;

DELIMITER $$

/*!50003 CREATE DEFINER=`leade_testing2`@`%` PROCEDURE `proc_Update_m_subitemtypefield`(
Sub_Item_Field_Id int,
Item_Type_Id int,
Sub_Item_Type_Id int,
Sub_Item_Field_Name varchar(50),
Optional_Type varchar(50),
Optional_Value varchar(3000),
Text_Type varchar(20),
Sub_Item_Field_Priority int,
Is_Active int,
UOM_Group_Id int,
User_Id int,
 out error1 int
)
BEGIN
DECLARE exit handler for sqlexception
        BEGIN
        ROLLBACK;
        END;
    DECLARE exit handler for sqlwarning
        BEGIN
    ROLLBACK;
        END;
START TRANSACTION;
begin
declare count int;
INSERT INTO m_subitemtypefield_log(subitemtypefieldId,itemtypeId,subitemtypeId,subitemtypefieldName,optionaltype
,optionalValue,textType,subitemtypefieldPriority,uomGroupId,isDeleted,userId,userAction,transDate,isActive)
SELECT subitemtypefieldId,itemtypeId,subitemtypeId,subitemtypefieldName,optionaltype
,optionalValue,textType,subitemtypefieldPriority,uomGroupId,isDeleted,userId,'update',transDate,isActive from m_subitemtypefield where subitemtypefieldId=trim(Sub_Item_Field_Id);
set count=(select (updateCount + 1) from m_subitemtypefield where subitemtypefieldId=trim(Sub_Item_Field_Id));
update m_subitemtypefield set
itemtypeId=Item_Type_Id,
subitemtypeId=Sub_Item_Type_Id,
subitemtypefieldName=Sub_Item_Field_Name,
optionaltype=Optional_Type,
optionalValue=Optional_Value,
textType=Text_Type,
subitemtypefieldPriority=Sub_Item_Field_Priority,
uomGroupId=UOM_Group_Id,
isActive=Is_Active,
lastUpdateUserId=Trim(User_Id),
updateCount=count
where subitemtypefieldId=trim(Sub_Item_Field_Id);
set error1=0 ;
end;
COMMIT;
END */$$
DELIMITER ;

/* Procedure structure for procedure `proc_Update_m_sub_item_type` */

/*!50003 DROP PROCEDURE IF EXISTS  `proc_Update_m_sub_item_type` */;

DELIMITER $$

/*!50003 CREATE DEFINER=`leade_testing2`@`%` PROCEDURE `proc_Update_m_sub_item_type`(
Sub_Item_Type_Id int,
Item_Type_Id int,
Sub_Item_Type_Name  varchar(50),
User_Id int,
 out error1 int
)
BEGIN
DECLARE exit handler for sqlexception
        BEGIN
        ROLLBACK;
        END;
    DECLARE exit handler for sqlwarning
        BEGIN
    ROLLBACK;
        END;
START TRANSACTION;
begin
declare  count int ;
declare countid int ;
declare id int;
set id=(select (subitemtypeId) from m_subitemtype where subitemtypeName=trim(Sub_Item_Type_Name) and itemtypeId=trim(Item_Type_Id) and isDeleted=0);
set countid=(select count(subitemtypeId) from m_subitemtype where subitemtypeName=trim(Sub_Item_Type_Name) and itemtypeId=trim(Item_Type_Id)  and isDeleted=0);
IF (countid > 0) THEN
if(Sub_Item_Type_Id=id) then
INSERT INTO  m_subitemtype_log(subitemtypeId,itemtypeId,subitemtypeName,isDeleted,userId,userAction,transDate)
SELECT subitemtypeId,itemtypeId,subitemtypeName,isDeleted,userId,'update',transDate FROM m_subitemtype where subitemtypeId=Sub_Item_Type_Id;
set count=(select (updateCount + 1) from m_subitemtype where subitemtypeId=Trim(Sub_Item_Type_Id));
update m_subitemtype set
itemtypeId=Trim(Item_Type_Id),
subitemtypeName=Trim(Sub_Item_Type_Name),
lastUpdateUserId=Trim(User_Id),
updateCount=count
where subitemtypeId=Trim(Sub_Item_Type_Id);
set error1=0 ;
else
set error1=1 ;
end if;
elseif (countid = 0) then
INSERT INTO  m_subitemtype_log(subitemtypeId,itemtypeId,subitemtypeName,isDeleted,userId,userAction,transDate)
SELECT subitemtypeId,itemtypeId,subitemtypeName,isDeleted,userId,'update',transDate FROM m_subitemtype where subitemtypeId=Trim(Sub_Item_Type_Id);
set count=(select (updateCount + 1) from m_subitemtype where subitemtypeId=Trim(Sub_Item_Type_Id));
update m_subitemtype set
itemtypeId=Trim(Item_Type_Id),
subitemtypeName=Trim(Sub_Item_Type_Name),
lastUpdateUserId=Trim(User_Id),
updateCount=count
where subitemtypeId=Trim(Sub_Item_Type_Id);
set error1=0 ;
end if;
end;
COMMIT;
END */$$
DELIMITER ;

/* Procedure structure for procedure `proc_Update_m_umo` */

/*!50003 DROP PROCEDURE IF EXISTS  `proc_Update_m_umo` */;

DELIMITER $$

/*!50003 CREATE DEFINER=`leade_testing2`@`%` PROCEDURE `proc_Update_m_umo`(
UMO_Id int,
UMO_Code varchar(20),
UMO_Name varchar(45),
User_Id int,
 out error1 int
)
BEGIN
DECLARE exit handler for sqlexception
        BEGIN
        ROLLBACK;
        END;
    DECLARE exit handler for sqlwarning
        BEGIN
    ROLLBACK;
        END;
START TRANSACTION;
begin
declare  count int ;
declare countid int ;
declare id int;
set countid=(select count(uomId) from m_uom where (uomCode=UMO_Code or uomName=trim(UMO_Name)) and isDeleted=0);
IF (countid > 0) THEN
IF (countid=1) THEN
set id=(select (uomId) from m_uom where (uomCode=UMO_Code or uomName=trim(UMO_Name)) and isDeleted=0);

if(UMO_Id=id) then
INSERT INTO  m_uom_log(uomId,uomCode,uomName,isDeleted,userId,userAction,transDate)
SELECT uomId,uomCode,uomName,isDeleted,userId,'update',transDate FROM m_uom where uomId=Trim(UMO_Id);
set count=(select (updateCount + 1) from m_uom where uomId=Trim(UMO_Id));
update m_uom set
uomCode=Trim(UMO_Code),
uomName=Trim(UMO_Name),
lastUpdateUserId=Trim(User_Id),
updateCount=count
where uomId=Trim(UMO_Id);
set error1=0 ;
else
set error1=1 ;
end if;
else
set error1=1;
end if	;
elseif (countid = 0) then
INSERT INTO  m_uom_log(uomId,uomCode,uomName,isDeleted,userId,userAction,transDate)
SELECT uomId,uomCode,uomName,isDeleted,userId,'update',transDate FROM m_uom where uomId=Trim(UMO_Id);
set count=(select (updateCount + 1) from m_uom where uomId=Trim(UMO_Id));
update m_uom set
uomCode=Trim(UMO_Code),
uomName=Trim(UMO_Name),
lastUpdateUserId=Trim(User_Id),
updateCount=count
where uomId=Trim(UMO_Id);
set error1=0 ;
end if;
end;
  COMMIT;
END */$$
DELIMITER ;

/* Procedure structure for procedure `proc_Update_m_umo_group` */

/*!50003 DROP PROCEDURE IF EXISTS  `proc_Update_m_umo_group` */;

DELIMITER $$

/*!50003 CREATE DEFINER=`leade_testing2`@`%` PROCEDURE `proc_Update_m_umo_group`(UMO_Group_Id INT,
UMO_Group_Code VARCHAR(20),
UMO_Group_Name VARCHAR(45),
User_Id INT,
 OUT error1 INT)
BEGIN
DECLARE EXIT HANDLER FOR SQLEXCEPTION
        BEGIN
        ROLLBACK;
        END;
    DECLARE EXIT HANDLER FOR SQLWARNING
        BEGIN
    ROLLBACK;
        END;
START TRANSACTION;
BEGIN
DECLARE  COUNT INT ;
DECLARE countid INT ;
DECLARE id INT;
SET countid=(SELECT COUNT(uomGroupId) FROM m_uomgroup WHERE  uomGroupName=TRIM(UMO_Group_Name) AND isDeleted=0);
IF (countid > 0) THEN
IF (countid =1) THEN
SET id=(SELECT (uomGroupId) FROM m_uomgroup WHERE (uomGroupName=TRIM(UMO_Group_Name)) AND isDeleted=0);

IF(UMO_Group_Id=id) THEN
INSERT INTO  m_uomgroup_log(uomGroupId,uomGroupCode,uomGroupName,isDeleted,userId,userAction,transDate)
SELECT uomGroupId,uomGroupCode,uomGroupName,isDeleted,userId,'update',transDate FROM m_uomgroup WHERE uomGroupId=TRIM(UMO_Group_Id);
SET COUNT=(SELECT (updateCount + 1) FROM m_uomgroup WHERE uomGroupId=TRIM(UMO_Group_Id));
UPDATE m_uomgroup SET
uomGroupCode=TRIM(UMO_Group_Code),
uomGroupName=TRIM(UMO_Group_Name),
lastUpdateUserId=TRIM(User_Id),
updateCount=COUNT
WHERE uomGroupId=TRIM(UMO_Group_Id);
SET error1=0 ;
ELSE
SET error1=1 ;
END IF;
ELSE
SET error1=1;
END IF;
ELSEIF (countid = 0) THEN
INSERT INTO  m_uomgroup_log(uomGroupId,uomGroupCode,uomGroupName,isDeleted,userId,userAction,transDate)
SELECT uomGroupId,uomGroupCode,uomGroupName,isDeleted,userId,'update',transDate FROM m_uomgroup WHERE uomGroupId=TRIM(UMO_Group_Id);
SET COUNT=(SELECT (updateCount + 1) FROM m_uomgroup WHERE uomGroupId=TRIM(UMO_Group_Id));
UPDATE m_uomgroup SET
uomGroupCode=TRIM(UMO_Group_Code),
uomGroupName=TRIM(UMO_Group_Name),
lastUpdateUserId=TRIM(User_Id),
updateCount=COUNT
WHERE uomGroupId=TRIM(UMO_Group_Id);
SET error1=0 ;
END IF;
END;
COMMIT;
END */$$
DELIMITER ;

/* Procedure structure for procedure `proc_Update_m_valuation` */

/*!50003 DROP PROCEDURE IF EXISTS  `proc_Update_m_valuation` */;

DELIMITER $$

/*!50003 CREATE DEFINER=`leade_testing2`@`%` PROCEDURE `proc_Update_m_valuation`(
Valuation_Id int,
Valuation_Code  varchar(20),
Valuation_Name  varchar(50),
User_Id int,
 out error1 int
)
BEGIN
DECLARE exit handler for sqlexception
        BEGIN
        ROLLBACK;
        END;
    DECLARE exit handler for sqlwarning
        BEGIN
    ROLLBACK;
        END;
START TRANSACTION;
begin
declare  count int ;
declare countid int ;
declare id int;
set countid=(select count(valuationId) from m_valuation where (valuationCode=Trim(Valuation_Code) or valuationName=trim(Valuation_Name)) and isDeleted=0);
IF (countid > 0) THEN
IF (countid =1) THEN
set id=(select (valuationId) from m_valuation where (valuationCode=Trim(Valuation_Code) or valuationName=trim(Valuation_Name)) and isDeleted=0);

if(Valuation_Id=id) then
INSERT INTO  m_valuation_log(valuationId,valuationCode,valuationName,isDeleted,userId,userAction,transDate)
SELECT valuationId,valuationCode,valuationName,isDeleted,userId,'update',transDate FROM m_valuation where valuationId=Trim(Valuation_Id);
set count=(select (updateCount + 1) from m_valuation where  valuationId=Trim(Valuation_Id));
update m_valuation set
valuationCode=Trim(Valuation_Code),
valuationName=Trim(Valuation_Name),
lastUpdateUserId=Trim(User_Id),
updateCount=count
where  valuationId=Trim(Valuation_Id);
set error1=0 ;
else
set error1=1 ;
end if;
else
set error1=1;
end if;
elseif (countid = 0) then
INSERT INTO  m_valuation_log(valuationId,valuationCode,valuationName,isDeleted,userId,userAction,transDate)
SELECT valuationId,valuationCode,valuationName,isDeleted,userId,'update',transDate FROM m_valuation where valuationId=Trim(Valuation_Id);
set count=(select (updateCount + 1) from m_valuation where  valuationId=Trim(Valuation_Id));
update m_valuation set
valuationCode=Trim(Valuation_Code),
valuationName=Trim(Valuation_Name),
lastUpdateUserId=Trim(User_Id),
updateCount=count
where  valuationId=Trim(Valuation_Id);
set error1=0 ;
end if;
end;

  COMMIT;
END */$$
DELIMITER ;

/* Procedure structure for procedure `proc_Update_m_valuation_method` */

/*!50003 DROP PROCEDURE IF EXISTS  `proc_Update_m_valuation_method` */;

DELIMITER $$

/*!50003 CREATE DEFINER=`leade_testing2`@`%` PROCEDURE `proc_Update_m_valuation_method`(
Valuation_Method_Id int,
Valuation_Method_Code  varchar(20),
Valuation_Method_Name  varchar(50),
User_Id int,
 out error1 int
)
BEGIN
DECLARE exit handler for sqlexception
        BEGIN
        ROLLBACK;
        END;
    DECLARE exit handler for sqlwarning
        BEGIN
    ROLLBACK;
        END;
START TRANSACTION;
begin
declare  count int ;
declare countid int ;
declare id int;
set countid=(select count(valuationMethodId) from m_valuationmethod where (valuationMethodCode=Trim(Valuation_Method_Code) or  valuationMethodName=trim(Valuation_Method_Name)) and isDeleted=0);
IF (countid > 0) THEN
IF (countid =1) THEN
set id=(select (valuationMethodId) from m_valuationmethod where (valuationMethodCode=Trim(Valuation_Method_Code) or  valuationMethodName=trim(Valuation_Method_Name)) and isDeleted=0);

if(Valuation_Method_Id=id) then
INSERT INTO m_valuationmethod_log (valuationMethodId,valuationMethodCode,valuationMethodName,isDeleted,userId,userAction,transDate)
SELECT valuationMethodId,valuationMethodCode,valuationMethodName,isDeleted,userId,'update',transDate FROM m_valuationmethod where valuationMethodId=Trim(Valuation_Method_Id);
set count=(select (updateCount + 1) from m_valuationmethod where  valuationMethodId=Trim(Valuation_Method_Id));
update m_valuationmethod set
valuationMethodCode=Trim(Valuation_Method_Code),
valuationMethodName=Trim(Valuation_Method_Name),
lastUpdateUserId=Trim(User_Id),
updateCount=count
where  valuationMethodId=Trim(Valuation_Method_Id);
set error1=0 ;
else
set error1=1 ;
end if;
else
set error1=1;
end if;
elseif (countid = 0) then
INSERT INTO m_valuationmethod_log (valuationMethodId,valuationMethodCode,valuationMethodName,isDeleted,userId,userAction,transDate)
SELECT valuationMethodId,valuationMethodCode,valuationMethodName,isDeleted,userId,'update',transDate FROM m_valuationmethod where valuationMethodId=Trim(Valuation_Method_Id);
set count=(select (updateCount + 1) from m_valuationmethod where  valuationMethodId=Trim(Valuation_Method_Id));
update m_valuationmethod set
valuationMethodCode=Trim(Valuation_Method_Code),
valuationMethodName=Trim(Valuation_Method_Name),
lastUpdateUserId=Trim(User_Id),
updateCount=count
where  valuationMethodId=Trim(Valuation_Method_Id);
set error1=0 ;
end if;
end;
  COMMIT;
END */$$
DELIMITER ;

/* Procedure structure for procedure `proc_Update_t_branch` */

/*!50003 DROP PROCEDURE IF EXISTS  `proc_Update_t_branch` */;

DELIMITER $$

/*!50003 CREATE DEFINER=`leade_testing2`@`%` PROCEDURE `proc_Update_t_branch`(Branch_Id int,
Branch_Code varchar(20),
Branch_Name varchar(50),
Currency_Id int,
Language_Id INT,
GST_Number varchar(30),
SST_No varchar(20),
Is_Plant char(5),
Is_WareHouse char(5),
User_Id int,
 out error1 int)
BEGIN
DECLARE exit handler for sqlexception
        BEGIN
        ROLLBACK;
        END;
    DECLARE exit handler for sqlwarning
        BEGIN
    ROLLBACK;
        END;
START TRANSACTION;
begin
declare  count int ;
declare countid int ;
declare id int;
set countid=(select count(branchId) from t_branch where (branchCode=Trim(Branch_Code) or branchName=trim(Branch_Name)) and isDeleted=0);
IF (countid > 0) THEN
IF (countid =1) THEN
set id=(select (branchId) from t_branch where (branchCode=Trim(Branch_Code) or branchName=trim(Branch_Name)) and isDeleted=0);

if(Branch_Id=id) then
insert into t_branch_log(branchId,branchCode,branchName,currencyId,language_Id,gstNumber,sstNo,isPlant,isWareHouse,isDeleted,userId,userAction,transDate)
SELECT branchId,branchCode,branchName,currencyId,language_Id,gstNumber,sstNo,isPlant,isWareHouse,isDeleted,userId,'update',transDate FROM t_branch where branchId=trim(Branch_Id);
set count=(select (updateCount + 1) from t_branch where  branchId=trim(Branch_Id));
update t_branch set
branchCode=Trim(Branch_Code),
branchName=Trim(Branch_Name),
currencyId=Trim(Currency_Id),
language_Id=Trim(Language_Id),
gstNumber=Trim(GST_Number),
sstNo=Trim(SST_No),
isPlant=Trim(Is_Plant),
isWareHouse=Trim(Is_WareHouse),
lastUpdateUserId=Trim(User_Id),
updateCount=count
where branchId=Trim(Branch_Id);
set error1=0 ;
else
set error1=1 ;
end if;
else
set error1=1;
end if;
elseif (countid = 0) then
insert into t_branch_log(branchId,branchCode,branchName,currencyId,language_Id,gstNumber,sstNo,isPlant,isWareHouse,isDeleted,userId,userAction,transDate)
SELECT branchId,branchCode,branchName,currencyId,language_Id,gstNumber,sstNo,isPlant,isWareHouse,isDeleted,userId,'update',transDate FROM t_branch where branchId=trim(Branch_Id);
set count=(select (updateCount + 1) from t_branch where  branchId=trim(Branch_Id));
update t_branch set
branchCode=Trim(Branch_Code),
branchName=Trim(Branch_Name),
currencyId=Trim(Currency_Id),
language_Id=Trim(Language_Id),
gstNumber=Trim(GST_Number),
sstNo=Trim(SST_No),
isPlant=Trim(Is_Plant),
isWareHouse=Trim(Is_WareHouse),
lastUpdateUserId=Trim(User_Id),
updateCount=count
where branchId=Trim(Branch_Id);
set error1=0 ;
end if;
end;
  COMMIT;
END */$$
DELIMITER ;

/* Procedure structure for procedure `proc_Update_t_branchaddress` */

/*!50003 DROP PROCEDURE IF EXISTS  `proc_Update_t_branchaddress` */;

DELIMITER $$

/*!50003 CREATE DEFINER=`leade_testing2`@`%` PROCEDURE `proc_Update_t_branchaddress`(
   branch_Address_Id int ,
   Branch_Id int ,
   Branch_contactPerson varchar(200) ,
   Branch_houseBuildingNo varchar(100) ,
   Branch_street1 varchar(100),
   Branch_Street2 varchar(100) ,
   Branch_Landmark varchar(100),
   Country_Id int,
   State_Id int ,
   City_Id int ,
   Branch_pincode varchar(15) ,
   Branch_mobileNumber varchar(15),
   Branch_altMobileNumber varchar(15),
   Branch_telephone_Extension varchar(10) ,
   Branch_landLineNumber varchar(20),
   Branch_altLandLineNumber varchar(20) ,
   Branch_Website varchar(100),
   User_Id int,
 out error1 int
)
BEGIN
DECLARE exit handler for sqlexception
        BEGIN
        ROLLBACK;
        END;
    DECLARE exit handler for sqlwarning
        BEGIN
    ROLLBACK;
        END;
START TRANSACTION;
begin
declare  count int ;
declare countid int ;
declare id int;
set id=(select (branchAddressId) from t_branchaddress where branchId=Trim(branch_Id) and contactPerson=Trim(Branch_contactPerson) and isDeleted=0);
set countid=(select count(branchAddressId) from t_branchaddress where branchId=Trim(branch_Id) and contactPerson=Trim(Branch_contactPerson) and isDeleted=0);
IF (countid > 0) THEN
if(branch_Address_Id=id) then
INSERT INTO t_branchaddress_log(branchAddressId,branchId,contactPerson,houseBuildingNo,street1,street2,
landmark,countryId,stateId,cityId,pincode,mobileNumber,altMobileNumber,telephoneExtension,landLineNumber,
altLandLineNumber,website,isDeleted,userId,userAction,transDate)
SELECT branchAddressId,branchId,contactPerson,houseBuildingNo,street1,street2,landmark,countryId,stateId,
cityId,pincode,mobileNumber,altMobileNumber,telephoneExtension,landLineNumber,altLandLineNumber,website,
isDeleted,userId,'update',transDate FROM t_branchaddress where branchAddressId=Trim(branch_Address_Id);
set count=(select (updateCount + 1) from t_branchaddress where  branchAddressId=Trim(branch_Address_Id));
update t_branchaddress set
   branchId=Trim(Branch_Id)  ,
   contactPerson=Trim(Branch_contactPerson) ,
   houseBuildingNo=Trim(Branch_houseBuildingNo),
   street1=Trim(Branch_street1) ,
   street2=Trim(Branch_Street2) ,
   landmark=Trim(Branch_Landmark) ,
   countryId=Trim(Country_Id) ,
   stateId=Trim(State_Id) ,
   cityId=Trim(City_Id)  ,
   pincode=Trim(Branch_pincode),
   mobileNumber=Trim(Branch_mobileNumber) ,
   altMobileNumber=Trim(Branch_altMobileNumber) ,
   telephoneExtension=Trim(Branch_telephone_Extension)  ,
   landLineNumber=Trim(Branch_landLineNumber) ,
   altLandLineNumber=Trim(Branch_altLandLineNumber) ,
   website=Trim(Branch_Website) ,
   lastUpdateUserId=Trim(User_Id),
   updateCount=count
where branchAddressId=Trim(branch_Address_Id);
set error1=0 ;
else
set error1=1 ;
end if;
elseif (countid = 0) then
INSERT INTO t_branchaddress_log(branchAddressId,branchId,contactPerson,houseBuildingNo,street1,street2,
landmark,countryId,stateId,cityId,pincode,mobileNumber,altMobileNumber,telephoneExtension,landLineNumber,
altLandLineNumber,website,isDeleted,userId,userAction,transDate)
SELECT branchAddressId,branchId,contactPerson,houseBuildingNo,street1,street2,landmark,countryId,stateId,
cityId,pincode,mobileNumber,altMobileNumber,telephoneExtension,landLineNumber,altLandLineNumber,website,
isDeleted,userId,'update',transDate FROM t_branchaddress where branchAddressId=Trim(branch_Address_Id);
set count=(select (updateCount + 1) from t_branchaddress where  branchAddressId=Trim(branch_Address_Id));
update t_branchaddress set
   branchId=Trim(Branch_Id)  ,
   contactPerson=Trim(Branch_contactPerson) ,
   houseBuildingNo=Trim(Branch_houseBuildingNo),
   street1=Trim(Branch_street1) ,
   street2=Trim(Branch_Street2) ,
   landmark=Trim(Branch_Landmark) ,
   countryId=Trim(Country_Id) ,
   stateId=Trim(State_Id) ,
   cityId=Trim(City_Id)  ,
   pincode=Trim(Branch_pincode),
   mobileNumber=Trim(Branch_mobileNumber) ,
   altMobileNumber=Trim(Branch_altMobileNumber) ,
   telephoneExtension=Trim(Branch_telephone_Extension)  ,
   landLineNumber=Trim(Branch_landLineNumber) ,
   altLandLineNumber=Trim(Branch_altLandLineNumber) ,
   website=Trim(Branch_Website) ,
   lastUpdateUserId=Trim(User_Id),
   updateCount=count
where branchAddressId=Trim(branch_Address_Id);
set error1=0 ;
end if;
end;
COMMIT;
END */$$
DELIMITER ;

/* Procedure structure for procedure `proc_Update_t_branch_assignment` */

/*!50003 DROP PROCEDURE IF EXISTS  `proc_Update_t_branch_assignment` */;

DELIMITER $$

/*!50003 CREATE DEFINER=`leade_testing2`@`%` PROCEDURE `proc_Update_t_branch_assignment`(
Branch_Assignment_Id int,
Company_Id int,
Branch_Id int,
User_Id int,
 out error1 int
)
BEGIN
DECLARE exit handler for sqlexception
        BEGIN
        ROLLBACK;
        END;
    DECLARE exit handler for sqlwarning
        BEGIN
    ROLLBACK;
        END;
START TRANSACTION;
begin
declare  count int ;
declare countid int ;
declare id int;
set id=(select (branchAssignmentId) from t_branchassignment where companyId=Trim(Company_Id) and branchId=Trim(Branch_Id) and isDeleted=0);
set countid=(select count(branchAssignmentId) from t_branchassignment where companyId=Trim(Company_Id) and branchId=Trim(Branch_Id) and isDeleted=0);
IF (countid > 0) THEN
if(Branch_Assignment_Id=id) then
INSERT INTO  t_branchassignment_log(branchAssignmentId,companyId,branchId,isDeleted,userId,userAction,transDate)
SELECT branchAssignmentId,companyId,branchId,isDeleted,userId,'update',transDate FROM t_branchassignment where branchAssignmentId=Trim(Branch_Assignment_Id);
set count=(select (updateCount + 1) from t_branchassignment where branchAssignmentId=Trim(Branch_Assignment_Id));
update t_branchassignment set
companyId=Trim(Company_Id),
branchId=Trim(Branch_Id),
lastUpdateUserId=Trim(User_Id),
updateCount=count
where branchAssignmentId=Trim(Branch_Assignment_Id);
set error1=0 ;
else
set error1=1 ;
end if;
elseif (countid = 0) then
INSERT INTO  t_branchassignment_log(branchAssignmentId,companyId,branchId,isDeleted,userId,userAction,transDate)
SELECT branchAssignmentId,companyId,branchId,isDeleted,userId,'update',transDate FROM t_branchassignment where branchAssignmentId=Trim(Branch_Assignment_Id);
set count=(select (updateCount + 1) from t_branchassignment where branchAssignmentId=Trim(Branch_Assignment_Id));
update t_branchassignment set
companyId=Trim(Company_Id),
branchId=Trim(Branch_Id),
lastUpdateUserId=Trim(User_Id),
updateCount=count
where branchAssignmentId=Trim(Branch_Assignment_Id);
set error1=0 ;
end if;
end;

  COMMIT;
END */$$
DELIMITER ;

/* Procedure structure for procedure `proc_Update_t_company` */

/*!50003 DROP PROCEDURE IF EXISTS  `proc_Update_t_company` */;

DELIMITER $$

/*!50003 CREATE DEFINER=`leade_testing2`@`%` PROCEDURE `proc_Update_t_company`(
Company_Id int,
Company_Code varchar(20),
Company_Name varchar(50),
Currency_Id int,
Langauge_Id INT,
Company_Logo_Url varchar(200),
User_Id int,
 out error1 int
)
BEGIN
DECLARE exit handler for sqlexception
        BEGIN
        ROLLBACK;
        END;
    DECLARE exit handler for sqlwarning
        BEGIN
    ROLLBACK;
        END;
START TRANSACTION;
begin
declare count int ;
declare countid int ;
declare id int;
set countid=(select count(companyId) from t_company where (companyCode=Trim(Company_Code) or companyName=trim(Company_Name)) and isDeleted=0);
IF (countid > 0) THEN
IF (countid =1) THEN
set id=(select (companyId) from t_company where (companyCode=Trim(Company_Code) or companyName=trim(Company_Name)) and isDeleted=0);

if(Company_Id=id) then
insert into t_company_log(companyId,companyCode,companyName,currencyId,language_Id,companyLogo_Url,isDeleted,userId,userAction,transDate)
SELECT companyId,companyCode,companyName,currencyId,language_Id,companyLogo_Url,isDeleted,userId,'update',transDate FROM t_company where companyId=trim(Company_Id);
set count=(select (updateCount + 1) from t_company where companyId=trim(Company_Id));
update t_company set
companyCode=Trim(Company_Code),
companyName=Trim(Company_Name),
currencyId=Trim(Currency_Id),
language_Id=Trim(Langauge_Id),
companyLogo_Url=Trim(Company_Logo_Url),
lastUpdateUserId=Trim(User_Id),
updateCount=count
where companyId=Trim(Company_Id);
set error1=0 ;
else
set error1=1 ;
end if;
else 
set error1=1;
end if;
elseif (countid = 0) then
insert into t_company_log(companyId,companyCode,companyName,currencyId,language_Id,companyLogo_Url,isDeleted,userId,userAction,transDate)
SELECT companyId,companyCode,companyName,currencyId,language_Id,companyLogo_Url,isDeleted,userId,'update',transDate FROM t_company where companyId=trim(Company_Id);
set count=(select (updateCount + 1) from t_company where companyId=trim(Company_Id));
update t_company set
companyCode=Trim(Company_Code),
companyName=Trim(Company_Name),
currencyId=Trim(Currency_Id),
language_Id=Trim(Langauge_Id),
companyLogo_Url=Trim(Company_Logo_Url),
lastUpdateUserId=Trim(User_Id),
updateCount=count
where companyId=Trim(Company_Id);
set error1=0 ;
end if;
end;


  COMMIT;
END */$$
DELIMITER ;

/* Procedure structure for procedure `proc_Update_t_companyaddress` */

/*!50003 DROP PROCEDURE IF EXISTS  `proc_Update_t_companyaddress` */;

DELIMITER $$

/*!50003 CREATE DEFINER=`leade_testing2`@`%` PROCEDURE `proc_Update_t_companyaddress`(
   Company_Address_Id int ,
   Company_Id int ,
   Company_contactPerson varchar(200) ,
   Company_houseBuildingNo varchar(100) ,
   Company_street1 varchar(100),
   Company_Street2 varchar(100) ,
   Company_Landmark varchar(100),
   Country_Id int,
   State_Id int ,
   City_Id int ,
   Company_pincode varchar(15) ,
   Company_mobileNumber varchar(15),
   Company_altMobileNumber varchar(15),
   Company_TelephoneNumber varchar(10) ,
   Company_landLineNumber varchar(20),
   Company_FaxNumber varchar(20) ,
   Company_Website varchar(100),
   Company_Email varchar(50),
   Company_category varchar(50),
   User_Id int,
 out error1 int
)
BEGIN
DECLARE exit handler for sqlexception
        BEGIN
        ROLLBACK;
        END;
    DECLARE exit handler for sqlwarning
        BEGIN
    ROLLBACK;
        END;
START TRANSACTION;
begin
declare  count int ;
declare countid int ;
declare id int;
set id=(select (companyAddressId) from t_companyaddress where companyId=Trim(Company_Id) and contactPerson=Trim(Company_contactPerson) and isDeleted=0);
set countid=(select count(companyAddressId) from t_companyaddress where companyId=Trim(Company_Id) and contactPerson=Trim(Company_contactPerson) and isDeleted=0);
IF (countid > 0) THEN
if(Company_Address_Id=id) then
INSERT INTO t_companyaddress_log(companyAddressId,companyId,contactPerson,houseBuildingNo,street1,street2,
landmark,countryId,stateId,cityId,pincode,mobileNumber,altMobileNumber,telephoneNumber,landLineNumber,
faxNumber,website,emailId,category,isDeleted,userId,userAction,transDate)
SELECT companyAddressId,companyId,contactPerson,houseBuildingNo,street1,street2,landmark,countryId,stateId,
cityId,pincode,mobileNumber,altMobileNumber,telephoneNumber,landLineNumber,faxNumber,website,emailId,category,
isDeleted,userId,'update',transDate FROM t_companyaddress where companyAddressId=Trim(Company_Address_Id);
set count=(select (updateCount + 1) from t_companyaddress where companyAddressId=Trim(Company_Address_Id));
update t_companyaddress set
   companyId=Trim(Company_Id)  ,
   contactPerson=Trim(Company_contactPerson) ,
   houseBuildingNo=Trim(Company_houseBuildingNo)  ,
  street1 =Trim(Company_street1) ,
  street2 =Trim(Company_Street2) ,
  landmark =Trim(Company_Landmark) ,
   countryId=Trim(Country_Id) ,
  stateId =Trim(State_Id)  ,
  cityId =Trim(City_Id)  ,
   pincode=Trim(Company_pincode) ,
   mobileNumber=Trim(Company_mobileNumber) ,
  altMobileNumber =Trim(Company_altMobileNumber) ,
 telephoneNumber  =Trim(Company_TelephoneNumber) ,
   landLineNumber=Trim(Company_landLineNumber) ,
  faxNumber =Trim(Company_FaxNumber) ,
  website =Trim(Company_Website),
  emailId =Trim(Company_Email) ,
  category =Trim(Company_category),
   lastUpdateUserId=Trim(User_Id),
   updateCount=count
where companyAddressId=Trim(Company_Address_Id);
set error1=0 ;
else
set error1=1 ;
end if;
elseif (countid = 0) then
INSERT INTO t_companyaddress_log(companyAddressId,companyId,contactPerson,houseBuildingNo,street1,street2,
landmark,countryId,stateId,cityId,pincode,mobileNumber,altMobileNumber,telephoneNumber,landLineNumber,
faxNumber,website,emailId,category,isDeleted,userId,userAction,transDate)
SELECT companyAddressId,companyId,contactPerson,houseBuildingNo,street1,street2,landmark,countryId,stateId,
cityId,pincode,mobileNumber,altMobileNumber,telephoneNumber,landLineNumber,faxNumber,website,emailId,category,
isDeleted,userId,'update',transDate FROM t_companyaddress where companyAddressId=Trim(Company_Address_Id);
set count=(select (updateCount + 1) from t_companyaddress where companyAddressId=Trim(Company_Address_Id));
update t_companyaddress set
   companyId=Trim(Company_Id)  ,
   contactPerson=Trim(Company_contactPerson) ,
   houseBuildingNo=Trim(Company_houseBuildingNo)  ,
  street1 =Trim(Company_street1) ,
  street2 =Trim(Company_Street2) ,
  landmark =Trim(Company_Landmark) ,
   countryId=Trim(Country_Id) ,
  stateId =Trim(State_Id)  ,
  cityId =Trim(City_Id)  ,
   pincode=Trim(Company_pincode) ,
   mobileNumber=Trim(Company_mobileNumber) ,
  altMobileNumber =Trim(Company_altMobileNumber) ,
 telephoneNumber  =Trim(Company_TelephoneNumber) ,
   landLineNumber=Trim(Company_landLineNumber) ,
  faxNumber =Trim(Company_FaxNumber) ,
  website =Trim(Company_Website),
  emailId =Trim(Company_Email) ,
  category =Trim(Company_category),
   lastUpdateUserId=Trim(User_Id),
   updateCount=count
where companyAddressId=Trim(Company_Address_Id);
set error1=0 ;
end if;
end;
COMMIT;
END */$$
DELIMITER ;

/* Procedure structure for procedure `proc_Update_t_company_assignment` */

/*!50003 DROP PROCEDURE IF EXISTS  `proc_Update_t_company_assignment` */;

DELIMITER $$

/*!50003 CREATE DEFINER=`leade_testing2`@`%` PROCEDURE `proc_Update_t_company_assignment`(
Company_Assignment_Id int,
Company_Group_Id int,
Company_Id int,
User_Id int,
 out error1 int
)
BEGIN
DECLARE exit handler for sqlexception
        BEGIN
        ROLLBACK;
        END;
    DECLARE exit handler for sqlwarning
        BEGIN
    ROLLBACK;
        END;
START TRANSACTION;
begin
declare  count int ;
declare countid int ;
declare id int;
set id=(select (companyAssignmentId) from t_companyassignment where companyId=Trim(Company_Id) and companyGroupId=Trim(Company_Group_Id) and isDeleted=0);
set countid=(select count(companyAssignmentId) from t_companyassignment where companyId=Trim(Company_Id) and companyGroupId=Trim(Company_Group_Id) and isDeleted=0);
IF (countid > 0) THEN
if(Company_Assignment_Id=id) then
INSERT INTO  t_companyassignment_log(companyAssignmentId,companyGroupId,companyId,isDeleted,userId,userAction,transDate)
SELECT companyAssignmentId,companyGroupId,companyId,isDeleted,userId,'update',transDate FROM t_companyassignment
 where companyAssignmentId=Trim(Company_Assignment_Id);
set count=(select (updateCount + 1) from t_companyassignment where companyAssignmentId=Trim(Company_Assignment_Id));
update t_companyassignment set
companyGroupId=Trim(Company_Group_Id),
companyId=Trim(Company_Id),
lastUpdateUserId=Trim(User_Id),
updateCount=count
where companyAssignmentId=Trim(Company_Assignment_Id);
set error1=0 ;
else
set error1=1 ;
end if;
elseif (countid = 0) then
INSERT INTO  t_companyassignment_log(companyAssignmentId,companyGroupId,companyId,isDeleted,userId,userAction,transDate)
SELECT companyAssignmentId,companyGroupId,companyId,isDeleted,userId,'update',transDate FROM t_companyassignment
 where companyAssignmentId=Trim(Company_Assignment_Id);
set count=(select (updateCount + 1) from t_companyassignment where companyAssignmentId=Trim(Company_Assignment_Id));
update t_companyassignment set
companyGroupId=Trim(Company_Group_Id),
companyId=Trim(Company_Id),
lastUpdateUserId=Trim(User_Id),
updateCount=count
where companyAssignmentId=Trim(Company_Assignment_Id);
set error1=0 ;
end if;
end;

  COMMIT;
END */$$
DELIMITER ;

/* Procedure structure for procedure `proc_Update_t_exchange` */

/*!50003 DROP PROCEDURE IF EXISTS  `proc_Update_t_exchange` */;

DELIMITER $$

/*!50003 CREATE DEFINER=`leade_testing2`@`%` PROCEDURE `proc_Update_t_exchange`(
Exchange_Rate_Id int,
Company_Id int,
Exchange_Date datetime,
Currency_Id int,
Exchange_Amount decimal(18,2),
User_Id int,
 out error1 int
)
BEGIN
DECLARE exit handler for sqlexception
        BEGIN
        ROLLBACK;
        END;
    DECLARE exit handler for sqlwarning
        BEGIN
    ROLLBACK;
        END;
START TRANSACTION;
begin
declare  count int ;
declare countid int ;
declare id int;
set id=(select (exchangeRateId) from t_exchange where companyId=trim(Company_Id) and exchangeDate=trim(Exchange_Date) and currencyId=trim(Currency_Id) and isDeleted=0);
set countid=(select count(exchangeRateId) from t_exchange where companyId=trim(Company_Id) and exchangeDate=trim(Exchange_Date) and currencyId=trim(Currency_Id) and isDeleted=0);
IF (countid > 0) THEN
if(Exchange_Rate_Id=id) then
INSERT INTO  t_exchange_log(exchangeRateId,companyId,exchangeDate,currencyId,exchageAmount,isDeleted,userId,userAction,transDate)
SELECT exchangeRateId,companyId,exchangeDate,currencyId,exchageAmount,isDeleted,userId,'update',transDate FROM t_exchange where exchangeRateId=Trim(Exchange_Rate_Id);
set count=(select (updateCount + 1) from t_exchange where exchangeRateId=Trim(Exchange_Rate_Id));
update t_exchange set
companyId=Trim(Company_Id),
exchangeDate=Trim(Exchange_Date),
currencyId=Trim(Currency_Id),
exchageAmount=Trim(Exchange_Amount),
lastUpdateUserId=Trim(User_Id),
updateCount=count
where exchangeRateId=Trim(Exchange_Rate_Id);
set error1=0 ;
else
set error1=1 ;
end if;
elseif (countid = 0) then
INSERT INTO  t_exchange_log(exchangeRateId,companyId,exchangeDate,currencyId,exchageAmount,isDeleted,userId,userAction,transDate)
SELECT exchangeRateId,companyId,exchangeDate,currencyId,exchageAmount,isDeleted,userId,'update',transDate FROM t_exchange where exchangeRateId=Trim(Exchange_Rate_Id);
set count=(select (updateCount + 1) from t_exchange where exchangeRateId=Trim(Exchange_Rate_Id));
update t_exchange set
companyId=Trim(Company_Id),
exchangeDate=Trim(Exchange_Date),
currencyId=Trim(Currency_Id),
exchageAmount=Trim(Exchange_Amount),
lastUpdateUserId=Trim(User_Id),
updateCount=count
where exchangeRateId=Trim(Exchange_Rate_Id);
set error1=0 ;
end if;
end;

  COMMIT;
END */$$
DELIMITER ;

/* Procedure structure for procedure `proc_Update_t_hsn` */

/*!50003 DROP PROCEDURE IF EXISTS  `proc_Update_t_hsn` */;

DELIMITER $$

/*!50003 CREATE DEFINER=`leade_testing2`@`%` PROCEDURE `proc_Update_t_hsn`(
HSN_Id int,
HSN_Name varchar(50),
User_Id int,
 out error1 int
)
BEGIN
DECLARE exit handler for sqlexception
        BEGIN
        ROLLBACK;
        END;
    DECLARE exit handler for sqlwarning
        BEGIN
    ROLLBACK;
        END;
START TRANSACTION;
begin
declare  count int ;
declare countid int ;
declare id int;
set id=(select (hsnId) from t_hsn where hsnName=trim(HSN_Name) and isDeleted=0);
set countid=(select count(hsnId) from t_hsn where hsnName=trim(HSN_Name) and isDeleted=0);
IF (countid > 0) THEN
if(HSN_Id=id) then
INSERT INTO  t_hsn_log(hsnId,hsnName,isDeleted,userId,userAction,transDate)
SELECT hsnId,hsnName,isDeleted,userId,'update',transDate FROM t_hsn where hsnId=Trim(HSN_Id);
set count=(select (updateCount + 1) from t_hsn where hsnId=Trim(HSN_Id));
update t_hsn set
hsnName=Trim(HSN_Name),
lastUpdateUserId=Trim(User_Id),
updateCount=count
where hsnId=Trim(HSN_Id);
set error1=0 ;
else
set error1=1 ;
end if;
elseif (countid = 0) then
INSERT INTO  t_hsn_log(hsnId,hsnName,isDeleted,userId,userAction,transDate)
SELECT hsnId,hsnName,isDeleted,userId,'update',transDate FROM t_hsn where hsnId=Trim(HSN_Id);
set count=(select (updateCount + 1) from t_hsn where hsnId=Trim(HSN_Id));
update t_hsn set
hsnName=Trim(HSN_Name),
lastUpdateUserId=Trim(User_Id),
updateCount=count
where hsnId=Trim(HSN_Id);
set error1=0 ;
end if;
end;
COMMIT;
END */$$
DELIMITER ;

/* Procedure structure for procedure `proc_Update_t_payment_term` */

/*!50003 DROP PROCEDURE IF EXISTS  `proc_Update_t_payment_term` */;

DELIMITER $$

/*!50003 CREATE DEFINER=`leade_testing2`@`%` PROCEDURE `proc_Update_t_payment_term`(
Payment_Term_Id int,
Payment_Term_Code varchar(45),
Payment_Term_Name varchar(45),
Credit_Days varchar(30),
Tolerance_Days varchar(30),
Relate_To varchar(20) ,
User_Id int,
 out error1 int
)
BEGIN
DECLARE exit handler for sqlexception
        BEGIN
        ROLLBACK;
        END;
    DECLARE exit handler for sqlwarning
        BEGIN
    ROLLBACK;
        END;
START TRANSACTION;
begin
declare  count int ;
declare countid int ;
declare id int;
set countid=(select count(paymentTermId) from t_paymentterm where (paymentTermCode=Trim(Payment_Term_Code) or paymentTermName=trim(Payment_Term_Name)) and isDeleted=0);
IF (countid > 0) THEN
IF (countid =1) THEN
set id=(select (paymentTermId) from t_paymentterm where (paymentTermCode=Trim(Payment_Term_Code) or paymentTermName=trim(Payment_Term_Name)) and isDeleted=0);

if(Payment_Term_Id=id) then
INSERT INTO t_paymentterm_log(paymentTermId,paymentTermCode,paymentTermName,creditDays,toleranceDays,relateTo,isDeleted,userId,userAction,transDate)
SELECT paymentTermId,paymentTermCode,paymentTermName,creditDays,toleranceDays,relateTo,isDeleted,userId,'update',transDate FROM t_paymentterm where paymentTermId=trim(Payment_Term_Id);
set count=(select (updateCount + 1) from t_paymentterm where paymentTermId=trim(Payment_Term_Id));
update t_paymentterm set
paymentTermCode=Trim(Payment_Term_Code),
paymentTermName=Trim(Payment_Term_Name),
creditDays=Trim(Credit_Days),
toleranceDays=Trim(Tolerance_Days),
relateTo=Trim(Relate_To),
lastUpdateUserId=Trim(User_Id),
updateCount=count
where paymentTermId=Trim(Payment_Term_Id);
set error1=0 ;
else
set error1=1 ;
end if;
else
set error1=1;
end if;
elseif (countid = 0) then
INSERT INTO t_paymentterm_log(paymentTermId,paymentTermCode,paymentTermName,creditDays,toleranceDays,relateTo,isDeleted,userId,userAction,transDate)
SELECT paymentTermId,paymentTermCode,paymentTermName,creditDays,toleranceDays,relateTo,isDeleted,userId,'update',transDate FROM t_paymentterm where paymentTermId=trim(Payment_Term_Id);
set count=(select (updateCount + 1) from t_paymentterm where paymentTermId=trim(Payment_Term_Id));
update t_paymentterm set
paymentTermCode=Trim(Payment_Term_Code),
paymentTermName=Trim(Payment_Term_Name),
creditDays=Trim(Credit_Days),
toleranceDays=Trim(Tolerance_Days),
relateTo=Trim(Relate_To),
lastUpdateUserId=Trim(User_Id),
updateCount=count
where paymentTermId=Trim(Payment_Term_Id);
set error1=0 ;
end if;
end;
COMMIT;
END */$$
DELIMITER ;

/* Procedure structure for procedure `proc_Update_t_postingperiod` */

/*!50003 DROP PROCEDURE IF EXISTS  `proc_Update_t_postingperiod` */;

DELIMITER $$

/*!50003 CREATE DEFINER=`leade_testing2`@`%` PROCEDURE `proc_Update_t_postingperiod`(
Post_Period_Id int,
Company_Id int,
Period_Code varchar(20),
Period_Name varchar(50),
Sub_Period varchar(45),
fiscal_Year_Start datetime,
User_Id int,
 out error1 int
)
BEGIN
DECLARE exit handler for sqlexception
        BEGIN
        ROLLBACK;
        END;
    DECLARE exit handler for sqlwarning
        BEGIN
    ROLLBACK;
        END;
START TRANSACTION;
begin
declare  count int ;
declare countid int ;
declare id int;
set id=(select (postperiodId) from t_postingperiod where periodCode=Period_Code  and isDeleted=0);
set countid=(select count(postperiodId) from t_postingperiod where periodCode=Period_Code  and isDeleted=0);
IF (countid > 0) THEN
if(Post_Period_Id=id) then
INSERT INTO t_postingperiod_log(postperiodId,companyId,periodCode,periodName,subPeriod,fiscalYearStart,userId,transDate,isDeleted,userAction)
SELECT postperiodId,companyId,periodCode,periodName,subPeriod,fiscalYearStart,userId,transDate,isDeleted,'update' FROM t_postingperiod where postperiodId=Post_Period_Id;
set count=(select (updateCount + 1) from t_postingperiod where  postperiodId=Post_Period_Id);
update t_postingperiod set
companyId=Trim(Company_Id),
periodCode=Trim(Period_Code) ,
periodName=Trim(Period_Name) ,
subPeriod=Trim(Sub_Period) ,
fiscalYearStart=Trim(fiscal_Year_Start) ,
lastUpdateUserId=Trim(User_Id),
updateCount=count
where postperiodId=Trim(Post_Period_Id);
set error1=0 ;
else
set error1=1 ;
end if;
elseif (countid = 0) then
INSERT INTO t_postingperiod_log(postperiodId,companyId,periodCode,periodName,subPeriod,fiscalYearStart,userId,transDate,isDeleted,userAction)
SELECT postperiodId,companyId,periodCode,periodName,subPeriod,fiscalYearStart,userId,transDate,isDeleted,'update' FROM t_postingperiod where postperiodId=Post_Period_Id;
set count=(select (updateCount + 1) from t_postingperiod where  postperiodId=Post_Period_Id);
update t_postingperiod set
companyId=Trim(Company_Id),
periodCode=Trim(Period_Code) ,
periodName=Trim(Period_Name) ,
subPeriod=Trim(Sub_Period) ,
fiscalYearStart=Trim(fiscal_Year_Start) ,
lastUpdateUserId=Trim(User_Id),
updateCount=count
where postperiodId=Trim(Post_Period_Id);
set error1=0 ;
end if;
end;
COMMIT;
END */$$
DELIMITER ;

/* Procedure structure for procedure `proc_Update_t_uom_group_mapping` */

/*!50003 DROP PROCEDURE IF EXISTS  `proc_Update_t_uom_group_mapping` */;

DELIMITER $$

/*!50003 CREATE DEFINER=`leade_testing2`@`%` PROCEDURE `proc_Update_t_uom_group_mapping`(
UMO_Mapping_Id int,
UMO_Group_Id int,
Base_Qty  decimal(18,4),
Base_UMO_Id int,
Alt_Qty  decimal(18,4),
Alt_UOM_Id int,
User_Id int,
 out error1 int
)
BEGIN
DECLARE exit handler for sqlexception
        BEGIN
        ROLLBACK;
        END;
    DECLARE exit handler for sqlwarning
        BEGIN
    ROLLBACK;
        END;
START TRANSACTION;
begin
declare  count int ;
declare countid int ;
declare id int;
set id=(select (uomMappingId) from t_uomgroupmapping where uomGroupId=Trim(UMO_Group_Id) and baseUOMId=trim(Base_UMO_Id)  and isDeleted=0);
set countid=(select count(uomMappingId) from t_uomgroupmapping where uomGroupId=Trim(UMO_Group_Id) and baseUOMId=trim(Base_UMO_Id) and isDeleted=0);
IF (countid > 0) THEN
if(UMO_Mapping_Id=id) then
INSERT INTO t_uomgroupmapping_log (uomMappingId,uomGroupId,baseQty,baseUOMId,altQty,altUOMId,isDeleted,userId,userAction,transDate)
SELECT uomMappingId,uomGroupId,baseQty,baseUOMId,altQty,altUOMId,isDeleted,userId,'update',transDate FROM t_uomgroupmapping where uomMappingId=Trim(UMO_Mapping_Id);
set count=(select (updateCount + 1) from t_uomgroupmapping where  uomMappingId=Trim(UMO_Mapping_Id));
update t_uomgroupmapping set
uomGroupId=Trim(UMO_Group_Id),
baseQty=Trim(Base_Qty),
baseUOMId=Trim(Base_UMO_Id),
altQty=Trim(Alt_Qty),
altUOMId=Trim(Alt_UOM_Id),
lastUpdateUserId=Trim(User_Id),
updateCount=count
where  uomMappingId=Trim(UMO_Mapping_Id);
set error1=0 ;
else
set error1=1 ;
end if;
elseif (countid = 0) then
INSERT INTO t_uomgroupmapping_log (uomMappingId,uomGroupId,baseQty,baseUOMId,altQty,altUOMId,isDeleted,userId,userAction,transDate)
SELECT uomMappingId,uomGroupId,baseQty,baseUOMId,altQty,altUOMId,isDeleted,userId,'update',transDate FROM t_uomgroupmapping where uomMappingId=Trim(UMO_Mapping_Id);
set count=(select (updateCount + 1) from t_uomgroupmapping where  uomMappingId=Trim(UMO_Mapping_Id));
update t_uomgroupmapping set
uomGroupId=Trim(UMO_Group_Id),
baseQty=Trim(Base_Qty),
baseUOMId=Trim(Base_UMO_Id),
altQty=Trim(Alt_Qty),
altUOMId=Trim(Alt_UOM_Id),
lastUpdateUserId=Trim(User_Id),
updateCount=count
where  uomMappingId=Trim(UMO_Mapping_Id);
set error1=0 ;
end if;
end;
COMMIT;
END */$$
DELIMITER ;

/* Procedure structure for procedure `proc_Update_u_department` */

/*!50003 DROP PROCEDURE IF EXISTS  `proc_Update_u_department` */;

DELIMITER $$

/*!50003 CREATE DEFINER=`leade_testing2`@`%` PROCEDURE `proc_Update_u_department`(
Department_Id int,
Department_Name varchar(50),
Department_Desc varchar(100),
User_Id int,
 out error1 int
)
BEGIN
DECLARE exit handler for sqlexception
        BEGIN
        ROLLBACK;
        END;
    DECLARE exit handler for sqlwarning
        BEGIN
    ROLLBACK;
        END;
START TRANSACTION;
begin
declare  count int ;
declare countid int ;
declare id int;

set countid=(select count(departmentId) from u_department where departmentName=trim(Department_Name) and isDeleted=0);
IF (countid > 0) THEN
if(countid=1) then
set id=(select (departmentId) from u_department where departmentName=trim(Department_Name) and isDeleted=0);
if(Department_Id=id) then
INSERT INTO  u_department_log(departmentId,departmentName,departmentDescription,isDeleted,userId,userAction,transDate)
SELECT departmentId,departmentName,departmentDescription,isDeleted,userId,'update',transDate FROM u_department where departmentId=trim(Department_Id);
set count=(select (updateCount + 1) from u_department where departmentId=trim(Department_Id));
update u_department set
departmentName=Trim(Department_Name),
departmentDescription=Trim(Department_Desc),
lastUpdateUserId=Trim(User_Id),
updateCount=count
where departmentId=trim(Department_Id);
set error1=0 ;
else
set error1=1 ;
end if;
else
set error1=1;
end if;
elseif (countid = 0) then
INSERT INTO  u_department_log(departmentId,departmentName,departmentDescription,isDeleted,userId,userAction,transDate)
SELECT departmentId,departmentName,departmentDescription,isDeleted,userId,'update',transDate FROM u_department where departmentId=trim(Department_Id);
set count=(select (updateCount + 1) from u_department where departmentId=trim(Department_Id));
update u_department set
departmentName=Trim(Department_Name),
departmentDescription=Trim(Department_Desc),
lastUpdateUserId=Trim(User_Id),
updateCount=count
where departmentId=trim(Department_Id);
set error1=0 ;
end if;
end;
COMMIT;
END */$$
DELIMITER ;

/* Procedure structure for procedure `proc_Update_u_designation` */

/*!50003 DROP PROCEDURE IF EXISTS  `proc_Update_u_designation` */;

DELIMITER $$

/*!50003 CREATE DEFINER=`leade_testing2`@`%` PROCEDURE `proc_Update_u_designation`(
Designation_Id int,
Designation_Name varchar(50),
Designation_Desc varchar(100),
User_Id int,
 out error1 int
)
BEGIN
DECLARE exit handler for sqlexception
        BEGIN
        ROLLBACK;
        END;
    DECLARE exit handler for sqlwarning
        BEGIN
    ROLLBACK;
        END;
START TRANSACTION;
begin
declare  count int ;
declare countid int ;
declare id int;

set countid=(select count(designationId) from u_designation where designationName=trim(Designation_Name) and isDeleted=0);
IF (countid > 0) THEN
if(countid=1) then
set id=(select (designationId) from u_designation where designationName=trim(Designation_Name)and isDeleted=0);
if(Designation_Id=id) then
INSERT INTO  u_designation_log(designationId,designationName,designationDescription,isDeleted,userId,userAction,transDate)
SELECT designationId,designationName,designationDescription,isDeleted,userId,'update',transDate FROM u_designation where designationId=trim(Designation_Id);
set count=(select (updateCount + 1) from u_designation where designationId=trim(Designation_Id));
update u_designation set
designationName=Trim(Designation_Name),
designationDescription=Trim(Designation_Desc),
lastUpdateUserId=Trim(User_Id),
updateCount=count
where designationId=trim(Designation_Id);
set error1=0 ;
else
set error1=1 ;
end if;
else
set error1=1;
end if;
elseif (countid = 0) then
INSERT INTO  u_designation_log(designationId,designationName,designationDescription,isDeleted,userId,userAction,transDate)
SELECT designationId,designationName,designationDescription,isDeleted,userId,'update',transDate FROM u_designation where designationId=trim(Designation_Id);
set count=(select (updateCount + 1) from u_designation where designationId=trim(Designation_Id));
update u_designation set
designationName=Trim(Designation_Name),
designationDescription=Trim(Designation_Desc),
lastUpdateUserId=Trim(User_Id),
updateCount=count
where designationId=trim(Designation_Id);
set error1=0 ;
end if;
end;
COMMIT;
END */$$
DELIMITER ;

/* Procedure structure for procedure `proc_Update_u_reset_password` */

/*!50003 DROP PROCEDURE IF EXISTS  `proc_Update_u_reset_password` */;

DELIMITER $$

/*!50003 CREATE DEFINER=`leade_testing2`@`%` PROCEDURE `proc_Update_u_reset_password`(
New_User_Id int,
Current_Password varchar(15),
New_Password varchar(15),
out error1 int    
    )
BEGIN
DECLARE exit handler for sqlexception
        BEGIN
        ROLLBACK;
        END;
    DECLARE exit handler for sqlwarning
        BEGIN
    ROLLBACK;
        END;
START TRANSACTION;
begin
declare id int;
declare countoldpwd int;
declare countnewpwd int;
set countoldpwd=(select count(newuserId) from u_user where userpwd=Current_Password);
if(countoldpwd>0) then
 set id=(select newuserId from u_user where userpwd=Current_Password);
 if(id=New_User_Id) then
 set countnewpwd=(select count(newuserId) from u_user where userpwd=New_Password);
 if(countnewpwd=0) then
 update u_user set userpwd=trim(New_Password) where newuserId=New_User_Id;
set error1=0;
else
set error1=3;
end if;
else
set error1=2;
end if;
else 
set error1=1;
end if;
end;
COMMIT;
END */$$
DELIMITER ;

/* Procedure structure for procedure `proc_Update_v_vendorpermission` */

/*!50003 DROP PROCEDURE IF EXISTS  `proc_Update_v_vendorpermission` */;

DELIMITER $$

/*!50003 CREATE DEFINER=`leade_testing2`@`%` PROCEDURE `proc_Update_v_vendorpermission`(Permission_Id int,
Permission_Name varchar(100),
User_Id int,
 out error1 int)
BEGIN
DECLARE exit handler for sqlexception
        BEGIN
        ROLLBACK;
        END;
    DECLARE exit handler for sqlwarning
        BEGIN
    ROLLBACK;
        END;
START TRANSACTION;
begin
declare  count int ;
declare countid int ;
declare id int;
set id=(select (permissionId) from v_vendorpermission where (permissionName=trim(Permission_Name) ) and isDeleted=0);
set countid=(select count(permissionId) from v_vendorpermission where (permissionName=trim(Permission_Name) ) and isDeleted=0);
IF (countid > 0) THEN
if(Permission_Id=id) then
INSERT INTO v_vendorpermission_log(permissionId,permissionName,isDeleted,userId,userAction,transDate)
SELECT permissionId,permissionName,isDeleted,userId,'update',transDate FROM v_vendorpermission where permissionId=trim(Permission_Id);
set count=(select (updateCount + 1) from v_vendorpermission where permissionId=trim(Permission_Id));
update v_vendorpermission set
permissionName=Trim(Permission_Name),
lastUpdateUserId=Trim(User_Id),
updateCount=count
where permissionId=trim(Permission_Id);
set error1=0 ;
else
set error1=1 ;
end if;
elseif (countid = 0) then
INSERT INTO v_vendorpermission_log(permissionId,permissionName,isDeleted,userId,userAction,transDate)
SELECT permissionId,permissionName,isDeleted,userId,'update',transDate FROM v_vendorpermission where permissionId=trim(Permission_Id);
set count=(select (updateCount + 1) from v_vendorpermission where permissionId=trim(Permission_Id));
update v_vendorpermission set
permissionName=Trim(Permission_Name),
lastUpdateUserId=Trim(User_Id),
updateCount=count
where permissionId=trim(Permission_Id);
set error1=0 ;
end if;
end;
COMMIT;
END */$$
DELIMITER ;

/* Procedure structure for procedure `proc_Update_v_vendor_category` */

/*!50003 DROP PROCEDURE IF EXISTS  `proc_Update_v_vendor_category` */;

DELIMITER $$

/*!50003 CREATE DEFINER=`leade_testing2`@`%` PROCEDURE `proc_Update_v_vendor_category`(Vendor_Category_Id int,
Vendor_Category_Name varchar(45),
User_Id int,
 out error1 int)
BEGIN
DECLARE exit handler for sqlexception
        BEGIN
        ROLLBACK;
        END;
    DECLARE exit handler for sqlwarning
        BEGIN
    ROLLBACK;
        END;
START TRANSACTION;
begin
declare  count11 int ;
declare  countid int ;
declare id int;

set countid=(select count(vendorcategoryId) from v_vendorcategory where vendorcategoryName=trim(Vendor_Category_Name) and isDeleted=0);
IF (countid > 0) THEN
if(countid = 1) then
set id=(select (vendorcategoryId) from v_vendorcategory where vendorcategoryName=trim(Vendor_Category_Name) and isDeleted=0);
if(Vendor_Category_Id = id) then


set count11=(select (updateCount + 1) from v_vendorcategory where  vendorcategoryId=trim(Vendor_Category_Id));
update v_vendorcategory set
vendorcategoryName=trim(Vendor_Category_Name),
lastUpdateUserId=trim(User_Id),
updateCount=count11
where vendorcategoryId=trim(Vendor_Category_Id);
set error1=0 ;
else
set error1=1 ;
end if;
else
set error1=1;
end if;
elseif (countid = 0) then
INSERT INTO  v_vendorcategory_log(vendorcategoryId,vendorcategoryName,isApproved,lastUpdateUserId,lastUpdateDateTime,isDeleted,userId,userAction,transDate)
SELECT vendorcategoryId,vendorcategoryName,isApproved,lastUpdateUserId,lastUpdateDateTime,isDeleted,userId,'update',transDate FROM v_vendorcategory where vendorcategoryId=trim(Vendor_Category_Id);
set count11=(select (updateCount + 1) from v_vendorcategory where  vendorcategoryId=trim(Vendor_Category_Id));
update v_vendorcategory set
vendorcategoryName=trim(Vendor_Category_Name),
lastUpdateUserId=trim(User_Id),
updateCount=count11
where vendorcategoryId=trim(Vendor_Category_Id);
set error1=0 ;
end if;
end;

  COMMIT;
END */$$
DELIMITER ;

/* Procedure structure for procedure `proc_Update_v_vendor_Invitation` */

/*!50003 DROP PROCEDURE IF EXISTS  `proc_Update_v_vendor_Invitation` */;

DELIMITER $$

/*!50003 CREATE DEFINER=`leade_testing2`@`%` PROCEDURE `proc_Update_v_vendor_Invitation`(
Vendor_Invitation_Id int,
Vendor_Company varchar(100),
Contact_Person varchar(45),
Vendor_Email varchar(100),
User_Id int,
 out error1 int    
    )
BEGIN
DECLARE exit handler for sqlexception
        BEGIN
        ROLLBACK;
        END;
    DECLARE exit handler for sqlwarning
        BEGIN
    ROLLBACK;
        END;
START TRANSACTION;
begin
declare  count int ;
declare  countid int ;
declare id int;

set countid=(select count(vendorinvitationId) from v_vendorinvitation where (vendorCompany=trim(Vendor_Company) and vendorEmail=trim(Vendor_Email)) and isDeleted=0);
IF (countid > 0) THEN
if(countid=1) then
set id=(select (vendorinvitationId) from v_vendorinvitation where (vendorCompany=trim(Vendor_Company) and vendorEmail=trim(Vendor_Email)) and isDeleted=0);
if(Vendor_Invitation_Id=id) then
INSERT INTO v_vendorinvitation_log(vendorinvitationId,vendorCompany,contactPerson,vendorEmail,isDeleted,userId,lastUpdateUserId,lastUpdateDateTime,userAction,transDate)
SELECT vendorinvitationId,vendorCompany,contactPerson,vendorEmail,isDeleted,userId,lastUpdateUserId,lastUpdateDateTime,'update',transDate 
FROM v_vendorinvitation where vendorinvitationId=trim(Vendor_Invitation_Id);
set count=(select (updateCount + 1) from v_vendorinvitation where  vendorinvitationId=trim(Vendor_Invitation_Id));
update v_vendorinvitation set
vendorCompany=trim(Vendor_Company),
contactPerson=trim(Contact_Person),
vendorEmail=trim(Vendor_Email),
lastUpdateUserId=trim(User_Id),
updateCount=count
where vendorinvitationId=trim(Vendor_Invitation_Id);
set error1=0 ;
else
set error1=1 ;
end if;
else
set error1=1;
end if;
elseif (countid = 0) then
INSERT INTO v_vendorinvitation_log(vendorinvitationId,vendorCompany,contactPerson,vendorEmail,isDeleted,userId,lastUpdateUserId,lastUpdateDateTime,userAction,transDate)
SELECT vendorinvitationId,vendorCompany,contactPerson,vendorEmail,isDeleted,userId,lastUpdateUserId,lastUpdateDateTime,'update',transDate 
FROM v_vendorinvitation where vendorinvitationId=trim(Vendor_Invitation_Id);
set count=(select (updateCount + 1) from v_vendorinvitation where  vendorinvitationId=trim(Vendor_Invitation_Id));
update v_vendorinvitation set
vendorCompany=trim(Vendor_Company),
contactPerson=trim(Contact_Person),
vendorEmail=trim(Vendor_Email),
lastUpdateUserId=trim(User_Id),
updateCount=count
where vendorinvitationId=trim(Vendor_Invitation_Id);
set error1=0 ;
end if;
end;
COMMIT;
END */$$
DELIMITER ;

/*!40101 SET SQL_MODE=@OLD_SQL_MODE */;
/*!40014 SET FOREIGN_KEY_CHECKS=@OLD_FOREIGN_KEY_CHECKS */;
/*!40014 SET UNIQUE_CHECKS=@OLD_UNIQUE_CHECKS */;
/*!40111 SET SQL_NOTES=@OLD_SQL_NOTES */;
